ISO-10303-21;
HEADER;
FILE_DESCRIPTION(('Open CASCADE Model'),'2;1');
FILE_NAME('Open CASCADE Shape Model','2025-08-17T22:54:58',('Author'),(
    'Open CASCADE'),'Open CASCADE STEP processor 7.7','Open CASCADE 7.7'
  ,'Unknown');
FILE_SCHEMA(('AUTOMOTIVE_DESIGN { 1 0 10303 214 1 1 1 1 }'));
ENDSEC;
DATA;
#1 = APPLICATION_PROTOCOL_DEFINITION('international standard',
  'automotive_design',2000,#2);
#2 = APPLICATION_CONTEXT(
  'core data for automotive mechanical design processes');
#3 = SHAPE_DEFINITION_REPRESENTATION(#4,#10);
#4 = PRODUCT_DEFINITION_SHAPE('','',#5);
#5 = PRODUCT_DEFINITION('design','',#6,#9);
#6 = PRODUCT_DEFINITION_FORMATION('','',#7);
#7 = PRODUCT('Open CASCADE STEP translator 7.7 3',
  'Open CASCADE STEP translator 7.7 3','',(#8));
#8 = PRODUCT_CONTEXT('',#2,'mechanical');
#9 = PRODUCT_DEFINITION_CONTEXT('part definition',#2,'design');
#10 = ADVANCED_BREP_SHAPE_REPRESENTATION('',(#11,#15),#8154);
#11 = AXIS2_PLACEMENT_3D('',#12,#13,#14);
#12 = CARTESIAN_POINT('',(0.,0.,0.));
#13 = DIRECTION('',(0.,0.,1.));
#14 = DIRECTION('',(1.,0.,-0.));
#15 = MANIFOLD_SOLID_BREP('',#16);
#16 = CLOSED_SHELL('',(#17,#109,#166,#853,#888,#961,#1013,#1066,#1118,
    #1171,#1223,#1276,#1308,#1363,#1418,#1492,#1539,#1586,#1611,#1666,
    #1721,#1776,#1852,#1955,#2004,#2075,#2130,#2180,#2257,#2304,#2354,
    #2401,#2451,#2498,#2548,#2573,#2608,#2643,#2764,#2821,#2878,#2933,
    #2990,#3015,#4051,#4058,#4093,#4903,#4930,#4957,#5004,#5031,#5058,
    #5065,#5095,#5125,#5803,#5833,#5880,#5907,#5934,#5961,#5988,#6015,
    #6042,#6069,#6096,#6123,#6150,#6177,#6204,#6231,#6258,#6285,#6312,
    #6339,#6366,#6393,#6420,#6447,#6474,#6501,#6528,#6555,#6562,#6589,
    #6616,#6643,#6670,#7166,#7328,#7355,#7410,#7437,#7464,#7606,#7660,
    #7785,#7910,#7937,#7964,#7971,#7999,#8028,#8056,#8084,#8091,#8119,
    #8147));
#17 = ADVANCED_FACE('',(#18),#32,.F.);
#18 = FACE_BOUND('',#19,.T.);
#19 = EDGE_LOOP('',(#20,#50,#77,#78));
#20 = ORIENTED_EDGE('',*,*,#21,.F.);
#21 = EDGE_CURVE('',#22,#24,#26,.T.);
#22 = VERTEX_POINT('',#23);
#23 = CARTESIAN_POINT('',(-10.72,-8.065,15.59));
#24 = VERTEX_POINT('',#25);
#25 = CARTESIAN_POINT('',(-10.72,-8.065,16.));
#26 = SEAM_CURVE('',#27,(#31,#43),.PCURVE_S1.);
#27 = LINE('',#28,#29);
#28 = CARTESIAN_POINT('',(-10.72,-8.065,-24.2500003));
#29 = VECTOR('',#30,1.);
#30 = DIRECTION('',(0.,0.,1.));
#31 = PCURVE('',#32,#37);
#32 = CYLINDRICAL_SURFACE('',#33,2.7);
#33 = AXIS2_PLACEMENT_3D('',#34,#35,#36);
#34 = CARTESIAN_POINT('',(-13.42,-8.065,-24.2500003));
#35 = DIRECTION('',(-0.,-0.,-1.));
#36 = DIRECTION('',(1.,0.,0.));
#37 = DEFINITIONAL_REPRESENTATION('',(#38),#42);
#38 = LINE('',#39,#40);
#39 = CARTESIAN_POINT('',(-6.28318530718,0.));
#40 = VECTOR('',#41,1.);
#41 = DIRECTION('',(-0.,-1.));
#42 = ( GEOMETRIC_REPRESENTATION_CONTEXT(2) 
PARAMETRIC_REPRESENTATION_CONTEXT() REPRESENTATION_CONTEXT('2D SPACE',''
  ) );
#43 = PCURVE('',#32,#44);
#44 = DEFINITIONAL_REPRESENTATION('',(#45),#49);
#45 = LINE('',#46,#47);
#46 = CARTESIAN_POINT('',(-0.,0.));
#47 = VECTOR('',#48,1.);
#48 = DIRECTION('',(-0.,-1.));
#49 = ( GEOMETRIC_REPRESENTATION_CONTEXT(2) 
PARAMETRIC_REPRESENTATION_CONTEXT() REPRESENTATION_CONTEXT('2D SPACE',''
  ) );
#50 = ORIENTED_EDGE('',*,*,#51,.T.);
#51 = EDGE_CURVE('',#22,#22,#52,.T.);
#52 = SURFACE_CURVE('',#53,(#58,#65),.PCURVE_S1.);
#53 = CIRCLE('',#54,2.7);
#54 = AXIS2_PLACEMENT_3D('',#55,#56,#57);
#55 = CARTESIAN_POINT('',(-13.42,-8.065,15.59));
#56 = DIRECTION('',(0.,0.,-1.));
#57 = DIRECTION('',(1.,0.,0.));
#58 = PCURVE('',#32,#59);
#59 = DEFINITIONAL_REPRESENTATION('',(#60),#64);
#60 = LINE('',#61,#62);
#61 = CARTESIAN_POINT('',(-6.28318530718,-39.8400003));
#62 = VECTOR('',#63,1.);
#63 = DIRECTION('',(1.,-0.));
#64 = ( GEOMETRIC_REPRESENTATION_CONTEXT(2) 
PARAMETRIC_REPRESENTATION_CONTEXT() REPRESENTATION_CONTEXT('2D SPACE',''
  ) );
#65 = PCURVE('',#66,#71);
#66 = CONICAL_SURFACE('',#67,2.7,0.785398163397);
#67 = AXIS2_PLACEMENT_3D('',#68,#69,#70);
#68 = CARTESIAN_POINT('',(-13.42,-8.065,15.59));
#69 = DIRECTION('',(-0.,-0.,-1.));
#70 = DIRECTION('',(1.,0.,0.));
#71 = DEFINITIONAL_REPRESENTATION('',(#72),#76);
#72 = LINE('',#73,#74);
#73 = CARTESIAN_POINT('',(0.,0.));
#74 = VECTOR('',#75,1.);
#75 = DIRECTION('',(1.,0.));
#76 = ( GEOMETRIC_REPRESENTATION_CONTEXT(2) 
PARAMETRIC_REPRESENTATION_CONTEXT() REPRESENTATION_CONTEXT('2D SPACE',''
  ) );
#77 = ORIENTED_EDGE('',*,*,#21,.T.);
#78 = ORIENTED_EDGE('',*,*,#79,.F.);
#79 = EDGE_CURVE('',#24,#24,#80,.T.);
#80 = SURFACE_CURVE('',#81,(#86,#93),.PCURVE_S1.);
#81 = CIRCLE('',#82,2.7);
#82 = AXIS2_PLACEMENT_3D('',#83,#84,#85);
#83 = CARTESIAN_POINT('',(-13.42,-8.065,16.));
#84 = DIRECTION('',(0.,0.,-1.));
#85 = DIRECTION('',(1.,0.,0.));
#86 = PCURVE('',#32,#87);
#87 = DEFINITIONAL_REPRESENTATION('',(#88),#92);
#88 = LINE('',#89,#90);
#89 = CARTESIAN_POINT('',(-6.28318530718,-40.2500003));
#90 = VECTOR('',#91,1.);
#91 = DIRECTION('',(1.,-0.));
#92 = ( GEOMETRIC_REPRESENTATION_CONTEXT(2) 
PARAMETRIC_REPRESENTATION_CONTEXT() REPRESENTATION_CONTEXT('2D SPACE',''
  ) );
#93 = PCURVE('',#94,#99);
#94 = PLANE('',#95);
#95 = AXIS2_PLACEMENT_3D('',#96,#97,#98);
#96 = CARTESIAN_POINT('',(-7.900405679056E-16,-2.,16.));
#97 = DIRECTION('',(0.,0.,1.));
#98 = DIRECTION('',(1.,0.,-0.));
#99 = DEFINITIONAL_REPRESENTATION('',(#100),#108);
#100 = ( BOUNDED_CURVE() B_SPLINE_CURVE(2,(#101,#102,#103,#104,#105,#106
,#107),.UNSPECIFIED.,.T.,.F.) B_SPLINE_CURVE_WITH_KNOTS((1,2,2,2,2,1),(
    -2.094395102393,0.,2.094395102393,4.188790204786,6.28318530718,
8.377580409573),.UNSPECIFIED.) CURVE() GEOMETRIC_REPRESENTATION_ITEM() 
RATIONAL_B_SPLINE_CURVE((1.,0.5,1.,0.5,1.,0.5,1.)) REPRESENTATION_ITEM(
  '') );
#101 = CARTESIAN_POINT('',(-10.72,-6.065));
#102 = CARTESIAN_POINT('',(-10.72,-10.74153718043));
#103 = CARTESIAN_POINT('',(-14.77,-8.403268590218));
#104 = CARTESIAN_POINT('',(-18.82,-6.065));
#105 = CARTESIAN_POINT('',(-14.77,-3.726731409782));
#106 = CARTESIAN_POINT('',(-10.72,-1.388462819564));
#107 = CARTESIAN_POINT('',(-10.72,-6.065));
#108 = ( GEOMETRIC_REPRESENTATION_CONTEXT(2) 
PARAMETRIC_REPRESENTATION_CONTEXT() REPRESENTATION_CONTEXT('2D SPACE',''
  ) );
#109 = ADVANCED_FACE('',(#110),#66,.F.);
#110 = FACE_BOUND('',#111,.F.);
#111 = EDGE_LOOP('',(#112,#133,#134,#135));
#112 = ORIENTED_EDGE('',*,*,#113,.F.);
#113 = EDGE_CURVE('',#22,#114,#116,.T.);
#114 = VERTEX_POINT('',#115);
#115 = CARTESIAN_POINT('',(-10.23,-8.065,15.1));
#116 = SEAM_CURVE('',#117,(#121,#127),.PCURVE_S1.);
#117 = LINE('',#118,#119);
#118 = CARTESIAN_POINT('',(-10.72,-8.065,15.59));
#119 = VECTOR('',#120,1.);
#120 = DIRECTION('',(0.707106781187,0.,-0.707106781187));
#121 = PCURVE('',#66,#122);
#122 = DEFINITIONAL_REPRESENTATION('',(#123),#126);
#123 = B_SPLINE_CURVE_WITH_KNOTS('',1,(#124,#125),.UNSPECIFIED.,.F.,.F.,
  (2,2),(0.,0.692964645563),.PIECEWISE_BEZIER_KNOTS.);
#124 = CARTESIAN_POINT('',(0.,0.));
#125 = CARTESIAN_POINT('',(0.,0.49));
#126 = ( GEOMETRIC_REPRESENTATION_CONTEXT(2) 
PARAMETRIC_REPRESENTATION_CONTEXT() REPRESENTATION_CONTEXT('2D SPACE',''
  ) );
#127 = PCURVE('',#66,#128);
#128 = DEFINITIONAL_REPRESENTATION('',(#129),#132);
#129 = B_SPLINE_CURVE_WITH_KNOTS('',1,(#130,#131),.UNSPECIFIED.,.F.,.F.,
  (2,2),(0.,0.692964645563),.PIECEWISE_BEZIER_KNOTS.);
#130 = CARTESIAN_POINT('',(6.28318530718,0.));
#131 = CARTESIAN_POINT('',(6.28318530718,0.49));
#132 = ( GEOMETRIC_REPRESENTATION_CONTEXT(2) 
PARAMETRIC_REPRESENTATION_CONTEXT() REPRESENTATION_CONTEXT('2D SPACE',''
  ) );
#133 = ORIENTED_EDGE('',*,*,#51,.T.);
#134 = ORIENTED_EDGE('',*,*,#113,.T.);
#135 = ORIENTED_EDGE('',*,*,#136,.F.);
#136 = EDGE_CURVE('',#114,#114,#137,.T.);
#137 = SURFACE_CURVE('',#138,(#143,#150),.PCURVE_S1.);
#138 = CIRCLE('',#139,3.19);
#139 = AXIS2_PLACEMENT_3D('',#140,#141,#142);
#140 = CARTESIAN_POINT('',(-13.42,-8.065,15.1));
#141 = DIRECTION('',(0.,0.,-1.));
#142 = DIRECTION('',(1.,0.,0.));
#143 = PCURVE('',#66,#144);
#144 = DEFINITIONAL_REPRESENTATION('',(#145),#149);
#145 = LINE('',#146,#147);
#146 = CARTESIAN_POINT('',(0.,0.49));
#147 = VECTOR('',#148,1.);
#148 = DIRECTION('',(1.,0.));
#149 = ( GEOMETRIC_REPRESENTATION_CONTEXT(2) 
PARAMETRIC_REPRESENTATION_CONTEXT() REPRESENTATION_CONTEXT('2D SPACE',''
  ) );
#150 = PCURVE('',#151,#156);
#151 = PLANE('',#152);
#152 = AXIS2_PLACEMENT_3D('',#153,#154,#155);
#153 = CARTESIAN_POINT('',(-13.42,-1.315,15.1));
#154 = DIRECTION('',(0.,0.,1.));
#155 = DIRECTION('',(1.,0.,-0.));
#156 = DEFINITIONAL_REPRESENTATION('',(#157),#165);
#157 = ( BOUNDED_CURVE() B_SPLINE_CURVE(2,(#158,#159,#160,#161,#162,#163
,#164),.UNSPECIFIED.,.T.,.F.) B_SPLINE_CURVE_WITH_KNOTS((1,2,2,2,2,1),(
    -2.094395102393,0.,2.094395102393,4.188790204786,6.28318530718,
8.377580409573),.UNSPECIFIED.) CURVE() GEOMETRIC_REPRESENTATION_ITEM() 
RATIONAL_B_SPLINE_CURVE((1.,0.5,1.,0.5,1.,0.5,1.)) REPRESENTATION_ITEM(
  '') );
#158 = CARTESIAN_POINT('',(3.19,-6.75));
#159 = CARTESIAN_POINT('',(3.19,-12.27524207614));
#160 = CARTESIAN_POINT('',(-1.595,-9.512621038072));
#161 = CARTESIAN_POINT('',(-6.38,-6.75));
#162 = CARTESIAN_POINT('',(-1.595,-3.987378961928));
#163 = CARTESIAN_POINT('',(3.19,-1.224757923855));
#164 = CARTESIAN_POINT('',(3.19,-6.75));
#165 = ( GEOMETRIC_REPRESENTATION_CONTEXT(2) 
PARAMETRIC_REPRESENTATION_CONTEXT() REPRESENTATION_CONTEXT('2D SPACE',''
  ) );
#166 = ADVANCED_FACE('',(#167,#397,#428,#431,#462,#572,#607,#642,#677,
    #791,#822),#94,.T.);
#167 = FACE_BOUND('',#168,.T.);
#168 = EDGE_LOOP('',(#169,#200,#228,#257,#285,#314,#342,#371));
#169 = ORIENTED_EDGE('',*,*,#170,.T.);
#170 = EDGE_CURVE('',#171,#173,#175,.T.);
#171 = VERTEX_POINT('',#172);
#172 = CARTESIAN_POINT('',(16.125,-17.25,16.));
#173 = VERTEX_POINT('',#174);
#174 = CARTESIAN_POINT('',(19.525,-13.85,16.));
#175 = SURFACE_CURVE('',#176,(#181,#188),.PCURVE_S1.);
#176 = CIRCLE('',#177,3.4);
#177 = AXIS2_PLACEMENT_3D('',#178,#179,#180);
#178 = CARTESIAN_POINT('',(16.125,-13.85,16.));
#179 = DIRECTION('',(0.,0.,1.));
#180 = DIRECTION('',(0.,-1.,0.));
#181 = PCURVE('',#94,#182);
#182 = DEFINITIONAL_REPRESENTATION('',(#183),#187);
#183 = CIRCLE('',#184,3.4);
#184 = AXIS2_PLACEMENT_2D('',#185,#186);
#185 = CARTESIAN_POINT('',(16.125,-11.85));
#186 = DIRECTION('',(0.,-1.));
#187 = ( GEOMETRIC_REPRESENTATION_CONTEXT(2) 
PARAMETRIC_REPRESENTATION_CONTEXT() REPRESENTATION_CONTEXT('2D SPACE',''
  ) );
#188 = PCURVE('',#189,#194);
#189 = CONICAL_SURFACE('',#190,4.,0.785398163397);
#190 = AXIS2_PLACEMENT_3D('',#191,#192,#193);
#191 = CARTESIAN_POINT('',(16.125,-13.85,15.4));
#192 = DIRECTION('',(-0.,-0.,-1.));
#193 = DIRECTION('',(0.,-1.,0.));
#194 = DEFINITIONAL_REPRESENTATION('',(#195),#199);
#195 = LINE('',#196,#197);
#196 = CARTESIAN_POINT('',(-0.,-0.6));
#197 = VECTOR('',#198,1.);
#198 = DIRECTION('',(-1.,0.));
#199 = ( GEOMETRIC_REPRESENTATION_CONTEXT(2) 
PARAMETRIC_REPRESENTATION_CONTEXT() REPRESENTATION_CONTEXT('2D SPACE',''
  ) );
#200 = ORIENTED_EDGE('',*,*,#201,.T.);
#201 = EDGE_CURVE('',#173,#202,#204,.T.);
#202 = VERTEX_POINT('',#203);
#203 = CARTESIAN_POINT('',(19.525,9.85,16.));
#204 = SURFACE_CURVE('',#205,(#209,#216),.PCURVE_S1.);
#205 = LINE('',#206,#207);
#206 = CARTESIAN_POINT('',(19.525,-13.85,16.));
#207 = VECTOR('',#208,1.);
#208 = DIRECTION('',(0.,1.,0.));
#209 = PCURVE('',#94,#210);
#210 = DEFINITIONAL_REPRESENTATION('',(#211),#215);
#211 = LINE('',#212,#213);
#212 = CARTESIAN_POINT('',(19.525,-11.85));
#213 = VECTOR('',#214,1.);
#214 = DIRECTION('',(0.,1.));
#215 = ( GEOMETRIC_REPRESENTATION_CONTEXT(2) 
PARAMETRIC_REPRESENTATION_CONTEXT() REPRESENTATION_CONTEXT('2D SPACE',''
  ) );
#216 = PCURVE('',#217,#222);
#217 = PLANE('',#218);
#218 = AXIS2_PLACEMENT_3D('',#219,#220,#221);
#219 = CARTESIAN_POINT('',(19.825,-13.85,15.7));
#220 = DIRECTION('',(-0.707106781187,0.,-0.707106781187));
#221 = DIRECTION('',(0.,1.,0.));
#222 = DEFINITIONAL_REPRESENTATION('',(#223),#227);
#223 = LINE('',#224,#225);
#224 = CARTESIAN_POINT('',(0.,-0.424264068712));
#225 = VECTOR('',#226,1.);
#226 = DIRECTION('',(1.,0.));
#227 = ( GEOMETRIC_REPRESENTATION_CONTEXT(2) 
PARAMETRIC_REPRESENTATION_CONTEXT() REPRESENTATION_CONTEXT('2D SPACE',''
  ) );
#228 = ORIENTED_EDGE('',*,*,#229,.T.);
#229 = EDGE_CURVE('',#202,#230,#232,.T.);
#230 = VERTEX_POINT('',#231);
#231 = CARTESIAN_POINT('',(16.125,13.25,16.));
#232 = SURFACE_CURVE('',#233,(#238,#245),.PCURVE_S1.);
#233 = CIRCLE('',#234,3.4);
#234 = AXIS2_PLACEMENT_3D('',#235,#236,#237);
#235 = CARTESIAN_POINT('',(16.125,9.85,16.));
#236 = DIRECTION('',(0.,0.,1.));
#237 = DIRECTION('',(1.,0.,-0.));
#238 = PCURVE('',#94,#239);
#239 = DEFINITIONAL_REPRESENTATION('',(#240),#244);
#240 = CIRCLE('',#241,3.4);
#241 = AXIS2_PLACEMENT_2D('',#242,#243);
#242 = CARTESIAN_POINT('',(16.125,11.85));
#243 = DIRECTION('',(1.,0.));
#244 = ( GEOMETRIC_REPRESENTATION_CONTEXT(2) 
PARAMETRIC_REPRESENTATION_CONTEXT() REPRESENTATION_CONTEXT('2D SPACE',''
  ) );
#245 = PCURVE('',#246,#251);
#246 = CONICAL_SURFACE('',#247,4.,0.785398163397);
#247 = AXIS2_PLACEMENT_3D('',#248,#249,#250);
#248 = CARTESIAN_POINT('',(16.125,9.85,15.4));
#249 = DIRECTION('',(-0.,-0.,-1.));
#250 = DIRECTION('',(1.,0.,0.));
#251 = DEFINITIONAL_REPRESENTATION('',(#252),#256);
#252 = LINE('',#253,#254);
#253 = CARTESIAN_POINT('',(-0.,-0.6));
#254 = VECTOR('',#255,1.);
#255 = DIRECTION('',(-1.,0.));
#256 = ( GEOMETRIC_REPRESENTATION_CONTEXT(2) 
PARAMETRIC_REPRESENTATION_CONTEXT() REPRESENTATION_CONTEXT('2D SPACE',''
  ) );
#257 = ORIENTED_EDGE('',*,*,#258,.T.);
#258 = EDGE_CURVE('',#230,#259,#261,.T.);
#259 = VERTEX_POINT('',#260);
#260 = CARTESIAN_POINT('',(-16.125,13.25,16.));
#261 = SURFACE_CURVE('',#262,(#266,#273),.PCURVE_S1.);
#262 = LINE('',#263,#264);
#263 = CARTESIAN_POINT('',(16.125,13.25,16.));
#264 = VECTOR('',#265,1.);
#265 = DIRECTION('',(-1.,0.,0.));
#266 = PCURVE('',#94,#267);
#267 = DEFINITIONAL_REPRESENTATION('',(#268),#272);
#268 = LINE('',#269,#270);
#269 = CARTESIAN_POINT('',(16.125,15.25));
#270 = VECTOR('',#271,1.);
#271 = DIRECTION('',(-1.,0.));
#272 = ( GEOMETRIC_REPRESENTATION_CONTEXT(2) 
PARAMETRIC_REPRESENTATION_CONTEXT() REPRESENTATION_CONTEXT('2D SPACE',''
  ) );
#273 = PCURVE('',#274,#279);
#274 = PLANE('',#275);
#275 = AXIS2_PLACEMENT_3D('',#276,#277,#278);
#276 = CARTESIAN_POINT('',(16.125,13.55,15.7));
#277 = DIRECTION('',(0.,-0.707106781187,-0.707106781187));
#278 = DIRECTION('',(-1.,-0.,0.));
#279 = DEFINITIONAL_REPRESENTATION('',(#280),#284);
#280 = LINE('',#281,#282);
#281 = CARTESIAN_POINT('',(0.,-0.424264068712));
#282 = VECTOR('',#283,1.);
#283 = DIRECTION('',(1.,0.));
#284 = ( GEOMETRIC_REPRESENTATION_CONTEXT(2) 
PARAMETRIC_REPRESENTATION_CONTEXT() REPRESENTATION_CONTEXT('2D SPACE',''
  ) );
#285 = ORIENTED_EDGE('',*,*,#286,.T.);
#286 = EDGE_CURVE('',#259,#287,#289,.T.);
#287 = VERTEX_POINT('',#288);
#288 = CARTESIAN_POINT('',(-19.525,9.85,16.));
#289 = SURFACE_CURVE('',#290,(#295,#302),.PCURVE_S1.);
#290 = CIRCLE('',#291,3.4);
#291 = AXIS2_PLACEMENT_3D('',#292,#293,#294);
#292 = CARTESIAN_POINT('',(-16.125,9.85,16.));
#293 = DIRECTION('',(0.,0.,1.));
#294 = DIRECTION('',(0.,1.,-0.));
#295 = PCURVE('',#94,#296);
#296 = DEFINITIONAL_REPRESENTATION('',(#297),#301);
#297 = CIRCLE('',#298,3.4);
#298 = AXIS2_PLACEMENT_2D('',#299,#300);
#299 = CARTESIAN_POINT('',(-16.125,11.85));
#300 = DIRECTION('',(0.,1.));
#301 = ( GEOMETRIC_REPRESENTATION_CONTEXT(2) 
PARAMETRIC_REPRESENTATION_CONTEXT() REPRESENTATION_CONTEXT('2D SPACE',''
  ) );
#302 = PCURVE('',#303,#308);
#303 = CONICAL_SURFACE('',#304,4.,0.785398163397);
#304 = AXIS2_PLACEMENT_3D('',#305,#306,#307);
#305 = CARTESIAN_POINT('',(-16.125,9.85,15.4));
#306 = DIRECTION('',(-0.,-0.,-1.));
#307 = DIRECTION('',(0.,1.,-0.));
#308 = DEFINITIONAL_REPRESENTATION('',(#309),#313);
#309 = LINE('',#310,#311);
#310 = CARTESIAN_POINT('',(-0.,-0.6));
#311 = VECTOR('',#312,1.);
#312 = DIRECTION('',(-1.,0.));
#313 = ( GEOMETRIC_REPRESENTATION_CONTEXT(2) 
PARAMETRIC_REPRESENTATION_CONTEXT() REPRESENTATION_CONTEXT('2D SPACE',''
  ) );
#314 = ORIENTED_EDGE('',*,*,#315,.T.);
#315 = EDGE_CURVE('',#287,#316,#318,.T.);
#316 = VERTEX_POINT('',#317);
#317 = CARTESIAN_POINT('',(-19.525,-13.85,16.));
#318 = SURFACE_CURVE('',#319,(#323,#330),.PCURVE_S1.);
#319 = LINE('',#320,#321);
#320 = CARTESIAN_POINT('',(-19.525,9.85,16.));
#321 = VECTOR('',#322,1.);
#322 = DIRECTION('',(0.,-1.,0.));
#323 = PCURVE('',#94,#324);
#324 = DEFINITIONAL_REPRESENTATION('',(#325),#329);
#325 = LINE('',#326,#327);
#326 = CARTESIAN_POINT('',(-19.525,11.85));
#327 = VECTOR('',#328,1.);
#328 = DIRECTION('',(0.,-1.));
#329 = ( GEOMETRIC_REPRESENTATION_CONTEXT(2) 
PARAMETRIC_REPRESENTATION_CONTEXT() REPRESENTATION_CONTEXT('2D SPACE',''
  ) );
#330 = PCURVE('',#331,#336);
#331 = PLANE('',#332);
#332 = AXIS2_PLACEMENT_3D('',#333,#334,#335);
#333 = CARTESIAN_POINT('',(-19.825,9.85,15.7));
#334 = DIRECTION('',(0.707106781187,0.,-0.707106781187));
#335 = DIRECTION('',(0.,-1.,0.));
#336 = DEFINITIONAL_REPRESENTATION('',(#337),#341);
#337 = LINE('',#338,#339);
#338 = CARTESIAN_POINT('',(0.,-0.424264068712));
#339 = VECTOR('',#340,1.);
#340 = DIRECTION('',(1.,0.));
#341 = ( GEOMETRIC_REPRESENTATION_CONTEXT(2) 
PARAMETRIC_REPRESENTATION_CONTEXT() REPRESENTATION_CONTEXT('2D SPACE',''
  ) );
#342 = ORIENTED_EDGE('',*,*,#343,.T.);
#343 = EDGE_CURVE('',#316,#344,#346,.T.);
#344 = VERTEX_POINT('',#345);
#345 = CARTESIAN_POINT('',(-16.125,-17.25,16.));
#346 = SURFACE_CURVE('',#347,(#352,#359),.PCURVE_S1.);
#347 = CIRCLE('',#348,3.4);
#348 = AXIS2_PLACEMENT_3D('',#349,#350,#351);
#349 = CARTESIAN_POINT('',(-16.125,-13.85,16.));
#350 = DIRECTION('',(0.,0.,1.));
#351 = DIRECTION('',(-1.,0.,0.));
#352 = PCURVE('',#94,#353);
#353 = DEFINITIONAL_REPRESENTATION('',(#354),#358);
#354 = CIRCLE('',#355,3.4);
#355 = AXIS2_PLACEMENT_2D('',#356,#357);
#356 = CARTESIAN_POINT('',(-16.125,-11.85));
#357 = DIRECTION('',(-1.,0.));
#358 = ( GEOMETRIC_REPRESENTATION_CONTEXT(2) 
PARAMETRIC_REPRESENTATION_CONTEXT() REPRESENTATION_CONTEXT('2D SPACE',''
  ) );
#359 = PCURVE('',#360,#365);
#360 = CONICAL_SURFACE('',#361,4.,0.785398163397);
#361 = AXIS2_PLACEMENT_3D('',#362,#363,#364);
#362 = CARTESIAN_POINT('',(-16.125,-13.85,15.4));
#363 = DIRECTION('',(-0.,-0.,-1.));
#364 = DIRECTION('',(-1.,0.,0.));
#365 = DEFINITIONAL_REPRESENTATION('',(#366),#370);
#366 = LINE('',#367,#368);
#367 = CARTESIAN_POINT('',(-0.,-0.6));
#368 = VECTOR('',#369,1.);
#369 = DIRECTION('',(-1.,0.));
#370 = ( GEOMETRIC_REPRESENTATION_CONTEXT(2) 
PARAMETRIC_REPRESENTATION_CONTEXT() REPRESENTATION_CONTEXT('2D SPACE',''
  ) );
#371 = ORIENTED_EDGE('',*,*,#372,.T.);
#372 = EDGE_CURVE('',#344,#171,#373,.T.);
#373 = SURFACE_CURVE('',#374,(#378,#385),.PCURVE_S1.);
#374 = LINE('',#375,#376);
#375 = CARTESIAN_POINT('',(-16.125,-17.25,16.));
#376 = VECTOR('',#377,1.);
#377 = DIRECTION('',(1.,0.,0.));
#378 = PCURVE('',#94,#379);
#379 = DEFINITIONAL_REPRESENTATION('',(#380),#384);
#380 = LINE('',#381,#382);
#381 = CARTESIAN_POINT('',(-16.125,-15.25));
#382 = VECTOR('',#383,1.);
#383 = DIRECTION('',(1.,0.));
#384 = ( GEOMETRIC_REPRESENTATION_CONTEXT(2) 
PARAMETRIC_REPRESENTATION_CONTEXT() REPRESENTATION_CONTEXT('2D SPACE',''
  ) );
#385 = PCURVE('',#386,#391);
#386 = PLANE('',#387);
#387 = AXIS2_PLACEMENT_3D('',#388,#389,#390);
#388 = CARTESIAN_POINT('',(-16.125,-17.55,15.7));
#389 = DIRECTION('',(0.,0.707106781187,-0.707106781187));
#390 = DIRECTION('',(1.,0.,0.));
#391 = DEFINITIONAL_REPRESENTATION('',(#392),#396);
#392 = LINE('',#393,#394);
#393 = CARTESIAN_POINT('',(0.,-0.424264068712));
#394 = VECTOR('',#395,1.);
#395 = DIRECTION('',(1.,0.));
#396 = ( GEOMETRIC_REPRESENTATION_CONTEXT(2) 
PARAMETRIC_REPRESENTATION_CONTEXT() REPRESENTATION_CONTEXT('2D SPACE',''
  ) );
#397 = FACE_BOUND('',#398,.T.);
#398 = EDGE_LOOP('',(#399));
#399 = ORIENTED_EDGE('',*,*,#400,.F.);
#400 = EDGE_CURVE('',#401,#401,#403,.T.);
#401 = VERTEX_POINT('',#402);
#402 = CARTESIAN_POINT('',(-14.6,-14.5,16.));
#403 = SURFACE_CURVE('',#404,(#409,#416),.PCURVE_S1.);
#404 = CIRCLE('',#405,1.9);
#405 = AXIS2_PLACEMENT_3D('',#406,#407,#408);
#406 = CARTESIAN_POINT('',(-16.5,-14.5,16.));
#407 = DIRECTION('',(0.,0.,1.));
#408 = DIRECTION('',(1.,0.,0.));
#409 = PCURVE('',#94,#410);
#410 = DEFINITIONAL_REPRESENTATION('',(#411),#415);
#411 = CIRCLE('',#412,1.9);
#412 = AXIS2_PLACEMENT_2D('',#413,#414);
#413 = CARTESIAN_POINT('',(-16.5,-12.5));
#414 = DIRECTION('',(1.,0.));
#415 = ( GEOMETRIC_REPRESENTATION_CONTEXT(2) 
PARAMETRIC_REPRESENTATION_CONTEXT() REPRESENTATION_CONTEXT('2D SPACE',''
  ) );
#416 = PCURVE('',#417,#422);
#417 = CYLINDRICAL_SURFACE('',#418,1.9);
#418 = AXIS2_PLACEMENT_3D('',#419,#420,#421);
#419 = CARTESIAN_POINT('',(-16.5,-14.5,16.));
#420 = DIRECTION('',(0.,0.,1.));
#421 = DIRECTION('',(1.,0.,0.));
#422 = DEFINITIONAL_REPRESENTATION('',(#423),#427);
#423 = LINE('',#424,#425);
#424 = CARTESIAN_POINT('',(0.,0.));
#425 = VECTOR('',#426,1.);
#426 = DIRECTION('',(1.,0.));
#427 = ( GEOMETRIC_REPRESENTATION_CONTEXT(2) 
PARAMETRIC_REPRESENTATION_CONTEXT() REPRESENTATION_CONTEXT('2D SPACE',''
  ) );
#428 = FACE_BOUND('',#429,.T.);
#429 = EDGE_LOOP('',(#430));
#430 = ORIENTED_EDGE('',*,*,#79,.T.);
#431 = FACE_BOUND('',#432,.T.);
#432 = EDGE_LOOP('',(#433));
#433 = ORIENTED_EDGE('',*,*,#434,.F.);
#434 = EDGE_CURVE('',#435,#435,#437,.T.);
#435 = VERTEX_POINT('',#436);
#436 = CARTESIAN_POINT('',(18.4,-14.5,16.));
#437 = SURFACE_CURVE('',#438,(#443,#450),.PCURVE_S1.);
#438 = CIRCLE('',#439,1.9);
#439 = AXIS2_PLACEMENT_3D('',#440,#441,#442);
#440 = CARTESIAN_POINT('',(16.5,-14.5,16.));
#441 = DIRECTION('',(0.,0.,1.));
#442 = DIRECTION('',(1.,0.,0.));
#443 = PCURVE('',#94,#444);
#444 = DEFINITIONAL_REPRESENTATION('',(#445),#449);
#445 = CIRCLE('',#446,1.9);
#446 = AXIS2_PLACEMENT_2D('',#447,#448);
#447 = CARTESIAN_POINT('',(16.5,-12.5));
#448 = DIRECTION('',(1.,0.));
#449 = ( GEOMETRIC_REPRESENTATION_CONTEXT(2) 
PARAMETRIC_REPRESENTATION_CONTEXT() REPRESENTATION_CONTEXT('2D SPACE',''
  ) );
#450 = PCURVE('',#451,#456);
#451 = CYLINDRICAL_SURFACE('',#452,1.9);
#452 = AXIS2_PLACEMENT_3D('',#453,#454,#455);
#453 = CARTESIAN_POINT('',(16.5,-14.5,16.));
#454 = DIRECTION('',(0.,0.,1.));
#455 = DIRECTION('',(1.,0.,0.));
#456 = DEFINITIONAL_REPRESENTATION('',(#457),#461);
#457 = LINE('',#458,#459);
#458 = CARTESIAN_POINT('',(0.,0.));
#459 = VECTOR('',#460,1.);
#460 = DIRECTION('',(1.,0.));
#461 = ( GEOMETRIC_REPRESENTATION_CONTEXT(2) 
PARAMETRIC_REPRESENTATION_CONTEXT() REPRESENTATION_CONTEXT('2D SPACE',''
  ) );
#462 = FACE_BOUND('',#463,.T.);
#463 = EDGE_LOOP('',(#464,#493,#520,#547));
#464 = ORIENTED_EDGE('',*,*,#465,.T.);
#465 = EDGE_CURVE('',#466,#468,#470,.T.);
#466 = VERTEX_POINT('',#467);
#467 = CARTESIAN_POINT('',(7.7,0.2,16.));
#468 = VERTEX_POINT('',#469);
#469 = CARTESIAN_POINT('',(7.7,-9.8,16.));
#470 = SURFACE_CURVE('',#471,(#475,#482),.PCURVE_S1.);
#471 = LINE('',#472,#473);
#472 = CARTESIAN_POINT('',(7.7,-5.9,16.));
#473 = VECTOR('',#474,1.);
#474 = DIRECTION('',(0.,-1.,0.));
#475 = PCURVE('',#94,#476);
#476 = DEFINITIONAL_REPRESENTATION('',(#477),#481);
#477 = LINE('',#478,#479);
#478 = CARTESIAN_POINT('',(7.7,-3.9));
#479 = VECTOR('',#480,1.);
#480 = DIRECTION('',(0.,-1.));
#481 = ( GEOMETRIC_REPRESENTATION_CONTEXT(2) 
PARAMETRIC_REPRESENTATION_CONTEXT() REPRESENTATION_CONTEXT('2D SPACE',''
  ) );
#482 = PCURVE('',#483,#488);
#483 = PLANE('',#484);
#484 = AXIS2_PLACEMENT_3D('',#485,#486,#487);
#485 = CARTESIAN_POINT('',(7.7,-9.8,-24.2500003));
#486 = DIRECTION('',(-1.,0.,0.));
#487 = DIRECTION('',(0.,1.,0.));
#488 = DEFINITIONAL_REPRESENTATION('',(#489),#492);
#489 = B_SPLINE_CURVE_WITH_KNOTS('',1,(#490,#491),.UNSPECIFIED.,.F.,.F.,
  (2,2),(-6.1,3.9),.PIECEWISE_BEZIER_KNOTS.);
#490 = CARTESIAN_POINT('',(10.,-40.2500003));
#491 = CARTESIAN_POINT('',(0.,-40.2500003));
#492 = ( GEOMETRIC_REPRESENTATION_CONTEXT(2) 
PARAMETRIC_REPRESENTATION_CONTEXT() REPRESENTATION_CONTEXT('2D SPACE',''
  ) );
#493 = ORIENTED_EDGE('',*,*,#494,.T.);
#494 = EDGE_CURVE('',#468,#495,#497,.T.);
#495 = VERTEX_POINT('',#496);
#496 = CARTESIAN_POINT('',(-7.3,-9.8,16.));
#497 = SURFACE_CURVE('',#498,(#502,#509),.PCURVE_S1.);
#498 = LINE('',#499,#500);
#499 = CARTESIAN_POINT('',(-3.65,-9.8,16.));
#500 = VECTOR('',#501,1.);
#501 = DIRECTION('',(-1.,0.,0.));
#502 = PCURVE('',#94,#503);
#503 = DEFINITIONAL_REPRESENTATION('',(#504),#508);
#504 = LINE('',#505,#506);
#505 = CARTESIAN_POINT('',(-3.65,-7.8));
#506 = VECTOR('',#507,1.);
#507 = DIRECTION('',(-1.,0.));
#508 = ( GEOMETRIC_REPRESENTATION_CONTEXT(2) 
PARAMETRIC_REPRESENTATION_CONTEXT() REPRESENTATION_CONTEXT('2D SPACE',''
  ) );
#509 = PCURVE('',#510,#515);
#510 = PLANE('',#511);
#511 = AXIS2_PLACEMENT_3D('',#512,#513,#514);
#512 = CARTESIAN_POINT('',(-7.3,-9.8,-24.2500003));
#513 = DIRECTION('',(0.,1.,0.));
#514 = DIRECTION('',(1.,0.,0.));
#515 = DEFINITIONAL_REPRESENTATION('',(#516),#519);
#516 = B_SPLINE_CURVE_WITH_KNOTS('',1,(#517,#518),.UNSPECIFIED.,.F.,.F.,
  (2,2),(-11.35,3.65),.PIECEWISE_BEZIER_KNOTS.);
#517 = CARTESIAN_POINT('',(15.,-40.2500003));
#518 = CARTESIAN_POINT('',(0.,-40.2500003));
#519 = ( GEOMETRIC_REPRESENTATION_CONTEXT(2) 
PARAMETRIC_REPRESENTATION_CONTEXT() REPRESENTATION_CONTEXT('2D SPACE',''
  ) );
#520 = ORIENTED_EDGE('',*,*,#521,.T.);
#521 = EDGE_CURVE('',#495,#522,#524,.T.);
#522 = VERTEX_POINT('',#523);
#523 = CARTESIAN_POINT('',(-7.3,0.2,16.));
#524 = SURFACE_CURVE('',#525,(#529,#536),.PCURVE_S1.);
#525 = LINE('',#526,#527);
#526 = CARTESIAN_POINT('',(-7.3,-0.9,16.));
#527 = VECTOR('',#528,1.);
#528 = DIRECTION('',(0.,1.,0.));
#529 = PCURVE('',#94,#530);
#530 = DEFINITIONAL_REPRESENTATION('',(#531),#535);
#531 = LINE('',#532,#533);
#532 = CARTESIAN_POINT('',(-7.3,1.1));
#533 = VECTOR('',#534,1.);
#534 = DIRECTION('',(0.,1.));
#535 = ( GEOMETRIC_REPRESENTATION_CONTEXT(2) 
PARAMETRIC_REPRESENTATION_CONTEXT() REPRESENTATION_CONTEXT('2D SPACE',''
  ) );
#536 = PCURVE('',#537,#542);
#537 = PLANE('',#538);
#538 = AXIS2_PLACEMENT_3D('',#539,#540,#541);
#539 = CARTESIAN_POINT('',(-7.3,0.2,-24.2500003));
#540 = DIRECTION('',(1.,0.,0.));
#541 = DIRECTION('',(0.,-1.,0.));
#542 = DEFINITIONAL_REPRESENTATION('',(#543),#546);
#543 = B_SPLINE_CURVE_WITH_KNOTS('',1,(#544,#545),.UNSPECIFIED.,.F.,.F.,
  (2,2),(-8.9,1.1),.PIECEWISE_BEZIER_KNOTS.);
#544 = CARTESIAN_POINT('',(10.,-40.2500003));
#545 = CARTESIAN_POINT('',(0.,-40.2500003));
#546 = ( GEOMETRIC_REPRESENTATION_CONTEXT(2) 
PARAMETRIC_REPRESENTATION_CONTEXT() REPRESENTATION_CONTEXT('2D SPACE',''
  ) );
#547 = ORIENTED_EDGE('',*,*,#548,.T.);
#548 = EDGE_CURVE('',#522,#466,#549,.T.);
#549 = SURFACE_CURVE('',#550,(#554,#561),.PCURVE_S1.);
#550 = LINE('',#551,#552);
#551 = CARTESIAN_POINT('',(3.85,0.2,16.));
#552 = VECTOR('',#553,1.);
#553 = DIRECTION('',(1.,0.,-0.));
#554 = PCURVE('',#94,#555);
#555 = DEFINITIONAL_REPRESENTATION('',(#556),#560);
#556 = LINE('',#557,#558);
#557 = CARTESIAN_POINT('',(3.85,2.2));
#558 = VECTOR('',#559,1.);
#559 = DIRECTION('',(1.,0.));
#560 = ( GEOMETRIC_REPRESENTATION_CONTEXT(2) 
PARAMETRIC_REPRESENTATION_CONTEXT() REPRESENTATION_CONTEXT('2D SPACE',''
  ) );
#561 = PCURVE('',#562,#567);
#562 = PLANE('',#563);
#563 = AXIS2_PLACEMENT_3D('',#564,#565,#566);
#564 = CARTESIAN_POINT('',(7.7,0.2,-24.2500003));
#565 = DIRECTION('',(0.,-1.,0.));
#566 = DIRECTION('',(-1.,0.,0.));
#567 = DEFINITIONAL_REPRESENTATION('',(#568),#571);
#568 = B_SPLINE_CURVE_WITH_KNOTS('',1,(#569,#570),.UNSPECIFIED.,.F.,.F.,
  (2,2),(-11.15,3.85),.PIECEWISE_BEZIER_KNOTS.);
#569 = CARTESIAN_POINT('',(15.,-40.2500003));
#570 = CARTESIAN_POINT('',(0.,-40.2500003));
#571 = ( GEOMETRIC_REPRESENTATION_CONTEXT(2) 
PARAMETRIC_REPRESENTATION_CONTEXT() REPRESENTATION_CONTEXT('2D SPACE',''
  ) );
#572 = FACE_BOUND('',#573,.T.);
#573 = EDGE_LOOP('',(#574));
#574 = ORIENTED_EDGE('',*,*,#575,.T.);
#575 = EDGE_CURVE('',#576,#576,#578,.T.);
#576 = VERTEX_POINT('',#577);
#577 = CARTESIAN_POINT('',(16.38,-8.065,16.));
#578 = SURFACE_CURVE('',#579,(#584,#595),.PCURVE_S1.);
#579 = CIRCLE('',#580,2.7);
#580 = AXIS2_PLACEMENT_3D('',#581,#582,#583);
#581 = CARTESIAN_POINT('',(13.68,-8.065,16.));
#582 = DIRECTION('',(0.,0.,-1.));
#583 = DIRECTION('',(1.,0.,0.));
#584 = PCURVE('',#94,#585);
#585 = DEFINITIONAL_REPRESENTATION('',(#586),#594);
#586 = ( BOUNDED_CURVE() B_SPLINE_CURVE(2,(#587,#588,#589,#590,#591,#592
,#593),.UNSPECIFIED.,.T.,.F.) B_SPLINE_CURVE_WITH_KNOTS((1,2,2,2,2,1),(
    -2.094395102393,0.,2.094395102393,4.188790204786,6.28318530718,
8.377580409573),.UNSPECIFIED.) CURVE() GEOMETRIC_REPRESENTATION_ITEM() 
RATIONAL_B_SPLINE_CURVE((1.,0.5,1.,0.5,1.,0.5,1.)) REPRESENTATION_ITEM(
  '') );
#587 = CARTESIAN_POINT('',(16.38,-6.065));
#588 = CARTESIAN_POINT('',(16.38,-10.74153718043));
#589 = CARTESIAN_POINT('',(12.33,-8.403268590218));
#590 = CARTESIAN_POINT('',(8.28,-6.065));
#591 = CARTESIAN_POINT('',(12.33,-3.726731409782));
#592 = CARTESIAN_POINT('',(16.38,-1.388462819564));
#593 = CARTESIAN_POINT('',(16.38,-6.065));
#594 = ( GEOMETRIC_REPRESENTATION_CONTEXT(2) 
PARAMETRIC_REPRESENTATION_CONTEXT() REPRESENTATION_CONTEXT('2D SPACE',''
  ) );
#595 = PCURVE('',#596,#601);
#596 = CYLINDRICAL_SURFACE('',#597,2.7);
#597 = AXIS2_PLACEMENT_3D('',#598,#599,#600);
#598 = CARTESIAN_POINT('',(13.68,-8.065,-24.2500003));
#599 = DIRECTION('',(-0.,-0.,-1.));
#600 = DIRECTION('',(1.,0.,0.));
#601 = DEFINITIONAL_REPRESENTATION('',(#602),#606);
#602 = LINE('',#603,#604);
#603 = CARTESIAN_POINT('',(-6.28318530718,-40.2500003));
#604 = VECTOR('',#605,1.);
#605 = DIRECTION('',(1.,-0.));
#606 = ( GEOMETRIC_REPRESENTATION_CONTEXT(2) 
PARAMETRIC_REPRESENTATION_CONTEXT() REPRESENTATION_CONTEXT('2D SPACE',''
  ) );
#607 = FACE_BOUND('',#608,.T.);
#608 = EDGE_LOOP('',(#609));
#609 = ORIENTED_EDGE('',*,*,#610,.T.);
#610 = EDGE_CURVE('',#611,#611,#613,.T.);
#611 = VERTEX_POINT('',#612);
#612 = CARTESIAN_POINT('',(-10.72,-1.315,16.));
#613 = SURFACE_CURVE('',#614,(#619,#630),.PCURVE_S1.);
#614 = CIRCLE('',#615,2.7);
#615 = AXIS2_PLACEMENT_3D('',#616,#617,#618);
#616 = CARTESIAN_POINT('',(-13.42,-1.315,16.));
#617 = DIRECTION('',(0.,0.,-1.));
#618 = DIRECTION('',(1.,0.,0.));
#619 = PCURVE('',#94,#620);
#620 = DEFINITIONAL_REPRESENTATION('',(#621),#629);
#621 = ( BOUNDED_CURVE() B_SPLINE_CURVE(2,(#622,#623,#624,#625,#626,#627
,#628),.UNSPECIFIED.,.T.,.F.) B_SPLINE_CURVE_WITH_KNOTS((1,2,2,2,2,1),(
    -2.094395102393,0.,2.094395102393,4.188790204786,6.28318530718,
8.377580409573),.UNSPECIFIED.) CURVE() GEOMETRIC_REPRESENTATION_ITEM() 
RATIONAL_B_SPLINE_CURVE((1.,0.5,1.,0.5,1.,0.5,1.)) REPRESENTATION_ITEM(
  '') );
#622 = CARTESIAN_POINT('',(-10.72,0.685));
#623 = CARTESIAN_POINT('',(-10.72,-3.991537180436));
#624 = CARTESIAN_POINT('',(-14.77,-1.653268590218));
#625 = CARTESIAN_POINT('',(-18.82,0.685));
#626 = CARTESIAN_POINT('',(-14.77,3.023268590218));
#627 = CARTESIAN_POINT('',(-10.72,5.361537180436));
#628 = CARTESIAN_POINT('',(-10.72,0.685));
#629 = ( GEOMETRIC_REPRESENTATION_CONTEXT(2) 
PARAMETRIC_REPRESENTATION_CONTEXT() REPRESENTATION_CONTEXT('2D SPACE',''
  ) );
#630 = PCURVE('',#631,#636);
#631 = CYLINDRICAL_SURFACE('',#632,2.7);
#632 = AXIS2_PLACEMENT_3D('',#633,#634,#635);
#633 = CARTESIAN_POINT('',(-13.42,-1.315,-24.2500003));
#634 = DIRECTION('',(-0.,-0.,-1.));
#635 = DIRECTION('',(1.,0.,0.));
#636 = DEFINITIONAL_REPRESENTATION('',(#637),#641);
#637 = LINE('',#638,#639);
#638 = CARTESIAN_POINT('',(-6.28318530718,-40.2500003));
#639 = VECTOR('',#640,1.);
#640 = DIRECTION('',(1.,-0.));
#641 = ( GEOMETRIC_REPRESENTATION_CONTEXT(2) 
PARAMETRIC_REPRESENTATION_CONTEXT() REPRESENTATION_CONTEXT('2D SPACE',''
  ) );
#642 = FACE_BOUND('',#643,.T.);
#643 = EDGE_LOOP('',(#644));
#644 = ORIENTED_EDGE('',*,*,#645,.T.);
#645 = EDGE_CURVE('',#646,#646,#648,.T.);
#646 = VERTEX_POINT('',#647);
#647 = CARTESIAN_POINT('',(16.38,-1.315,16.));
#648 = SURFACE_CURVE('',#649,(#654,#665),.PCURVE_S1.);
#649 = CIRCLE('',#650,2.7);
#650 = AXIS2_PLACEMENT_3D('',#651,#652,#653);
#651 = CARTESIAN_POINT('',(13.68,-1.315,16.));
#652 = DIRECTION('',(0.,0.,-1.));
#653 = DIRECTION('',(1.,0.,0.));
#654 = PCURVE('',#94,#655);
#655 = DEFINITIONAL_REPRESENTATION('',(#656),#664);
#656 = ( BOUNDED_CURVE() B_SPLINE_CURVE(2,(#657,#658,#659,#660,#661,#662
,#663),.UNSPECIFIED.,.T.,.F.) B_SPLINE_CURVE_WITH_KNOTS((1,2,2,2,2,1),(
    -2.094395102393,0.,2.094395102393,4.188790204786,6.28318530718,
8.377580409573),.UNSPECIFIED.) CURVE() GEOMETRIC_REPRESENTATION_ITEM() 
RATIONAL_B_SPLINE_CURVE((1.,0.5,1.,0.5,1.,0.5,1.)) REPRESENTATION_ITEM(
  '') );
#657 = CARTESIAN_POINT('',(16.38,0.685));
#658 = CARTESIAN_POINT('',(16.38,-3.991537180436));
#659 = CARTESIAN_POINT('',(12.33,-1.653268590218));
#660 = CARTESIAN_POINT('',(8.28,0.685));
#661 = CARTESIAN_POINT('',(12.33,3.023268590218));
#662 = CARTESIAN_POINT('',(16.38,5.361537180436));
#663 = CARTESIAN_POINT('',(16.38,0.685));
#664 = ( GEOMETRIC_REPRESENTATION_CONTEXT(2) 
PARAMETRIC_REPRESENTATION_CONTEXT() REPRESENTATION_CONTEXT('2D SPACE',''
  ) );
#665 = PCURVE('',#666,#671);
#666 = CYLINDRICAL_SURFACE('',#667,2.7);
#667 = AXIS2_PLACEMENT_3D('',#668,#669,#670);
#668 = CARTESIAN_POINT('',(13.68,-1.315,-24.2500003));
#669 = DIRECTION('',(-0.,-0.,-1.));
#670 = DIRECTION('',(1.,0.,0.));
#671 = DEFINITIONAL_REPRESENTATION('',(#672),#676);
#672 = LINE('',#673,#674);
#673 = CARTESIAN_POINT('',(-6.28318530718,-40.2500003));
#674 = VECTOR('',#675,1.);
#675 = DIRECTION('',(1.,-0.));
#676 = ( GEOMETRIC_REPRESENTATION_CONTEXT(2) 
PARAMETRIC_REPRESENTATION_CONTEXT() REPRESENTATION_CONTEXT('2D SPACE',''
  ) );
#677 = FACE_BOUND('',#678,.T.);
#678 = EDGE_LOOP('',(#679,#709,#737,#765));
#679 = ORIENTED_EDGE('',*,*,#680,.T.);
#680 = EDGE_CURVE('',#681,#683,#685,.T.);
#681 = VERTEX_POINT('',#682);
#682 = CARTESIAN_POINT('',(-7.8,2.4,16.));
#683 = VERTEX_POINT('',#684);
#684 = CARTESIAN_POINT('',(-7.8,9.6,16.));
#685 = SURFACE_CURVE('',#686,(#690,#697),.PCURVE_S1.);
#686 = LINE('',#687,#688);
#687 = CARTESIAN_POINT('',(-7.8,2.4,16.));
#688 = VECTOR('',#689,1.);
#689 = DIRECTION('',(0.,1.,0.));
#690 = PCURVE('',#94,#691);
#691 = DEFINITIONAL_REPRESENTATION('',(#692),#696);
#692 = LINE('',#693,#694);
#693 = CARTESIAN_POINT('',(-7.8,4.4));
#694 = VECTOR('',#695,1.);
#695 = DIRECTION('',(0.,1.));
#696 = ( GEOMETRIC_REPRESENTATION_CONTEXT(2) 
PARAMETRIC_REPRESENTATION_CONTEXT() REPRESENTATION_CONTEXT('2D SPACE',''
  ) );
#697 = PCURVE('',#698,#703);
#698 = PLANE('',#699);
#699 = AXIS2_PLACEMENT_3D('',#700,#701,#702);
#700 = CARTESIAN_POINT('',(-6.8,2.4,15.));
#701 = DIRECTION('',(0.707106781187,0.,0.707106781187));
#702 = DIRECTION('',(0.,-1.,-0.));
#703 = DEFINITIONAL_REPRESENTATION('',(#704),#708);
#704 = LINE('',#705,#706);
#705 = CARTESIAN_POINT('',(-0.,-1.414213562373));
#706 = VECTOR('',#707,1.);
#707 = DIRECTION('',(-1.,0.));
#708 = ( GEOMETRIC_REPRESENTATION_CONTEXT(2) 
PARAMETRIC_REPRESENTATION_CONTEXT() REPRESENTATION_CONTEXT('2D SPACE',''
  ) );
#709 = ORIENTED_EDGE('',*,*,#710,.T.);
#710 = EDGE_CURVE('',#683,#711,#713,.T.);
#711 = VERTEX_POINT('',#712);
#712 = CARTESIAN_POINT('',(7.8,9.6,16.));
#713 = SURFACE_CURVE('',#714,(#718,#725),.PCURVE_S1.);
#714 = LINE('',#715,#716);
#715 = CARTESIAN_POINT('',(-7.8,9.6,16.));
#716 = VECTOR('',#717,1.);
#717 = DIRECTION('',(1.,0.,0.));
#718 = PCURVE('',#94,#719);
#719 = DEFINITIONAL_REPRESENTATION('',(#720),#724);
#720 = LINE('',#721,#722);
#721 = CARTESIAN_POINT('',(-7.8,11.6));
#722 = VECTOR('',#723,1.);
#723 = DIRECTION('',(1.,0.));
#724 = ( GEOMETRIC_REPRESENTATION_CONTEXT(2) 
PARAMETRIC_REPRESENTATION_CONTEXT() REPRESENTATION_CONTEXT('2D SPACE',''
  ) );
#725 = PCURVE('',#726,#731);
#726 = PLANE('',#727);
#727 = AXIS2_PLACEMENT_3D('',#728,#729,#730);
#728 = CARTESIAN_POINT('',(5.8,9.6,-24.2500003));
#729 = DIRECTION('',(0.,-1.,0.));
#730 = DIRECTION('',(-1.,0.,0.));
#731 = DEFINITIONAL_REPRESENTATION('',(#732),#736);
#732 = LINE('',#733,#734);
#733 = CARTESIAN_POINT('',(13.6,-40.2500003));
#734 = VECTOR('',#735,1.);
#735 = DIRECTION('',(-1.,-0.));
#736 = ( GEOMETRIC_REPRESENTATION_CONTEXT(2) 
PARAMETRIC_REPRESENTATION_CONTEXT() REPRESENTATION_CONTEXT('2D SPACE',''
  ) );
#737 = ORIENTED_EDGE('',*,*,#738,.T.);
#738 = EDGE_CURVE('',#711,#739,#741,.T.);
#739 = VERTEX_POINT('',#740);
#740 = CARTESIAN_POINT('',(7.8,2.4,16.));
#741 = SURFACE_CURVE('',#742,(#746,#753),.PCURVE_S1.);
#742 = LINE('',#743,#744);
#743 = CARTESIAN_POINT('',(7.8,9.6,16.));
#744 = VECTOR('',#745,1.);
#745 = DIRECTION('',(0.,-1.,0.));
#746 = PCURVE('',#94,#747);
#747 = DEFINITIONAL_REPRESENTATION('',(#748),#752);
#748 = LINE('',#749,#750);
#749 = CARTESIAN_POINT('',(7.8,11.6));
#750 = VECTOR('',#751,1.);
#751 = DIRECTION('',(0.,-1.));
#752 = ( GEOMETRIC_REPRESENTATION_CONTEXT(2) 
PARAMETRIC_REPRESENTATION_CONTEXT() REPRESENTATION_CONTEXT('2D SPACE',''
  ) );
#753 = PCURVE('',#754,#759);
#754 = PLANE('',#755);
#755 = AXIS2_PLACEMENT_3D('',#756,#757,#758);
#756 = CARTESIAN_POINT('',(6.8,9.6,15.));
#757 = DIRECTION('',(-0.707106781187,0.,0.707106781187));
#758 = DIRECTION('',(-0.,1.,-0.));
#759 = DEFINITIONAL_REPRESENTATION('',(#760),#764);
#760 = LINE('',#761,#762);
#761 = CARTESIAN_POINT('',(-0.,-1.414213562373));
#762 = VECTOR('',#763,1.);
#763 = DIRECTION('',(-1.,0.));
#764 = ( GEOMETRIC_REPRESENTATION_CONTEXT(2) 
PARAMETRIC_REPRESENTATION_CONTEXT() REPRESENTATION_CONTEXT('2D SPACE',''
  ) );
#765 = ORIENTED_EDGE('',*,*,#766,.T.);
#766 = EDGE_CURVE('',#739,#681,#767,.T.);
#767 = SURFACE_CURVE('',#768,(#772,#779),.PCURVE_S1.);
#768 = LINE('',#769,#770);
#769 = CARTESIAN_POINT('',(7.8,2.4,16.));
#770 = VECTOR('',#771,1.);
#771 = DIRECTION('',(-1.,-2.846725704167E-17,0.));
#772 = PCURVE('',#94,#773);
#773 = DEFINITIONAL_REPRESENTATION('',(#774),#778);
#774 = LINE('',#775,#776);
#775 = CARTESIAN_POINT('',(7.8,4.4));
#776 = VECTOR('',#777,1.);
#777 = DIRECTION('',(-1.,-2.846725704167E-17));
#778 = ( GEOMETRIC_REPRESENTATION_CONTEXT(2) 
PARAMETRIC_REPRESENTATION_CONTEXT() REPRESENTATION_CONTEXT('2D SPACE',''
  ) );
#779 = PCURVE('',#780,#785);
#780 = PLANE('',#781);
#781 = AXIS2_PLACEMENT_3D('',#782,#783,#784);
#782 = CARTESIAN_POINT('',(-5.8,2.4,-24.2500003));
#783 = DIRECTION('',(0.,1.,0.));
#784 = DIRECTION('',(1.,0.,0.));
#785 = DEFINITIONAL_REPRESENTATION('',(#786),#790);
#786 = LINE('',#787,#788);
#787 = CARTESIAN_POINT('',(13.6,-40.2500003));
#788 = VECTOR('',#789,1.);
#789 = DIRECTION('',(-1.,0.));
#790 = ( GEOMETRIC_REPRESENTATION_CONTEXT(2) 
PARAMETRIC_REPRESENTATION_CONTEXT() REPRESENTATION_CONTEXT('2D SPACE',''
  ) );
#791 = FACE_BOUND('',#792,.T.);
#792 = EDGE_LOOP('',(#793));
#793 = ORIENTED_EDGE('',*,*,#794,.F.);
#794 = EDGE_CURVE('',#795,#795,#797,.T.);
#795 = VERTEX_POINT('',#796);
#796 = CARTESIAN_POINT('',(18.4,10.,16.));
#797 = SURFACE_CURVE('',#798,(#803,#810),.PCURVE_S1.);
#798 = CIRCLE('',#799,1.9);
#799 = AXIS2_PLACEMENT_3D('',#800,#801,#802);
#800 = CARTESIAN_POINT('',(16.5,10.,16.));
#801 = DIRECTION('',(0.,0.,1.));
#802 = DIRECTION('',(1.,0.,0.));
#803 = PCURVE('',#94,#804);
#804 = DEFINITIONAL_REPRESENTATION('',(#805),#809);
#805 = CIRCLE('',#806,1.9);
#806 = AXIS2_PLACEMENT_2D('',#807,#808);
#807 = CARTESIAN_POINT('',(16.5,12.));
#808 = DIRECTION('',(1.,0.));
#809 = ( GEOMETRIC_REPRESENTATION_CONTEXT(2) 
PARAMETRIC_REPRESENTATION_CONTEXT() REPRESENTATION_CONTEXT('2D SPACE',''
  ) );
#810 = PCURVE('',#811,#816);
#811 = CYLINDRICAL_SURFACE('',#812,1.9);
#812 = AXIS2_PLACEMENT_3D('',#813,#814,#815);
#813 = CARTESIAN_POINT('',(16.5,10.,16.));
#814 = DIRECTION('',(0.,0.,1.));
#815 = DIRECTION('',(1.,0.,0.));
#816 = DEFINITIONAL_REPRESENTATION('',(#817),#821);
#817 = LINE('',#818,#819);
#818 = CARTESIAN_POINT('',(0.,0.));
#819 = VECTOR('',#820,1.);
#820 = DIRECTION('',(1.,0.));
#821 = ( GEOMETRIC_REPRESENTATION_CONTEXT(2) 
PARAMETRIC_REPRESENTATION_CONTEXT() REPRESENTATION_CONTEXT('2D SPACE',''
  ) );
#822 = FACE_BOUND('',#823,.T.);
#823 = EDGE_LOOP('',(#824));
#824 = ORIENTED_EDGE('',*,*,#825,.F.);
#825 = EDGE_CURVE('',#826,#826,#828,.T.);
#826 = VERTEX_POINT('',#827);
#827 = CARTESIAN_POINT('',(-11.51,8.5,16.));
#828 = SURFACE_CURVE('',#829,(#834,#841),.PCURVE_S1.);
#829 = CIRCLE('',#830,3.49);
#830 = AXIS2_PLACEMENT_3D('',#831,#832,#833);
#831 = CARTESIAN_POINT('',(-15.,8.5,16.));
#832 = DIRECTION('',(0.,0.,1.));
#833 = DIRECTION('',(1.,0.,-0.));
#834 = PCURVE('',#94,#835);
#835 = DEFINITIONAL_REPRESENTATION('',(#836),#840);
#836 = CIRCLE('',#837,3.49);
#837 = AXIS2_PLACEMENT_2D('',#838,#839);
#838 = CARTESIAN_POINT('',(-15.,10.5));
#839 = DIRECTION('',(1.,0.));
#840 = ( GEOMETRIC_REPRESENTATION_CONTEXT(2) 
PARAMETRIC_REPRESENTATION_CONTEXT() REPRESENTATION_CONTEXT('2D SPACE',''
  ) );
#841 = PCURVE('',#842,#847);
#842 = CONICAL_SURFACE('',#843,3.,0.785398163397);
#843 = AXIS2_PLACEMENT_3D('',#844,#845,#846);
#844 = CARTESIAN_POINT('',(-15.,8.5,15.51));
#845 = DIRECTION('',(0.,0.,1.));
#846 = DIRECTION('',(1.,0.,-0.));
#847 = DEFINITIONAL_REPRESENTATION('',(#848),#852);
#848 = LINE('',#849,#850);
#849 = CARTESIAN_POINT('',(0.,0.49));
#850 = VECTOR('',#851,1.);
#851 = DIRECTION('',(1.,0.));
#852 = ( GEOMETRIC_REPRESENTATION_CONTEXT(2) 
PARAMETRIC_REPRESENTATION_CONTEXT() REPRESENTATION_CONTEXT('2D SPACE',''
  ) );
#853 = ADVANCED_FACE('',(#854,#857),#151,.F.);
#854 = FACE_BOUND('',#855,.F.);
#855 = EDGE_LOOP('',(#856));
#856 = ORIENTED_EDGE('',*,*,#136,.T.);
#857 = FACE_BOUND('',#858,.F.);
#858 = EDGE_LOOP('',(#859));
#859 = ORIENTED_EDGE('',*,*,#860,.T.);
#860 = EDGE_CURVE('',#861,#861,#863,.T.);
#861 = VERTEX_POINT('',#862);
#862 = CARTESIAN_POINT('',(-10.22,-8.065,15.1));
#863 = SURFACE_CURVE('',#864,(#869,#876),.PCURVE_S1.);
#864 = CIRCLE('',#865,3.2);
#865 = AXIS2_PLACEMENT_3D('',#866,#867,#868);
#866 = CARTESIAN_POINT('',(-13.42,-8.065,15.1));
#867 = DIRECTION('',(0.,0.,1.));
#868 = DIRECTION('',(1.,0.,0.));
#869 = PCURVE('',#151,#870);
#870 = DEFINITIONAL_REPRESENTATION('',(#871),#875);
#871 = CIRCLE('',#872,3.2);
#872 = AXIS2_PLACEMENT_2D('',#873,#874);
#873 = CARTESIAN_POINT('',(0.,-6.75));
#874 = DIRECTION('',(1.,0.));
#875 = ( GEOMETRIC_REPRESENTATION_CONTEXT(2) 
PARAMETRIC_REPRESENTATION_CONTEXT() REPRESENTATION_CONTEXT('2D SPACE',''
  ) );
#876 = PCURVE('',#877,#882);
#877 = CYLINDRICAL_SURFACE('',#878,3.2);
#878 = AXIS2_PLACEMENT_3D('',#879,#880,#881);
#879 = CARTESIAN_POINT('',(-13.42,-8.065,13.6));
#880 = DIRECTION('',(-0.,-0.,-1.));
#881 = DIRECTION('',(1.,0.,0.));
#882 = DEFINITIONAL_REPRESENTATION('',(#883),#887);
#883 = LINE('',#884,#885);
#884 = CARTESIAN_POINT('',(-0.,-1.5));
#885 = VECTOR('',#886,1.);
#886 = DIRECTION('',(-1.,0.));
#887 = ( GEOMETRIC_REPRESENTATION_CONTEXT(2) 
PARAMETRIC_REPRESENTATION_CONTEXT() REPRESENTATION_CONTEXT('2D SPACE',''
  ) );
#888 = ADVANCED_FACE('',(#889),#189,.T.);
#889 = FACE_BOUND('',#890,.F.);
#890 = EDGE_LOOP('',(#891,#912,#913,#934));
#891 = ORIENTED_EDGE('',*,*,#892,.F.);
#892 = EDGE_CURVE('',#171,#893,#895,.T.);
#893 = VERTEX_POINT('',#894);
#894 = CARTESIAN_POINT('',(16.125,-17.85,15.4));
#895 = SURFACE_CURVE('',#896,(#900,#906),.PCURVE_S1.);
#896 = LINE('',#897,#898);
#897 = CARTESIAN_POINT('',(16.125,-17.85,15.4));
#898 = VECTOR('',#899,1.);
#899 = DIRECTION('',(0.,-0.707106781187,-0.707106781187));
#900 = PCURVE('',#189,#901);
#901 = DEFINITIONAL_REPRESENTATION('',(#902),#905);
#902 = B_SPLINE_CURVE_WITH_KNOTS('',1,(#903,#904),.UNSPECIFIED.,.F.,.F.,
  (2,2),(-0.848528137424,0.),.PIECEWISE_BEZIER_KNOTS.);
#903 = CARTESIAN_POINT('',(0.,-0.6));
#904 = CARTESIAN_POINT('',(0.,0.));
#905 = ( GEOMETRIC_REPRESENTATION_CONTEXT(2) 
PARAMETRIC_REPRESENTATION_CONTEXT() REPRESENTATION_CONTEXT('2D SPACE',''
  ) );
#906 = PCURVE('',#386,#907);
#907 = DEFINITIONAL_REPRESENTATION('',(#908),#911);
#908 = B_SPLINE_CURVE_WITH_KNOTS('',1,(#909,#910),.UNSPECIFIED.,.F.,.F.,
  (2,2),(-0.848528137424,0.),.PIECEWISE_BEZIER_KNOTS.);
#909 = CARTESIAN_POINT('',(32.250000000001,-0.424264068712));
#910 = CARTESIAN_POINT('',(32.250000000001,0.424264068712));
#911 = ( GEOMETRIC_REPRESENTATION_CONTEXT(2) 
PARAMETRIC_REPRESENTATION_CONTEXT() REPRESENTATION_CONTEXT('2D SPACE',''
  ) );
#912 = ORIENTED_EDGE('',*,*,#170,.T.);
#913 = ORIENTED_EDGE('',*,*,#914,.T.);
#914 = EDGE_CURVE('',#173,#915,#917,.T.);
#915 = VERTEX_POINT('',#916);
#916 = CARTESIAN_POINT('',(20.125,-13.85,15.4));
#917 = SURFACE_CURVE('',#918,(#922,#928),.PCURVE_S1.);
#918 = LINE('',#919,#920);
#919 = CARTESIAN_POINT('',(20.125,-13.85,15.4));
#920 = VECTOR('',#921,1.);
#921 = DIRECTION('',(0.707106781187,-4.329780281177E-17,-0.707106781187)
  );
#922 = PCURVE('',#189,#923);
#923 = DEFINITIONAL_REPRESENTATION('',(#924),#927);
#924 = B_SPLINE_CURVE_WITH_KNOTS('',1,(#925,#926),.UNSPECIFIED.,.F.,.F.,
  (2,2),(-0.848528137424,0.),.PIECEWISE_BEZIER_KNOTS.);
#925 = CARTESIAN_POINT('',(-1.570796326795,-0.6));
#926 = CARTESIAN_POINT('',(-1.570796326795,0.));
#927 = ( GEOMETRIC_REPRESENTATION_CONTEXT(2) 
PARAMETRIC_REPRESENTATION_CONTEXT() REPRESENTATION_CONTEXT('2D SPACE',''
  ) );
#928 = PCURVE('',#217,#929);
#929 = DEFINITIONAL_REPRESENTATION('',(#930),#933);
#930 = B_SPLINE_CURVE_WITH_KNOTS('',1,(#931,#932),.UNSPECIFIED.,.F.,.F.,
  (2,2),(-0.848528137424,0.),.PIECEWISE_BEZIER_KNOTS.);
#931 = CARTESIAN_POINT('',(0.,-0.424264068712));
#932 = CARTESIAN_POINT('',(0.,0.424264068712));
#933 = ( GEOMETRIC_REPRESENTATION_CONTEXT(2) 
PARAMETRIC_REPRESENTATION_CONTEXT() REPRESENTATION_CONTEXT('2D SPACE',''
  ) );
#934 = ORIENTED_EDGE('',*,*,#935,.F.);
#935 = EDGE_CURVE('',#893,#915,#936,.T.);
#936 = SURFACE_CURVE('',#937,(#942,#949),.PCURVE_S1.);
#937 = CIRCLE('',#938,4.);
#938 = AXIS2_PLACEMENT_3D('',#939,#940,#941);
#939 = CARTESIAN_POINT('',(16.125,-13.85,15.4));
#940 = DIRECTION('',(0.,0.,1.));
#941 = DIRECTION('',(0.,-1.,0.));
#942 = PCURVE('',#189,#943);
#943 = DEFINITIONAL_REPRESENTATION('',(#944),#948);
#944 = LINE('',#945,#946);
#945 = CARTESIAN_POINT('',(-0.,0.));
#946 = VECTOR('',#947,1.);
#947 = DIRECTION('',(-1.,0.));
#948 = ( GEOMETRIC_REPRESENTATION_CONTEXT(2) 
PARAMETRIC_REPRESENTATION_CONTEXT() REPRESENTATION_CONTEXT('2D SPACE',''
  ) );
#949 = PCURVE('',#950,#955);
#950 = CYLINDRICAL_SURFACE('',#951,4.);
#951 = AXIS2_PLACEMENT_3D('',#952,#953,#954);
#952 = CARTESIAN_POINT('',(16.125,-13.85,0.));
#953 = DIRECTION('',(0.,0.,1.));
#954 = DIRECTION('',(0.,-1.,0.));
#955 = DEFINITIONAL_REPRESENTATION('',(#956),#960);
#956 = LINE('',#957,#958);
#957 = CARTESIAN_POINT('',(0.,15.4));
#958 = VECTOR('',#959,1.);
#959 = DIRECTION('',(1.,0.));
#960 = ( GEOMETRIC_REPRESENTATION_CONTEXT(2) 
PARAMETRIC_REPRESENTATION_CONTEXT() REPRESENTATION_CONTEXT('2D SPACE',''
  ) );
#961 = ADVANCED_FACE('',(#962),#217,.F.);
#962 = FACE_BOUND('',#963,.F.);
#963 = EDGE_LOOP('',(#964,#965,#966,#987));
#964 = ORIENTED_EDGE('',*,*,#914,.F.);
#965 = ORIENTED_EDGE('',*,*,#201,.T.);
#966 = ORIENTED_EDGE('',*,*,#967,.T.);
#967 = EDGE_CURVE('',#202,#968,#970,.T.);
#968 = VERTEX_POINT('',#969);
#969 = CARTESIAN_POINT('',(20.125,9.85,15.4));
#970 = SURFACE_CURVE('',#971,(#975,#981),.PCURVE_S1.);
#971 = LINE('',#972,#973);
#972 = CARTESIAN_POINT('',(19.825,9.85,15.7));
#973 = VECTOR('',#974,1.);
#974 = DIRECTION('',(0.707106781187,0.,-0.707106781187));
#975 = PCURVE('',#217,#976);
#976 = DEFINITIONAL_REPRESENTATION('',(#977),#980);
#977 = B_SPLINE_CURVE_WITH_KNOTS('',1,(#978,#979),.UNSPECIFIED.,.F.,.F.,
  (2,2),(-0.424264068712,0.424264068712),.PIECEWISE_BEZIER_KNOTS.);
#978 = CARTESIAN_POINT('',(23.700000000001,-0.424264068712));
#979 = CARTESIAN_POINT('',(23.700000000001,0.424264068712));
#980 = ( GEOMETRIC_REPRESENTATION_CONTEXT(2) 
PARAMETRIC_REPRESENTATION_CONTEXT() REPRESENTATION_CONTEXT('2D SPACE',''
  ) );
#981 = PCURVE('',#246,#982);
#982 = DEFINITIONAL_REPRESENTATION('',(#983),#986);
#983 = B_SPLINE_CURVE_WITH_KNOTS('',1,(#984,#985),.UNSPECIFIED.,.F.,.F.,
  (2,2),(-0.424264068712,0.424264068712),.PIECEWISE_BEZIER_KNOTS.);
#984 = CARTESIAN_POINT('',(0.,-0.6));
#985 = CARTESIAN_POINT('',(0.,7.850462293419E-17));
#986 = ( GEOMETRIC_REPRESENTATION_CONTEXT(2) 
PARAMETRIC_REPRESENTATION_CONTEXT() REPRESENTATION_CONTEXT('2D SPACE',''
  ) );
#987 = ORIENTED_EDGE('',*,*,#988,.F.);
#988 = EDGE_CURVE('',#915,#968,#989,.T.);
#989 = SURFACE_CURVE('',#990,(#994,#1001),.PCURVE_S1.);
#990 = LINE('',#991,#992);
#991 = CARTESIAN_POINT('',(20.125,-13.85,15.4));
#992 = VECTOR('',#993,1.);
#993 = DIRECTION('',(0.,1.,0.));
#994 = PCURVE('',#217,#995);
#995 = DEFINITIONAL_REPRESENTATION('',(#996),#1000);
#996 = LINE('',#997,#998);
#997 = CARTESIAN_POINT('',(0.,0.424264068712));
#998 = VECTOR('',#999,1.);
#999 = DIRECTION('',(1.,0.));
#1000 = ( GEOMETRIC_REPRESENTATION_CONTEXT(2) 
PARAMETRIC_REPRESENTATION_CONTEXT() REPRESENTATION_CONTEXT('2D SPACE',''
  ) );
#1001 = PCURVE('',#1002,#1007);
#1002 = PLANE('',#1003);
#1003 = AXIS2_PLACEMENT_3D('',#1004,#1005,#1006);
#1004 = CARTESIAN_POINT('',(20.125,-17.85,0.));
#1005 = DIRECTION('',(-1.,0.,0.));
#1006 = DIRECTION('',(0.,1.,0.));
#1007 = DEFINITIONAL_REPRESENTATION('',(#1008),#1012);
#1008 = LINE('',#1009,#1010);
#1009 = CARTESIAN_POINT('',(4.,-15.4));
#1010 = VECTOR('',#1011,1.);
#1011 = DIRECTION('',(1.,0.));
#1012 = ( GEOMETRIC_REPRESENTATION_CONTEXT(2) 
PARAMETRIC_REPRESENTATION_CONTEXT() REPRESENTATION_CONTEXT('2D SPACE',''
  ) );
#1013 = ADVANCED_FACE('',(#1014),#246,.T.);
#1014 = FACE_BOUND('',#1015,.F.);
#1015 = EDGE_LOOP('',(#1016,#1017,#1018,#1039));
#1016 = ORIENTED_EDGE('',*,*,#967,.F.);
#1017 = ORIENTED_EDGE('',*,*,#229,.T.);
#1018 = ORIENTED_EDGE('',*,*,#1019,.T.);
#1019 = EDGE_CURVE('',#230,#1020,#1022,.T.);
#1020 = VERTEX_POINT('',#1021);
#1021 = CARTESIAN_POINT('',(16.125,13.85,15.4));
#1022 = SURFACE_CURVE('',#1023,(#1027,#1033),.PCURVE_S1.);
#1023 = LINE('',#1024,#1025);
#1024 = CARTESIAN_POINT('',(16.125,13.85,15.4));
#1025 = VECTOR('',#1026,1.);
#1026 = DIRECTION('',(4.329780281177E-17,0.707106781187,-0.707106781187)
  );
#1027 = PCURVE('',#246,#1028);
#1028 = DEFINITIONAL_REPRESENTATION('',(#1029),#1032);
#1029 = B_SPLINE_CURVE_WITH_KNOTS('',1,(#1030,#1031),.UNSPECIFIED.,.F.,
  .F.,(2,2),(-0.848528137424,0.),.PIECEWISE_BEZIER_KNOTS.);
#1030 = CARTESIAN_POINT('',(-1.570796326795,-0.6));
#1031 = CARTESIAN_POINT('',(-1.570796326795,0.));
#1032 = ( GEOMETRIC_REPRESENTATION_CONTEXT(2) 
PARAMETRIC_REPRESENTATION_CONTEXT() REPRESENTATION_CONTEXT('2D SPACE',''
  ) );
#1033 = PCURVE('',#274,#1034);
#1034 = DEFINITIONAL_REPRESENTATION('',(#1035),#1038);
#1035 = B_SPLINE_CURVE_WITH_KNOTS('',1,(#1036,#1037),.UNSPECIFIED.,.F.,
  .F.,(2,2),(-0.848528137424,0.),.PIECEWISE_BEZIER_KNOTS.);
#1036 = CARTESIAN_POINT('',(0.,-0.424264068712));
#1037 = CARTESIAN_POINT('',(0.,0.424264068712));
#1038 = ( GEOMETRIC_REPRESENTATION_CONTEXT(2) 
PARAMETRIC_REPRESENTATION_CONTEXT() REPRESENTATION_CONTEXT('2D SPACE',''
  ) );
#1039 = ORIENTED_EDGE('',*,*,#1040,.F.);
#1040 = EDGE_CURVE('',#968,#1020,#1041,.T.);
#1041 = SURFACE_CURVE('',#1042,(#1047,#1054),.PCURVE_S1.);
#1042 = CIRCLE('',#1043,4.);
#1043 = AXIS2_PLACEMENT_3D('',#1044,#1045,#1046);
#1044 = CARTESIAN_POINT('',(16.125,9.85,15.4));
#1045 = DIRECTION('',(0.,0.,1.));
#1046 = DIRECTION('',(1.,0.,-0.));
#1047 = PCURVE('',#246,#1048);
#1048 = DEFINITIONAL_REPRESENTATION('',(#1049),#1053);
#1049 = LINE('',#1050,#1051);
#1050 = CARTESIAN_POINT('',(-0.,0.));
#1051 = VECTOR('',#1052,1.);
#1052 = DIRECTION('',(-1.,0.));
#1053 = ( GEOMETRIC_REPRESENTATION_CONTEXT(2) 
PARAMETRIC_REPRESENTATION_CONTEXT() REPRESENTATION_CONTEXT('2D SPACE',''
  ) );
#1054 = PCURVE('',#1055,#1060);
#1055 = CYLINDRICAL_SURFACE('',#1056,4.);
#1056 = AXIS2_PLACEMENT_3D('',#1057,#1058,#1059);
#1057 = CARTESIAN_POINT('',(16.125,9.85,0.));
#1058 = DIRECTION('',(0.,0.,1.));
#1059 = DIRECTION('',(-0.,1.,0.));
#1060 = DEFINITIONAL_REPRESENTATION('',(#1061),#1065);
#1061 = LINE('',#1062,#1063);
#1062 = CARTESIAN_POINT('',(-1.570796326795,15.4));
#1063 = VECTOR('',#1064,1.);
#1064 = DIRECTION('',(1.,-0.));
#1065 = ( GEOMETRIC_REPRESENTATION_CONTEXT(2) 
PARAMETRIC_REPRESENTATION_CONTEXT() REPRESENTATION_CONTEXT('2D SPACE',''
  ) );
#1066 = ADVANCED_FACE('',(#1067),#274,.F.);
#1067 = FACE_BOUND('',#1068,.F.);
#1068 = EDGE_LOOP('',(#1069,#1070,#1071,#1092));
#1069 = ORIENTED_EDGE('',*,*,#1019,.F.);
#1070 = ORIENTED_EDGE('',*,*,#258,.T.);
#1071 = ORIENTED_EDGE('',*,*,#1072,.T.);
#1072 = EDGE_CURVE('',#259,#1073,#1075,.T.);
#1073 = VERTEX_POINT('',#1074);
#1074 = CARTESIAN_POINT('',(-16.125,13.85,15.4));
#1075 = SURFACE_CURVE('',#1076,(#1080,#1086),.PCURVE_S1.);
#1076 = LINE('',#1077,#1078);
#1077 = CARTESIAN_POINT('',(-16.125,13.55,15.7));
#1078 = VECTOR('',#1079,1.);
#1079 = DIRECTION('',(-0.,0.707106781187,-0.707106781187));
#1080 = PCURVE('',#274,#1081);
#1081 = DEFINITIONAL_REPRESENTATION('',(#1082),#1085);
#1082 = B_SPLINE_CURVE_WITH_KNOTS('',1,(#1083,#1084),.UNSPECIFIED.,.F.,
  .F.,(2,2),(-0.424264068712,0.424264068712),.PIECEWISE_BEZIER_KNOTS.);
#1083 = CARTESIAN_POINT('',(32.250000000001,-0.424264068712));
#1084 = CARTESIAN_POINT('',(32.250000000001,0.424264068712));
#1085 = ( GEOMETRIC_REPRESENTATION_CONTEXT(2) 
PARAMETRIC_REPRESENTATION_CONTEXT() REPRESENTATION_CONTEXT('2D SPACE',''
  ) );
#1086 = PCURVE('',#303,#1087);
#1087 = DEFINITIONAL_REPRESENTATION('',(#1088),#1091);
#1088 = B_SPLINE_CURVE_WITH_KNOTS('',1,(#1089,#1090),.UNSPECIFIED.,.F.,
  .F.,(2,2),(-0.424264068712,0.424264068712),.PIECEWISE_BEZIER_KNOTS.);
#1089 = CARTESIAN_POINT('',(0.,-0.6));
#1090 = CARTESIAN_POINT('',(0.,7.850462293419E-17));
#1091 = ( GEOMETRIC_REPRESENTATION_CONTEXT(2) 
PARAMETRIC_REPRESENTATION_CONTEXT() REPRESENTATION_CONTEXT('2D SPACE',''
  ) );
#1092 = ORIENTED_EDGE('',*,*,#1093,.F.);
#1093 = EDGE_CURVE('',#1020,#1073,#1094,.T.);
#1094 = SURFACE_CURVE('',#1095,(#1099,#1106),.PCURVE_S1.);
#1095 = LINE('',#1096,#1097);
#1096 = CARTESIAN_POINT('',(16.125,13.85,15.4));
#1097 = VECTOR('',#1098,1.);
#1098 = DIRECTION('',(-1.,0.,0.));
#1099 = PCURVE('',#274,#1100);
#1100 = DEFINITIONAL_REPRESENTATION('',(#1101),#1105);
#1101 = LINE('',#1102,#1103);
#1102 = CARTESIAN_POINT('',(0.,0.424264068712));
#1103 = VECTOR('',#1104,1.);
#1104 = DIRECTION('',(1.,0.));
#1105 = ( GEOMETRIC_REPRESENTATION_CONTEXT(2) 
PARAMETRIC_REPRESENTATION_CONTEXT() REPRESENTATION_CONTEXT('2D SPACE',''
  ) );
#1106 = PCURVE('',#1107,#1112);
#1107 = PLANE('',#1108);
#1108 = AXIS2_PLACEMENT_3D('',#1109,#1110,#1111);
#1109 = CARTESIAN_POINT('',(20.125,13.85,0.));
#1110 = DIRECTION('',(0.,-1.,0.));
#1111 = DIRECTION('',(-1.,0.,0.));
#1112 = DEFINITIONAL_REPRESENTATION('',(#1113),#1117);
#1113 = LINE('',#1114,#1115);
#1114 = CARTESIAN_POINT('',(4.,-15.4));
#1115 = VECTOR('',#1116,1.);
#1116 = DIRECTION('',(1.,0.));
#1117 = ( GEOMETRIC_REPRESENTATION_CONTEXT(2) 
PARAMETRIC_REPRESENTATION_CONTEXT() REPRESENTATION_CONTEXT('2D SPACE',''
  ) );
#1118 = ADVANCED_FACE('',(#1119),#303,.T.);
#1119 = FACE_BOUND('',#1120,.F.);
#1120 = EDGE_LOOP('',(#1121,#1122,#1123,#1144));
#1121 = ORIENTED_EDGE('',*,*,#1072,.F.);
#1122 = ORIENTED_EDGE('',*,*,#286,.T.);
#1123 = ORIENTED_EDGE('',*,*,#1124,.T.);
#1124 = EDGE_CURVE('',#287,#1125,#1127,.T.);
#1125 = VERTEX_POINT('',#1126);
#1126 = CARTESIAN_POINT('',(-20.125,9.85,15.4));
#1127 = SURFACE_CURVE('',#1128,(#1132,#1138),.PCURVE_S1.);
#1128 = LINE('',#1129,#1130);
#1129 = CARTESIAN_POINT('',(-20.125,9.85,15.4));
#1130 = VECTOR('',#1131,1.);
#1131 = DIRECTION('',(-0.707106781187,4.329780281177E-17,-0.707106781187
    ));
#1132 = PCURVE('',#303,#1133);
#1133 = DEFINITIONAL_REPRESENTATION('',(#1134),#1137);
#1134 = B_SPLINE_CURVE_WITH_KNOTS('',1,(#1135,#1136),.UNSPECIFIED.,.F.,
  .F.,(2,2),(-0.848528137424,0.),.PIECEWISE_BEZIER_KNOTS.);
#1135 = CARTESIAN_POINT('',(-1.570796326795,-0.6));
#1136 = CARTESIAN_POINT('',(-1.570796326795,0.));
#1137 = ( GEOMETRIC_REPRESENTATION_CONTEXT(2) 
PARAMETRIC_REPRESENTATION_CONTEXT() REPRESENTATION_CONTEXT('2D SPACE',''
  ) );
#1138 = PCURVE('',#331,#1139);
#1139 = DEFINITIONAL_REPRESENTATION('',(#1140),#1143);
#1140 = B_SPLINE_CURVE_WITH_KNOTS('',1,(#1141,#1142),.UNSPECIFIED.,.F.,
  .F.,(2,2),(-0.848528137424,0.),.PIECEWISE_BEZIER_KNOTS.);
#1141 = CARTESIAN_POINT('',(0.,-0.424264068712));
#1142 = CARTESIAN_POINT('',(0.,0.424264068712));
#1143 = ( GEOMETRIC_REPRESENTATION_CONTEXT(2) 
PARAMETRIC_REPRESENTATION_CONTEXT() REPRESENTATION_CONTEXT('2D SPACE',''
  ) );
#1144 = ORIENTED_EDGE('',*,*,#1145,.F.);
#1145 = EDGE_CURVE('',#1073,#1125,#1146,.T.);
#1146 = SURFACE_CURVE('',#1147,(#1152,#1159),.PCURVE_S1.);
#1147 = CIRCLE('',#1148,4.);
#1148 = AXIS2_PLACEMENT_3D('',#1149,#1150,#1151);
#1149 = CARTESIAN_POINT('',(-16.125,9.85,15.4));
#1150 = DIRECTION('',(0.,0.,1.));
#1151 = DIRECTION('',(0.,1.,-0.));
#1152 = PCURVE('',#303,#1153);
#1153 = DEFINITIONAL_REPRESENTATION('',(#1154),#1158);
#1154 = LINE('',#1155,#1156);
#1155 = CARTESIAN_POINT('',(-0.,0.));
#1156 = VECTOR('',#1157,1.);
#1157 = DIRECTION('',(-1.,0.));
#1158 = ( GEOMETRIC_REPRESENTATION_CONTEXT(2) 
PARAMETRIC_REPRESENTATION_CONTEXT() REPRESENTATION_CONTEXT('2D SPACE',''
  ) );
#1159 = PCURVE('',#1160,#1165);
#1160 = CYLINDRICAL_SURFACE('',#1161,4.);
#1161 = AXIS2_PLACEMENT_3D('',#1162,#1163,#1164);
#1162 = CARTESIAN_POINT('',(-16.125,9.85,0.));
#1163 = DIRECTION('',(0.,0.,1.));
#1164 = DIRECTION('',(-1.,0.,0.));
#1165 = DEFINITIONAL_REPRESENTATION('',(#1166),#1170);
#1166 = LINE('',#1167,#1168);
#1167 = CARTESIAN_POINT('',(-1.570796326795,15.4));
#1168 = VECTOR('',#1169,1.);
#1169 = DIRECTION('',(1.,-0.));
#1170 = ( GEOMETRIC_REPRESENTATION_CONTEXT(2) 
PARAMETRIC_REPRESENTATION_CONTEXT() REPRESENTATION_CONTEXT('2D SPACE',''
  ) );
#1171 = ADVANCED_FACE('',(#1172),#331,.F.);
#1172 = FACE_BOUND('',#1173,.F.);
#1173 = EDGE_LOOP('',(#1174,#1175,#1176,#1197));
#1174 = ORIENTED_EDGE('',*,*,#1124,.F.);
#1175 = ORIENTED_EDGE('',*,*,#315,.T.);
#1176 = ORIENTED_EDGE('',*,*,#1177,.T.);
#1177 = EDGE_CURVE('',#316,#1178,#1180,.T.);
#1178 = VERTEX_POINT('',#1179);
#1179 = CARTESIAN_POINT('',(-20.125,-13.85,15.4));
#1180 = SURFACE_CURVE('',#1181,(#1185,#1191),.PCURVE_S1.);
#1181 = LINE('',#1182,#1183);
#1182 = CARTESIAN_POINT('',(-19.825,-13.85,15.7));
#1183 = VECTOR('',#1184,1.);
#1184 = DIRECTION('',(-0.707106781187,-0.,-0.707106781187));
#1185 = PCURVE('',#331,#1186);
#1186 = DEFINITIONAL_REPRESENTATION('',(#1187),#1190);
#1187 = B_SPLINE_CURVE_WITH_KNOTS('',1,(#1188,#1189),.UNSPECIFIED.,.F.,
  .F.,(2,2),(-0.424264068712,0.424264068712),.PIECEWISE_BEZIER_KNOTS.);
#1188 = CARTESIAN_POINT('',(23.700000000001,-0.424264068712));
#1189 = CARTESIAN_POINT('',(23.700000000001,0.424264068712));
#1190 = ( GEOMETRIC_REPRESENTATION_CONTEXT(2) 
PARAMETRIC_REPRESENTATION_CONTEXT() REPRESENTATION_CONTEXT('2D SPACE',''
  ) );
#1191 = PCURVE('',#360,#1192);
#1192 = DEFINITIONAL_REPRESENTATION('',(#1193),#1196);
#1193 = B_SPLINE_CURVE_WITH_KNOTS('',1,(#1194,#1195),.UNSPECIFIED.,.F.,
  .F.,(2,2),(-0.424264068712,0.424264068712),.PIECEWISE_BEZIER_KNOTS.);
#1194 = CARTESIAN_POINT('',(0.,-0.6));
#1195 = CARTESIAN_POINT('',(0.,7.850462293419E-17));
#1196 = ( GEOMETRIC_REPRESENTATION_CONTEXT(2) 
PARAMETRIC_REPRESENTATION_CONTEXT() REPRESENTATION_CONTEXT('2D SPACE',''
  ) );
#1197 = ORIENTED_EDGE('',*,*,#1198,.F.);
#1198 = EDGE_CURVE('',#1125,#1178,#1199,.T.);
#1199 = SURFACE_CURVE('',#1200,(#1204,#1211),.PCURVE_S1.);
#1200 = LINE('',#1201,#1202);
#1201 = CARTESIAN_POINT('',(-20.125,9.85,15.4));
#1202 = VECTOR('',#1203,1.);
#1203 = DIRECTION('',(0.,-1.,0.));
#1204 = PCURVE('',#331,#1205);
#1205 = DEFINITIONAL_REPRESENTATION('',(#1206),#1210);
#1206 = LINE('',#1207,#1208);
#1207 = CARTESIAN_POINT('',(0.,0.424264068712));
#1208 = VECTOR('',#1209,1.);
#1209 = DIRECTION('',(1.,0.));
#1210 = ( GEOMETRIC_REPRESENTATION_CONTEXT(2) 
PARAMETRIC_REPRESENTATION_CONTEXT() REPRESENTATION_CONTEXT('2D SPACE',''
  ) );
#1211 = PCURVE('',#1212,#1217);
#1212 = PLANE('',#1213);
#1213 = AXIS2_PLACEMENT_3D('',#1214,#1215,#1216);
#1214 = CARTESIAN_POINT('',(-20.125,13.85,0.));
#1215 = DIRECTION('',(1.,0.,-0.));
#1216 = DIRECTION('',(0.,-1.,0.));
#1217 = DEFINITIONAL_REPRESENTATION('',(#1218),#1222);
#1218 = LINE('',#1219,#1220);
#1219 = CARTESIAN_POINT('',(4.,-15.4));
#1220 = VECTOR('',#1221,1.);
#1221 = DIRECTION('',(1.,0.));
#1222 = ( GEOMETRIC_REPRESENTATION_CONTEXT(2) 
PARAMETRIC_REPRESENTATION_CONTEXT() REPRESENTATION_CONTEXT('2D SPACE',''
  ) );
#1223 = ADVANCED_FACE('',(#1224),#360,.T.);
#1224 = FACE_BOUND('',#1225,.F.);
#1225 = EDGE_LOOP('',(#1226,#1227,#1228,#1249));
#1226 = ORIENTED_EDGE('',*,*,#1177,.F.);
#1227 = ORIENTED_EDGE('',*,*,#343,.T.);
#1228 = ORIENTED_EDGE('',*,*,#1229,.T.);
#1229 = EDGE_CURVE('',#344,#1230,#1232,.T.);
#1230 = VERTEX_POINT('',#1231);
#1231 = CARTESIAN_POINT('',(-16.125,-17.85,15.4));
#1232 = SURFACE_CURVE('',#1233,(#1237,#1243),.PCURVE_S1.);
#1233 = LINE('',#1234,#1235);
#1234 = CARTESIAN_POINT('',(-16.125,-17.85,15.4));
#1235 = VECTOR('',#1236,1.);
#1236 = DIRECTION('',(-4.329780281177E-17,-0.707106781187,
    -0.707106781187));
#1237 = PCURVE('',#360,#1238);
#1238 = DEFINITIONAL_REPRESENTATION('',(#1239),#1242);
#1239 = B_SPLINE_CURVE_WITH_KNOTS('',1,(#1240,#1241),.UNSPECIFIED.,.F.,
  .F.,(2,2),(-0.848528137424,0.),.PIECEWISE_BEZIER_KNOTS.);
#1240 = CARTESIAN_POINT('',(-1.570796326795,-0.6));
#1241 = CARTESIAN_POINT('',(-1.570796326795,0.));
#1242 = ( GEOMETRIC_REPRESENTATION_CONTEXT(2) 
PARAMETRIC_REPRESENTATION_CONTEXT() REPRESENTATION_CONTEXT('2D SPACE',''
  ) );
#1243 = PCURVE('',#386,#1244);
#1244 = DEFINITIONAL_REPRESENTATION('',(#1245),#1248);
#1245 = B_SPLINE_CURVE_WITH_KNOTS('',1,(#1246,#1247),.UNSPECIFIED.,.F.,
  .F.,(2,2),(-0.848528137424,0.),.PIECEWISE_BEZIER_KNOTS.);
#1246 = CARTESIAN_POINT('',(0.,-0.424264068712));
#1247 = CARTESIAN_POINT('',(0.,0.424264068712));
#1248 = ( GEOMETRIC_REPRESENTATION_CONTEXT(2) 
PARAMETRIC_REPRESENTATION_CONTEXT() REPRESENTATION_CONTEXT('2D SPACE',''
  ) );
#1249 = ORIENTED_EDGE('',*,*,#1250,.F.);
#1250 = EDGE_CURVE('',#1178,#1230,#1251,.T.);
#1251 = SURFACE_CURVE('',#1252,(#1257,#1264),.PCURVE_S1.);
#1252 = CIRCLE('',#1253,4.);
#1253 = AXIS2_PLACEMENT_3D('',#1254,#1255,#1256);
#1254 = CARTESIAN_POINT('',(-16.125,-13.85,15.4));
#1255 = DIRECTION('',(0.,0.,1.));
#1256 = DIRECTION('',(-1.,0.,0.));
#1257 = PCURVE('',#360,#1258);
#1258 = DEFINITIONAL_REPRESENTATION('',(#1259),#1263);
#1259 = LINE('',#1260,#1261);
#1260 = CARTESIAN_POINT('',(-0.,0.));
#1261 = VECTOR('',#1262,1.);
#1262 = DIRECTION('',(-1.,0.));
#1263 = ( GEOMETRIC_REPRESENTATION_CONTEXT(2) 
PARAMETRIC_REPRESENTATION_CONTEXT() REPRESENTATION_CONTEXT('2D SPACE',''
  ) );
#1264 = PCURVE('',#1265,#1270);
#1265 = CYLINDRICAL_SURFACE('',#1266,4.);
#1266 = AXIS2_PLACEMENT_3D('',#1267,#1268,#1269);
#1267 = CARTESIAN_POINT('',(-16.125,-13.85,0.));
#1268 = DIRECTION('',(0.,0.,1.));
#1269 = DIRECTION('',(-1.,0.,0.));
#1270 = DEFINITIONAL_REPRESENTATION('',(#1271),#1275);
#1271 = LINE('',#1272,#1273);
#1272 = CARTESIAN_POINT('',(0.,15.4));
#1273 = VECTOR('',#1274,1.);
#1274 = DIRECTION('',(1.,0.));
#1275 = ( GEOMETRIC_REPRESENTATION_CONTEXT(2) 
PARAMETRIC_REPRESENTATION_CONTEXT() REPRESENTATION_CONTEXT('2D SPACE',''
  ) );
#1276 = ADVANCED_FACE('',(#1277),#386,.F.);
#1277 = FACE_BOUND('',#1278,.F.);
#1278 = EDGE_LOOP('',(#1279,#1280,#1281,#1282));
#1279 = ORIENTED_EDGE('',*,*,#1229,.F.);
#1280 = ORIENTED_EDGE('',*,*,#372,.T.);
#1281 = ORIENTED_EDGE('',*,*,#892,.T.);
#1282 = ORIENTED_EDGE('',*,*,#1283,.F.);
#1283 = EDGE_CURVE('',#1230,#893,#1284,.T.);
#1284 = SURFACE_CURVE('',#1285,(#1289,#1296),.PCURVE_S1.);
#1285 = LINE('',#1286,#1287);
#1286 = CARTESIAN_POINT('',(-16.125,-17.85,15.4));
#1287 = VECTOR('',#1288,1.);
#1288 = DIRECTION('',(1.,0.,0.));
#1289 = PCURVE('',#386,#1290);
#1290 = DEFINITIONAL_REPRESENTATION('',(#1291),#1295);
#1291 = LINE('',#1292,#1293);
#1292 = CARTESIAN_POINT('',(0.,0.424264068712));
#1293 = VECTOR('',#1294,1.);
#1294 = DIRECTION('',(1.,0.));
#1295 = ( GEOMETRIC_REPRESENTATION_CONTEXT(2) 
PARAMETRIC_REPRESENTATION_CONTEXT() REPRESENTATION_CONTEXT('2D SPACE',''
  ) );
#1296 = PCURVE('',#1297,#1302);
#1297 = PLANE('',#1298);
#1298 = AXIS2_PLACEMENT_3D('',#1299,#1300,#1301);
#1299 = CARTESIAN_POINT('',(-20.125,-17.85,0.));
#1300 = DIRECTION('',(0.,1.,0.));
#1301 = DIRECTION('',(1.,0.,0.));
#1302 = DEFINITIONAL_REPRESENTATION('',(#1303),#1307);
#1303 = LINE('',#1304,#1305);
#1304 = CARTESIAN_POINT('',(4.,-15.4));
#1305 = VECTOR('',#1306,1.);
#1306 = DIRECTION('',(1.,0.));
#1307 = ( GEOMETRIC_REPRESENTATION_CONTEXT(2) 
PARAMETRIC_REPRESENTATION_CONTEXT() REPRESENTATION_CONTEXT('2D SPACE',''
  ) );
#1308 = ADVANCED_FACE('',(#1309),#417,.F.);
#1309 = FACE_BOUND('',#1310,.F.);
#1310 = EDGE_LOOP('',(#1311,#1334,#1361,#1362));
#1311 = ORIENTED_EDGE('',*,*,#1312,.T.);
#1312 = EDGE_CURVE('',#401,#1313,#1315,.T.);
#1313 = VERTEX_POINT('',#1314);
#1314 = CARTESIAN_POINT('',(-14.6,-14.5,14.));
#1315 = SEAM_CURVE('',#1316,(#1320,#1327),.PCURVE_S1.);
#1316 = LINE('',#1317,#1318);
#1317 = CARTESIAN_POINT('',(-14.6,-14.5,16.));
#1318 = VECTOR('',#1319,1.);
#1319 = DIRECTION('',(-0.,-0.,-1.));
#1320 = PCURVE('',#417,#1321);
#1321 = DEFINITIONAL_REPRESENTATION('',(#1322),#1326);
#1322 = LINE('',#1323,#1324);
#1323 = CARTESIAN_POINT('',(0.,0.));
#1324 = VECTOR('',#1325,1.);
#1325 = DIRECTION('',(0.,-1.));
#1326 = ( GEOMETRIC_REPRESENTATION_CONTEXT(2) 
PARAMETRIC_REPRESENTATION_CONTEXT() REPRESENTATION_CONTEXT('2D SPACE',''
  ) );
#1327 = PCURVE('',#417,#1328);
#1328 = DEFINITIONAL_REPRESENTATION('',(#1329),#1333);
#1329 = LINE('',#1330,#1331);
#1330 = CARTESIAN_POINT('',(6.28318530718,0.));
#1331 = VECTOR('',#1332,1.);
#1332 = DIRECTION('',(0.,-1.));
#1333 = ( GEOMETRIC_REPRESENTATION_CONTEXT(2) 
PARAMETRIC_REPRESENTATION_CONTEXT() REPRESENTATION_CONTEXT('2D SPACE',''
  ) );
#1334 = ORIENTED_EDGE('',*,*,#1335,.T.);
#1335 = EDGE_CURVE('',#1313,#1313,#1336,.T.);
#1336 = SURFACE_CURVE('',#1337,(#1342,#1349),.PCURVE_S1.);
#1337 = CIRCLE('',#1338,1.9);
#1338 = AXIS2_PLACEMENT_3D('',#1339,#1340,#1341);
#1339 = CARTESIAN_POINT('',(-16.5,-14.5,14.));
#1340 = DIRECTION('',(0.,0.,1.));
#1341 = DIRECTION('',(1.,0.,0.));
#1342 = PCURVE('',#417,#1343);
#1343 = DEFINITIONAL_REPRESENTATION('',(#1344),#1348);
#1344 = LINE('',#1345,#1346);
#1345 = CARTESIAN_POINT('',(0.,-2.));
#1346 = VECTOR('',#1347,1.);
#1347 = DIRECTION('',(1.,0.));
#1348 = ( GEOMETRIC_REPRESENTATION_CONTEXT(2) 
PARAMETRIC_REPRESENTATION_CONTEXT() REPRESENTATION_CONTEXT('2D SPACE',''
  ) );
#1349 = PCURVE('',#1350,#1355);
#1350 = PLANE('',#1351);
#1351 = AXIS2_PLACEMENT_3D('',#1352,#1353,#1354);
#1352 = CARTESIAN_POINT('',(16.5,10.,14.));
#1353 = DIRECTION('',(0.,0.,1.));
#1354 = DIRECTION('',(1.,0.,-0.));
#1355 = DEFINITIONAL_REPRESENTATION('',(#1356),#1360);
#1356 = CIRCLE('',#1357,1.9);
#1357 = AXIS2_PLACEMENT_2D('',#1358,#1359);
#1358 = CARTESIAN_POINT('',(-33.,-24.5));
#1359 = DIRECTION('',(1.,0.));
#1360 = ( GEOMETRIC_REPRESENTATION_CONTEXT(2) 
PARAMETRIC_REPRESENTATION_CONTEXT() REPRESENTATION_CONTEXT('2D SPACE',''
  ) );
#1361 = ORIENTED_EDGE('',*,*,#1312,.F.);
#1362 = ORIENTED_EDGE('',*,*,#400,.F.);
#1363 = ADVANCED_FACE('',(#1364),#451,.F.);
#1364 = FACE_BOUND('',#1365,.F.);
#1365 = EDGE_LOOP('',(#1366,#1389,#1416,#1417));
#1366 = ORIENTED_EDGE('',*,*,#1367,.T.);
#1367 = EDGE_CURVE('',#435,#1368,#1370,.T.);
#1368 = VERTEX_POINT('',#1369);
#1369 = CARTESIAN_POINT('',(18.4,-14.5,14.));
#1370 = SEAM_CURVE('',#1371,(#1375,#1382),.PCURVE_S1.);
#1371 = LINE('',#1372,#1373);
#1372 = CARTESIAN_POINT('',(18.4,-14.5,16.));
#1373 = VECTOR('',#1374,1.);
#1374 = DIRECTION('',(-0.,-0.,-1.));
#1375 = PCURVE('',#451,#1376);
#1376 = DEFINITIONAL_REPRESENTATION('',(#1377),#1381);
#1377 = LINE('',#1378,#1379);
#1378 = CARTESIAN_POINT('',(0.,0.));
#1379 = VECTOR('',#1380,1.);
#1380 = DIRECTION('',(0.,-1.));
#1381 = ( GEOMETRIC_REPRESENTATION_CONTEXT(2) 
PARAMETRIC_REPRESENTATION_CONTEXT() REPRESENTATION_CONTEXT('2D SPACE',''
  ) );
#1382 = PCURVE('',#451,#1383);
#1383 = DEFINITIONAL_REPRESENTATION('',(#1384),#1388);
#1384 = LINE('',#1385,#1386);
#1385 = CARTESIAN_POINT('',(6.28318530718,0.));
#1386 = VECTOR('',#1387,1.);
#1387 = DIRECTION('',(0.,-1.));
#1388 = ( GEOMETRIC_REPRESENTATION_CONTEXT(2) 
PARAMETRIC_REPRESENTATION_CONTEXT() REPRESENTATION_CONTEXT('2D SPACE',''
  ) );
#1389 = ORIENTED_EDGE('',*,*,#1390,.T.);
#1390 = EDGE_CURVE('',#1368,#1368,#1391,.T.);
#1391 = SURFACE_CURVE('',#1392,(#1397,#1404),.PCURVE_S1.);
#1392 = CIRCLE('',#1393,1.9);
#1393 = AXIS2_PLACEMENT_3D('',#1394,#1395,#1396);
#1394 = CARTESIAN_POINT('',(16.5,-14.5,14.));
#1395 = DIRECTION('',(0.,0.,1.));
#1396 = DIRECTION('',(1.,0.,0.));
#1397 = PCURVE('',#451,#1398);
#1398 = DEFINITIONAL_REPRESENTATION('',(#1399),#1403);
#1399 = LINE('',#1400,#1401);
#1400 = CARTESIAN_POINT('',(0.,-2.));
#1401 = VECTOR('',#1402,1.);
#1402 = DIRECTION('',(1.,0.));
#1403 = ( GEOMETRIC_REPRESENTATION_CONTEXT(2) 
PARAMETRIC_REPRESENTATION_CONTEXT() REPRESENTATION_CONTEXT('2D SPACE',''
  ) );
#1404 = PCURVE('',#1405,#1410);
#1405 = PLANE('',#1406);
#1406 = AXIS2_PLACEMENT_3D('',#1407,#1408,#1409);
#1407 = CARTESIAN_POINT('',(16.5,10.,14.));
#1408 = DIRECTION('',(0.,0.,1.));
#1409 = DIRECTION('',(1.,0.,-0.));
#1410 = DEFINITIONAL_REPRESENTATION('',(#1411),#1415);
#1411 = CIRCLE('',#1412,1.9);
#1412 = AXIS2_PLACEMENT_2D('',#1413,#1414);
#1413 = CARTESIAN_POINT('',(0.,-24.5));
#1414 = DIRECTION('',(1.,0.));
#1415 = ( GEOMETRIC_REPRESENTATION_CONTEXT(2) 
PARAMETRIC_REPRESENTATION_CONTEXT() REPRESENTATION_CONTEXT('2D SPACE',''
  ) );
#1416 = ORIENTED_EDGE('',*,*,#1367,.F.);
#1417 = ORIENTED_EDGE('',*,*,#434,.F.);
#1418 = ADVANCED_FACE('',(#1419),#483,.T.);
#1419 = FACE_BOUND('',#1420,.T.);
#1420 = EDGE_LOOP('',(#1421,#1444,#1470,#1491));
#1421 = ORIENTED_EDGE('',*,*,#1422,.F.);
#1422 = EDGE_CURVE('',#1423,#466,#1425,.T.);
#1423 = VERTEX_POINT('',#1424);
#1424 = CARTESIAN_POINT('',(7.7,0.2,15.7));
#1425 = SURFACE_CURVE('',#1426,(#1430,#1437),.PCURVE_S1.);
#1426 = LINE('',#1427,#1428);
#1427 = CARTESIAN_POINT('',(7.7,0.2,-24.2500003));
#1428 = VECTOR('',#1429,1.);
#1429 = DIRECTION('',(0.,0.,1.));
#1430 = PCURVE('',#483,#1431);
#1431 = DEFINITIONAL_REPRESENTATION('',(#1432),#1436);
#1432 = LINE('',#1433,#1434);
#1433 = CARTESIAN_POINT('',(10.,0.));
#1434 = VECTOR('',#1435,1.);
#1435 = DIRECTION('',(0.,-1.));
#1436 = ( GEOMETRIC_REPRESENTATION_CONTEXT(2) 
PARAMETRIC_REPRESENTATION_CONTEXT() REPRESENTATION_CONTEXT('2D SPACE',''
  ) );
#1437 = PCURVE('',#562,#1438);
#1438 = DEFINITIONAL_REPRESENTATION('',(#1439),#1443);
#1439 = LINE('',#1440,#1441);
#1440 = CARTESIAN_POINT('',(0.,-0.));
#1441 = VECTOR('',#1442,1.);
#1442 = DIRECTION('',(0.,-1.));
#1443 = ( GEOMETRIC_REPRESENTATION_CONTEXT(2) 
PARAMETRIC_REPRESENTATION_CONTEXT() REPRESENTATION_CONTEXT('2D SPACE',''
  ) );
#1444 = ORIENTED_EDGE('',*,*,#1445,.T.);
#1445 = EDGE_CURVE('',#1423,#1446,#1448,.T.);
#1446 = VERTEX_POINT('',#1447);
#1447 = CARTESIAN_POINT('',(7.7,-9.8,15.7));
#1448 = SURFACE_CURVE('',#1449,(#1453,#1459),.PCURVE_S1.);
#1449 = LINE('',#1450,#1451);
#1450 = CARTESIAN_POINT('',(7.7,-7.3,15.7));
#1451 = VECTOR('',#1452,1.);
#1452 = DIRECTION('',(0.,-1.,0.));
#1453 = PCURVE('',#483,#1454);
#1454 = DEFINITIONAL_REPRESENTATION('',(#1455),#1458);
#1455 = B_SPLINE_CURVE_WITH_KNOTS('',1,(#1456,#1457),.UNSPECIFIED.,.F.,
  .F.,(2,2),(-7.5,2.5),.PIECEWISE_BEZIER_KNOTS.);
#1456 = CARTESIAN_POINT('',(10.,-39.9500003));
#1457 = CARTESIAN_POINT('',(0.,-39.9500003));
#1458 = ( GEOMETRIC_REPRESENTATION_CONTEXT(2) 
PARAMETRIC_REPRESENTATION_CONTEXT() REPRESENTATION_CONTEXT('2D SPACE',''
  ) );
#1459 = PCURVE('',#1460,#1465);
#1460 = PLANE('',#1461);
#1461 = AXIS2_PLACEMENT_3D('',#1462,#1463,#1464);
#1462 = CARTESIAN_POINT('',(0.2,-4.8,15.7));
#1463 = DIRECTION('',(-0.,-0.,-1.));
#1464 = DIRECTION('',(-1.,0.,0.));
#1465 = DEFINITIONAL_REPRESENTATION('',(#1466),#1469);
#1466 = B_SPLINE_CURVE_WITH_KNOTS('',1,(#1467,#1468),.UNSPECIFIED.,.F.,
  .F.,(2,2),(-7.5,2.5),.PIECEWISE_BEZIER_KNOTS.);
#1467 = CARTESIAN_POINT('',(-7.5,5.));
#1468 = CARTESIAN_POINT('',(-7.5,-5.));
#1469 = ( GEOMETRIC_REPRESENTATION_CONTEXT(2) 
PARAMETRIC_REPRESENTATION_CONTEXT() REPRESENTATION_CONTEXT('2D SPACE',''
  ) );
#1470 = ORIENTED_EDGE('',*,*,#1471,.T.);
#1471 = EDGE_CURVE('',#1446,#468,#1472,.T.);
#1472 = SURFACE_CURVE('',#1473,(#1477,#1484),.PCURVE_S1.);
#1473 = LINE('',#1474,#1475);
#1474 = CARTESIAN_POINT('',(7.7,-9.8,-24.2500003));
#1475 = VECTOR('',#1476,1.);
#1476 = DIRECTION('',(0.,0.,1.));
#1477 = PCURVE('',#483,#1478);
#1478 = DEFINITIONAL_REPRESENTATION('',(#1479),#1483);
#1479 = LINE('',#1480,#1481);
#1480 = CARTESIAN_POINT('',(0.,0.));
#1481 = VECTOR('',#1482,1.);
#1482 = DIRECTION('',(0.,-1.));
#1483 = ( GEOMETRIC_REPRESENTATION_CONTEXT(2) 
PARAMETRIC_REPRESENTATION_CONTEXT() REPRESENTATION_CONTEXT('2D SPACE',''
  ) );
#1484 = PCURVE('',#510,#1485);
#1485 = DEFINITIONAL_REPRESENTATION('',(#1486),#1490);
#1486 = LINE('',#1487,#1488);
#1487 = CARTESIAN_POINT('',(15.,0.));
#1488 = VECTOR('',#1489,1.);
#1489 = DIRECTION('',(0.,-1.));
#1490 = ( GEOMETRIC_REPRESENTATION_CONTEXT(2) 
PARAMETRIC_REPRESENTATION_CONTEXT() REPRESENTATION_CONTEXT('2D SPACE',''
  ) );
#1491 = ORIENTED_EDGE('',*,*,#465,.F.);
#1492 = ADVANCED_FACE('',(#1493),#510,.T.);
#1493 = FACE_BOUND('',#1494,.T.);
#1494 = EDGE_LOOP('',(#1495,#1496,#1517,#1538));
#1495 = ORIENTED_EDGE('',*,*,#1471,.F.);
#1496 = ORIENTED_EDGE('',*,*,#1497,.T.);
#1497 = EDGE_CURVE('',#1446,#1498,#1500,.T.);
#1498 = VERTEX_POINT('',#1499);
#1499 = CARTESIAN_POINT('',(-7.3,-9.8,15.7));
#1500 = SURFACE_CURVE('',#1501,(#1505,#1511),.PCURVE_S1.);
#1501 = LINE('',#1502,#1503);
#1502 = CARTESIAN_POINT('',(-3.55,-9.8,15.7));
#1503 = VECTOR('',#1504,1.);
#1504 = DIRECTION('',(-1.,0.,0.));
#1505 = PCURVE('',#510,#1506);
#1506 = DEFINITIONAL_REPRESENTATION('',(#1507),#1510);
#1507 = B_SPLINE_CURVE_WITH_KNOTS('',1,(#1508,#1509),.UNSPECIFIED.,.F.,
  .F.,(2,2),(-11.25,3.75),.PIECEWISE_BEZIER_KNOTS.);
#1508 = CARTESIAN_POINT('',(15.,-39.9500003));
#1509 = CARTESIAN_POINT('',(0.,-39.9500003));
#1510 = ( GEOMETRIC_REPRESENTATION_CONTEXT(2) 
PARAMETRIC_REPRESENTATION_CONTEXT() REPRESENTATION_CONTEXT('2D SPACE',''
  ) );
#1511 = PCURVE('',#1460,#1512);
#1512 = DEFINITIONAL_REPRESENTATION('',(#1513),#1516);
#1513 = B_SPLINE_CURVE_WITH_KNOTS('',1,(#1514,#1515),.UNSPECIFIED.,.F.,
  .F.,(2,2),(-11.25,3.75),.PIECEWISE_BEZIER_KNOTS.);
#1514 = CARTESIAN_POINT('',(-7.5,-5.));
#1515 = CARTESIAN_POINT('',(7.5,-5.));
#1516 = ( GEOMETRIC_REPRESENTATION_CONTEXT(2) 
PARAMETRIC_REPRESENTATION_CONTEXT() REPRESENTATION_CONTEXT('2D SPACE',''
  ) );
#1517 = ORIENTED_EDGE('',*,*,#1518,.T.);
#1518 = EDGE_CURVE('',#1498,#495,#1519,.T.);
#1519 = SURFACE_CURVE('',#1520,(#1524,#1531),.PCURVE_S1.);
#1520 = LINE('',#1521,#1522);
#1521 = CARTESIAN_POINT('',(-7.3,-9.8,-24.2500003));
#1522 = VECTOR('',#1523,1.);
#1523 = DIRECTION('',(0.,0.,1.));
#1524 = PCURVE('',#510,#1525);
#1525 = DEFINITIONAL_REPRESENTATION('',(#1526),#1530);
#1526 = LINE('',#1527,#1528);
#1527 = CARTESIAN_POINT('',(0.,0.));
#1528 = VECTOR('',#1529,1.);
#1529 = DIRECTION('',(0.,-1.));
#1530 = ( GEOMETRIC_REPRESENTATION_CONTEXT(2) 
PARAMETRIC_REPRESENTATION_CONTEXT() REPRESENTATION_CONTEXT('2D SPACE',''
  ) );
#1531 = PCURVE('',#537,#1532);
#1532 = DEFINITIONAL_REPRESENTATION('',(#1533),#1537);
#1533 = LINE('',#1534,#1535);
#1534 = CARTESIAN_POINT('',(10.,0.));
#1535 = VECTOR('',#1536,1.);
#1536 = DIRECTION('',(0.,-1.));
#1537 = ( GEOMETRIC_REPRESENTATION_CONTEXT(2) 
PARAMETRIC_REPRESENTATION_CONTEXT() REPRESENTATION_CONTEXT('2D SPACE',''
  ) );
#1538 = ORIENTED_EDGE('',*,*,#494,.F.);
#1539 = ADVANCED_FACE('',(#1540),#537,.T.);
#1540 = FACE_BOUND('',#1541,.T.);
#1541 = EDGE_LOOP('',(#1542,#1543,#1564,#1585));
#1542 = ORIENTED_EDGE('',*,*,#1518,.F.);
#1543 = ORIENTED_EDGE('',*,*,#1544,.T.);
#1544 = EDGE_CURVE('',#1498,#1545,#1547,.T.);
#1545 = VERTEX_POINT('',#1546);
#1546 = CARTESIAN_POINT('',(-7.3,0.2,15.7));
#1547 = SURFACE_CURVE('',#1548,(#1552,#1558),.PCURVE_S1.);
#1548 = LINE('',#1549,#1550);
#1549 = CARTESIAN_POINT('',(-7.3,-2.3,15.7));
#1550 = VECTOR('',#1551,1.);
#1551 = DIRECTION('',(0.,1.,0.));
#1552 = PCURVE('',#537,#1553);
#1553 = DEFINITIONAL_REPRESENTATION('',(#1554),#1557);
#1554 = B_SPLINE_CURVE_WITH_KNOTS('',1,(#1555,#1556),.UNSPECIFIED.,.F.,
  .F.,(2,2),(-7.5,2.5),.PIECEWISE_BEZIER_KNOTS.);
#1555 = CARTESIAN_POINT('',(10.,-39.9500003));
#1556 = CARTESIAN_POINT('',(0.,-39.9500003));
#1557 = ( GEOMETRIC_REPRESENTATION_CONTEXT(2) 
PARAMETRIC_REPRESENTATION_CONTEXT() REPRESENTATION_CONTEXT('2D SPACE',''
  ) );
#1558 = PCURVE('',#1460,#1559);
#1559 = DEFINITIONAL_REPRESENTATION('',(#1560),#1563);
#1560 = B_SPLINE_CURVE_WITH_KNOTS('',1,(#1561,#1562),.UNSPECIFIED.,.F.,
  .F.,(2,2),(-7.5,2.5),.PIECEWISE_BEZIER_KNOTS.);
#1561 = CARTESIAN_POINT('',(7.5,-5.));
#1562 = CARTESIAN_POINT('',(7.5,5.));
#1563 = ( GEOMETRIC_REPRESENTATION_CONTEXT(2) 
PARAMETRIC_REPRESENTATION_CONTEXT() REPRESENTATION_CONTEXT('2D SPACE',''
  ) );
#1564 = ORIENTED_EDGE('',*,*,#1565,.T.);
#1565 = EDGE_CURVE('',#1545,#522,#1566,.T.);
#1566 = SURFACE_CURVE('',#1567,(#1571,#1578),.PCURVE_S1.);
#1567 = LINE('',#1568,#1569);
#1568 = CARTESIAN_POINT('',(-7.3,0.2,-24.2500003));
#1569 = VECTOR('',#1570,1.);
#1570 = DIRECTION('',(0.,0.,1.));
#1571 = PCURVE('',#537,#1572);
#1572 = DEFINITIONAL_REPRESENTATION('',(#1573),#1577);
#1573 = LINE('',#1574,#1575);
#1574 = CARTESIAN_POINT('',(0.,0.));
#1575 = VECTOR('',#1576,1.);
#1576 = DIRECTION('',(0.,-1.));
#1577 = ( GEOMETRIC_REPRESENTATION_CONTEXT(2) 
PARAMETRIC_REPRESENTATION_CONTEXT() REPRESENTATION_CONTEXT('2D SPACE',''
  ) );
#1578 = PCURVE('',#562,#1579);
#1579 = DEFINITIONAL_REPRESENTATION('',(#1580),#1584);
#1580 = LINE('',#1581,#1582);
#1581 = CARTESIAN_POINT('',(15.,0.));
#1582 = VECTOR('',#1583,1.);
#1583 = DIRECTION('',(0.,-1.));
#1584 = ( GEOMETRIC_REPRESENTATION_CONTEXT(2) 
PARAMETRIC_REPRESENTATION_CONTEXT() REPRESENTATION_CONTEXT('2D SPACE',''
  ) );
#1585 = ORIENTED_EDGE('',*,*,#521,.F.);
#1586 = ADVANCED_FACE('',(#1587),#562,.T.);
#1587 = FACE_BOUND('',#1588,.T.);
#1588 = EDGE_LOOP('',(#1589,#1590,#1609,#1610));
#1589 = ORIENTED_EDGE('',*,*,#1565,.F.);
#1590 = ORIENTED_EDGE('',*,*,#1591,.T.);
#1591 = EDGE_CURVE('',#1545,#1423,#1592,.T.);
#1592 = SURFACE_CURVE('',#1593,(#1597,#1603),.PCURVE_S1.);
#1593 = LINE('',#1594,#1595);
#1594 = CARTESIAN_POINT('',(3.95,0.2,15.7));
#1595 = VECTOR('',#1596,1.);
#1596 = DIRECTION('',(1.,0.,-0.));
#1597 = PCURVE('',#562,#1598);
#1598 = DEFINITIONAL_REPRESENTATION('',(#1599),#1602);
#1599 = B_SPLINE_CURVE_WITH_KNOTS('',1,(#1600,#1601),.UNSPECIFIED.,.F.,
  .F.,(2,2),(-11.25,3.75),.PIECEWISE_BEZIER_KNOTS.);
#1600 = CARTESIAN_POINT('',(15.,-39.9500003));
#1601 = CARTESIAN_POINT('',(0.,-39.9500003));
#1602 = ( GEOMETRIC_REPRESENTATION_CONTEXT(2) 
PARAMETRIC_REPRESENTATION_CONTEXT() REPRESENTATION_CONTEXT('2D SPACE',''
  ) );
#1603 = PCURVE('',#1460,#1604);
#1604 = DEFINITIONAL_REPRESENTATION('',(#1605),#1608);
#1605 = B_SPLINE_CURVE_WITH_KNOTS('',1,(#1606,#1607),.UNSPECIFIED.,.F.,
  .F.,(2,2),(-11.25,3.75),.PIECEWISE_BEZIER_KNOTS.);
#1606 = CARTESIAN_POINT('',(7.5,5.));
#1607 = CARTESIAN_POINT('',(-7.5,5.));
#1608 = ( GEOMETRIC_REPRESENTATION_CONTEXT(2) 
PARAMETRIC_REPRESENTATION_CONTEXT() REPRESENTATION_CONTEXT('2D SPACE',''
  ) );
#1609 = ORIENTED_EDGE('',*,*,#1422,.T.);
#1610 = ORIENTED_EDGE('',*,*,#548,.F.);
#1611 = ADVANCED_FACE('',(#1612),#596,.F.);
#1612 = FACE_BOUND('',#1613,.T.);
#1613 = EDGE_LOOP('',(#1614,#1637,#1664,#1665));
#1614 = ORIENTED_EDGE('',*,*,#1615,.F.);
#1615 = EDGE_CURVE('',#1616,#576,#1618,.T.);
#1616 = VERTEX_POINT('',#1617);
#1617 = CARTESIAN_POINT('',(16.38,-8.065,15.59));
#1618 = SEAM_CURVE('',#1619,(#1623,#1630),.PCURVE_S1.);
#1619 = LINE('',#1620,#1621);
#1620 = CARTESIAN_POINT('',(16.38,-8.065,-24.2500003));
#1621 = VECTOR('',#1622,1.);
#1622 = DIRECTION('',(0.,0.,1.));
#1623 = PCURVE('',#596,#1624);
#1624 = DEFINITIONAL_REPRESENTATION('',(#1625),#1629);
#1625 = LINE('',#1626,#1627);
#1626 = CARTESIAN_POINT('',(-6.28318530718,0.));
#1627 = VECTOR('',#1628,1.);
#1628 = DIRECTION('',(-0.,-1.));
#1629 = ( GEOMETRIC_REPRESENTATION_CONTEXT(2) 
PARAMETRIC_REPRESENTATION_CONTEXT() REPRESENTATION_CONTEXT('2D SPACE',''
  ) );
#1630 = PCURVE('',#596,#1631);
#1631 = DEFINITIONAL_REPRESENTATION('',(#1632),#1636);
#1632 = LINE('',#1633,#1634);
#1633 = CARTESIAN_POINT('',(-0.,0.));
#1634 = VECTOR('',#1635,1.);
#1635 = DIRECTION('',(-0.,-1.));
#1636 = ( GEOMETRIC_REPRESENTATION_CONTEXT(2) 
PARAMETRIC_REPRESENTATION_CONTEXT() REPRESENTATION_CONTEXT('2D SPACE',''
  ) );
#1637 = ORIENTED_EDGE('',*,*,#1638,.T.);
#1638 = EDGE_CURVE('',#1616,#1616,#1639,.T.);
#1639 = SURFACE_CURVE('',#1640,(#1645,#1652),.PCURVE_S1.);
#1640 = CIRCLE('',#1641,2.7);
#1641 = AXIS2_PLACEMENT_3D('',#1642,#1643,#1644);
#1642 = CARTESIAN_POINT('',(13.68,-8.065,15.59));
#1643 = DIRECTION('',(0.,0.,-1.));
#1644 = DIRECTION('',(1.,0.,0.));
#1645 = PCURVE('',#596,#1646);
#1646 = DEFINITIONAL_REPRESENTATION('',(#1647),#1651);
#1647 = LINE('',#1648,#1649);
#1648 = CARTESIAN_POINT('',(-6.28318530718,-39.8400003));
#1649 = VECTOR('',#1650,1.);
#1650 = DIRECTION('',(1.,-0.));
#1651 = ( GEOMETRIC_REPRESENTATION_CONTEXT(2) 
PARAMETRIC_REPRESENTATION_CONTEXT() REPRESENTATION_CONTEXT('2D SPACE',''
  ) );
#1652 = PCURVE('',#1653,#1658);
#1653 = CONICAL_SURFACE('',#1654,2.7,0.785398163397);
#1654 = AXIS2_PLACEMENT_3D('',#1655,#1656,#1657);
#1655 = CARTESIAN_POINT('',(13.68,-8.065,15.59));
#1656 = DIRECTION('',(-0.,-0.,-1.));
#1657 = DIRECTION('',(1.,0.,0.));
#1658 = DEFINITIONAL_REPRESENTATION('',(#1659),#1663);
#1659 = LINE('',#1660,#1661);
#1660 = CARTESIAN_POINT('',(0.,0.));
#1661 = VECTOR('',#1662,1.);
#1662 = DIRECTION('',(1.,0.));
#1663 = ( GEOMETRIC_REPRESENTATION_CONTEXT(2) 
PARAMETRIC_REPRESENTATION_CONTEXT() REPRESENTATION_CONTEXT('2D SPACE',''
  ) );
#1664 = ORIENTED_EDGE('',*,*,#1615,.T.);
#1665 = ORIENTED_EDGE('',*,*,#575,.F.);
#1666 = ADVANCED_FACE('',(#1667),#631,.F.);
#1667 = FACE_BOUND('',#1668,.T.);
#1668 = EDGE_LOOP('',(#1669,#1692,#1719,#1720));
#1669 = ORIENTED_EDGE('',*,*,#1670,.F.);
#1670 = EDGE_CURVE('',#1671,#611,#1673,.T.);
#1671 = VERTEX_POINT('',#1672);
#1672 = CARTESIAN_POINT('',(-10.72,-1.315,15.59));
#1673 = SEAM_CURVE('',#1674,(#1678,#1685),.PCURVE_S1.);
#1674 = LINE('',#1675,#1676);
#1675 = CARTESIAN_POINT('',(-10.72,-1.315,-24.2500003));
#1676 = VECTOR('',#1677,1.);
#1677 = DIRECTION('',(0.,0.,1.));
#1678 = PCURVE('',#631,#1679);
#1679 = DEFINITIONAL_REPRESENTATION('',(#1680),#1684);
#1680 = LINE('',#1681,#1682);
#1681 = CARTESIAN_POINT('',(-6.28318530718,0.));
#1682 = VECTOR('',#1683,1.);
#1683 = DIRECTION('',(-0.,-1.));
#1684 = ( GEOMETRIC_REPRESENTATION_CONTEXT(2) 
PARAMETRIC_REPRESENTATION_CONTEXT() REPRESENTATION_CONTEXT('2D SPACE',''
  ) );
#1685 = PCURVE('',#631,#1686);
#1686 = DEFINITIONAL_REPRESENTATION('',(#1687),#1691);
#1687 = LINE('',#1688,#1689);
#1688 = CARTESIAN_POINT('',(-0.,0.));
#1689 = VECTOR('',#1690,1.);
#1690 = DIRECTION('',(-0.,-1.));
#1691 = ( GEOMETRIC_REPRESENTATION_CONTEXT(2) 
PARAMETRIC_REPRESENTATION_CONTEXT() REPRESENTATION_CONTEXT('2D SPACE',''
  ) );
#1692 = ORIENTED_EDGE('',*,*,#1693,.T.);
#1693 = EDGE_CURVE('',#1671,#1671,#1694,.T.);
#1694 = SURFACE_CURVE('',#1695,(#1700,#1707),.PCURVE_S1.);
#1695 = CIRCLE('',#1696,2.7);
#1696 = AXIS2_PLACEMENT_3D('',#1697,#1698,#1699);
#1697 = CARTESIAN_POINT('',(-13.42,-1.315,15.59));
#1698 = DIRECTION('',(0.,0.,-1.));
#1699 = DIRECTION('',(1.,0.,0.));
#1700 = PCURVE('',#631,#1701);
#1701 = DEFINITIONAL_REPRESENTATION('',(#1702),#1706);
#1702 = LINE('',#1703,#1704);
#1703 = CARTESIAN_POINT('',(-6.28318530718,-39.8400003));
#1704 = VECTOR('',#1705,1.);
#1705 = DIRECTION('',(1.,-0.));
#1706 = ( GEOMETRIC_REPRESENTATION_CONTEXT(2) 
PARAMETRIC_REPRESENTATION_CONTEXT() REPRESENTATION_CONTEXT('2D SPACE',''
  ) );
#1707 = PCURVE('',#1708,#1713);
#1708 = CONICAL_SURFACE('',#1709,2.7,0.785398163397);
#1709 = AXIS2_PLACEMENT_3D('',#1710,#1711,#1712);
#1710 = CARTESIAN_POINT('',(-13.42,-1.315,15.59));
#1711 = DIRECTION('',(-0.,-0.,-1.));
#1712 = DIRECTION('',(1.,0.,0.));
#1713 = DEFINITIONAL_REPRESENTATION('',(#1714),#1718);
#1714 = LINE('',#1715,#1716);
#1715 = CARTESIAN_POINT('',(0.,0.));
#1716 = VECTOR('',#1717,1.);
#1717 = DIRECTION('',(1.,0.));
#1718 = ( GEOMETRIC_REPRESENTATION_CONTEXT(2) 
PARAMETRIC_REPRESENTATION_CONTEXT() REPRESENTATION_CONTEXT('2D SPACE',''
  ) );
#1719 = ORIENTED_EDGE('',*,*,#1670,.T.);
#1720 = ORIENTED_EDGE('',*,*,#610,.F.);
#1721 = ADVANCED_FACE('',(#1722),#666,.F.);
#1722 = FACE_BOUND('',#1723,.T.);
#1723 = EDGE_LOOP('',(#1724,#1747,#1774,#1775));
#1724 = ORIENTED_EDGE('',*,*,#1725,.F.);
#1725 = EDGE_CURVE('',#1726,#646,#1728,.T.);
#1726 = VERTEX_POINT('',#1727);
#1727 = CARTESIAN_POINT('',(16.38,-1.315,15.59));
#1728 = SEAM_CURVE('',#1729,(#1733,#1740),.PCURVE_S1.);
#1729 = LINE('',#1730,#1731);
#1730 = CARTESIAN_POINT('',(16.38,-1.315,-24.2500003));
#1731 = VECTOR('',#1732,1.);
#1732 = DIRECTION('',(0.,0.,1.));
#1733 = PCURVE('',#666,#1734);
#1734 = DEFINITIONAL_REPRESENTATION('',(#1735),#1739);
#1735 = LINE('',#1736,#1737);
#1736 = CARTESIAN_POINT('',(-6.28318530718,0.));
#1737 = VECTOR('',#1738,1.);
#1738 = DIRECTION('',(-0.,-1.));
#1739 = ( GEOMETRIC_REPRESENTATION_CONTEXT(2) 
PARAMETRIC_REPRESENTATION_CONTEXT() REPRESENTATION_CONTEXT('2D SPACE',''
  ) );
#1740 = PCURVE('',#666,#1741);
#1741 = DEFINITIONAL_REPRESENTATION('',(#1742),#1746);
#1742 = LINE('',#1743,#1744);
#1743 = CARTESIAN_POINT('',(-0.,0.));
#1744 = VECTOR('',#1745,1.);
#1745 = DIRECTION('',(-0.,-1.));
#1746 = ( GEOMETRIC_REPRESENTATION_CONTEXT(2) 
PARAMETRIC_REPRESENTATION_CONTEXT() REPRESENTATION_CONTEXT('2D SPACE',''
  ) );
#1747 = ORIENTED_EDGE('',*,*,#1748,.T.);
#1748 = EDGE_CURVE('',#1726,#1726,#1749,.T.);
#1749 = SURFACE_CURVE('',#1750,(#1755,#1762),.PCURVE_S1.);
#1750 = CIRCLE('',#1751,2.7);
#1751 = AXIS2_PLACEMENT_3D('',#1752,#1753,#1754);
#1752 = CARTESIAN_POINT('',(13.68,-1.315,15.59));
#1753 = DIRECTION('',(0.,0.,-1.));
#1754 = DIRECTION('',(1.,0.,0.));
#1755 = PCURVE('',#666,#1756);
#1756 = DEFINITIONAL_REPRESENTATION('',(#1757),#1761);
#1757 = LINE('',#1758,#1759);
#1758 = CARTESIAN_POINT('',(-6.28318530718,-39.8400003));
#1759 = VECTOR('',#1760,1.);
#1760 = DIRECTION('',(1.,-0.));
#1761 = ( GEOMETRIC_REPRESENTATION_CONTEXT(2) 
PARAMETRIC_REPRESENTATION_CONTEXT() REPRESENTATION_CONTEXT('2D SPACE',''
  ) );
#1762 = PCURVE('',#1763,#1768);
#1763 = CONICAL_SURFACE('',#1764,2.7,0.785398163397);
#1764 = AXIS2_PLACEMENT_3D('',#1765,#1766,#1767);
#1765 = CARTESIAN_POINT('',(13.68,-1.315,15.59));
#1766 = DIRECTION('',(-0.,-0.,-1.));
#1767 = DIRECTION('',(1.,0.,0.));
#1768 = DEFINITIONAL_REPRESENTATION('',(#1769),#1773);
#1769 = LINE('',#1770,#1771);
#1770 = CARTESIAN_POINT('',(0.,0.));
#1771 = VECTOR('',#1772,1.);
#1772 = DIRECTION('',(1.,0.));
#1773 = ( GEOMETRIC_REPRESENTATION_CONTEXT(2) 
PARAMETRIC_REPRESENTATION_CONTEXT() REPRESENTATION_CONTEXT('2D SPACE',''
  ) );
#1774 = ORIENTED_EDGE('',*,*,#1725,.T.);
#1775 = ORIENTED_EDGE('',*,*,#645,.F.);
#1776 = ADVANCED_FACE('',(#1777),#698,.T.);
#1777 = FACE_BOUND('',#1778,.F.);
#1778 = EDGE_LOOP('',(#1779,#1802,#1803,#1826));
#1779 = ORIENTED_EDGE('',*,*,#1780,.F.);
#1780 = EDGE_CURVE('',#681,#1781,#1783,.T.);
#1781 = VERTEX_POINT('',#1782);
#1782 = CARTESIAN_POINT('',(-5.8,2.4,14.));
#1783 = SURFACE_CURVE('',#1784,(#1788,#1795),.PCURVE_S1.);
#1784 = LINE('',#1785,#1786);
#1785 = CARTESIAN_POINT('',(3.262500075,2.4,4.937499925));
#1786 = VECTOR('',#1787,1.);
#1787 = DIRECTION('',(0.707106781187,0.,-0.707106781187));
#1788 = PCURVE('',#698,#1789);
#1789 = DEFINITIONAL_REPRESENTATION('',(#1790),#1794);
#1790 = LINE('',#1791,#1792);
#1791 = CARTESIAN_POINT('',(-0.,14.230524077445));
#1792 = VECTOR('',#1793,1.);
#1793 = DIRECTION('',(-0.,1.));
#1794 = ( GEOMETRIC_REPRESENTATION_CONTEXT(2) 
PARAMETRIC_REPRESENTATION_CONTEXT() REPRESENTATION_CONTEXT('2D SPACE',''
  ) );
#1795 = PCURVE('',#780,#1796);
#1796 = DEFINITIONAL_REPRESENTATION('',(#1797),#1801);
#1797 = LINE('',#1798,#1799);
#1798 = CARTESIAN_POINT('',(9.062500075,-29.187500225));
#1799 = VECTOR('',#1800,1.);
#1800 = DIRECTION('',(0.707106781187,0.707106781187));
#1801 = ( GEOMETRIC_REPRESENTATION_CONTEXT(2) 
PARAMETRIC_REPRESENTATION_CONTEXT() REPRESENTATION_CONTEXT('2D SPACE',''
  ) );
#1802 = ORIENTED_EDGE('',*,*,#680,.T.);
#1803 = ORIENTED_EDGE('',*,*,#1804,.T.);
#1804 = EDGE_CURVE('',#683,#1805,#1807,.T.);
#1805 = VERTEX_POINT('',#1806);
#1806 = CARTESIAN_POINT('',(-5.8,9.6,14.));
#1807 = SURFACE_CURVE('',#1808,(#1812,#1819),.PCURVE_S1.);
#1808 = LINE('',#1809,#1810);
#1809 = CARTESIAN_POINT('',(6.162500075,9.6,2.037499925));
#1810 = VECTOR('',#1811,1.);
#1811 = DIRECTION('',(0.707106781187,-0.,-0.707106781187));
#1812 = PCURVE('',#698,#1813);
#1813 = DEFINITIONAL_REPRESENTATION('',(#1814),#1818);
#1814 = LINE('',#1815,#1816);
#1815 = CARTESIAN_POINT('',(-7.2,18.331743408327));
#1816 = VECTOR('',#1817,1.);
#1817 = DIRECTION('',(0.,1.));
#1818 = ( GEOMETRIC_REPRESENTATION_CONTEXT(2) 
PARAMETRIC_REPRESENTATION_CONTEXT() REPRESENTATION_CONTEXT('2D SPACE',''
  ) );
#1819 = PCURVE('',#726,#1820);
#1820 = DEFINITIONAL_REPRESENTATION('',(#1821),#1825);
#1821 = LINE('',#1822,#1823);
#1822 = CARTESIAN_POINT('',(-0.362500075,-26.287500225));
#1823 = VECTOR('',#1824,1.);
#1824 = DIRECTION('',(-0.707106781187,0.707106781187));
#1825 = ( GEOMETRIC_REPRESENTATION_CONTEXT(2) 
PARAMETRIC_REPRESENTATION_CONTEXT() REPRESENTATION_CONTEXT('2D SPACE',''
  ) );
#1826 = ORIENTED_EDGE('',*,*,#1827,.F.);
#1827 = EDGE_CURVE('',#1781,#1805,#1828,.T.);
#1828 = SURFACE_CURVE('',#1829,(#1833,#1840),.PCURVE_S1.);
#1829 = LINE('',#1830,#1831);
#1830 = CARTESIAN_POINT('',(-5.8,2.4,14.));
#1831 = VECTOR('',#1832,1.);
#1832 = DIRECTION('',(0.,1.,0.));
#1833 = PCURVE('',#698,#1834);
#1834 = DEFINITIONAL_REPRESENTATION('',(#1835),#1839);
#1835 = LINE('',#1836,#1837);
#1836 = CARTESIAN_POINT('',(-0.,1.414213562373));
#1837 = VECTOR('',#1838,1.);
#1838 = DIRECTION('',(-1.,0.));
#1839 = ( GEOMETRIC_REPRESENTATION_CONTEXT(2) 
PARAMETRIC_REPRESENTATION_CONTEXT() REPRESENTATION_CONTEXT('2D SPACE',''
  ) );
#1840 = PCURVE('',#1841,#1846);
#1841 = PLANE('',#1842);
#1842 = AXIS2_PLACEMENT_3D('',#1843,#1844,#1845);
#1843 = CARTESIAN_POINT('',(-5.8,9.6,-24.2500003));
#1844 = DIRECTION('',(1.,0.,0.));
#1845 = DIRECTION('',(0.,-1.,0.));
#1846 = DEFINITIONAL_REPRESENTATION('',(#1847),#1851);
#1847 = LINE('',#1848,#1849);
#1848 = CARTESIAN_POINT('',(7.2,-38.2500003));
#1849 = VECTOR('',#1850,1.);
#1850 = DIRECTION('',(-1.,0.));
#1851 = ( GEOMETRIC_REPRESENTATION_CONTEXT(2) 
PARAMETRIC_REPRESENTATION_CONTEXT() REPRESENTATION_CONTEXT('2D SPACE',''
  ) );
#1852 = ADVANCED_FACE('',(#1853),#726,.T.);
#1853 = FACE_BOUND('',#1854,.T.);
#1854 = EDGE_LOOP('',(#1855,#1878,#1904,#1932,#1953,#1954));
#1855 = ORIENTED_EDGE('',*,*,#1856,.F.);
#1856 = EDGE_CURVE('',#1857,#1805,#1859,.T.);
#1857 = VERTEX_POINT('',#1858);
#1858 = CARTESIAN_POINT('',(-5.8,9.6,13.6));
#1859 = SURFACE_CURVE('',#1860,(#1864,#1871),.PCURVE_S1.);
#1860 = LINE('',#1861,#1862);
#1861 = CARTESIAN_POINT('',(-5.8,9.6,-24.2500003));
#1862 = VECTOR('',#1863,1.);
#1863 = DIRECTION('',(0.,0.,1.));
#1864 = PCURVE('',#726,#1865);
#1865 = DEFINITIONAL_REPRESENTATION('',(#1866),#1870);
#1866 = LINE('',#1867,#1868);
#1867 = CARTESIAN_POINT('',(11.6,0.));
#1868 = VECTOR('',#1869,1.);
#1869 = DIRECTION('',(0.,-1.));
#1870 = ( GEOMETRIC_REPRESENTATION_CONTEXT(2) 
PARAMETRIC_REPRESENTATION_CONTEXT() REPRESENTATION_CONTEXT('2D SPACE',''
  ) );
#1871 = PCURVE('',#1841,#1872);
#1872 = DEFINITIONAL_REPRESENTATION('',(#1873),#1877);
#1873 = LINE('',#1874,#1875);
#1874 = CARTESIAN_POINT('',(0.,0.));
#1875 = VECTOR('',#1876,1.);
#1876 = DIRECTION('',(0.,-1.));
#1877 = ( GEOMETRIC_REPRESENTATION_CONTEXT(2) 
PARAMETRIC_REPRESENTATION_CONTEXT() REPRESENTATION_CONTEXT('2D SPACE',''
  ) );
#1878 = ORIENTED_EDGE('',*,*,#1879,.F.);
#1879 = EDGE_CURVE('',#1880,#1857,#1882,.T.);
#1880 = VERTEX_POINT('',#1881);
#1881 = CARTESIAN_POINT('',(5.8,9.6,13.6));
#1882 = SURFACE_CURVE('',#1883,(#1887,#1893),.PCURVE_S1.);
#1883 = LINE('',#1884,#1885);
#1884 = CARTESIAN_POINT('',(2.898939495797,9.6,13.6));
#1885 = VECTOR('',#1886,1.);
#1886 = DIRECTION('',(-1.,0.,0.));
#1887 = PCURVE('',#726,#1888);
#1888 = DEFINITIONAL_REPRESENTATION('',(#1889),#1892);
#1889 = B_SPLINE_CURVE_WITH_KNOTS('',1,(#1890,#1891),.UNSPECIFIED.,.F.,
  .F.,(2,2),(-4.901060504203,10.698939495797),.PIECEWISE_BEZIER_KNOTS.);
#1890 = CARTESIAN_POINT('',(-2.,-37.8500003));
#1891 = CARTESIAN_POINT('',(13.6,-37.8500003));
#1892 = ( GEOMETRIC_REPRESENTATION_CONTEXT(2) 
PARAMETRIC_REPRESENTATION_CONTEXT() REPRESENTATION_CONTEXT('2D SPACE',''
  ) );
#1893 = PCURVE('',#1894,#1899);
#1894 = PLANE('',#1895);
#1895 = AXIS2_PLACEMENT_3D('',#1896,#1897,#1898);
#1896 = CARTESIAN_POINT('',(-2.121008405577E-03,-1.339613301536,13.6));
#1897 = DIRECTION('',(0.,0.,1.));
#1898 = DIRECTION('',(1.,0.,-0.));
#1899 = DEFINITIONAL_REPRESENTATION('',(#1900),#1903);
#1900 = B_SPLINE_CURVE_WITH_KNOTS('',1,(#1901,#1902),.UNSPECIFIED.,.F.,
  .F.,(2,2),(-4.901060504203,10.698939495797),.PIECEWISE_BEZIER_KNOTS.);
#1901 = CARTESIAN_POINT('',(7.802121008406,10.939613301536));
#1902 = CARTESIAN_POINT('',(-7.797878991594,10.939613301536));
#1903 = ( GEOMETRIC_REPRESENTATION_CONTEXT(2) 
PARAMETRIC_REPRESENTATION_CONTEXT() REPRESENTATION_CONTEXT('2D SPACE',''
  ) );
#1904 = ORIENTED_EDGE('',*,*,#1905,.T.);
#1905 = EDGE_CURVE('',#1880,#1906,#1908,.T.);
#1906 = VERTEX_POINT('',#1907);
#1907 = CARTESIAN_POINT('',(5.8,9.6,14.));
#1908 = SURFACE_CURVE('',#1909,(#1913,#1920),.PCURVE_S1.);
#1909 = LINE('',#1910,#1911);
#1910 = CARTESIAN_POINT('',(5.8,9.6,-24.2500003));
#1911 = VECTOR('',#1912,1.);
#1912 = DIRECTION('',(0.,0.,1.));
#1913 = PCURVE('',#726,#1914);
#1914 = DEFINITIONAL_REPRESENTATION('',(#1915),#1919);
#1915 = LINE('',#1916,#1917);
#1916 = CARTESIAN_POINT('',(0.,-0.));
#1917 = VECTOR('',#1918,1.);
#1918 = DIRECTION('',(0.,-1.));
#1919 = ( GEOMETRIC_REPRESENTATION_CONTEXT(2) 
PARAMETRIC_REPRESENTATION_CONTEXT() REPRESENTATION_CONTEXT('2D SPACE',''
  ) );
#1920 = PCURVE('',#1921,#1926);
#1921 = PLANE('',#1922);
#1922 = AXIS2_PLACEMENT_3D('',#1923,#1924,#1925);
#1923 = CARTESIAN_POINT('',(5.8,2.4,-24.2500003));
#1924 = DIRECTION('',(-1.,0.,0.));
#1925 = DIRECTION('',(0.,1.,0.));
#1926 = DEFINITIONAL_REPRESENTATION('',(#1927),#1931);
#1927 = LINE('',#1928,#1929);
#1928 = CARTESIAN_POINT('',(7.2,0.));
#1929 = VECTOR('',#1930,1.);
#1930 = DIRECTION('',(0.,-1.));
#1931 = ( GEOMETRIC_REPRESENTATION_CONTEXT(2) 
PARAMETRIC_REPRESENTATION_CONTEXT() REPRESENTATION_CONTEXT('2D SPACE',''
  ) );
#1932 = ORIENTED_EDGE('',*,*,#1933,.F.);
#1933 = EDGE_CURVE('',#711,#1906,#1934,.T.);
#1934 = SURFACE_CURVE('',#1935,(#1939,#1946),.PCURVE_S1.);
#1935 = LINE('',#1936,#1937);
#1936 = CARTESIAN_POINT('',(-3.262500075,9.6,4.937499925));
#1937 = VECTOR('',#1938,1.);
#1938 = DIRECTION('',(-0.707106781187,-0.,-0.707106781187));
#1939 = PCURVE('',#726,#1940);
#1940 = DEFINITIONAL_REPRESENTATION('',(#1941),#1945);
#1941 = LINE('',#1942,#1943);
#1942 = CARTESIAN_POINT('',(9.062500075,-29.187500225));
#1943 = VECTOR('',#1944,1.);
#1944 = DIRECTION('',(0.707106781187,0.707106781187));
#1945 = ( GEOMETRIC_REPRESENTATION_CONTEXT(2) 
PARAMETRIC_REPRESENTATION_CONTEXT() REPRESENTATION_CONTEXT('2D SPACE',''
  ) );
#1946 = PCURVE('',#754,#1947);
#1947 = DEFINITIONAL_REPRESENTATION('',(#1948),#1952);
#1948 = LINE('',#1949,#1950);
#1949 = CARTESIAN_POINT('',(0.,14.230524077445));
#1950 = VECTOR('',#1951,1.);
#1951 = DIRECTION('',(-0.,1.));
#1952 = ( GEOMETRIC_REPRESENTATION_CONTEXT(2) 
PARAMETRIC_REPRESENTATION_CONTEXT() REPRESENTATION_CONTEXT('2D SPACE',''
  ) );
#1953 = ORIENTED_EDGE('',*,*,#710,.F.);
#1954 = ORIENTED_EDGE('',*,*,#1804,.T.);
#1955 = ADVANCED_FACE('',(#1956),#754,.T.);
#1956 = FACE_BOUND('',#1957,.F.);
#1957 = EDGE_LOOP('',(#1958,#1959,#1960,#1983));
#1958 = ORIENTED_EDGE('',*,*,#1933,.F.);
#1959 = ORIENTED_EDGE('',*,*,#738,.T.);
#1960 = ORIENTED_EDGE('',*,*,#1961,.T.);
#1961 = EDGE_CURVE('',#739,#1962,#1964,.T.);
#1962 = VERTEX_POINT('',#1963);
#1963 = CARTESIAN_POINT('',(5.8,2.4,14.));
#1964 = SURFACE_CURVE('',#1965,(#1969,#1976),.PCURVE_S1.);
#1965 = LINE('',#1966,#1967);
#1966 = CARTESIAN_POINT('',(-6.162500075,2.4,2.037499925));
#1967 = VECTOR('',#1968,1.);
#1968 = DIRECTION('',(-0.707106781187,0.,-0.707106781187));
#1969 = PCURVE('',#754,#1970);
#1970 = DEFINITIONAL_REPRESENTATION('',(#1971),#1975);
#1971 = LINE('',#1972,#1973);
#1972 = CARTESIAN_POINT('',(-7.2,18.331743408327));
#1973 = VECTOR('',#1974,1.);
#1974 = DIRECTION('',(0.,1.));
#1975 = ( GEOMETRIC_REPRESENTATION_CONTEXT(2) 
PARAMETRIC_REPRESENTATION_CONTEXT() REPRESENTATION_CONTEXT('2D SPACE',''
  ) );
#1976 = PCURVE('',#780,#1977);
#1977 = DEFINITIONAL_REPRESENTATION('',(#1978),#1982);
#1978 = LINE('',#1979,#1980);
#1979 = CARTESIAN_POINT('',(-0.362500075,-26.287500225));
#1980 = VECTOR('',#1981,1.);
#1981 = DIRECTION('',(-0.707106781187,0.707106781187));
#1982 = ( GEOMETRIC_REPRESENTATION_CONTEXT(2) 
PARAMETRIC_REPRESENTATION_CONTEXT() REPRESENTATION_CONTEXT('2D SPACE',''
  ) );
#1983 = ORIENTED_EDGE('',*,*,#1984,.F.);
#1984 = EDGE_CURVE('',#1906,#1962,#1985,.T.);
#1985 = SURFACE_CURVE('',#1986,(#1990,#1997),.PCURVE_S1.);
#1986 = LINE('',#1987,#1988);
#1987 = CARTESIAN_POINT('',(5.8,9.6,14.));
#1988 = VECTOR('',#1989,1.);
#1989 = DIRECTION('',(0.,-1.,0.));
#1990 = PCURVE('',#754,#1991);
#1991 = DEFINITIONAL_REPRESENTATION('',(#1992),#1996);
#1992 = LINE('',#1993,#1994);
#1993 = CARTESIAN_POINT('',(-0.,1.414213562373));
#1994 = VECTOR('',#1995,1.);
#1995 = DIRECTION('',(-1.,0.));
#1996 = ( GEOMETRIC_REPRESENTATION_CONTEXT(2) 
PARAMETRIC_REPRESENTATION_CONTEXT() REPRESENTATION_CONTEXT('2D SPACE',''
  ) );
#1997 = PCURVE('',#1921,#1998);
#1998 = DEFINITIONAL_REPRESENTATION('',(#1999),#2003);
#1999 = LINE('',#2000,#2001);
#2000 = CARTESIAN_POINT('',(7.2,-38.2500003));
#2001 = VECTOR('',#2002,1.);
#2002 = DIRECTION('',(-1.,0.));
#2003 = ( GEOMETRIC_REPRESENTATION_CONTEXT(2) 
PARAMETRIC_REPRESENTATION_CONTEXT() REPRESENTATION_CONTEXT('2D SPACE',''
  ) );
#2004 = ADVANCED_FACE('',(#2005),#780,.T.);
#2005 = FACE_BOUND('',#2006,.T.);
#2006 = EDGE_LOOP('',(#2007,#2030,#2051,#2072,#2073,#2074));
#2007 = ORIENTED_EDGE('',*,*,#2008,.F.);
#2008 = EDGE_CURVE('',#2009,#1962,#2011,.T.);
#2009 = VERTEX_POINT('',#2010);
#2010 = CARTESIAN_POINT('',(5.8,2.4,13.6));
#2011 = SURFACE_CURVE('',#2012,(#2016,#2023),.PCURVE_S1.);
#2012 = LINE('',#2013,#2014);
#2013 = CARTESIAN_POINT('',(5.8,2.4,-24.2500003));
#2014 = VECTOR('',#2015,1.);
#2015 = DIRECTION('',(0.,0.,1.));
#2016 = PCURVE('',#780,#2017);
#2017 = DEFINITIONAL_REPRESENTATION('',(#2018),#2022);
#2018 = LINE('',#2019,#2020);
#2019 = CARTESIAN_POINT('',(11.6,0.));
#2020 = VECTOR('',#2021,1.);
#2021 = DIRECTION('',(0.,-1.));
#2022 = ( GEOMETRIC_REPRESENTATION_CONTEXT(2) 
PARAMETRIC_REPRESENTATION_CONTEXT() REPRESENTATION_CONTEXT('2D SPACE',''
  ) );
#2023 = PCURVE('',#1921,#2024);
#2024 = DEFINITIONAL_REPRESENTATION('',(#2025),#2029);
#2025 = LINE('',#2026,#2027);
#2026 = CARTESIAN_POINT('',(0.,0.));
#2027 = VECTOR('',#2028,1.);
#2028 = DIRECTION('',(0.,-1.));
#2029 = ( GEOMETRIC_REPRESENTATION_CONTEXT(2) 
PARAMETRIC_REPRESENTATION_CONTEXT() REPRESENTATION_CONTEXT('2D SPACE',''
  ) );
#2030 = ORIENTED_EDGE('',*,*,#2031,.F.);
#2031 = EDGE_CURVE('',#2032,#2009,#2034,.T.);
#2032 = VERTEX_POINT('',#2033);
#2033 = CARTESIAN_POINT('',(-5.8,2.4,13.6));
#2034 = SURFACE_CURVE('',#2035,(#2039,#2045),.PCURVE_S1.);
#2035 = LINE('',#2036,#2037);
#2036 = CARTESIAN_POINT('',(-2.901060504203,2.4,13.6));
#2037 = VECTOR('',#2038,1.);
#2038 = DIRECTION('',(1.,0.,0.));
#2039 = PCURVE('',#780,#2040);
#2040 = DEFINITIONAL_REPRESENTATION('',(#2041),#2044);
#2041 = B_SPLINE_CURVE_WITH_KNOTS('',1,(#2042,#2043),.UNSPECIFIED.,.F.,
  .F.,(2,2),(-4.898939495797,10.701060504203),.PIECEWISE_BEZIER_KNOTS.);
#2042 = CARTESIAN_POINT('',(-2.,-37.8500003));
#2043 = CARTESIAN_POINT('',(13.6,-37.8500003));
#2044 = ( GEOMETRIC_REPRESENTATION_CONTEXT(2) 
PARAMETRIC_REPRESENTATION_CONTEXT() REPRESENTATION_CONTEXT('2D SPACE',''
  ) );
#2045 = PCURVE('',#1894,#2046);
#2046 = DEFINITIONAL_REPRESENTATION('',(#2047),#2050);
#2047 = B_SPLINE_CURVE_WITH_KNOTS('',1,(#2048,#2049),.UNSPECIFIED.,.F.,
  .F.,(2,2),(-4.898939495797,10.701060504203),.PIECEWISE_BEZIER_KNOTS.);
#2048 = CARTESIAN_POINT('',(-7.797878991594,3.739613301536));
#2049 = CARTESIAN_POINT('',(7.802121008406,3.739613301536));
#2050 = ( GEOMETRIC_REPRESENTATION_CONTEXT(2) 
PARAMETRIC_REPRESENTATION_CONTEXT() REPRESENTATION_CONTEXT('2D SPACE',''
  ) );
#2051 = ORIENTED_EDGE('',*,*,#2052,.T.);
#2052 = EDGE_CURVE('',#2032,#1781,#2053,.T.);
#2053 = SURFACE_CURVE('',#2054,(#2058,#2065),.PCURVE_S1.);
#2054 = LINE('',#2055,#2056);
#2055 = CARTESIAN_POINT('',(-5.8,2.4,-24.2500003));
#2056 = VECTOR('',#2057,1.);
#2057 = DIRECTION('',(0.,0.,1.));
#2058 = PCURVE('',#780,#2059);
#2059 = DEFINITIONAL_REPRESENTATION('',(#2060),#2064);
#2060 = LINE('',#2061,#2062);
#2061 = CARTESIAN_POINT('',(0.,0.));
#2062 = VECTOR('',#2063,1.);
#2063 = DIRECTION('',(0.,-1.));
#2064 = ( GEOMETRIC_REPRESENTATION_CONTEXT(2) 
PARAMETRIC_REPRESENTATION_CONTEXT() REPRESENTATION_CONTEXT('2D SPACE',''
  ) );
#2065 = PCURVE('',#1841,#2066);
#2066 = DEFINITIONAL_REPRESENTATION('',(#2067),#2071);
#2067 = LINE('',#2068,#2069);
#2068 = CARTESIAN_POINT('',(7.2,0.));
#2069 = VECTOR('',#2070,1.);
#2070 = DIRECTION('',(0.,-1.));
#2071 = ( GEOMETRIC_REPRESENTATION_CONTEXT(2) 
PARAMETRIC_REPRESENTATION_CONTEXT() REPRESENTATION_CONTEXT('2D SPACE',''
  ) );
#2072 = ORIENTED_EDGE('',*,*,#1780,.F.);
#2073 = ORIENTED_EDGE('',*,*,#766,.F.);
#2074 = ORIENTED_EDGE('',*,*,#1961,.T.);
#2075 = ADVANCED_FACE('',(#2076),#811,.F.);
#2076 = FACE_BOUND('',#2077,.F.);
#2077 = EDGE_LOOP('',(#2078,#2101,#2128,#2129));
#2078 = ORIENTED_EDGE('',*,*,#2079,.T.);
#2079 = EDGE_CURVE('',#795,#2080,#2082,.T.);
#2080 = VERTEX_POINT('',#2081);
#2081 = CARTESIAN_POINT('',(18.4,10.,14.));
#2082 = SEAM_CURVE('',#2083,(#2087,#2094),.PCURVE_S1.);
#2083 = LINE('',#2084,#2085);
#2084 = CARTESIAN_POINT('',(18.4,10.,16.));
#2085 = VECTOR('',#2086,1.);
#2086 = DIRECTION('',(-0.,-0.,-1.));
#2087 = PCURVE('',#811,#2088);
#2088 = DEFINITIONAL_REPRESENTATION('',(#2089),#2093);
#2089 = LINE('',#2090,#2091);
#2090 = CARTESIAN_POINT('',(0.,0.));
#2091 = VECTOR('',#2092,1.);
#2092 = DIRECTION('',(0.,-1.));
#2093 = ( GEOMETRIC_REPRESENTATION_CONTEXT(2) 
PARAMETRIC_REPRESENTATION_CONTEXT() REPRESENTATION_CONTEXT('2D SPACE',''
  ) );
#2094 = PCURVE('',#811,#2095);
#2095 = DEFINITIONAL_REPRESENTATION('',(#2096),#2100);
#2096 = LINE('',#2097,#2098);
#2097 = CARTESIAN_POINT('',(6.28318530718,0.));
#2098 = VECTOR('',#2099,1.);
#2099 = DIRECTION('',(0.,-1.));
#2100 = ( GEOMETRIC_REPRESENTATION_CONTEXT(2) 
PARAMETRIC_REPRESENTATION_CONTEXT() REPRESENTATION_CONTEXT('2D SPACE',''
  ) );
#2101 = ORIENTED_EDGE('',*,*,#2102,.T.);
#2102 = EDGE_CURVE('',#2080,#2080,#2103,.T.);
#2103 = SURFACE_CURVE('',#2104,(#2109,#2116),.PCURVE_S1.);
#2104 = CIRCLE('',#2105,1.9);
#2105 = AXIS2_PLACEMENT_3D('',#2106,#2107,#2108);
#2106 = CARTESIAN_POINT('',(16.5,10.,14.));
#2107 = DIRECTION('',(0.,0.,1.));
#2108 = DIRECTION('',(1.,0.,0.));
#2109 = PCURVE('',#811,#2110);
#2110 = DEFINITIONAL_REPRESENTATION('',(#2111),#2115);
#2111 = LINE('',#2112,#2113);
#2112 = CARTESIAN_POINT('',(0.,-2.));
#2113 = VECTOR('',#2114,1.);
#2114 = DIRECTION('',(1.,0.));
#2115 = ( GEOMETRIC_REPRESENTATION_CONTEXT(2) 
PARAMETRIC_REPRESENTATION_CONTEXT() REPRESENTATION_CONTEXT('2D SPACE',''
  ) );
#2116 = PCURVE('',#2117,#2122);
#2117 = PLANE('',#2118);
#2118 = AXIS2_PLACEMENT_3D('',#2119,#2120,#2121);
#2119 = CARTESIAN_POINT('',(16.5,10.,14.));
#2120 = DIRECTION('',(0.,0.,1.));
#2121 = DIRECTION('',(1.,0.,-0.));
#2122 = DEFINITIONAL_REPRESENTATION('',(#2123),#2127);
#2123 = CIRCLE('',#2124,1.9);
#2124 = AXIS2_PLACEMENT_2D('',#2125,#2126);
#2125 = CARTESIAN_POINT('',(0.,0.));
#2126 = DIRECTION('',(1.,0.));
#2127 = ( GEOMETRIC_REPRESENTATION_CONTEXT(2) 
PARAMETRIC_REPRESENTATION_CONTEXT() REPRESENTATION_CONTEXT('2D SPACE',''
  ) );
#2128 = ORIENTED_EDGE('',*,*,#2079,.F.);
#2129 = ORIENTED_EDGE('',*,*,#794,.F.);
#2130 = ADVANCED_FACE('',(#2131),#877,.F.);
#2131 = FACE_BOUND('',#2132,.T.);
#2132 = EDGE_LOOP('',(#2133,#2156,#2157,#2158));
#2133 = ORIENTED_EDGE('',*,*,#2134,.T.);
#2134 = EDGE_CURVE('',#2135,#861,#2137,.T.);
#2135 = VERTEX_POINT('',#2136);
#2136 = CARTESIAN_POINT('',(-10.22,-8.065,13.6));
#2137 = SEAM_CURVE('',#2138,(#2142,#2149),.PCURVE_S1.);
#2138 = LINE('',#2139,#2140);
#2139 = CARTESIAN_POINT('',(-10.22,-8.065,13.6));
#2140 = VECTOR('',#2141,1.);
#2141 = DIRECTION('',(0.,0.,1.));
#2142 = PCURVE('',#877,#2143);
#2143 = DEFINITIONAL_REPRESENTATION('',(#2144),#2148);
#2144 = LINE('',#2145,#2146);
#2145 = CARTESIAN_POINT('',(-0.,0.));
#2146 = VECTOR('',#2147,1.);
#2147 = DIRECTION('',(-0.,-1.));
#2148 = ( GEOMETRIC_REPRESENTATION_CONTEXT(2) 
PARAMETRIC_REPRESENTATION_CONTEXT() REPRESENTATION_CONTEXT('2D SPACE',''
  ) );
#2149 = PCURVE('',#877,#2150);
#2150 = DEFINITIONAL_REPRESENTATION('',(#2151),#2155);
#2151 = LINE('',#2152,#2153);
#2152 = CARTESIAN_POINT('',(-6.28318530718,0.));
#2153 = VECTOR('',#2154,1.);
#2154 = DIRECTION('',(-0.,-1.));
#2155 = ( GEOMETRIC_REPRESENTATION_CONTEXT(2) 
PARAMETRIC_REPRESENTATION_CONTEXT() REPRESENTATION_CONTEXT('2D SPACE',''
  ) );
#2156 = ORIENTED_EDGE('',*,*,#860,.T.);
#2157 = ORIENTED_EDGE('',*,*,#2134,.F.);
#2158 = ORIENTED_EDGE('',*,*,#2159,.F.);
#2159 = EDGE_CURVE('',#2135,#2135,#2160,.T.);
#2160 = SURFACE_CURVE('',#2161,(#2166,#2173),.PCURVE_S1.);
#2161 = CIRCLE('',#2162,3.2);
#2162 = AXIS2_PLACEMENT_3D('',#2163,#2164,#2165);
#2163 = CARTESIAN_POINT('',(-13.42,-8.065,13.6));
#2164 = DIRECTION('',(0.,0.,1.));
#2165 = DIRECTION('',(1.,0.,0.));
#2166 = PCURVE('',#877,#2167);
#2167 = DEFINITIONAL_REPRESENTATION('',(#2168),#2172);
#2168 = LINE('',#2169,#2170);
#2169 = CARTESIAN_POINT('',(-0.,0.));
#2170 = VECTOR('',#2171,1.);
#2171 = DIRECTION('',(-1.,0.));
#2172 = ( GEOMETRIC_REPRESENTATION_CONTEXT(2) 
PARAMETRIC_REPRESENTATION_CONTEXT() REPRESENTATION_CONTEXT('2D SPACE',''
  ) );
#2173 = PCURVE('',#1894,#2174);
#2174 = DEFINITIONAL_REPRESENTATION('',(#2175),#2179);
#2175 = CIRCLE('',#2176,3.2);
#2176 = AXIS2_PLACEMENT_2D('',#2177,#2178);
#2177 = CARTESIAN_POINT('',(-13.41787899159,-6.725386698464));
#2178 = DIRECTION('',(1.,0.));
#2179 = ( GEOMETRIC_REPRESENTATION_CONTEXT(2) 
PARAMETRIC_REPRESENTATION_CONTEXT() REPRESENTATION_CONTEXT('2D SPACE',''
  ) );
#2180 = ADVANCED_FACE('',(#2181),#950,.T.);
#2181 = FACE_BOUND('',#2182,.T.);
#2182 = EDGE_LOOP('',(#2183,#2206,#2235,#2256));
#2183 = ORIENTED_EDGE('',*,*,#2184,.F.);
#2184 = EDGE_CURVE('',#2185,#893,#2187,.T.);
#2185 = VERTEX_POINT('',#2186);
#2186 = CARTESIAN_POINT('',(16.125,-17.85,12.));
#2187 = SURFACE_CURVE('',#2188,(#2192,#2199),.PCURVE_S1.);
#2188 = LINE('',#2189,#2190);
#2189 = CARTESIAN_POINT('',(16.125,-17.85,0.));
#2190 = VECTOR('',#2191,1.);
#2191 = DIRECTION('',(0.,0.,1.));
#2192 = PCURVE('',#950,#2193);
#2193 = DEFINITIONAL_REPRESENTATION('',(#2194),#2198);
#2194 = LINE('',#2195,#2196);
#2195 = CARTESIAN_POINT('',(0.,0.));
#2196 = VECTOR('',#2197,1.);
#2197 = DIRECTION('',(0.,1.));
#2198 = ( GEOMETRIC_REPRESENTATION_CONTEXT(2) 
PARAMETRIC_REPRESENTATION_CONTEXT() REPRESENTATION_CONTEXT('2D SPACE',''
  ) );
#2199 = PCURVE('',#1297,#2200);
#2200 = DEFINITIONAL_REPRESENTATION('',(#2201),#2205);
#2201 = LINE('',#2202,#2203);
#2202 = CARTESIAN_POINT('',(36.250000000001,0.));
#2203 = VECTOR('',#2204,1.);
#2204 = DIRECTION('',(0.,-1.));
#2205 = ( GEOMETRIC_REPRESENTATION_CONTEXT(2) 
PARAMETRIC_REPRESENTATION_CONTEXT() REPRESENTATION_CONTEXT('2D SPACE',''
  ) );
#2206 = ORIENTED_EDGE('',*,*,#2207,.T.);
#2207 = EDGE_CURVE('',#2185,#2208,#2210,.T.);
#2208 = VERTEX_POINT('',#2209);
#2209 = CARTESIAN_POINT('',(20.125,-13.85,12.));
#2210 = SURFACE_CURVE('',#2211,(#2216,#2223),.PCURVE_S1.);
#2211 = CIRCLE('',#2212,4.);
#2212 = AXIS2_PLACEMENT_3D('',#2213,#2214,#2215);
#2213 = CARTESIAN_POINT('',(16.125,-13.85,12.));
#2214 = DIRECTION('',(0.,0.,1.));
#2215 = DIRECTION('',(0.,-1.,0.));
#2216 = PCURVE('',#950,#2217);
#2217 = DEFINITIONAL_REPRESENTATION('',(#2218),#2222);
#2218 = LINE('',#2219,#2220);
#2219 = CARTESIAN_POINT('',(0.,12.));
#2220 = VECTOR('',#2221,1.);
#2221 = DIRECTION('',(1.,0.));
#2222 = ( GEOMETRIC_REPRESENTATION_CONTEXT(2) 
PARAMETRIC_REPRESENTATION_CONTEXT() REPRESENTATION_CONTEXT('2D SPACE',''
  ) );
#2223 = PCURVE('',#2224,#2229);
#2224 = PLANE('',#2225);
#2225 = AXIS2_PLACEMENT_3D('',#2226,#2227,#2228);
#2226 = CARTESIAN_POINT('',(0.,0.,12.));
#2227 = DIRECTION('',(0.,0.,1.));
#2228 = DIRECTION('',(1.,0.,-0.));
#2229 = DEFINITIONAL_REPRESENTATION('',(#2230),#2234);
#2230 = CIRCLE('',#2231,4.);
#2231 = AXIS2_PLACEMENT_2D('',#2232,#2233);
#2232 = CARTESIAN_POINT('',(16.125,-13.85));
#2233 = DIRECTION('',(0.,-1.));
#2234 = ( GEOMETRIC_REPRESENTATION_CONTEXT(2) 
PARAMETRIC_REPRESENTATION_CONTEXT() REPRESENTATION_CONTEXT('2D SPACE',''
  ) );
#2235 = ORIENTED_EDGE('',*,*,#2236,.T.);
#2236 = EDGE_CURVE('',#2208,#915,#2237,.T.);
#2237 = SURFACE_CURVE('',#2238,(#2242,#2249),.PCURVE_S1.);
#2238 = LINE('',#2239,#2240);
#2239 = CARTESIAN_POINT('',(20.125,-13.85,0.));
#2240 = VECTOR('',#2241,1.);
#2241 = DIRECTION('',(0.,0.,1.));
#2242 = PCURVE('',#950,#2243);
#2243 = DEFINITIONAL_REPRESENTATION('',(#2244),#2248);
#2244 = LINE('',#2245,#2246);
#2245 = CARTESIAN_POINT('',(1.570796326795,0.));
#2246 = VECTOR('',#2247,1.);
#2247 = DIRECTION('',(0.,1.));
#2248 = ( GEOMETRIC_REPRESENTATION_CONTEXT(2) 
PARAMETRIC_REPRESENTATION_CONTEXT() REPRESENTATION_CONTEXT('2D SPACE',''
  ) );
#2249 = PCURVE('',#1002,#2250);
#2250 = DEFINITIONAL_REPRESENTATION('',(#2251),#2255);
#2251 = LINE('',#2252,#2253);
#2252 = CARTESIAN_POINT('',(4.,0.));
#2253 = VECTOR('',#2254,1.);
#2254 = DIRECTION('',(0.,-1.));
#2255 = ( GEOMETRIC_REPRESENTATION_CONTEXT(2) 
PARAMETRIC_REPRESENTATION_CONTEXT() REPRESENTATION_CONTEXT('2D SPACE',''
  ) );
#2256 = ORIENTED_EDGE('',*,*,#935,.F.);
#2257 = ADVANCED_FACE('',(#2258),#1002,.F.);
#2258 = FACE_BOUND('',#2259,.F.);
#2259 = EDGE_LOOP('',(#2260,#2281,#2282,#2283));
#2260 = ORIENTED_EDGE('',*,*,#2261,.F.);
#2261 = EDGE_CURVE('',#2208,#2262,#2264,.T.);
#2262 = VERTEX_POINT('',#2263);
#2263 = CARTESIAN_POINT('',(20.125,9.85,12.));
#2264 = SURFACE_CURVE('',#2265,(#2269,#2275),.PCURVE_S1.);
#2265 = LINE('',#2266,#2267);
#2266 = CARTESIAN_POINT('',(20.125,-8.925,12.));
#2267 = VECTOR('',#2268,1.);
#2268 = DIRECTION('',(0.,1.,-0.));
#2269 = PCURVE('',#1002,#2270);
#2270 = DEFINITIONAL_REPRESENTATION('',(#2271),#2274);
#2271 = B_SPLINE_CURVE_WITH_KNOTS('',1,(#2272,#2273),.UNSPECIFIED.,.F.,
  .F.,(2,2),(-4.925,18.775),.PIECEWISE_BEZIER_KNOTS.);
#2272 = CARTESIAN_POINT('',(4.,-12.));
#2273 = CARTESIAN_POINT('',(27.700000000001,-12.));
#2274 = ( GEOMETRIC_REPRESENTATION_CONTEXT(2) 
PARAMETRIC_REPRESENTATION_CONTEXT() REPRESENTATION_CONTEXT('2D SPACE',''
  ) );
#2275 = PCURVE('',#2224,#2276);
#2276 = DEFINITIONAL_REPRESENTATION('',(#2277),#2280);
#2277 = B_SPLINE_CURVE_WITH_KNOTS('',1,(#2278,#2279),.UNSPECIFIED.,.F.,
  .F.,(2,2),(-4.925,18.775),.PIECEWISE_BEZIER_KNOTS.);
#2278 = CARTESIAN_POINT('',(20.125,-13.85));
#2279 = CARTESIAN_POINT('',(20.125,9.85));
#2280 = ( GEOMETRIC_REPRESENTATION_CONTEXT(2) 
PARAMETRIC_REPRESENTATION_CONTEXT() REPRESENTATION_CONTEXT('2D SPACE',''
  ) );
#2281 = ORIENTED_EDGE('',*,*,#2236,.T.);
#2282 = ORIENTED_EDGE('',*,*,#988,.T.);
#2283 = ORIENTED_EDGE('',*,*,#2284,.F.);
#2284 = EDGE_CURVE('',#2262,#968,#2285,.T.);
#2285 = SURFACE_CURVE('',#2286,(#2290,#2297),.PCURVE_S1.);
#2286 = LINE('',#2287,#2288);
#2287 = CARTESIAN_POINT('',(20.125,9.85,0.));
#2288 = VECTOR('',#2289,1.);
#2289 = DIRECTION('',(0.,0.,1.));
#2290 = PCURVE('',#1002,#2291);
#2291 = DEFINITIONAL_REPRESENTATION('',(#2292),#2296);
#2292 = LINE('',#2293,#2294);
#2293 = CARTESIAN_POINT('',(27.700000000001,0.));
#2294 = VECTOR('',#2295,1.);
#2295 = DIRECTION('',(0.,-1.));
#2296 = ( GEOMETRIC_REPRESENTATION_CONTEXT(2) 
PARAMETRIC_REPRESENTATION_CONTEXT() REPRESENTATION_CONTEXT('2D SPACE',''
  ) );
#2297 = PCURVE('',#1055,#2298);
#2298 = DEFINITIONAL_REPRESENTATION('',(#2299),#2303);
#2299 = LINE('',#2300,#2301);
#2300 = CARTESIAN_POINT('',(-1.570796326795,0.));
#2301 = VECTOR('',#2302,1.);
#2302 = DIRECTION('',(-0.,1.));
#2303 = ( GEOMETRIC_REPRESENTATION_CONTEXT(2) 
PARAMETRIC_REPRESENTATION_CONTEXT() REPRESENTATION_CONTEXT('2D SPACE',''
  ) );
#2304 = ADVANCED_FACE('',(#2305),#1055,.T.);
#2305 = FACE_BOUND('',#2306,.F.);
#2306 = EDGE_LOOP('',(#2307,#2330,#2352,#2353));
#2307 = ORIENTED_EDGE('',*,*,#2308,.F.);
#2308 = EDGE_CURVE('',#2309,#1020,#2311,.T.);
#2309 = VERTEX_POINT('',#2310);
#2310 = CARTESIAN_POINT('',(16.125,13.85,12.));
#2311 = SURFACE_CURVE('',#2312,(#2316,#2323),.PCURVE_S1.);
#2312 = LINE('',#2313,#2314);
#2313 = CARTESIAN_POINT('',(16.125,13.85,0.));
#2314 = VECTOR('',#2315,1.);
#2315 = DIRECTION('',(0.,0.,1.));
#2316 = PCURVE('',#1055,#2317);
#2317 = DEFINITIONAL_REPRESENTATION('',(#2318),#2322);
#2318 = LINE('',#2319,#2320);
#2319 = CARTESIAN_POINT('',(-0.,0.));
#2320 = VECTOR('',#2321,1.);
#2321 = DIRECTION('',(-0.,1.));
#2322 = ( GEOMETRIC_REPRESENTATION_CONTEXT(2) 
PARAMETRIC_REPRESENTATION_CONTEXT() REPRESENTATION_CONTEXT('2D SPACE',''
  ) );
#2323 = PCURVE('',#1107,#2324);
#2324 = DEFINITIONAL_REPRESENTATION('',(#2325),#2329);
#2325 = LINE('',#2326,#2327);
#2326 = CARTESIAN_POINT('',(4.,0.));
#2327 = VECTOR('',#2328,1.);
#2328 = DIRECTION('',(0.,-1.));
#2329 = ( GEOMETRIC_REPRESENTATION_CONTEXT(2) 
PARAMETRIC_REPRESENTATION_CONTEXT() REPRESENTATION_CONTEXT('2D SPACE',''
  ) );
#2330 = ORIENTED_EDGE('',*,*,#2331,.F.);
#2331 = EDGE_CURVE('',#2262,#2309,#2332,.T.);
#2332 = SURFACE_CURVE('',#2333,(#2338,#2345),.PCURVE_S1.);
#2333 = CIRCLE('',#2334,4.);
#2334 = AXIS2_PLACEMENT_3D('',#2335,#2336,#2337);
#2335 = CARTESIAN_POINT('',(16.125,9.85,12.));
#2336 = DIRECTION('',(0.,0.,1.));
#2337 = DIRECTION('',(-0.,1.,0.));
#2338 = PCURVE('',#1055,#2339);
#2339 = DEFINITIONAL_REPRESENTATION('',(#2340),#2344);
#2340 = LINE('',#2341,#2342);
#2341 = CARTESIAN_POINT('',(-6.28318530718,12.));
#2342 = VECTOR('',#2343,1.);
#2343 = DIRECTION('',(1.,-0.));
#2344 = ( GEOMETRIC_REPRESENTATION_CONTEXT(2) 
PARAMETRIC_REPRESENTATION_CONTEXT() REPRESENTATION_CONTEXT('2D SPACE',''
  ) );
#2345 = PCURVE('',#2224,#2346);
#2346 = DEFINITIONAL_REPRESENTATION('',(#2347),#2351);
#2347 = CIRCLE('',#2348,4.);
#2348 = AXIS2_PLACEMENT_2D('',#2349,#2350);
#2349 = CARTESIAN_POINT('',(16.125,9.85));
#2350 = DIRECTION('',(0.,1.));
#2351 = ( GEOMETRIC_REPRESENTATION_CONTEXT(2) 
PARAMETRIC_REPRESENTATION_CONTEXT() REPRESENTATION_CONTEXT('2D SPACE',''
  ) );
#2352 = ORIENTED_EDGE('',*,*,#2284,.T.);
#2353 = ORIENTED_EDGE('',*,*,#1040,.T.);
#2354 = ADVANCED_FACE('',(#2355),#1107,.F.);
#2355 = FACE_BOUND('',#2356,.F.);
#2356 = EDGE_LOOP('',(#2357,#2378,#2379,#2380));
#2357 = ORIENTED_EDGE('',*,*,#2358,.F.);
#2358 = EDGE_CURVE('',#2309,#2359,#2361,.T.);
#2359 = VERTEX_POINT('',#2360);
#2360 = CARTESIAN_POINT('',(-16.125,13.85,12.));
#2361 = SURFACE_CURVE('',#2362,(#2366,#2372),.PCURVE_S1.);
#2362 = LINE('',#2363,#2364);
#2363 = CARTESIAN_POINT('',(10.0625,13.85,12.));
#2364 = VECTOR('',#2365,1.);
#2365 = DIRECTION('',(-1.,0.,0.));
#2366 = PCURVE('',#1107,#2367);
#2367 = DEFINITIONAL_REPRESENTATION('',(#2368),#2371);
#2368 = B_SPLINE_CURVE_WITH_KNOTS('',1,(#2369,#2370),.UNSPECIFIED.,.F.,
  .F.,(2,2),(-6.0625,26.1875),.PIECEWISE_BEZIER_KNOTS.);
#2369 = CARTESIAN_POINT('',(4.,-12.));
#2370 = CARTESIAN_POINT('',(36.250000000001,-12.));
#2371 = ( GEOMETRIC_REPRESENTATION_CONTEXT(2) 
PARAMETRIC_REPRESENTATION_CONTEXT() REPRESENTATION_CONTEXT('2D SPACE',''
  ) );
#2372 = PCURVE('',#2224,#2373);
#2373 = DEFINITIONAL_REPRESENTATION('',(#2374),#2377);
#2374 = B_SPLINE_CURVE_WITH_KNOTS('',1,(#2375,#2376),.UNSPECIFIED.,.F.,
  .F.,(2,2),(-6.0625,26.1875),.PIECEWISE_BEZIER_KNOTS.);
#2375 = CARTESIAN_POINT('',(16.125,13.85));
#2376 = CARTESIAN_POINT('',(-16.125,13.85));
#2377 = ( GEOMETRIC_REPRESENTATION_CONTEXT(2) 
PARAMETRIC_REPRESENTATION_CONTEXT() REPRESENTATION_CONTEXT('2D SPACE',''
  ) );
#2378 = ORIENTED_EDGE('',*,*,#2308,.T.);
#2379 = ORIENTED_EDGE('',*,*,#1093,.T.);
#2380 = ORIENTED_EDGE('',*,*,#2381,.F.);
#2381 = EDGE_CURVE('',#2359,#1073,#2382,.T.);
#2382 = SURFACE_CURVE('',#2383,(#2387,#2394),.PCURVE_S1.);
#2383 = LINE('',#2384,#2385);
#2384 = CARTESIAN_POINT('',(-16.125,13.85,0.));
#2385 = VECTOR('',#2386,1.);
#2386 = DIRECTION('',(0.,0.,1.));
#2387 = PCURVE('',#1107,#2388);
#2388 = DEFINITIONAL_REPRESENTATION('',(#2389),#2393);
#2389 = LINE('',#2390,#2391);
#2390 = CARTESIAN_POINT('',(36.250000000001,0.));
#2391 = VECTOR('',#2392,1.);
#2392 = DIRECTION('',(0.,-1.));
#2393 = ( GEOMETRIC_REPRESENTATION_CONTEXT(2) 
PARAMETRIC_REPRESENTATION_CONTEXT() REPRESENTATION_CONTEXT('2D SPACE',''
  ) );
#2394 = PCURVE('',#1160,#2395);
#2395 = DEFINITIONAL_REPRESENTATION('',(#2396),#2400);
#2396 = LINE('',#2397,#2398);
#2397 = CARTESIAN_POINT('',(-1.570796326795,0.));
#2398 = VECTOR('',#2399,1.);
#2399 = DIRECTION('',(-0.,1.));
#2400 = ( GEOMETRIC_REPRESENTATION_CONTEXT(2) 
PARAMETRIC_REPRESENTATION_CONTEXT() REPRESENTATION_CONTEXT('2D SPACE',''
  ) );
#2401 = ADVANCED_FACE('',(#2402),#1160,.T.);
#2402 = FACE_BOUND('',#2403,.F.);
#2403 = EDGE_LOOP('',(#2404,#2427,#2449,#2450));
#2404 = ORIENTED_EDGE('',*,*,#2405,.F.);
#2405 = EDGE_CURVE('',#2406,#1125,#2408,.T.);
#2406 = VERTEX_POINT('',#2407);
#2407 = CARTESIAN_POINT('',(-20.125,9.85,12.));
#2408 = SURFACE_CURVE('',#2409,(#2413,#2420),.PCURVE_S1.);
#2409 = LINE('',#2410,#2411);
#2410 = CARTESIAN_POINT('',(-20.125,9.85,0.));
#2411 = VECTOR('',#2412,1.);
#2412 = DIRECTION('',(0.,0.,1.));
#2413 = PCURVE('',#1160,#2414);
#2414 = DEFINITIONAL_REPRESENTATION('',(#2415),#2419);
#2415 = LINE('',#2416,#2417);
#2416 = CARTESIAN_POINT('',(-0.,0.));
#2417 = VECTOR('',#2418,1.);
#2418 = DIRECTION('',(-0.,1.));
#2419 = ( GEOMETRIC_REPRESENTATION_CONTEXT(2) 
PARAMETRIC_REPRESENTATION_CONTEXT() REPRESENTATION_CONTEXT('2D SPACE',''
  ) );
#2420 = PCURVE('',#1212,#2421);
#2421 = DEFINITIONAL_REPRESENTATION('',(#2422),#2426);
#2422 = LINE('',#2423,#2424);
#2423 = CARTESIAN_POINT('',(4.,0.));
#2424 = VECTOR('',#2425,1.);
#2425 = DIRECTION('',(0.,-1.));
#2426 = ( GEOMETRIC_REPRESENTATION_CONTEXT(2) 
PARAMETRIC_REPRESENTATION_CONTEXT() REPRESENTATION_CONTEXT('2D SPACE',''
  ) );
#2427 = ORIENTED_EDGE('',*,*,#2428,.F.);
#2428 = EDGE_CURVE('',#2359,#2406,#2429,.T.);
#2429 = SURFACE_CURVE('',#2430,(#2435,#2442),.PCURVE_S1.);
#2430 = CIRCLE('',#2431,4.);
#2431 = AXIS2_PLACEMENT_3D('',#2432,#2433,#2434);
#2432 = CARTESIAN_POINT('',(-16.125,9.85,12.));
#2433 = DIRECTION('',(0.,0.,1.));
#2434 = DIRECTION('',(-1.,0.,0.));
#2435 = PCURVE('',#1160,#2436);
#2436 = DEFINITIONAL_REPRESENTATION('',(#2437),#2441);
#2437 = LINE('',#2438,#2439);
#2438 = CARTESIAN_POINT('',(-6.28318530718,12.));
#2439 = VECTOR('',#2440,1.);
#2440 = DIRECTION('',(1.,-0.));
#2441 = ( GEOMETRIC_REPRESENTATION_CONTEXT(2) 
PARAMETRIC_REPRESENTATION_CONTEXT() REPRESENTATION_CONTEXT('2D SPACE',''
  ) );
#2442 = PCURVE('',#2224,#2443);
#2443 = DEFINITIONAL_REPRESENTATION('',(#2444),#2448);
#2444 = CIRCLE('',#2445,4.);
#2445 = AXIS2_PLACEMENT_2D('',#2446,#2447);
#2446 = CARTESIAN_POINT('',(-16.125,9.85));
#2447 = DIRECTION('',(-1.,0.));
#2448 = ( GEOMETRIC_REPRESENTATION_CONTEXT(2) 
PARAMETRIC_REPRESENTATION_CONTEXT() REPRESENTATION_CONTEXT('2D SPACE',''
  ) );
#2449 = ORIENTED_EDGE('',*,*,#2381,.T.);
#2450 = ORIENTED_EDGE('',*,*,#1145,.T.);
#2451 = ADVANCED_FACE('',(#2452),#1212,.F.);
#2452 = FACE_BOUND('',#2453,.F.);
#2453 = EDGE_LOOP('',(#2454,#2477,#2496,#2497));
#2454 = ORIENTED_EDGE('',*,*,#2455,.F.);
#2455 = EDGE_CURVE('',#2456,#1178,#2458,.T.);
#2456 = VERTEX_POINT('',#2457);
#2457 = CARTESIAN_POINT('',(-20.125,-13.85,12.));
#2458 = SURFACE_CURVE('',#2459,(#2463,#2470),.PCURVE_S1.);
#2459 = LINE('',#2460,#2461);
#2460 = CARTESIAN_POINT('',(-20.125,-13.85,0.));
#2461 = VECTOR('',#2462,1.);
#2462 = DIRECTION('',(0.,0.,1.));
#2463 = PCURVE('',#1212,#2464);
#2464 = DEFINITIONAL_REPRESENTATION('',(#2465),#2469);
#2465 = LINE('',#2466,#2467);
#2466 = CARTESIAN_POINT('',(27.700000000001,0.));
#2467 = VECTOR('',#2468,1.);
#2468 = DIRECTION('',(0.,-1.));
#2469 = ( GEOMETRIC_REPRESENTATION_CONTEXT(2) 
PARAMETRIC_REPRESENTATION_CONTEXT() REPRESENTATION_CONTEXT('2D SPACE',''
  ) );
#2470 = PCURVE('',#1265,#2471);
#2471 = DEFINITIONAL_REPRESENTATION('',(#2472),#2476);
#2472 = LINE('',#2473,#2474);
#2473 = CARTESIAN_POINT('',(0.,0.));
#2474 = VECTOR('',#2475,1.);
#2475 = DIRECTION('',(0.,1.));
#2476 = ( GEOMETRIC_REPRESENTATION_CONTEXT(2) 
PARAMETRIC_REPRESENTATION_CONTEXT() REPRESENTATION_CONTEXT('2D SPACE',''
  ) );
#2477 = ORIENTED_EDGE('',*,*,#2478,.F.);
#2478 = EDGE_CURVE('',#2406,#2456,#2479,.T.);
#2479 = SURFACE_CURVE('',#2480,(#2484,#2490),.PCURVE_S1.);
#2480 = LINE('',#2481,#2482);
#2481 = CARTESIAN_POINT('',(-20.125,6.925,12.));
#2482 = VECTOR('',#2483,1.);
#2483 = DIRECTION('',(0.,-1.,0.));
#2484 = PCURVE('',#1212,#2485);
#2485 = DEFINITIONAL_REPRESENTATION('',(#2486),#2489);
#2486 = B_SPLINE_CURVE_WITH_KNOTS('',1,(#2487,#2488),.UNSPECIFIED.,.F.,
  .F.,(2,2),(-2.925,20.775),.PIECEWISE_BEZIER_KNOTS.);
#2487 = CARTESIAN_POINT('',(4.,-12.));
#2488 = CARTESIAN_POINT('',(27.700000000001,-12.));
#2489 = ( GEOMETRIC_REPRESENTATION_CONTEXT(2) 
PARAMETRIC_REPRESENTATION_CONTEXT() REPRESENTATION_CONTEXT('2D SPACE',''
  ) );
#2490 = PCURVE('',#2224,#2491);
#2491 = DEFINITIONAL_REPRESENTATION('',(#2492),#2495);
#2492 = B_SPLINE_CURVE_WITH_KNOTS('',1,(#2493,#2494),.UNSPECIFIED.,.F.,
  .F.,(2,2),(-2.925,20.775),.PIECEWISE_BEZIER_KNOTS.);
#2493 = CARTESIAN_POINT('',(-20.125,9.85));
#2494 = CARTESIAN_POINT('',(-20.125,-13.85));
#2495 = ( GEOMETRIC_REPRESENTATION_CONTEXT(2) 
PARAMETRIC_REPRESENTATION_CONTEXT() REPRESENTATION_CONTEXT('2D SPACE',''
  ) );
#2496 = ORIENTED_EDGE('',*,*,#2405,.T.);
#2497 = ORIENTED_EDGE('',*,*,#1198,.T.);
#2498 = ADVANCED_FACE('',(#2499),#1265,.T.);
#2499 = FACE_BOUND('',#2500,.T.);
#2500 = EDGE_LOOP('',(#2501,#2502,#2526,#2547));
#2501 = ORIENTED_EDGE('',*,*,#2455,.F.);
#2502 = ORIENTED_EDGE('',*,*,#2503,.T.);
#2503 = EDGE_CURVE('',#2456,#2504,#2506,.T.);
#2504 = VERTEX_POINT('',#2505);
#2505 = CARTESIAN_POINT('',(-16.125,-17.85,12.));
#2506 = SURFACE_CURVE('',#2507,(#2512,#2519),.PCURVE_S1.);
#2507 = CIRCLE('',#2508,4.);
#2508 = AXIS2_PLACEMENT_3D('',#2509,#2510,#2511);
#2509 = CARTESIAN_POINT('',(-16.125,-13.85,12.));
#2510 = DIRECTION('',(0.,0.,1.));
#2511 = DIRECTION('',(-1.,0.,0.));
#2512 = PCURVE('',#1265,#2513);
#2513 = DEFINITIONAL_REPRESENTATION('',(#2514),#2518);
#2514 = LINE('',#2515,#2516);
#2515 = CARTESIAN_POINT('',(0.,12.));
#2516 = VECTOR('',#2517,1.);
#2517 = DIRECTION('',(1.,0.));
#2518 = ( GEOMETRIC_REPRESENTATION_CONTEXT(2) 
PARAMETRIC_REPRESENTATION_CONTEXT() REPRESENTATION_CONTEXT('2D SPACE',''
  ) );
#2519 = PCURVE('',#2224,#2520);
#2520 = DEFINITIONAL_REPRESENTATION('',(#2521),#2525);
#2521 = CIRCLE('',#2522,4.);
#2522 = AXIS2_PLACEMENT_2D('',#2523,#2524);
#2523 = CARTESIAN_POINT('',(-16.125,-13.85));
#2524 = DIRECTION('',(-1.,0.));
#2525 = ( GEOMETRIC_REPRESENTATION_CONTEXT(2) 
PARAMETRIC_REPRESENTATION_CONTEXT() REPRESENTATION_CONTEXT('2D SPACE',''
  ) );
#2526 = ORIENTED_EDGE('',*,*,#2527,.T.);
#2527 = EDGE_CURVE('',#2504,#1230,#2528,.T.);
#2528 = SURFACE_CURVE('',#2529,(#2533,#2540),.PCURVE_S1.);
#2529 = LINE('',#2530,#2531);
#2530 = CARTESIAN_POINT('',(-16.125,-17.85,0.));
#2531 = VECTOR('',#2532,1.);
#2532 = DIRECTION('',(0.,0.,1.));
#2533 = PCURVE('',#1265,#2534);
#2534 = DEFINITIONAL_REPRESENTATION('',(#2535),#2539);
#2535 = LINE('',#2536,#2537);
#2536 = CARTESIAN_POINT('',(1.570796326795,0.));
#2537 = VECTOR('',#2538,1.);
#2538 = DIRECTION('',(0.,1.));
#2539 = ( GEOMETRIC_REPRESENTATION_CONTEXT(2) 
PARAMETRIC_REPRESENTATION_CONTEXT() REPRESENTATION_CONTEXT('2D SPACE',''
  ) );
#2540 = PCURVE('',#1297,#2541);
#2541 = DEFINITIONAL_REPRESENTATION('',(#2542),#2546);
#2542 = LINE('',#2543,#2544);
#2543 = CARTESIAN_POINT('',(4.,0.));
#2544 = VECTOR('',#2545,1.);
#2545 = DIRECTION('',(0.,-1.));
#2546 = ( GEOMETRIC_REPRESENTATION_CONTEXT(2) 
PARAMETRIC_REPRESENTATION_CONTEXT() REPRESENTATION_CONTEXT('2D SPACE',''
  ) );
#2547 = ORIENTED_EDGE('',*,*,#1250,.F.);
#2548 = ADVANCED_FACE('',(#2549),#1297,.F.);
#2549 = FACE_BOUND('',#2550,.F.);
#2550 = EDGE_LOOP('',(#2551,#2570,#2571,#2572));
#2551 = ORIENTED_EDGE('',*,*,#2552,.F.);
#2552 = EDGE_CURVE('',#2504,#2185,#2553,.T.);
#2553 = SURFACE_CURVE('',#2554,(#2558,#2564),.PCURVE_S1.);
#2554 = LINE('',#2555,#2556);
#2555 = CARTESIAN_POINT('',(-10.0625,-17.85,12.));
#2556 = VECTOR('',#2557,1.);
#2557 = DIRECTION('',(1.,0.,0.));
#2558 = PCURVE('',#1297,#2559);
#2559 = DEFINITIONAL_REPRESENTATION('',(#2560),#2563);
#2560 = B_SPLINE_CURVE_WITH_KNOTS('',1,(#2561,#2562),.UNSPECIFIED.,.F.,
  .F.,(2,2),(-6.0625,26.1875),.PIECEWISE_BEZIER_KNOTS.);
#2561 = CARTESIAN_POINT('',(4.,-12.));
#2562 = CARTESIAN_POINT('',(36.250000000001,-12.));
#2563 = ( GEOMETRIC_REPRESENTATION_CONTEXT(2) 
PARAMETRIC_REPRESENTATION_CONTEXT() REPRESENTATION_CONTEXT('2D SPACE',''
  ) );
#2564 = PCURVE('',#2224,#2565);
#2565 = DEFINITIONAL_REPRESENTATION('',(#2566),#2569);
#2566 = B_SPLINE_CURVE_WITH_KNOTS('',1,(#2567,#2568),.UNSPECIFIED.,.F.,
  .F.,(2,2),(-6.0625,26.1875),.PIECEWISE_BEZIER_KNOTS.);
#2567 = CARTESIAN_POINT('',(-16.125,-17.85));
#2568 = CARTESIAN_POINT('',(16.125,-17.85));
#2569 = ( GEOMETRIC_REPRESENTATION_CONTEXT(2) 
PARAMETRIC_REPRESENTATION_CONTEXT() REPRESENTATION_CONTEXT('2D SPACE',''
  ) );
#2570 = ORIENTED_EDGE('',*,*,#2527,.T.);
#2571 = ORIENTED_EDGE('',*,*,#1283,.T.);
#2572 = ORIENTED_EDGE('',*,*,#2184,.F.);
#2573 = ADVANCED_FACE('',(#2574,#2577),#1350,.T.);
#2574 = FACE_BOUND('',#2575,.T.);
#2575 = EDGE_LOOP('',(#2576));
#2576 = ORIENTED_EDGE('',*,*,#1335,.T.);
#2577 = FACE_BOUND('',#2578,.T.);
#2578 = EDGE_LOOP('',(#2579));
#2579 = ORIENTED_EDGE('',*,*,#2580,.F.);
#2580 = EDGE_CURVE('',#2581,#2581,#2583,.T.);
#2581 = VERTEX_POINT('',#2582);
#2582 = CARTESIAN_POINT('',(-15.3,-14.5,14.));
#2583 = SURFACE_CURVE('',#2584,(#2589,#2596),.PCURVE_S1.);
#2584 = CIRCLE('',#2585,1.2);
#2585 = AXIS2_PLACEMENT_3D('',#2586,#2587,#2588);
#2586 = CARTESIAN_POINT('',(-16.5,-14.5,14.));
#2587 = DIRECTION('',(0.,0.,1.));
#2588 = DIRECTION('',(1.,0.,-0.));
#2589 = PCURVE('',#1350,#2590);
#2590 = DEFINITIONAL_REPRESENTATION('',(#2591),#2595);
#2591 = CIRCLE('',#2592,1.2);
#2592 = AXIS2_PLACEMENT_2D('',#2593,#2594);
#2593 = CARTESIAN_POINT('',(-33.,-24.5));
#2594 = DIRECTION('',(1.,0.));
#2595 = ( GEOMETRIC_REPRESENTATION_CONTEXT(2) 
PARAMETRIC_REPRESENTATION_CONTEXT() REPRESENTATION_CONTEXT('2D SPACE',''
  ) );
#2596 = PCURVE('',#2597,#2602);
#2597 = CYLINDRICAL_SURFACE('',#2598,1.2);
#2598 = AXIS2_PLACEMENT_3D('',#2599,#2600,#2601);
#2599 = CARTESIAN_POINT('',(-16.5,-14.5,16.));
#2600 = DIRECTION('',(0.,0.,1.));
#2601 = DIRECTION('',(1.,0.,0.));
#2602 = DEFINITIONAL_REPRESENTATION('',(#2603),#2607);
#2603 = LINE('',#2604,#2605);
#2604 = CARTESIAN_POINT('',(0.,-2.));
#2605 = VECTOR('',#2606,1.);
#2606 = DIRECTION('',(1.,0.));
#2607 = ( GEOMETRIC_REPRESENTATION_CONTEXT(2) 
PARAMETRIC_REPRESENTATION_CONTEXT() REPRESENTATION_CONTEXT('2D SPACE',''
  ) );
#2608 = ADVANCED_FACE('',(#2609,#2612),#1405,.T.);
#2609 = FACE_BOUND('',#2610,.T.);
#2610 = EDGE_LOOP('',(#2611));
#2611 = ORIENTED_EDGE('',*,*,#1390,.T.);
#2612 = FACE_BOUND('',#2613,.T.);
#2613 = EDGE_LOOP('',(#2614));
#2614 = ORIENTED_EDGE('',*,*,#2615,.F.);
#2615 = EDGE_CURVE('',#2616,#2616,#2618,.T.);
#2616 = VERTEX_POINT('',#2617);
#2617 = CARTESIAN_POINT('',(17.7,-14.5,14.));
#2618 = SURFACE_CURVE('',#2619,(#2624,#2631),.PCURVE_S1.);
#2619 = CIRCLE('',#2620,1.2);
#2620 = AXIS2_PLACEMENT_3D('',#2621,#2622,#2623);
#2621 = CARTESIAN_POINT('',(16.5,-14.5,14.));
#2622 = DIRECTION('',(0.,0.,1.));
#2623 = DIRECTION('',(1.,0.,-0.));
#2624 = PCURVE('',#1405,#2625);
#2625 = DEFINITIONAL_REPRESENTATION('',(#2626),#2630);
#2626 = CIRCLE('',#2627,1.2);
#2627 = AXIS2_PLACEMENT_2D('',#2628,#2629);
#2628 = CARTESIAN_POINT('',(0.,-24.5));
#2629 = DIRECTION('',(1.,0.));
#2630 = ( GEOMETRIC_REPRESENTATION_CONTEXT(2) 
PARAMETRIC_REPRESENTATION_CONTEXT() REPRESENTATION_CONTEXT('2D SPACE',''
  ) );
#2631 = PCURVE('',#2632,#2637);
#2632 = CYLINDRICAL_SURFACE('',#2633,1.2);
#2633 = AXIS2_PLACEMENT_3D('',#2634,#2635,#2636);
#2634 = CARTESIAN_POINT('',(16.5,-14.5,16.));
#2635 = DIRECTION('',(0.,0.,1.));
#2636 = DIRECTION('',(1.,0.,0.));
#2637 = DEFINITIONAL_REPRESENTATION('',(#2638),#2642);
#2638 = LINE('',#2639,#2640);
#2639 = CARTESIAN_POINT('',(0.,-2.));
#2640 = VECTOR('',#2641,1.);
#2641 = DIRECTION('',(1.,0.));
#2642 = ( GEOMETRIC_REPRESENTATION_CONTEXT(2) 
PARAMETRIC_REPRESENTATION_CONTEXT() REPRESENTATION_CONTEXT('2D SPACE',''
  ) );
#2643 = ADVANCED_FACE('',(#2644,#2758),#1460,.T.);
#2644 = FACE_BOUND('',#2645,.T.);
#2645 = EDGE_LOOP('',(#2646,#2676,#2704,#2732));
#2646 = ORIENTED_EDGE('',*,*,#2647,.T.);
#2647 = EDGE_CURVE('',#2648,#2650,#2652,.T.);
#2648 = VERTEX_POINT('',#2649);
#2649 = CARTESIAN_POINT('',(-9.35,1.25,15.7));
#2650 = VERTEX_POINT('',#2651);
#2651 = CARTESIAN_POINT('',(9.75,1.25,15.7));
#2652 = SURFACE_CURVE('',#2653,(#2657,#2664),.PCURVE_S1.);
#2653 = LINE('',#2654,#2655);
#2654 = CARTESIAN_POINT('',(-9.35,1.25,15.7));
#2655 = VECTOR('',#2656,1.);
#2656 = DIRECTION('',(1.,0.,0.));
#2657 = PCURVE('',#1460,#2658);
#2658 = DEFINITIONAL_REPRESENTATION('',(#2659),#2663);
#2659 = LINE('',#2660,#2661);
#2660 = CARTESIAN_POINT('',(9.55,6.05));
#2661 = VECTOR('',#2662,1.);
#2662 = DIRECTION('',(-1.,0.));
#2663 = ( GEOMETRIC_REPRESENTATION_CONTEXT(2) 
PARAMETRIC_REPRESENTATION_CONTEXT() REPRESENTATION_CONTEXT('2D SPACE',''
  ) );
#2664 = PCURVE('',#2665,#2670);
#2665 = PLANE('',#2666);
#2666 = AXIS2_PLACEMENT_3D('',#2667,#2668,#2669);
#2667 = CARTESIAN_POINT('',(-9.35,1.25,13.6));
#2668 = DIRECTION('',(0.,1.,0.));
#2669 = DIRECTION('',(1.,0.,0.));
#2670 = DEFINITIONAL_REPRESENTATION('',(#2671),#2675);
#2671 = LINE('',#2672,#2673);
#2672 = CARTESIAN_POINT('',(0.,-2.1));
#2673 = VECTOR('',#2674,1.);
#2674 = DIRECTION('',(1.,0.));
#2675 = ( GEOMETRIC_REPRESENTATION_CONTEXT(2) 
PARAMETRIC_REPRESENTATION_CONTEXT() REPRESENTATION_CONTEXT('2D SPACE',''
  ) );
#2676 = ORIENTED_EDGE('',*,*,#2677,.T.);
#2677 = EDGE_CURVE('',#2650,#2678,#2680,.T.);
#2678 = VERTEX_POINT('',#2679);
#2679 = CARTESIAN_POINT('',(9.75,-10.85,15.7));
#2680 = SURFACE_CURVE('',#2681,(#2685,#2692),.PCURVE_S1.);
#2681 = LINE('',#2682,#2683);
#2682 = CARTESIAN_POINT('',(9.75,1.25,15.7));
#2683 = VECTOR('',#2684,1.);
#2684 = DIRECTION('',(0.,-1.,0.));
#2685 = PCURVE('',#1460,#2686);
#2686 = DEFINITIONAL_REPRESENTATION('',(#2687),#2691);
#2687 = LINE('',#2688,#2689);
#2688 = CARTESIAN_POINT('',(-9.55,6.05));
#2689 = VECTOR('',#2690,1.);
#2690 = DIRECTION('',(0.,-1.));
#2691 = ( GEOMETRIC_REPRESENTATION_CONTEXT(2) 
PARAMETRIC_REPRESENTATION_CONTEXT() REPRESENTATION_CONTEXT('2D SPACE',''
  ) );
#2692 = PCURVE('',#2693,#2698);
#2693 = PLANE('',#2694);
#2694 = AXIS2_PLACEMENT_3D('',#2695,#2696,#2697);
#2695 = CARTESIAN_POINT('',(9.75,1.25,13.6));
#2696 = DIRECTION('',(1.,0.,-0.));
#2697 = DIRECTION('',(0.,-1.,0.));
#2698 = DEFINITIONAL_REPRESENTATION('',(#2699),#2703);
#2699 = LINE('',#2700,#2701);
#2700 = CARTESIAN_POINT('',(0.,-2.1));
#2701 = VECTOR('',#2702,1.);
#2702 = DIRECTION('',(1.,0.));
#2703 = ( GEOMETRIC_REPRESENTATION_CONTEXT(2) 
PARAMETRIC_REPRESENTATION_CONTEXT() REPRESENTATION_CONTEXT('2D SPACE',''
  ) );
#2704 = ORIENTED_EDGE('',*,*,#2705,.T.);
#2705 = EDGE_CURVE('',#2678,#2706,#2708,.T.);
#2706 = VERTEX_POINT('',#2707);
#2707 = CARTESIAN_POINT('',(-9.35,-10.85,15.7));
#2708 = SURFACE_CURVE('',#2709,(#2713,#2720),.PCURVE_S1.);
#2709 = LINE('',#2710,#2711);
#2710 = CARTESIAN_POINT('',(9.75,-10.85,15.7));
#2711 = VECTOR('',#2712,1.);
#2712 = DIRECTION('',(-1.,-0.,0.));
#2713 = PCURVE('',#1460,#2714);
#2714 = DEFINITIONAL_REPRESENTATION('',(#2715),#2719);
#2715 = LINE('',#2716,#2717);
#2716 = CARTESIAN_POINT('',(-9.55,-6.05));
#2717 = VECTOR('',#2718,1.);
#2718 = DIRECTION('',(1.,0.));
#2719 = ( GEOMETRIC_REPRESENTATION_CONTEXT(2) 
PARAMETRIC_REPRESENTATION_CONTEXT() REPRESENTATION_CONTEXT('2D SPACE',''
  ) );
#2720 = PCURVE('',#2721,#2726);
#2721 = PLANE('',#2722);
#2722 = AXIS2_PLACEMENT_3D('',#2723,#2724,#2725);
#2723 = CARTESIAN_POINT('',(9.75,-10.85,13.6));
#2724 = DIRECTION('',(0.,-1.,0.));
#2725 = DIRECTION('',(-1.,0.,0.));
#2726 = DEFINITIONAL_REPRESENTATION('',(#2727),#2731);
#2727 = LINE('',#2728,#2729);
#2728 = CARTESIAN_POINT('',(0.,-2.1));
#2729 = VECTOR('',#2730,1.);
#2730 = DIRECTION('',(1.,0.));
#2731 = ( GEOMETRIC_REPRESENTATION_CONTEXT(2) 
PARAMETRIC_REPRESENTATION_CONTEXT() REPRESENTATION_CONTEXT('2D SPACE',''
  ) );
#2732 = ORIENTED_EDGE('',*,*,#2733,.T.);
#2733 = EDGE_CURVE('',#2706,#2648,#2734,.T.);
#2734 = SURFACE_CURVE('',#2735,(#2739,#2746),.PCURVE_S1.);
#2735 = LINE('',#2736,#2737);
#2736 = CARTESIAN_POINT('',(-9.35,-10.85,15.7));
#2737 = VECTOR('',#2738,1.);
#2738 = DIRECTION('',(0.,1.,0.));
#2739 = PCURVE('',#1460,#2740);
#2740 = DEFINITIONAL_REPRESENTATION('',(#2741),#2745);
#2741 = LINE('',#2742,#2743);
#2742 = CARTESIAN_POINT('',(9.55,-6.05));
#2743 = VECTOR('',#2744,1.);
#2744 = DIRECTION('',(0.,1.));
#2745 = ( GEOMETRIC_REPRESENTATION_CONTEXT(2) 
PARAMETRIC_REPRESENTATION_CONTEXT() REPRESENTATION_CONTEXT('2D SPACE',''
  ) );
#2746 = PCURVE('',#2747,#2752);
#2747 = PLANE('',#2748);
#2748 = AXIS2_PLACEMENT_3D('',#2749,#2750,#2751);
#2749 = CARTESIAN_POINT('',(-9.35,-10.85,13.6));
#2750 = DIRECTION('',(-1.,0.,0.));
#2751 = DIRECTION('',(0.,1.,0.));
#2752 = DEFINITIONAL_REPRESENTATION('',(#2753),#2757);
#2753 = LINE('',#2754,#2755);
#2754 = CARTESIAN_POINT('',(0.,-2.1));
#2755 = VECTOR('',#2756,1.);
#2756 = DIRECTION('',(1.,0.));
#2757 = ( GEOMETRIC_REPRESENTATION_CONTEXT(2) 
PARAMETRIC_REPRESENTATION_CONTEXT() REPRESENTATION_CONTEXT('2D SPACE',''
  ) );
#2758 = FACE_BOUND('',#2759,.T.);
#2759 = EDGE_LOOP('',(#2760,#2761,#2762,#2763));
#2760 = ORIENTED_EDGE('',*,*,#1445,.F.);
#2761 = ORIENTED_EDGE('',*,*,#1591,.F.);
#2762 = ORIENTED_EDGE('',*,*,#1544,.F.);
#2763 = ORIENTED_EDGE('',*,*,#1497,.F.);
#2764 = ADVANCED_FACE('',(#2765),#1653,.F.);
#2765 = FACE_BOUND('',#2766,.F.);
#2766 = EDGE_LOOP('',(#2767,#2788,#2789,#2790));
#2767 = ORIENTED_EDGE('',*,*,#2768,.F.);
#2768 = EDGE_CURVE('',#1616,#2769,#2771,.T.);
#2769 = VERTEX_POINT('',#2770);
#2770 = CARTESIAN_POINT('',(16.87,-8.065,15.1));
#2771 = SEAM_CURVE('',#2772,(#2776,#2782),.PCURVE_S1.);
#2772 = LINE('',#2773,#2774);
#2773 = CARTESIAN_POINT('',(16.38,-8.065,15.59));
#2774 = VECTOR('',#2775,1.);
#2775 = DIRECTION('',(0.707106781187,0.,-0.707106781187));
#2776 = PCURVE('',#1653,#2777);
#2777 = DEFINITIONAL_REPRESENTATION('',(#2778),#2781);
#2778 = B_SPLINE_CURVE_WITH_KNOTS('',1,(#2779,#2780),.UNSPECIFIED.,.F.,
  .F.,(2,2),(0.,0.692964645563),.PIECEWISE_BEZIER_KNOTS.);
#2779 = CARTESIAN_POINT('',(0.,0.));
#2780 = CARTESIAN_POINT('',(0.,0.49));
#2781 = ( GEOMETRIC_REPRESENTATION_CONTEXT(2) 
PARAMETRIC_REPRESENTATION_CONTEXT() REPRESENTATION_CONTEXT('2D SPACE',''
  ) );
#2782 = PCURVE('',#1653,#2783);
#2783 = DEFINITIONAL_REPRESENTATION('',(#2784),#2787);
#2784 = B_SPLINE_CURVE_WITH_KNOTS('',1,(#2785,#2786),.UNSPECIFIED.,.F.,
  .F.,(2,2),(0.,0.692964645563),.PIECEWISE_BEZIER_KNOTS.);
#2785 = CARTESIAN_POINT('',(6.28318530718,0.));
#2786 = CARTESIAN_POINT('',(6.28318530718,0.49));
#2787 = ( GEOMETRIC_REPRESENTATION_CONTEXT(2) 
PARAMETRIC_REPRESENTATION_CONTEXT() REPRESENTATION_CONTEXT('2D SPACE',''
  ) );
#2788 = ORIENTED_EDGE('',*,*,#1638,.T.);
#2789 = ORIENTED_EDGE('',*,*,#2768,.T.);
#2790 = ORIENTED_EDGE('',*,*,#2791,.F.);
#2791 = EDGE_CURVE('',#2769,#2769,#2792,.T.);
#2792 = SURFACE_CURVE('',#2793,(#2798,#2805),.PCURVE_S1.);
#2793 = CIRCLE('',#2794,3.19);
#2794 = AXIS2_PLACEMENT_3D('',#2795,#2796,#2797);
#2795 = CARTESIAN_POINT('',(13.68,-8.065,15.1));
#2796 = DIRECTION('',(0.,0.,-1.));
#2797 = DIRECTION('',(1.,0.,0.));
#2798 = PCURVE('',#1653,#2799);
#2799 = DEFINITIONAL_REPRESENTATION('',(#2800),#2804);
#2800 = LINE('',#2801,#2802);
#2801 = CARTESIAN_POINT('',(0.,0.49));
#2802 = VECTOR('',#2803,1.);
#2803 = DIRECTION('',(1.,0.));
#2804 = ( GEOMETRIC_REPRESENTATION_CONTEXT(2) 
PARAMETRIC_REPRESENTATION_CONTEXT() REPRESENTATION_CONTEXT('2D SPACE',''
  ) );
#2805 = PCURVE('',#2806,#2811);
#2806 = PLANE('',#2807);
#2807 = AXIS2_PLACEMENT_3D('',#2808,#2809,#2810);
#2808 = CARTESIAN_POINT('',(-13.42,-1.315,15.1));
#2809 = DIRECTION('',(0.,0.,1.));
#2810 = DIRECTION('',(1.,0.,-0.));
#2811 = DEFINITIONAL_REPRESENTATION('',(#2812),#2820);
#2812 = ( BOUNDED_CURVE() B_SPLINE_CURVE(2,(#2813,#2814,#2815,#2816,
#2817,#2818,#2819),.UNSPECIFIED.,.T.,.F.) B_SPLINE_CURVE_WITH_KNOTS((1,2
    ,2,2,2,1),(-2.094395102393,0.,2.094395102393,4.188790204786,
6.28318530718,8.377580409573),.UNSPECIFIED.) CURVE() 
GEOMETRIC_REPRESENTATION_ITEM() RATIONAL_B_SPLINE_CURVE((1.,0.5,1.,0.5,
1.,0.5,1.)) REPRESENTATION_ITEM('') );
#2813 = CARTESIAN_POINT('',(30.29,-6.75));
#2814 = CARTESIAN_POINT('',(30.29,-12.27524207614));
#2815 = CARTESIAN_POINT('',(25.505,-9.512621038072));
#2816 = CARTESIAN_POINT('',(20.72,-6.75));
#2817 = CARTESIAN_POINT('',(25.505,-3.987378961928));
#2818 = CARTESIAN_POINT('',(30.29,-1.224757923855));
#2819 = CARTESIAN_POINT('',(30.29,-6.75));
#2820 = ( GEOMETRIC_REPRESENTATION_CONTEXT(2) 
PARAMETRIC_REPRESENTATION_CONTEXT() REPRESENTATION_CONTEXT('2D SPACE',''
  ) );
#2821 = ADVANCED_FACE('',(#2822),#1708,.F.);
#2822 = FACE_BOUND('',#2823,.F.);
#2823 = EDGE_LOOP('',(#2824,#2845,#2846,#2847));
#2824 = ORIENTED_EDGE('',*,*,#2825,.F.);
#2825 = EDGE_CURVE('',#1671,#2826,#2828,.T.);
#2826 = VERTEX_POINT('',#2827);
#2827 = CARTESIAN_POINT('',(-10.23,-1.315,15.1));
#2828 = SEAM_CURVE('',#2829,(#2833,#2839),.PCURVE_S1.);
#2829 = LINE('',#2830,#2831);
#2830 = CARTESIAN_POINT('',(-10.72,-1.315,15.59));
#2831 = VECTOR('',#2832,1.);
#2832 = DIRECTION('',(0.707106781187,0.,-0.707106781187));
#2833 = PCURVE('',#1708,#2834);
#2834 = DEFINITIONAL_REPRESENTATION('',(#2835),#2838);
#2835 = B_SPLINE_CURVE_WITH_KNOTS('',1,(#2836,#2837),.UNSPECIFIED.,.F.,
  .F.,(2,2),(0.,0.692964645563),.PIECEWISE_BEZIER_KNOTS.);
#2836 = CARTESIAN_POINT('',(0.,0.));
#2837 = CARTESIAN_POINT('',(0.,0.49));
#2838 = ( GEOMETRIC_REPRESENTATION_CONTEXT(2) 
PARAMETRIC_REPRESENTATION_CONTEXT() REPRESENTATION_CONTEXT('2D SPACE',''
  ) );
#2839 = PCURVE('',#1708,#2840);
#2840 = DEFINITIONAL_REPRESENTATION('',(#2841),#2844);
#2841 = B_SPLINE_CURVE_WITH_KNOTS('',1,(#2842,#2843),.UNSPECIFIED.,.F.,
  .F.,(2,2),(0.,0.692964645563),.PIECEWISE_BEZIER_KNOTS.);
#2842 = CARTESIAN_POINT('',(6.28318530718,0.));
#2843 = CARTESIAN_POINT('',(6.28318530718,0.49));
#2844 = ( GEOMETRIC_REPRESENTATION_CONTEXT(2) 
PARAMETRIC_REPRESENTATION_CONTEXT() REPRESENTATION_CONTEXT('2D SPACE',''
  ) );
#2845 = ORIENTED_EDGE('',*,*,#1693,.T.);
#2846 = ORIENTED_EDGE('',*,*,#2825,.T.);
#2847 = ORIENTED_EDGE('',*,*,#2848,.F.);
#2848 = EDGE_CURVE('',#2826,#2826,#2849,.T.);
#2849 = SURFACE_CURVE('',#2850,(#2855,#2862),.PCURVE_S1.);
#2850 = CIRCLE('',#2851,3.19);
#2851 = AXIS2_PLACEMENT_3D('',#2852,#2853,#2854);
#2852 = CARTESIAN_POINT('',(-13.42,-1.315,15.1));
#2853 = DIRECTION('',(0.,0.,-1.));
#2854 = DIRECTION('',(1.,0.,0.));
#2855 = PCURVE('',#1708,#2856);
#2856 = DEFINITIONAL_REPRESENTATION('',(#2857),#2861);
#2857 = LINE('',#2858,#2859);
#2858 = CARTESIAN_POINT('',(0.,0.49));
#2859 = VECTOR('',#2860,1.);
#2860 = DIRECTION('',(1.,0.));
#2861 = ( GEOMETRIC_REPRESENTATION_CONTEXT(2) 
PARAMETRIC_REPRESENTATION_CONTEXT() REPRESENTATION_CONTEXT('2D SPACE',''
  ) );
#2862 = PCURVE('',#2863,#2868);
#2863 = PLANE('',#2864);
#2864 = AXIS2_PLACEMENT_3D('',#2865,#2866,#2867);
#2865 = CARTESIAN_POINT('',(-13.42,-1.315,15.1));
#2866 = DIRECTION('',(0.,0.,1.));
#2867 = DIRECTION('',(1.,0.,-0.));
#2868 = DEFINITIONAL_REPRESENTATION('',(#2869),#2877);
#2869 = ( BOUNDED_CURVE() B_SPLINE_CURVE(2,(#2870,#2871,#2872,#2873,
#2874,#2875,#2876),.UNSPECIFIED.,.T.,.F.) B_SPLINE_CURVE_WITH_KNOTS((1,2
    ,2,2,2,1),(-2.094395102393,0.,2.094395102393,4.188790204786,
6.28318530718,8.377580409573),.UNSPECIFIED.) CURVE() 
GEOMETRIC_REPRESENTATION_ITEM() RATIONAL_B_SPLINE_CURVE((1.,0.5,1.,0.5,
1.,0.5,1.)) REPRESENTATION_ITEM('') );
#2870 = CARTESIAN_POINT('',(3.19,-6.661338147751E-16));
#2871 = CARTESIAN_POINT('',(3.19,-5.525242076145));
#2872 = CARTESIAN_POINT('',(-1.595,-2.762621038072));
#2873 = CARTESIAN_POINT('',(-6.38,-1.447458472631E-15));
#2874 = CARTESIAN_POINT('',(-1.595,2.762621038072));
#2875 = CARTESIAN_POINT('',(3.19,5.525242076145));
#2876 = CARTESIAN_POINT('',(3.19,-6.661338147751E-16));
#2877 = ( GEOMETRIC_REPRESENTATION_CONTEXT(2) 
PARAMETRIC_REPRESENTATION_CONTEXT() REPRESENTATION_CONTEXT('2D SPACE',''
  ) );
#2878 = ADVANCED_FACE('',(#2879),#842,.F.);
#2879 = FACE_BOUND('',#2880,.F.);
#2880 = EDGE_LOOP('',(#2881,#2904,#2931,#2932));
#2881 = ORIENTED_EDGE('',*,*,#2882,.F.);
#2882 = EDGE_CURVE('',#2883,#826,#2885,.T.);
#2883 = VERTEX_POINT('',#2884);
#2884 = CARTESIAN_POINT('',(-12.,8.5,15.51));
#2885 = SEAM_CURVE('',#2886,(#2890,#2897),.PCURVE_S1.);
#2886 = LINE('',#2887,#2888);
#2887 = CARTESIAN_POINT('',(-12.,8.5,15.51));
#2888 = VECTOR('',#2889,1.);
#2889 = DIRECTION('',(0.707106781187,0.,0.707106781187));
#2890 = PCURVE('',#842,#2891);
#2891 = DEFINITIONAL_REPRESENTATION('',(#2892),#2896);
#2892 = LINE('',#2893,#2894);
#2893 = CARTESIAN_POINT('',(0.,0.));
#2894 = VECTOR('',#2895,1.);
#2895 = DIRECTION('',(0.,1.));
#2896 = ( GEOMETRIC_REPRESENTATION_CONTEXT(2) 
PARAMETRIC_REPRESENTATION_CONTEXT() REPRESENTATION_CONTEXT('2D SPACE',''
  ) );
#2897 = PCURVE('',#842,#2898);
#2898 = DEFINITIONAL_REPRESENTATION('',(#2899),#2903);
#2899 = LINE('',#2900,#2901);
#2900 = CARTESIAN_POINT('',(6.28318530718,0.));
#2901 = VECTOR('',#2902,1.);
#2902 = DIRECTION('',(0.,1.));
#2903 = ( GEOMETRIC_REPRESENTATION_CONTEXT(2) 
PARAMETRIC_REPRESENTATION_CONTEXT() REPRESENTATION_CONTEXT('2D SPACE',''
  ) );
#2904 = ORIENTED_EDGE('',*,*,#2905,.T.);
#2905 = EDGE_CURVE('',#2883,#2883,#2906,.T.);
#2906 = SURFACE_CURVE('',#2907,(#2912,#2919),.PCURVE_S1.);
#2907 = CIRCLE('',#2908,3.);
#2908 = AXIS2_PLACEMENT_3D('',#2909,#2910,#2911);
#2909 = CARTESIAN_POINT('',(-15.,8.5,15.51));
#2910 = DIRECTION('',(0.,0.,1.));
#2911 = DIRECTION('',(1.,0.,-0.));
#2912 = PCURVE('',#842,#2913);
#2913 = DEFINITIONAL_REPRESENTATION('',(#2914),#2918);
#2914 = LINE('',#2915,#2916);
#2915 = CARTESIAN_POINT('',(0.,0.));
#2916 = VECTOR('',#2917,1.);
#2917 = DIRECTION('',(1.,0.));
#2918 = ( GEOMETRIC_REPRESENTATION_CONTEXT(2) 
PARAMETRIC_REPRESENTATION_CONTEXT() REPRESENTATION_CONTEXT('2D SPACE',''
  ) );
#2919 = PCURVE('',#2920,#2925);
#2920 = CYLINDRICAL_SURFACE('',#2921,3.);
#2921 = AXIS2_PLACEMENT_3D('',#2922,#2923,#2924);
#2922 = CARTESIAN_POINT('',(-15.,8.5,0.));
#2923 = DIRECTION('',(-0.,-0.,-1.));
#2924 = DIRECTION('',(1.,0.,0.));
#2925 = DEFINITIONAL_REPRESENTATION('',(#2926),#2930);
#2926 = LINE('',#2927,#2928);
#2927 = CARTESIAN_POINT('',(-0.,-15.51));
#2928 = VECTOR('',#2929,1.);
#2929 = DIRECTION('',(-1.,0.));
#2930 = ( GEOMETRIC_REPRESENTATION_CONTEXT(2) 
PARAMETRIC_REPRESENTATION_CONTEXT() REPRESENTATION_CONTEXT('2D SPACE',''
  ) );
#2931 = ORIENTED_EDGE('',*,*,#2882,.T.);
#2932 = ORIENTED_EDGE('',*,*,#825,.F.);
#2933 = ADVANCED_FACE('',(#2934),#1763,.F.);
#2934 = FACE_BOUND('',#2935,.F.);
#2935 = EDGE_LOOP('',(#2936,#2957,#2958,#2959));
#2936 = ORIENTED_EDGE('',*,*,#2937,.F.);
#2937 = EDGE_CURVE('',#1726,#2938,#2940,.T.);
#2938 = VERTEX_POINT('',#2939);
#2939 = CARTESIAN_POINT('',(16.87,-1.315,15.1));
#2940 = SEAM_CURVE('',#2941,(#2945,#2951),.PCURVE_S1.);
#2941 = LINE('',#2942,#2943);
#2942 = CARTESIAN_POINT('',(16.38,-1.315,15.59));
#2943 = VECTOR('',#2944,1.);
#2944 = DIRECTION('',(0.707106781187,0.,-0.707106781187));
#2945 = PCURVE('',#1763,#2946);
#2946 = DEFINITIONAL_REPRESENTATION('',(#2947),#2950);
#2947 = B_SPLINE_CURVE_WITH_KNOTS('',1,(#2948,#2949),.UNSPECIFIED.,.F.,
  .F.,(2,2),(0.,0.692964645563),.PIECEWISE_BEZIER_KNOTS.);
#2948 = CARTESIAN_POINT('',(0.,0.));
#2949 = CARTESIAN_POINT('',(0.,0.49));
#2950 = ( GEOMETRIC_REPRESENTATION_CONTEXT(2) 
PARAMETRIC_REPRESENTATION_CONTEXT() REPRESENTATION_CONTEXT('2D SPACE',''
  ) );
#2951 = PCURVE('',#1763,#2952);
#2952 = DEFINITIONAL_REPRESENTATION('',(#2953),#2956);
#2953 = B_SPLINE_CURVE_WITH_KNOTS('',1,(#2954,#2955),.UNSPECIFIED.,.F.,
  .F.,(2,2),(0.,0.692964645563),.PIECEWISE_BEZIER_KNOTS.);
#2954 = CARTESIAN_POINT('',(6.28318530718,0.));
#2955 = CARTESIAN_POINT('',(6.28318530718,0.49));
#2956 = ( GEOMETRIC_REPRESENTATION_CONTEXT(2) 
PARAMETRIC_REPRESENTATION_CONTEXT() REPRESENTATION_CONTEXT('2D SPACE',''
  ) );
#2957 = ORIENTED_EDGE('',*,*,#1748,.T.);
#2958 = ORIENTED_EDGE('',*,*,#2937,.T.);
#2959 = ORIENTED_EDGE('',*,*,#2960,.F.);
#2960 = EDGE_CURVE('',#2938,#2938,#2961,.T.);
#2961 = SURFACE_CURVE('',#2962,(#2967,#2974),.PCURVE_S1.);
#2962 = CIRCLE('',#2963,3.19);
#2963 = AXIS2_PLACEMENT_3D('',#2964,#2965,#2966);
#2964 = CARTESIAN_POINT('',(13.68,-1.315,15.1));
#2965 = DIRECTION('',(0.,0.,-1.));
#2966 = DIRECTION('',(1.,0.,0.));
#2967 = PCURVE('',#1763,#2968);
#2968 = DEFINITIONAL_REPRESENTATION('',(#2969),#2973);
#2969 = LINE('',#2970,#2971);
#2970 = CARTESIAN_POINT('',(0.,0.49));
#2971 = VECTOR('',#2972,1.);
#2972 = DIRECTION('',(1.,0.));
#2973 = ( GEOMETRIC_REPRESENTATION_CONTEXT(2) 
PARAMETRIC_REPRESENTATION_CONTEXT() REPRESENTATION_CONTEXT('2D SPACE',''
  ) );
#2974 = PCURVE('',#2975,#2980);
#2975 = PLANE('',#2976);
#2976 = AXIS2_PLACEMENT_3D('',#2977,#2978,#2979);
#2977 = CARTESIAN_POINT('',(-13.42,-1.315,15.1));
#2978 = DIRECTION('',(0.,0.,1.));
#2979 = DIRECTION('',(1.,0.,-0.));
#2980 = DEFINITIONAL_REPRESENTATION('',(#2981),#2989);
#2981 = ( BOUNDED_CURVE() B_SPLINE_CURVE(2,(#2982,#2983,#2984,#2985,
#2986,#2987,#2988),.UNSPECIFIED.,.T.,.F.) B_SPLINE_CURVE_WITH_KNOTS((1,2
    ,2,2,2,1),(-2.094395102393,0.,2.094395102393,4.188790204786,
6.28318530718,8.377580409573),.UNSPECIFIED.) CURVE() 
GEOMETRIC_REPRESENTATION_ITEM() RATIONAL_B_SPLINE_CURVE((1.,0.5,1.,0.5,
1.,0.5,1.)) REPRESENTATION_ITEM('') );
#2982 = CARTESIAN_POINT('',(30.29,-6.661338147751E-16));
#2983 = CARTESIAN_POINT('',(30.29,-5.525242076145));
#2984 = CARTESIAN_POINT('',(25.505,-2.762621038072));
#2985 = CARTESIAN_POINT('',(20.72,-1.447458472631E-15));
#2986 = CARTESIAN_POINT('',(25.505,2.762621038072));
#2987 = CARTESIAN_POINT('',(30.29,5.525242076145));
#2988 = CARTESIAN_POINT('',(30.29,-6.661338147751E-16));
#2989 = ( GEOMETRIC_REPRESENTATION_CONTEXT(2) 
PARAMETRIC_REPRESENTATION_CONTEXT() REPRESENTATION_CONTEXT('2D SPACE',''
  ) );
#2990 = ADVANCED_FACE('',(#2991),#1841,.T.);
#2991 = FACE_BOUND('',#2992,.T.);
#2992 = EDGE_LOOP('',(#2993,#2994,#3013,#3014));
#2993 = ORIENTED_EDGE('',*,*,#2052,.F.);
#2994 = ORIENTED_EDGE('',*,*,#2995,.F.);
#2995 = EDGE_CURVE('',#1857,#2032,#2996,.T.);
#2996 = SURFACE_CURVE('',#2997,(#3001,#3007),.PCURVE_S1.);
#2997 = LINE('',#2998,#2999);
#2998 = CARTESIAN_POINT('',(-5.8,4.130193349232,13.6));
#2999 = VECTOR('',#3000,1.);
#3000 = DIRECTION('',(0.,-1.,0.));
#3001 = PCURVE('',#1841,#3002);
#3002 = DEFINITIONAL_REPRESENTATION('',(#3003),#3006);
#3003 = B_SPLINE_CURVE_WITH_KNOTS('',1,(#3004,#3005),.UNSPECIFIED.,.F.,
  .F.,(2,2),(-5.469806650768,1.730193349232),.PIECEWISE_BEZIER_KNOTS.);
#3004 = CARTESIAN_POINT('',(0.,-37.8500003));
#3005 = CARTESIAN_POINT('',(7.2,-37.8500003));
#3006 = ( GEOMETRIC_REPRESENTATION_CONTEXT(2) 
PARAMETRIC_REPRESENTATION_CONTEXT() REPRESENTATION_CONTEXT('2D SPACE',''
  ) );
#3007 = PCURVE('',#1894,#3008);
#3008 = DEFINITIONAL_REPRESENTATION('',(#3009),#3012);
#3009 = B_SPLINE_CURVE_WITH_KNOTS('',1,(#3010,#3011),.UNSPECIFIED.,.F.,
  .F.,(2,2),(-5.469806650768,1.730193349232),.PIECEWISE_BEZIER_KNOTS.);
#3010 = CARTESIAN_POINT('',(-5.797878991594,10.939613301536));
#3011 = CARTESIAN_POINT('',(-5.797878991594,3.739613301536));
#3012 = ( GEOMETRIC_REPRESENTATION_CONTEXT(2) 
PARAMETRIC_REPRESENTATION_CONTEXT() REPRESENTATION_CONTEXT('2D SPACE',''
  ) );
#3013 = ORIENTED_EDGE('',*,*,#1856,.T.);
#3014 = ORIENTED_EDGE('',*,*,#1827,.F.);
#3015 = ADVANCED_FACE('',(#3016,#3837,#3840,#3871,#3902,#3996,#4027),
  #1894,.F.);
#3016 = FACE_BOUND('',#3017,.F.);
#3017 = EDGE_LOOP('',(#3018,#3048,#3081,#3110,#3143,#3171,#3204,#3233,
    #3266,#3294,#3327,#3356,#3389,#3417,#3450,#3479,#3512,#3540,#3569,
    #3597,#3630,#3659,#3692,#3720,#3749,#3782,#3810));
#3018 = ORIENTED_EDGE('',*,*,#3019,.T.);
#3019 = EDGE_CURVE('',#3020,#3022,#3024,.T.);
#3020 = VERTEX_POINT('',#3021);
#3021 = CARTESIAN_POINT('',(-11.33196588675,2.250701015138,13.6));
#3022 = VERTEX_POINT('',#3023);
#3023 = CARTESIAN_POINT('',(-17.32497660562,2.250000001368,13.6));
#3024 = SURFACE_CURVE('',#3025,(#3029,#3036),.PCURVE_S1.);
#3025 = LINE('',#3026,#3027);
#3026 = CARTESIAN_POINT('',(-11.33208360562,2.250701001368,13.6));
#3027 = VECTOR('',#3028,1.);
#3028 = DIRECTION('',(-0.999999993159,-1.169718857316E-04,0.));
#3029 = PCURVE('',#1894,#3030);
#3030 = DEFINITIONAL_REPRESENTATION('',(#3031),#3035);
#3031 = LINE('',#3032,#3033);
#3032 = CARTESIAN_POINT('',(-11.32996259721,3.590314302904));
#3033 = VECTOR('',#3034,1.);
#3034 = DIRECTION('',(-0.999999993159,-1.169718857316E-04));
#3035 = ( GEOMETRIC_REPRESENTATION_CONTEXT(2) 
PARAMETRIC_REPRESENTATION_CONTEXT() REPRESENTATION_CONTEXT('2D SPACE',''
  ) );
#3036 = PCURVE('',#3037,#3042);
#3037 = PLANE('',#3038);
#3038 = AXIS2_PLACEMENT_3D('',#3039,#3040,#3041);
#3039 = CARTESIAN_POINT('',(-11.33196588675,2.250701015138,12.));
#3040 = DIRECTION('',(1.169718857316E-04,-0.999999993159,0.));
#3041 = DIRECTION('',(-0.999999993159,-1.169718857316E-04,0.));
#3042 = DEFINITIONAL_REPRESENTATION('',(#3043),#3047);
#3043 = LINE('',#3044,#3045);
#3044 = CARTESIAN_POINT('',(1.177188734889E-04,-1.6));
#3045 = VECTOR('',#3046,1.);
#3046 = DIRECTION('',(1.,0.));
#3047 = ( GEOMETRIC_REPRESENTATION_CONTEXT(2) 
PARAMETRIC_REPRESENTATION_CONTEXT() REPRESENTATION_CONTEXT('2D SPACE',''
  ) );
#3048 = ORIENTED_EDGE('',*,*,#3049,.T.);
#3049 = EDGE_CURVE('',#3022,#3050,#3052,.T.);
#3050 = VERTEX_POINT('',#3051);
#3051 = CARTESIAN_POINT('',(-17.32500014941,2.25,13.6));
#3052 = SURFACE_CURVE('',#3053,(#3058,#3069),.PCURVE_S1.);
#3053 = CIRCLE('',#3054,0.2);
#3054 = AXIS2_PLACEMENT_3D('',#3055,#3056,#3057);
#3055 = CARTESIAN_POINT('',(-17.325,2.45,13.6));
#3056 = DIRECTION('',(0.,0.,-1.));
#3057 = DIRECTION('',(0.999999993159,1.169718857316E-04,0.));
#3058 = PCURVE('',#1894,#3059);
#3059 = DEFINITIONAL_REPRESENTATION('',(#3060),#3068);
#3060 = ( BOUNDED_CURVE() B_SPLINE_CURVE(2,(#3061,#3062,#3063,#3064,
#3065,#3066,#3067),.UNSPECIFIED.,.T.,.F.) B_SPLINE_CURVE_WITH_KNOTS((1,2
    ,2,2,2,1),(-2.094395102393,0.,2.094395102393,4.188790204786,
6.28318530718,8.377580409573),.UNSPECIFIED.) CURVE() 
GEOMETRIC_REPRESENTATION_ITEM() RATIONAL_B_SPLINE_CURVE((1.,0.5,1.,0.5,
1.,0.5,1.)) REPRESENTATION_ITEM('') );
#3061 = CARTESIAN_POINT('',(-17.12287899296,3.789636695913));
#3062 = CARTESIAN_POINT('',(-17.12283847271,3.443226536769));
#3063 = CARTESIAN_POINT('',(-17.42285873078,3.616396524775));
#3064 = CARTESIAN_POINT('',(-17.72287898885,3.789566512781));
#3065 = CARTESIAN_POINT('',(-17.42289925103,3.962806683919));
#3066 = CARTESIAN_POINT('',(-17.12291951321,4.136046855057));
#3067 = CARTESIAN_POINT('',(-17.12287899296,3.789636695913));
#3068 = ( GEOMETRIC_REPRESENTATION_CONTEXT(2) 
PARAMETRIC_REPRESENTATION_CONTEXT() REPRESENTATION_CONTEXT('2D SPACE',''
  ) );
#3069 = PCURVE('',#3070,#3075);
#3070 = CYLINDRICAL_SURFACE('',#3071,0.2);
#3071 = AXIS2_PLACEMENT_3D('',#3072,#3073,#3074);
#3072 = CARTESIAN_POINT('',(-17.325,2.45,12.));
#3073 = DIRECTION('',(0.,0.,-1.));
#3074 = DIRECTION('',(0.999999993159,1.169718857316E-04,0.));
#3075 = DEFINITIONAL_REPRESENTATION('',(#3076),#3080);
#3076 = LINE('',#3077,#3078);
#3077 = CARTESIAN_POINT('',(0.,-1.6));
#3078 = VECTOR('',#3079,1.);
#3079 = DIRECTION('',(1.,0.));
#3080 = ( GEOMETRIC_REPRESENTATION_CONTEXT(2) 
PARAMETRIC_REPRESENTATION_CONTEXT() REPRESENTATION_CONTEXT('2D SPACE',''
  ) );
#3081 = ORIENTED_EDGE('',*,*,#3082,.T.);
#3082 = EDGE_CURVE('',#3050,#3083,#3085,.T.);
#3083 = VERTEX_POINT('',#3084);
#3084 = CARTESIAN_POINT('',(-18.125,1.450000149415,13.6));
#3085 = SURFACE_CURVE('',#3086,(#3091,#3098),.PCURVE_S1.);
#3086 = CIRCLE('',#3087,0.799999252925);
#3087 = AXIS2_PLACEMENT_3D('',#3088,#3089,#3090);
#3088 = CARTESIAN_POINT('',(-17.32500074707,1.450000747075,13.6));
#3089 = DIRECTION('',(0.,-0.,1.));
#3090 = DIRECTION('',(7.470757350764E-07,1.,0.));
#3091 = PCURVE('',#1894,#3092);
#3092 = DEFINITIONAL_REPRESENTATION('',(#3093),#3097);
#3093 = CIRCLE('',#3094,0.799999252925);
#3094 = AXIS2_PLACEMENT_2D('',#3095,#3096);
#3095 = CARTESIAN_POINT('',(-17.32287973867,2.789614048611));
#3096 = DIRECTION('',(7.470757350764E-07,1.));
#3097 = ( GEOMETRIC_REPRESENTATION_CONTEXT(2) 
PARAMETRIC_REPRESENTATION_CONTEXT() REPRESENTATION_CONTEXT('2D SPACE',''
  ) );
#3098 = PCURVE('',#3099,#3104);
#3099 = CYLINDRICAL_SURFACE('',#3100,0.799999252925);
#3100 = AXIS2_PLACEMENT_3D('',#3101,#3102,#3103);
#3101 = CARTESIAN_POINT('',(-17.32500074707,1.450000747075,12.));
#3102 = DIRECTION('',(-0.,0.,-1.));
#3103 = DIRECTION('',(7.470757350764E-07,1.,0.));
#3104 = DEFINITIONAL_REPRESENTATION('',(#3105),#3109);
#3105 = LINE('',#3106,#3107);
#3106 = CARTESIAN_POINT('',(-0.,-1.6));
#3107 = VECTOR('',#3108,1.);
#3108 = DIRECTION('',(-1.,0.));
#3109 = ( GEOMETRIC_REPRESENTATION_CONTEXT(2) 
PARAMETRIC_REPRESENTATION_CONTEXT() REPRESENTATION_CONTEXT('2D SPACE',''
  ) );
#3110 = ORIENTED_EDGE('',*,*,#3111,.T.);
#3111 = EDGE_CURVE('',#3083,#3112,#3114,.T.);
#3112 = VERTEX_POINT('',#3113);
#3113 = CARTESIAN_POINT('',(-18.125,1.45,13.6));
#3114 = SURFACE_CURVE('',#3115,(#3120,#3131),.PCURVE_S1.);
#3115 = CIRCLE('',#3116,0.2);
#3116 = AXIS2_PLACEMENT_3D('',#3117,#3118,#3119);
#3117 = CARTESIAN_POINT('',(-18.325,1.45,13.6));
#3118 = DIRECTION('',(0.,0.,-1.));
#3119 = DIRECTION('',(-7.470757489561E-07,1.,0.));
#3120 = PCURVE('',#1894,#3121);
#3121 = DEFINITIONAL_REPRESENTATION('',(#3122),#3130);
#3122 = ( BOUNDED_CURVE() B_SPLINE_CURVE(2,(#3123,#3124,#3125,#3126,
#3127,#3128,#3129),.UNSPECIFIED.,.T.,.F.) B_SPLINE_CURVE_WITH_KNOTS((1,2
    ,2,2,2,1),(-2.094395102393,0.,2.094395102393,4.188790204786,
6.28318530718,8.377580409573),.UNSPECIFIED.) CURVE() 
GEOMETRIC_REPRESENTATION_ITEM() RATIONAL_B_SPLINE_CURVE((1.,0.5,1.,0.5,
1.,0.5,1.)) REPRESENTATION_ITEM('') );
#3123 = CARTESIAN_POINT('',(-18.32287914101,2.989613301536));
#3124 = CARTESIAN_POINT('',(-17.97646897949,2.98961356033));
#3125 = CARTESIAN_POINT('',(-18.14967383613,2.689613430933));
#3126 = CARTESIAN_POINT('',(-18.32287869276,2.389613301536));
#3127 = CARTESIAN_POINT('',(-18.49608399764,2.689613172138));
#3128 = CARTESIAN_POINT('',(-18.66928930252,2.989613042741));
#3129 = CARTESIAN_POINT('',(-18.32287914101,2.989613301536));
#3130 = ( GEOMETRIC_REPRESENTATION_CONTEXT(2) 
PARAMETRIC_REPRESENTATION_CONTEXT() REPRESENTATION_CONTEXT('2D SPACE',''
  ) );
#3131 = PCURVE('',#3132,#3137);
#3132 = CYLINDRICAL_SURFACE('',#3133,0.2);
#3133 = AXIS2_PLACEMENT_3D('',#3134,#3135,#3136);
#3134 = CARTESIAN_POINT('',(-18.325,1.45,12.));
#3135 = DIRECTION('',(0.,0.,-1.));
#3136 = DIRECTION('',(-7.470757489561E-07,1.,0.));
#3137 = DEFINITIONAL_REPRESENTATION('',(#3138),#3142);
#3138 = LINE('',#3139,#3140);
#3139 = CARTESIAN_POINT('',(0.,-1.6));
#3140 = VECTOR('',#3141,1.);
#3141 = DIRECTION('',(1.,0.));
#3142 = ( GEOMETRIC_REPRESENTATION_CONTEXT(2) 
PARAMETRIC_REPRESENTATION_CONTEXT() REPRESENTATION_CONTEXT('2D SPACE',''
  ) );
#3143 = ORIENTED_EDGE('',*,*,#3144,.T.);
#3144 = EDGE_CURVE('',#3112,#3145,#3147,.T.);
#3145 = VERTEX_POINT('',#3146);
#3146 = CARTESIAN_POINT('',(-18.125,-11.05,13.6));
#3147 = SURFACE_CURVE('',#3148,(#3152,#3159),.PCURVE_S1.);
#3148 = LINE('',#3149,#3150);
#3149 = CARTESIAN_POINT('',(-18.125,1.45,13.6));
#3150 = VECTOR('',#3151,1.);
#3151 = DIRECTION('',(-1.224646799147E-16,-1.,0.));
#3152 = PCURVE('',#1894,#3153);
#3153 = DEFINITIONAL_REPRESENTATION('',(#3154),#3158);
#3154 = LINE('',#3155,#3156);
#3155 = CARTESIAN_POINT('',(-18.12287899159,2.789613301536));
#3156 = VECTOR('',#3157,1.);
#3157 = DIRECTION('',(-1.224646799147E-16,-1.));
#3158 = ( GEOMETRIC_REPRESENTATION_CONTEXT(2) 
PARAMETRIC_REPRESENTATION_CONTEXT() REPRESENTATION_CONTEXT('2D SPACE',''
  ) );
#3159 = PCURVE('',#3160,#3165);
#3160 = PLANE('',#3161);
#3161 = AXIS2_PLACEMENT_3D('',#3162,#3163,#3164);
#3162 = CARTESIAN_POINT('',(-18.125,1.45,12.));
#3163 = DIRECTION('',(1.,-1.224646799147E-16,0.));
#3164 = DIRECTION('',(-1.224646799147E-16,-1.,0.));
#3165 = DEFINITIONAL_REPRESENTATION('',(#3166),#3170);
#3166 = LINE('',#3167,#3168);
#3167 = CARTESIAN_POINT('',(0.,-1.6));
#3168 = VECTOR('',#3169,1.);
#3169 = DIRECTION('',(1.,0.));
#3170 = ( GEOMETRIC_REPRESENTATION_CONTEXT(2) 
PARAMETRIC_REPRESENTATION_CONTEXT() REPRESENTATION_CONTEXT('2D SPACE',''
  ) );
#3171 = ORIENTED_EDGE('',*,*,#3172,.T.);
#3172 = EDGE_CURVE('',#3145,#3173,#3175,.T.);
#3173 = VERTEX_POINT('',#3174);
#3174 = CARTESIAN_POINT('',(-18.125,-11.05000014941,13.6));
#3175 = SURFACE_CURVE('',#3176,(#3181,#3192),.PCURVE_S1.);
#3176 = CIRCLE('',#3177,0.2);
#3177 = AXIS2_PLACEMENT_3D('',#3178,#3179,#3180);
#3178 = CARTESIAN_POINT('',(-18.325,-11.05,13.6));
#3179 = DIRECTION('',(0.,0.,-1.));
#3180 = DIRECTION('',(1.224646799147E-16,1.,0.));
#3181 = PCURVE('',#1894,#3182);
#3182 = DEFINITIONAL_REPRESENTATION('',(#3183),#3191);
#3183 = ( BOUNDED_CURVE() B_SPLINE_CURVE(2,(#3184,#3185,#3186,#3187,
#3188,#3189,#3190),.UNSPECIFIED.,.T.,.F.) B_SPLINE_CURVE_WITH_KNOTS((1,2
    ,2,2,2,1),(-2.094395102393,0.,2.094395102393,4.188790204786,
6.28318530718,8.377580409573),.UNSPECIFIED.) CURVE() 
GEOMETRIC_REPRESENTATION_ITEM() RATIONAL_B_SPLINE_CURVE((1.,0.5,1.,0.5,
1.,0.5,1.)) REPRESENTATION_ITEM('') );
#3184 = CARTESIAN_POINT('',(-18.32287899159,-9.510386698464));
#3185 = CARTESIAN_POINT('',(-17.97646883008,-9.510386698464));
#3186 = CARTESIAN_POINT('',(-18.14967391083,-9.810386698464));
#3187 = CARTESIAN_POINT('',(-18.32287899159,-10.11038669846));
#3188 = CARTESIAN_POINT('',(-18.49608407235,-9.810386698464));
#3189 = CARTESIAN_POINT('',(-18.6692891531,-9.510386698464));
#3190 = CARTESIAN_POINT('',(-18.32287899159,-9.510386698464));
#3191 = ( GEOMETRIC_REPRESENTATION_CONTEXT(2) 
PARAMETRIC_REPRESENTATION_CONTEXT() REPRESENTATION_CONTEXT('2D SPACE',''
  ) );
#3192 = PCURVE('',#3193,#3198);
#3193 = CYLINDRICAL_SURFACE('',#3194,0.2);
#3194 = AXIS2_PLACEMENT_3D('',#3195,#3196,#3197);
#3195 = CARTESIAN_POINT('',(-18.325,-11.05,12.));
#3196 = DIRECTION('',(0.,0.,-1.));
#3197 = DIRECTION('',(1.224646799147E-16,1.,0.));
#3198 = DEFINITIONAL_REPRESENTATION('',(#3199),#3203);
#3199 = LINE('',#3200,#3201);
#3200 = CARTESIAN_POINT('',(0.,-1.6));
#3201 = VECTOR('',#3202,1.);
#3202 = DIRECTION('',(1.,0.));
#3203 = ( GEOMETRIC_REPRESENTATION_CONTEXT(2) 
PARAMETRIC_REPRESENTATION_CONTEXT() REPRESENTATION_CONTEXT('2D SPACE',''
  ) );
#3204 = ORIENTED_EDGE('',*,*,#3205,.T.);
#3205 = EDGE_CURVE('',#3173,#3206,#3208,.T.);
#3206 = VERTEX_POINT('',#3207);
#3207 = CARTESIAN_POINT('',(-17.32500014941,-11.85,13.6));
#3208 = SURFACE_CURVE('',#3209,(#3214,#3221),.PCURVE_S1.);
#3209 = CIRCLE('',#3210,0.799999252925);
#3210 = AXIS2_PLACEMENT_3D('',#3211,#3212,#3213);
#3211 = CARTESIAN_POINT('',(-17.32500074707,-11.05000074707,13.6));
#3212 = DIRECTION('',(0.,0.,1.));
#3213 = DIRECTION('',(-1.,7.470757634981E-07,0.));
#3214 = PCURVE('',#1894,#3215);
#3215 = DEFINITIONAL_REPRESENTATION('',(#3216),#3220);
#3216 = CIRCLE('',#3217,0.799999252925);
#3217 = AXIS2_PLACEMENT_2D('',#3218,#3219);
#3218 = CARTESIAN_POINT('',(-17.32287973867,-9.71038744554));
#3219 = DIRECTION('',(-1.,7.470757634981E-07));
#3220 = ( GEOMETRIC_REPRESENTATION_CONTEXT(2) 
PARAMETRIC_REPRESENTATION_CONTEXT() REPRESENTATION_CONTEXT('2D SPACE',''
  ) );
#3221 = PCURVE('',#3222,#3227);
#3222 = CYLINDRICAL_SURFACE('',#3223,0.799999252925);
#3223 = AXIS2_PLACEMENT_3D('',#3224,#3225,#3226);
#3224 = CARTESIAN_POINT('',(-17.32500074707,-11.05000074707,12.));
#3225 = DIRECTION('',(-0.,-0.,-1.));
#3226 = DIRECTION('',(-1.,7.470757634981E-07,0.));
#3227 = DEFINITIONAL_REPRESENTATION('',(#3228),#3232);
#3228 = LINE('',#3229,#3230);
#3229 = CARTESIAN_POINT('',(-0.,-1.6));
#3230 = VECTOR('',#3231,1.);
#3231 = DIRECTION('',(-1.,0.));
#3232 = ( GEOMETRIC_REPRESENTATION_CONTEXT(2) 
PARAMETRIC_REPRESENTATION_CONTEXT() REPRESENTATION_CONTEXT('2D SPACE',''
  ) );
#3233 = ORIENTED_EDGE('',*,*,#3234,.T.);
#3234 = EDGE_CURVE('',#3206,#3235,#3237,.T.);
#3235 = VERTEX_POINT('',#3236);
#3236 = CARTESIAN_POINT('',(-17.325,-11.85,13.6));
#3237 = SURFACE_CURVE('',#3238,(#3243,#3254),.PCURVE_S1.);
#3238 = CIRCLE('',#3239,0.2);
#3239 = AXIS2_PLACEMENT_3D('',#3240,#3241,#3242);
#3240 = CARTESIAN_POINT('',(-17.325,-12.05,13.6));
#3241 = DIRECTION('',(-0.,0.,-1.));
#3242 = DIRECTION('',(-1.,-7.470757631669E-07,0.));
#3243 = PCURVE('',#1894,#3244);
#3244 = DEFINITIONAL_REPRESENTATION('',(#3245),#3253);
#3245 = ( BOUNDED_CURVE() B_SPLINE_CURVE(2,(#3246,#3247,#3248,#3249,
#3250,#3251,#3252),.UNSPECIFIED.,.T.,.F.) B_SPLINE_CURVE_WITH_KNOTS((1,2
    ,2,2,2,1),(-2.094395102393,0.,2.094395102393,4.188790204786,
6.28318530718,8.377580409573),.UNSPECIFIED.) CURVE() 
GEOMETRIC_REPRESENTATION_ITEM() RATIONAL_B_SPLINE_CURVE((1.,0.5,1.,0.5,
1.,0.5,1.)) REPRESENTATION_ITEM('') );
#3246 = CARTESIAN_POINT('',(-17.52287899159,-10.71038684788));
#3247 = CARTESIAN_POINT('',(-17.52287925038,-10.36397668636));
#3248 = CARTESIAN_POINT('',(-17.22287912099,-10.537181543));
#3249 = CARTESIAN_POINT('',(-16.92287899159,-10.71038639963));
#3250 = CARTESIAN_POINT('',(-17.22287886219,-10.88359170451));
#3251 = CARTESIAN_POINT('',(-17.5228787328,-11.05679700939));
#3252 = CARTESIAN_POINT('',(-17.52287899159,-10.71038684788));
#3253 = ( GEOMETRIC_REPRESENTATION_CONTEXT(2) 
PARAMETRIC_REPRESENTATION_CONTEXT() REPRESENTATION_CONTEXT('2D SPACE',''
  ) );
#3254 = PCURVE('',#3255,#3260);
#3255 = CYLINDRICAL_SURFACE('',#3256,0.2);
#3256 = AXIS2_PLACEMENT_3D('',#3257,#3258,#3259);
#3257 = CARTESIAN_POINT('',(-17.325,-12.05,12.));
#3258 = DIRECTION('',(-0.,0.,-1.));
#3259 = DIRECTION('',(-1.,-7.470757631669E-07,0.));
#3260 = DEFINITIONAL_REPRESENTATION('',(#3261),#3265);
#3261 = LINE('',#3262,#3263);
#3262 = CARTESIAN_POINT('',(0.,-1.6));
#3263 = VECTOR('',#3264,1.);
#3264 = DIRECTION('',(1.,0.));
#3265 = ( GEOMETRIC_REPRESENTATION_CONTEXT(2) 
PARAMETRIC_REPRESENTATION_CONTEXT() REPRESENTATION_CONTEXT('2D SPACE',''
  ) );
#3266 = ORIENTED_EDGE('',*,*,#3267,.T.);
#3267 = EDGE_CURVE('',#3235,#3268,#3270,.T.);
#3268 = VERTEX_POINT('',#3269);
#3269 = CARTESIAN_POINT('',(17.325,-11.85,13.6));
#3270 = SURFACE_CURVE('',#3271,(#3275,#3282),.PCURVE_S1.);
#3271 = LINE('',#3272,#3273);
#3272 = CARTESIAN_POINT('',(-17.325,-11.85,13.6));
#3273 = VECTOR('',#3274,1.);
#3274 = DIRECTION('',(1.,-1.224646799147E-16,-0.));
#3275 = PCURVE('',#1894,#3276);
#3276 = DEFINITIONAL_REPRESENTATION('',(#3277),#3281);
#3277 = LINE('',#3278,#3279);
#3278 = CARTESIAN_POINT('',(-17.32287899159,-10.51038669846));
#3279 = VECTOR('',#3280,1.);
#3280 = DIRECTION('',(1.,-1.224646799147E-16));
#3281 = ( GEOMETRIC_REPRESENTATION_CONTEXT(2) 
PARAMETRIC_REPRESENTATION_CONTEXT() REPRESENTATION_CONTEXT('2D SPACE',''
  ) );
#3282 = PCURVE('',#3283,#3288);
#3283 = PLANE('',#3284);
#3284 = AXIS2_PLACEMENT_3D('',#3285,#3286,#3287);
#3285 = CARTESIAN_POINT('',(-17.325,-11.85,12.));
#3286 = DIRECTION('',(1.224646799147E-16,1.,-0.));
#3287 = DIRECTION('',(1.,-1.224646799147E-16,0.));
#3288 = DEFINITIONAL_REPRESENTATION('',(#3289),#3293);
#3289 = LINE('',#3290,#3291);
#3290 = CARTESIAN_POINT('',(0.,-1.6));
#3291 = VECTOR('',#3292,1.);
#3292 = DIRECTION('',(1.,0.));
#3293 = ( GEOMETRIC_REPRESENTATION_CONTEXT(2) 
PARAMETRIC_REPRESENTATION_CONTEXT() REPRESENTATION_CONTEXT('2D SPACE',''
  ) );
#3294 = ORIENTED_EDGE('',*,*,#3295,.T.);
#3295 = EDGE_CURVE('',#3268,#3296,#3298,.T.);
#3296 = VERTEX_POINT('',#3297);
#3297 = CARTESIAN_POINT('',(17.325000149415,-11.85,13.6));
#3298 = SURFACE_CURVE('',#3299,(#3304,#3315),.PCURVE_S1.);
#3299 = CIRCLE('',#3300,0.2);
#3300 = AXIS2_PLACEMENT_3D('',#3301,#3302,#3303);
#3301 = CARTESIAN_POINT('',(17.325,-12.05,13.6));
#3302 = DIRECTION('',(0.,0.,-1.));
#3303 = DIRECTION('',(-1.,1.224646799147E-16,0.));
#3304 = PCURVE('',#1894,#3305);
#3305 = DEFINITIONAL_REPRESENTATION('',(#3306),#3314);
#3306 = ( BOUNDED_CURVE() B_SPLINE_CURVE(2,(#3307,#3308,#3309,#3310,
#3311,#3312,#3313),.UNSPECIFIED.,.T.,.F.) B_SPLINE_CURVE_WITH_KNOTS((1,2
    ,2,2,2,1),(-2.094395102393,0.,2.094395102393,4.188790204786,
6.28318530718,8.377580409573),.UNSPECIFIED.) CURVE() 
GEOMETRIC_REPRESENTATION_ITEM() RATIONAL_B_SPLINE_CURVE((1.,0.5,1.,0.5,
1.,0.5,1.)) REPRESENTATION_ITEM('') );
#3307 = CARTESIAN_POINT('',(17.127121008406,-10.71038669846));
#3308 = CARTESIAN_POINT('',(17.127121008406,-10.36397653695));
#3309 = CARTESIAN_POINT('',(17.427121008406,-10.5371816177));
#3310 = CARTESIAN_POINT('',(17.727121008406,-10.71038669846));
#3311 = CARTESIAN_POINT('',(17.427121008406,-10.88359177922));
#3312 = CARTESIAN_POINT('',(17.127121008406,-11.05679685997));
#3313 = CARTESIAN_POINT('',(17.127121008406,-10.71038669846));
#3314 = ( GEOMETRIC_REPRESENTATION_CONTEXT(2) 
PARAMETRIC_REPRESENTATION_CONTEXT() REPRESENTATION_CONTEXT('2D SPACE',''
  ) );
#3315 = PCURVE('',#3316,#3321);
#3316 = CYLINDRICAL_SURFACE('',#3317,0.2);
#3317 = AXIS2_PLACEMENT_3D('',#3318,#3319,#3320);
#3318 = CARTESIAN_POINT('',(17.325,-12.05,12.));
#3319 = DIRECTION('',(0.,0.,-1.));
#3320 = DIRECTION('',(-1.,1.224646799147E-16,0.));
#3321 = DEFINITIONAL_REPRESENTATION('',(#3322),#3326);
#3322 = LINE('',#3323,#3324);
#3323 = CARTESIAN_POINT('',(0.,-1.6));
#3324 = VECTOR('',#3325,1.);
#3325 = DIRECTION('',(1.,0.));
#3326 = ( GEOMETRIC_REPRESENTATION_CONTEXT(2) 
PARAMETRIC_REPRESENTATION_CONTEXT() REPRESENTATION_CONTEXT('2D SPACE',''
  ) );
#3327 = ORIENTED_EDGE('',*,*,#3328,.T.);
#3328 = EDGE_CURVE('',#3296,#3329,#3331,.T.);
#3329 = VERTEX_POINT('',#3330);
#3330 = CARTESIAN_POINT('',(18.125,-11.05000014941,13.6));
#3331 = SURFACE_CURVE('',#3332,(#3337,#3344),.PCURVE_S1.);
#3332 = CIRCLE('',#3333,0.799999252925);
#3333 = AXIS2_PLACEMENT_3D('',#3334,#3335,#3336);
#3334 = CARTESIAN_POINT('',(17.325000747075,-11.05000074707,13.6));
#3335 = DIRECTION('',(0.,0.,1.));
#3336 = DIRECTION('',(-7.470757634981E-07,-1.,0.));
#3337 = PCURVE('',#1894,#3338);
#3338 = DEFINITIONAL_REPRESENTATION('',(#3339),#3343);
#3339 = CIRCLE('',#3340,0.799999252925);
#3340 = AXIS2_PLACEMENT_2D('',#3341,#3342);
#3341 = CARTESIAN_POINT('',(17.327121755481,-9.71038744554));
#3342 = DIRECTION('',(-7.470757634981E-07,-1.));
#3343 = ( GEOMETRIC_REPRESENTATION_CONTEXT(2) 
PARAMETRIC_REPRESENTATION_CONTEXT() REPRESENTATION_CONTEXT('2D SPACE',''
  ) );
#3344 = PCURVE('',#3345,#3350);
#3345 = CYLINDRICAL_SURFACE('',#3346,0.799999252925);
#3346 = AXIS2_PLACEMENT_3D('',#3347,#3348,#3349);
#3347 = CARTESIAN_POINT('',(17.325000747075,-11.05000074707,12.));
#3348 = DIRECTION('',(-0.,-0.,-1.));
#3349 = DIRECTION('',(-7.470757634981E-07,-1.,0.));
#3350 = DEFINITIONAL_REPRESENTATION('',(#3351),#3355);
#3351 = LINE('',#3352,#3353);
#3352 = CARTESIAN_POINT('',(-0.,-1.6));
#3353 = VECTOR('',#3354,1.);
#3354 = DIRECTION('',(-1.,0.));
#3355 = ( GEOMETRIC_REPRESENTATION_CONTEXT(2) 
PARAMETRIC_REPRESENTATION_CONTEXT() REPRESENTATION_CONTEXT('2D SPACE',''
  ) );
#3356 = ORIENTED_EDGE('',*,*,#3357,.T.);
#3357 = EDGE_CURVE('',#3329,#3358,#3360,.T.);
#3358 = VERTEX_POINT('',#3359);
#3359 = CARTESIAN_POINT('',(18.125,-11.05,13.6));
#3360 = SURFACE_CURVE('',#3361,(#3366,#3377),.PCURVE_S1.);
#3361 = CIRCLE('',#3362,0.2);
#3362 = AXIS2_PLACEMENT_3D('',#3363,#3364,#3365);
#3363 = CARTESIAN_POINT('',(18.325,-11.05,13.6));
#3364 = DIRECTION('',(-0.,0.,-1.));
#3365 = DIRECTION('',(7.470757631669E-07,-1.,-0.));
#3366 = PCURVE('',#1894,#3367);
#3367 = DEFINITIONAL_REPRESENTATION('',(#3368),#3376);
#3368 = ( BOUNDED_CURVE() B_SPLINE_CURVE(2,(#3369,#3370,#3371,#3372,
#3373,#3374,#3375),.UNSPECIFIED.,.T.,.F.) B_SPLINE_CURVE_WITH_KNOTS((1,2
    ,2,2,2,1),(-2.094395102393,0.,2.094395102393,4.188790204786,
6.28318530718,8.377580409573),.UNSPECIFIED.) CURVE() 
GEOMETRIC_REPRESENTATION_ITEM() RATIONAL_B_SPLINE_CURVE((1.,0.5,1.,0.5,
1.,0.5,1.)) REPRESENTATION_ITEM('') );
#3369 = CARTESIAN_POINT('',(18.327121157821,-9.910386698464));
#3370 = CARTESIAN_POINT('',(17.980710996307,-9.910386957259));
#3371 = CARTESIAN_POINT('',(18.153915852941,-9.610386827862));
#3372 = CARTESIAN_POINT('',(18.327120709575,-9.310386698465));
#3373 = CARTESIAN_POINT('',(18.500326014455,-9.610386569067));
#3374 = CARTESIAN_POINT('',(18.673531319334,-9.91038643967));
#3375 = CARTESIAN_POINT('',(18.327121157821,-9.910386698464));
#3376 = ( GEOMETRIC_REPRESENTATION_CONTEXT(2) 
PARAMETRIC_REPRESENTATION_CONTEXT() REPRESENTATION_CONTEXT('2D SPACE',''
  ) );
#3377 = PCURVE('',#3378,#3383);
#3378 = CYLINDRICAL_SURFACE('',#3379,0.2);
#3379 = AXIS2_PLACEMENT_3D('',#3380,#3381,#3382);
#3380 = CARTESIAN_POINT('',(18.325,-11.05,12.));
#3381 = DIRECTION('',(-0.,0.,-1.));
#3382 = DIRECTION('',(7.470757631669E-07,-1.,-0.));
#3383 = DEFINITIONAL_REPRESENTATION('',(#3384),#3388);
#3384 = LINE('',#3385,#3386);
#3385 = CARTESIAN_POINT('',(0.,-1.6));
#3386 = VECTOR('',#3387,1.);
#3387 = DIRECTION('',(1.,0.));
#3388 = ( GEOMETRIC_REPRESENTATION_CONTEXT(2) 
PARAMETRIC_REPRESENTATION_CONTEXT() REPRESENTATION_CONTEXT('2D SPACE',''
  ) );
#3389 = ORIENTED_EDGE('',*,*,#3390,.T.);
#3390 = EDGE_CURVE('',#3358,#3391,#3393,.T.);
#3391 = VERTEX_POINT('',#3392);
#3392 = CARTESIAN_POINT('',(18.125,1.45,13.6));
#3393 = SURFACE_CURVE('',#3394,(#3398,#3405),.PCURVE_S1.);
#3394 = LINE('',#3395,#3396);
#3395 = CARTESIAN_POINT('',(18.125,-11.05,13.6));
#3396 = VECTOR('',#3397,1.);
#3397 = DIRECTION('',(1.224646799147E-16,1.,0.));
#3398 = PCURVE('',#1894,#3399);
#3399 = DEFINITIONAL_REPRESENTATION('',(#3400),#3404);
#3400 = LINE('',#3401,#3402);
#3401 = CARTESIAN_POINT('',(18.127121008406,-9.710386698464));
#3402 = VECTOR('',#3403,1.);
#3403 = DIRECTION('',(1.224646799147E-16,1.));
#3404 = ( GEOMETRIC_REPRESENTATION_CONTEXT(2) 
PARAMETRIC_REPRESENTATION_CONTEXT() REPRESENTATION_CONTEXT('2D SPACE',''
  ) );
#3405 = PCURVE('',#3406,#3411);
#3406 = PLANE('',#3407);
#3407 = AXIS2_PLACEMENT_3D('',#3408,#3409,#3410);
#3408 = CARTESIAN_POINT('',(18.125,-11.05,12.));
#3409 = DIRECTION('',(-1.,1.224646799147E-16,0.));
#3410 = DIRECTION('',(1.224646799147E-16,1.,0.));
#3411 = DEFINITIONAL_REPRESENTATION('',(#3412),#3416);
#3412 = LINE('',#3413,#3414);
#3413 = CARTESIAN_POINT('',(0.,-1.6));
#3414 = VECTOR('',#3415,1.);
#3415 = DIRECTION('',(1.,0.));
#3416 = ( GEOMETRIC_REPRESENTATION_CONTEXT(2) 
PARAMETRIC_REPRESENTATION_CONTEXT() REPRESENTATION_CONTEXT('2D SPACE',''
  ) );
#3417 = ORIENTED_EDGE('',*,*,#3418,.T.);
#3418 = EDGE_CURVE('',#3391,#3419,#3421,.T.);
#3419 = VERTEX_POINT('',#3420);
#3420 = CARTESIAN_POINT('',(18.125,1.450000149415,13.6));
#3421 = SURFACE_CURVE('',#3422,(#3427,#3438),.PCURVE_S1.);
#3422 = CIRCLE('',#3423,0.2);
#3423 = AXIS2_PLACEMENT_3D('',#3424,#3425,#3426);
#3424 = CARTESIAN_POINT('',(18.325,1.45,13.6));
#3425 = DIRECTION('',(-0.,0.,-1.));
#3426 = DIRECTION('',(-1.224646799147E-16,-1.,0.));
#3427 = PCURVE('',#1894,#3428);
#3428 = DEFINITIONAL_REPRESENTATION('',(#3429),#3437);
#3429 = ( BOUNDED_CURVE() B_SPLINE_CURVE(2,(#3430,#3431,#3432,#3433,
#3434,#3435,#3436),.UNSPECIFIED.,.T.,.F.) B_SPLINE_CURVE_WITH_KNOTS((1,2
    ,2,2,2,1),(-2.094395102393,0.,2.094395102393,4.188790204786,
6.28318530718,8.377580409573),.UNSPECIFIED.) CURVE() 
GEOMETRIC_REPRESENTATION_ITEM() RATIONAL_B_SPLINE_CURVE((1.,0.5,1.,0.5,
1.,0.5,1.)) REPRESENTATION_ITEM('') );
#3430 = CARTESIAN_POINT('',(18.327121008406,2.589613301536));
#3431 = CARTESIAN_POINT('',(17.980710846892,2.589613301536));
#3432 = CARTESIAN_POINT('',(18.153915927649,2.889613301536));
#3433 = CARTESIAN_POINT('',(18.327121008406,3.189613301536));
#3434 = CARTESIAN_POINT('',(18.500326089162,2.889613301536));
#3435 = CARTESIAN_POINT('',(18.673531169919,2.589613301536));
#3436 = CARTESIAN_POINT('',(18.327121008406,2.589613301536));
#3437 = ( GEOMETRIC_REPRESENTATION_CONTEXT(2) 
PARAMETRIC_REPRESENTATION_CONTEXT() REPRESENTATION_CONTEXT('2D SPACE',''
  ) );
#3438 = PCURVE('',#3439,#3444);
#3439 = CYLINDRICAL_SURFACE('',#3440,0.2);
#3440 = AXIS2_PLACEMENT_3D('',#3441,#3442,#3443);
#3441 = CARTESIAN_POINT('',(18.325,1.45,12.));
#3442 = DIRECTION('',(-0.,0.,-1.));
#3443 = DIRECTION('',(-1.224646799147E-16,-1.,0.));
#3444 = DEFINITIONAL_REPRESENTATION('',(#3445),#3449);
#3445 = LINE('',#3446,#3447);
#3446 = CARTESIAN_POINT('',(0.,-1.6));
#3447 = VECTOR('',#3448,1.);
#3448 = DIRECTION('',(1.,0.));
#3449 = ( GEOMETRIC_REPRESENTATION_CONTEXT(2) 
PARAMETRIC_REPRESENTATION_CONTEXT() REPRESENTATION_CONTEXT('2D SPACE',''
  ) );
#3450 = ORIENTED_EDGE('',*,*,#3451,.T.);
#3451 = EDGE_CURVE('',#3419,#3452,#3454,.T.);
#3452 = VERTEX_POINT('',#3453);
#3453 = CARTESIAN_POINT('',(17.325000149415,2.25,13.6));
#3454 = SURFACE_CURVE('',#3455,(#3460,#3467),.PCURVE_S1.);
#3455 = CIRCLE('',#3456,0.799999252925);
#3456 = AXIS2_PLACEMENT_3D('',#3457,#3458,#3459);
#3457 = CARTESIAN_POINT('',(17.325000747075,1.450000747075,13.6));
#3458 = DIRECTION('',(0.,-0.,1.));
#3459 = DIRECTION('',(1.,-7.470757492872E-07,-0.));
#3460 = PCURVE('',#1894,#3461);
#3461 = DEFINITIONAL_REPRESENTATION('',(#3462),#3466);
#3462 = CIRCLE('',#3463,0.799999252925);
#3463 = AXIS2_PLACEMENT_2D('',#3464,#3465);
#3464 = CARTESIAN_POINT('',(17.327121755481,2.789614048611));
#3465 = DIRECTION('',(1.,-7.470757492872E-07));
#3466 = ( GEOMETRIC_REPRESENTATION_CONTEXT(2) 
PARAMETRIC_REPRESENTATION_CONTEXT() REPRESENTATION_CONTEXT('2D SPACE',''
  ) );
#3467 = PCURVE('',#3468,#3473);
#3468 = CYLINDRICAL_SURFACE('',#3469,0.799999252925);
#3469 = AXIS2_PLACEMENT_3D('',#3470,#3471,#3472);
#3470 = CARTESIAN_POINT('',(17.325000747075,1.450000747075,12.));
#3471 = DIRECTION('',(-0.,0.,-1.));
#3472 = DIRECTION('',(1.,-7.470757492872E-07,-0.));
#3473 = DEFINITIONAL_REPRESENTATION('',(#3474),#3478);
#3474 = LINE('',#3475,#3476);
#3475 = CARTESIAN_POINT('',(-0.,-1.6));
#3476 = VECTOR('',#3477,1.);
#3477 = DIRECTION('',(-1.,0.));
#3478 = ( GEOMETRIC_REPRESENTATION_CONTEXT(2) 
PARAMETRIC_REPRESENTATION_CONTEXT() REPRESENTATION_CONTEXT('2D SPACE',''
  ) );
#3479 = ORIENTED_EDGE('',*,*,#3480,.T.);
#3480 = EDGE_CURVE('',#3452,#3481,#3483,.T.);
#3481 = VERTEX_POINT('',#3482);
#3482 = CARTESIAN_POINT('',(17.324796833337,2.250000103192,13.6));
#3483 = SURFACE_CURVE('',#3484,(#3489,#3500),.PCURVE_S1.);
#3484 = CIRCLE('',#3485,0.2);
#3485 = AXIS2_PLACEMENT_3D('',#3486,#3487,#3488);
#3486 = CARTESIAN_POINT('',(17.325,2.45,13.6));
#3487 = DIRECTION('',(0.,0.,-1.));
#3488 = DIRECTION('',(1.,7.470757489561E-07,0.));
#3489 = PCURVE('',#1894,#3490);
#3490 = DEFINITIONAL_REPRESENTATION('',(#3491),#3499);
#3491 = ( BOUNDED_CURVE() B_SPLINE_CURVE(2,(#3492,#3493,#3494,#3495,
#3496,#3497,#3498),.UNSPECIFIED.,.T.,.F.) B_SPLINE_CURVE_WITH_KNOTS((1,2
    ,2,2,2,1),(-2.094395102393,0.,2.094395102393,4.188790204786,
6.28318530718,8.377580409573),.UNSPECIFIED.) CURVE() 
GEOMETRIC_REPRESENTATION_ITEM() RATIONAL_B_SPLINE_CURVE((1.,0.5,1.,0.5,
1.,0.5,1.)) REPRESENTATION_ITEM('') );
#3492 = CARTESIAN_POINT('',(17.527121008406,3.789613450951));
#3493 = CARTESIAN_POINT('',(17.5271212672,3.443203289437));
#3494 = CARTESIAN_POINT('',(17.227121137803,3.616408146071));
#3495 = CARTESIAN_POINT('',(16.927121008406,3.789613002705));
#3496 = CARTESIAN_POINT('',(17.227120879008,3.962818307585));
#3497 = CARTESIAN_POINT('',(17.527120749611,4.136023612464));
#3498 = CARTESIAN_POINT('',(17.527121008406,3.789613450951));
#3499 = ( GEOMETRIC_REPRESENTATION_CONTEXT(2) 
PARAMETRIC_REPRESENTATION_CONTEXT() REPRESENTATION_CONTEXT('2D SPACE',''
  ) );
#3500 = PCURVE('',#3501,#3506);
#3501 = CYLINDRICAL_SURFACE('',#3502,0.2);
#3502 = AXIS2_PLACEMENT_3D('',#3503,#3504,#3505);
#3503 = CARTESIAN_POINT('',(17.325,2.45,12.));
#3504 = DIRECTION('',(0.,0.,-1.));
#3505 = DIRECTION('',(1.,7.470757489561E-07,0.));
#3506 = DEFINITIONAL_REPRESENTATION('',(#3507),#3511);
#3507 = LINE('',#3508,#3509);
#3508 = CARTESIAN_POINT('',(0.,-1.6));
#3509 = VECTOR('',#3510,1.);
#3510 = DIRECTION('',(1.,0.));
#3511 = ( GEOMETRIC_REPRESENTATION_CONTEXT(2) 
PARAMETRIC_REPRESENTATION_CONTEXT() REPRESENTATION_CONTEXT('2D SPACE',''
  ) );
#3512 = ORIENTED_EDGE('',*,*,#3513,.T.);
#3513 = EDGE_CURVE('',#3481,#3514,#3516,.T.);
#3514 = VERTEX_POINT('',#3515);
#3515 = CARTESIAN_POINT('',(11.32489686094,2.256095004628,13.6));
#3516 = SURFACE_CURVE('',#3517,(#3521,#3528),.PCURVE_S1.);
#3517 = LINE('',#3518,#3519);
#3518 = CARTESIAN_POINT('',(17.324796833337,2.250000103192,13.6));
#3519 = VECTOR('',#3520,1.);
#3520 = DIRECTION('',(-0.999999484041,1.015833317122E-03,0.));
#3521 = PCURVE('',#1894,#3522);
#3522 = DEFINITIONAL_REPRESENTATION('',(#3523),#3527);
#3523 = LINE('',#3524,#3525);
#3524 = CARTESIAN_POINT('',(17.326917841742,3.589613404727));
#3525 = VECTOR('',#3526,1.);
#3526 = DIRECTION('',(-0.999999484041,1.015833317122E-03));
#3527 = ( GEOMETRIC_REPRESENTATION_CONTEXT(2) 
PARAMETRIC_REPRESENTATION_CONTEXT() REPRESENTATION_CONTEXT('2D SPACE',''
  ) );
#3528 = PCURVE('',#3529,#3534);
#3529 = PLANE('',#3530);
#3530 = AXIS2_PLACEMENT_3D('',#3531,#3532,#3533);
#3531 = CARTESIAN_POINT('',(17.324796833337,2.250000103192,12.));
#3532 = DIRECTION('',(-1.015833317122E-03,-0.999999484041,0.));
#3533 = DIRECTION('',(-0.999999484041,1.015833317122E-03,0.));
#3534 = DEFINITIONAL_REPRESENTATION('',(#3535),#3539);
#3535 = LINE('',#3536,#3537);
#3536 = CARTESIAN_POINT('',(0.,-1.6));
#3537 = VECTOR('',#3538,1.);
#3538 = DIRECTION('',(1.,0.));
#3539 = ( GEOMETRIC_REPRESENTATION_CONTEXT(2) 
PARAMETRIC_REPRESENTATION_CONTEXT() REPRESENTATION_CONTEXT('2D SPACE',''
  ) );
#3540 = ORIENTED_EDGE('',*,*,#3541,.F.);
#3541 = EDGE_CURVE('',#3542,#3514,#3544,.T.);
#3542 = VERTEX_POINT('',#3543);
#3543 = CARTESIAN_POINT('',(10.125003,3.456094252925,13.6));
#3544 = SURFACE_CURVE('',#3545,(#3550,#3557),.PCURVE_S1.);
#3545 = CIRCLE('',#3546,1.199999252925);
#3546 = AXIS2_PLACEMENT_3D('',#3547,#3548,#3549);
#3547 = CARTESIAN_POINT('',(11.325002252925,3.456094252925,13.6));
#3548 = DIRECTION('',(0.,0.,1.));
#3549 = DIRECTION('',(-1.,7.470757634981E-07,0.));
#3550 = PCURVE('',#1894,#3551);
#3551 = DEFINITIONAL_REPRESENTATION('',(#3552),#3556);
#3552 = CIRCLE('',#3553,1.199999252925);
#3553 = AXIS2_PLACEMENT_2D('',#3554,#3555);
#3554 = CARTESIAN_POINT('',(11.32712326133,4.79570755446));
#3555 = DIRECTION('',(-1.,7.470757634981E-07));
#3556 = ( GEOMETRIC_REPRESENTATION_CONTEXT(2) 
PARAMETRIC_REPRESENTATION_CONTEXT() REPRESENTATION_CONTEXT('2D SPACE',''
  ) );
#3557 = PCURVE('',#3558,#3563);
#3558 = CYLINDRICAL_SURFACE('',#3559,1.199999252925);
#3559 = AXIS2_PLACEMENT_3D('',#3560,#3561,#3562);
#3560 = CARTESIAN_POINT('',(11.325002252925,3.456094252925,12.));
#3561 = DIRECTION('',(-0.,-0.,-1.));
#3562 = DIRECTION('',(-1.,7.470757634981E-07,0.));
#3563 = DEFINITIONAL_REPRESENTATION('',(#3564),#3568);
#3564 = LINE('',#3565,#3566);
#3565 = CARTESIAN_POINT('',(-0.,-1.6));
#3566 = VECTOR('',#3567,1.);
#3567 = DIRECTION('',(-1.,0.));
#3568 = ( GEOMETRIC_REPRESENTATION_CONTEXT(2) 
PARAMETRIC_REPRESENTATION_CONTEXT() REPRESENTATION_CONTEXT('2D SPACE',''
  ) );
#3569 = ORIENTED_EDGE('',*,*,#3570,.T.);
#3570 = EDGE_CURVE('',#3542,#3571,#3573,.T.);
#3571 = VERTEX_POINT('',#3572);
#3572 = CARTESIAN_POINT('',(10.125003,11.048993,13.6));
#3573 = SURFACE_CURVE('',#3574,(#3578,#3585),.PCURVE_S1.);
#3574 = LINE('',#3575,#3576);
#3575 = CARTESIAN_POINT('',(10.125003,3.456095,13.6));
#3576 = VECTOR('',#3577,1.);
#3577 = DIRECTION('',(2.339497829946E-16,1.,0.));
#3578 = PCURVE('',#1894,#3579);
#3579 = DEFINITIONAL_REPRESENTATION('',(#3580),#3584);
#3580 = LINE('',#3581,#3582);
#3581 = CARTESIAN_POINT('',(10.127124008406,4.795708301536));
#3582 = VECTOR('',#3583,1.);
#3583 = DIRECTION('',(2.339497829946E-16,1.));
#3584 = ( GEOMETRIC_REPRESENTATION_CONTEXT(2) 
PARAMETRIC_REPRESENTATION_CONTEXT() REPRESENTATION_CONTEXT('2D SPACE',''
  ) );
#3585 = PCURVE('',#3586,#3591);
#3586 = PLANE('',#3587);
#3587 = AXIS2_PLACEMENT_3D('',#3588,#3589,#3590);
#3588 = CARTESIAN_POINT('',(10.125003,3.456094252925,12.));
#3589 = DIRECTION('',(-1.,2.339497829946E-16,0.));
#3590 = DIRECTION('',(2.339497829946E-16,1.,0.));
#3591 = DEFINITIONAL_REPRESENTATION('',(#3592),#3596);
#3592 = LINE('',#3593,#3594);
#3593 = CARTESIAN_POINT('',(7.4707520481E-07,-1.6));
#3594 = VECTOR('',#3595,1.);
#3595 = DIRECTION('',(1.,0.));
#3596 = ( GEOMETRIC_REPRESENTATION_CONTEXT(2) 
PARAMETRIC_REPRESENTATION_CONTEXT() REPRESENTATION_CONTEXT('2D SPACE',''
  ) );
#3597 = ORIENTED_EDGE('',*,*,#3598,.T.);
#3598 = EDGE_CURVE('',#3571,#3599,#3601,.T.);
#3599 = VERTEX_POINT('',#3600);
#3600 = CARTESIAN_POINT('',(10.125003,11.048993149415,13.6));
#3601 = SURFACE_CURVE('',#3602,(#3607,#3618),.PCURVE_S1.);
#3602 = CIRCLE('',#3603,0.2);
#3603 = AXIS2_PLACEMENT_3D('',#3604,#3605,#3606);
#3604 = CARTESIAN_POINT('',(10.325003,11.048993,13.6));
#3605 = DIRECTION('',(-0.,0.,-1.));
#3606 = DIRECTION('',(-2.339497829946E-16,-1.,0.));
#3607 = PCURVE('',#1894,#3608);
#3608 = DEFINITIONAL_REPRESENTATION('',(#3609),#3617);
#3609 = ( BOUNDED_CURVE() B_SPLINE_CURVE(2,(#3610,#3611,#3612,#3613,
#3614,#3615,#3616),.UNSPECIFIED.,.T.,.F.) B_SPLINE_CURVE_WITH_KNOTS((1,2
    ,2,2,2,1),(-2.094395102393,0.,2.094395102393,4.188790204786,
6.28318530718,8.377580409573),.UNSPECIFIED.) CURVE() 
GEOMETRIC_REPRESENTATION_ITEM() RATIONAL_B_SPLINE_CURVE((1.,0.5,1.,0.5,
1.,0.5,1.)) REPRESENTATION_ITEM('') );
#3610 = CARTESIAN_POINT('',(10.327124008406,12.188606301536));
#3611 = CARTESIAN_POINT('',(9.980713846892,12.188606301536));
#3612 = CARTESIAN_POINT('',(10.153918927649,12.488606301536));
#3613 = CARTESIAN_POINT('',(10.327124008406,12.788606301536));
#3614 = CARTESIAN_POINT('',(10.500329089162,12.488606301536));
#3615 = CARTESIAN_POINT('',(10.673534169919,12.188606301536));
#3616 = CARTESIAN_POINT('',(10.327124008406,12.188606301536));
#3617 = ( GEOMETRIC_REPRESENTATION_CONTEXT(2) 
PARAMETRIC_REPRESENTATION_CONTEXT() REPRESENTATION_CONTEXT('2D SPACE',''
  ) );
#3618 = PCURVE('',#3619,#3624);
#3619 = CYLINDRICAL_SURFACE('',#3620,0.2);
#3620 = AXIS2_PLACEMENT_3D('',#3621,#3622,#3623);
#3621 = CARTESIAN_POINT('',(10.325003,11.048993,12.));
#3622 = DIRECTION('',(-0.,0.,-1.));
#3623 = DIRECTION('',(-2.339497829946E-16,-1.,0.));
#3624 = DEFINITIONAL_REPRESENTATION('',(#3625),#3629);
#3625 = LINE('',#3626,#3627);
#3626 = CARTESIAN_POINT('',(0.,-1.6));
#3627 = VECTOR('',#3628,1.);
#3628 = DIRECTION('',(1.,0.));
#3629 = ( GEOMETRIC_REPRESENTATION_CONTEXT(2) 
PARAMETRIC_REPRESENTATION_CONTEXT() REPRESENTATION_CONTEXT('2D SPACE',''
  ) );
#3630 = ORIENTED_EDGE('',*,*,#3631,.T.);
#3631 = EDGE_CURVE('',#3599,#3632,#3634,.T.);
#3632 = VERTEX_POINT('',#3633);
#3633 = CARTESIAN_POINT('',(9.325003149415,11.848993,13.6));
#3634 = SURFACE_CURVE('',#3635,(#3640,#3647),.PCURVE_S1.);
#3635 = CIRCLE('',#3636,0.799999252925);
#3636 = AXIS2_PLACEMENT_3D('',#3637,#3638,#3639);
#3637 = CARTESIAN_POINT('',(9.325003747075,11.048993747075,13.6));
#3638 = DIRECTION('',(0.,-0.,1.));
#3639 = DIRECTION('',(1.,-7.470757634981E-07,-0.));
#3640 = PCURVE('',#1894,#3641);
#3641 = DEFINITIONAL_REPRESENTATION('',(#3642),#3646);
#3642 = CIRCLE('',#3643,0.799999252925);
#3643 = AXIS2_PLACEMENT_2D('',#3644,#3645);
#3644 = CARTESIAN_POINT('',(9.327124755481,12.388607048611));
#3645 = DIRECTION('',(1.,-7.470757634981E-07));
#3646 = ( GEOMETRIC_REPRESENTATION_CONTEXT(2) 
PARAMETRIC_REPRESENTATION_CONTEXT() REPRESENTATION_CONTEXT('2D SPACE',''
  ) );
#3647 = PCURVE('',#3648,#3653);
#3648 = CYLINDRICAL_SURFACE('',#3649,0.799999252925);
#3649 = AXIS2_PLACEMENT_3D('',#3650,#3651,#3652);
#3650 = CARTESIAN_POINT('',(9.325003747075,11.048993747075,12.));
#3651 = DIRECTION('',(-0.,0.,-1.));
#3652 = DIRECTION('',(1.,-7.470757634981E-07,-0.));
#3653 = DEFINITIONAL_REPRESENTATION('',(#3654),#3658);
#3654 = LINE('',#3655,#3656);
#3655 = CARTESIAN_POINT('',(-0.,-1.6));
#3656 = VECTOR('',#3657,1.);
#3657 = DIRECTION('',(-1.,0.));
#3658 = ( GEOMETRIC_REPRESENTATION_CONTEXT(2) 
PARAMETRIC_REPRESENTATION_CONTEXT() REPRESENTATION_CONTEXT('2D SPACE',''
  ) );
#3659 = ORIENTED_EDGE('',*,*,#3660,.T.);
#3660 = EDGE_CURVE('',#3632,#3661,#3663,.T.);
#3661 = VERTEX_POINT('',#3662);
#3662 = CARTESIAN_POINT('',(9.324992205188,11.848993000291,13.6));
#3663 = SURFACE_CURVE('',#3664,(#3669,#3680),.PCURVE_S1.);
#3664 = CIRCLE('',#3665,0.2);
#3665 = AXIS2_PLACEMENT_3D('',#3666,#3667,#3668);
#3666 = CARTESIAN_POINT('',(9.325003,12.048993,13.6));
#3667 = DIRECTION('',(0.,0.,-1.));
#3668 = DIRECTION('',(1.,7.470757631669E-07,0.));
#3669 = PCURVE('',#1894,#3670);
#3670 = DEFINITIONAL_REPRESENTATION('',(#3671),#3679);
#3671 = ( BOUNDED_CURVE() B_SPLINE_CURVE(2,(#3672,#3673,#3674,#3675,
#3676,#3677,#3678),.UNSPECIFIED.,.T.,.F.) B_SPLINE_CURVE_WITH_KNOTS((1,2
    ,2,2,2,1),(-2.094395102393,0.,2.094395102393,4.188790204786,
6.28318530718,8.377580409573),.UNSPECIFIED.) CURVE() 
GEOMETRIC_REPRESENTATION_ITEM() RATIONAL_B_SPLINE_CURVE((1.,0.5,1.,0.5,
1.,0.5,1.)) REPRESENTATION_ITEM('') );
#3672 = CARTESIAN_POINT('',(9.527124008406,13.388606450951));
#3673 = CARTESIAN_POINT('',(9.5271242672,13.042196289437));
#3674 = CARTESIAN_POINT('',(9.227124137803,13.215401146071));
#3675 = CARTESIAN_POINT('',(8.927124008406,13.388606002705));
#3676 = CARTESIAN_POINT('',(9.227123879008,13.561811307585));
#3677 = CARTESIAN_POINT('',(9.527123749611,13.735016612464));
#3678 = CARTESIAN_POINT('',(9.527124008406,13.388606450951));
#3679 = ( GEOMETRIC_REPRESENTATION_CONTEXT(2) 
PARAMETRIC_REPRESENTATION_CONTEXT() REPRESENTATION_CONTEXT('2D SPACE',''
  ) );
#3680 = PCURVE('',#3681,#3686);
#3681 = CYLINDRICAL_SURFACE('',#3682,0.2);
#3682 = AXIS2_PLACEMENT_3D('',#3683,#3684,#3685);
#3683 = CARTESIAN_POINT('',(9.325003,12.048993,12.));
#3684 = DIRECTION('',(0.,0.,-1.));
#3685 = DIRECTION('',(1.,7.470757631669E-07,0.));
#3686 = DEFINITIONAL_REPRESENTATION('',(#3687),#3691);
#3687 = LINE('',#3688,#3689);
#3688 = CARTESIAN_POINT('',(0.,-1.6));
#3689 = VECTOR('',#3690,1.);
#3690 = DIRECTION('',(1.,0.));
#3691 = ( GEOMETRIC_REPRESENTATION_CONTEXT(2) 
PARAMETRIC_REPRESENTATION_CONTEXT() REPRESENTATION_CONTEXT('2D SPACE',''
  ) );
#3692 = ORIENTED_EDGE('',*,*,#3693,.T.);
#3693 = EDGE_CURVE('',#3661,#3694,#3696,.T.);
#3694 = VERTEX_POINT('',#3695);
#3695 = CARTESIAN_POINT('',(-9.332064567867,11.849999997418,13.6));
#3696 = SURFACE_CURVE('',#3697,(#3701,#3708),.PCURVE_S1.);
#3697 = LINE('',#3698,#3699);
#3698 = CARTESIAN_POINT('',(9.324992205188,11.848993000291,13.6));
#3699 = VECTOR('',#3700,1.);
#3700 = DIRECTION('',(-0.999999998543,5.397406128484E-05,0.));
#3701 = PCURVE('',#1894,#3702);
#3702 = DEFINITIONAL_REPRESENTATION('',(#3703),#3707);
#3703 = LINE('',#3704,#3705);
#3704 = CARTESIAN_POINT('',(9.327113213593,13.188606301827));
#3705 = VECTOR('',#3706,1.);
#3706 = DIRECTION('',(-0.999999998543,5.397406128484E-05));
#3707 = ( GEOMETRIC_REPRESENTATION_CONTEXT(2) 
PARAMETRIC_REPRESENTATION_CONTEXT() REPRESENTATION_CONTEXT('2D SPACE',''
  ) );
#3708 = PCURVE('',#3709,#3714);
#3709 = PLANE('',#3710);
#3710 = AXIS2_PLACEMENT_3D('',#3711,#3712,#3713);
#3711 = CARTESIAN_POINT('',(9.324992205188,11.848993000291,12.));
#3712 = DIRECTION('',(-5.397406128484E-05,-0.999999998543,0.));
#3713 = DIRECTION('',(-0.999999998543,5.397406128484E-05,0.));
#3714 = DEFINITIONAL_REPRESENTATION('',(#3715),#3719);
#3715 = LINE('',#3716,#3717);
#3716 = CARTESIAN_POINT('',(0.,-1.6));
#3717 = VECTOR('',#3718,1.);
#3718 = DIRECTION('',(1.,0.));
#3719 = ( GEOMETRIC_REPRESENTATION_CONTEXT(2) 
PARAMETRIC_REPRESENTATION_CONTEXT() REPRESENTATION_CONTEXT('2D SPACE',''
  ) );
#3720 = ORIENTED_EDGE('',*,*,#3721,.T.);
#3721 = EDGE_CURVE('',#3694,#3722,#3724,.T.);
#3722 = VERTEX_POINT('',#3723);
#3723 = CARTESIAN_POINT('',(-10.132107,11.050000149415,13.6));
#3724 = SURFACE_CURVE('',#3725,(#3730,#3737),.PCURVE_S1.);
#3725 = CIRCLE('',#3726,0.799999252925);
#3726 = AXIS2_PLACEMENT_3D('',#3727,#3728,#3729);
#3727 = CARTESIAN_POINT('',(-9.332107747075,11.050000747075,13.6));
#3728 = DIRECTION('',(0.,-0.,1.));
#3729 = DIRECTION('',(7.470757634981E-07,1.,0.));
#3730 = PCURVE('',#1894,#3731);
#3731 = DEFINITIONAL_REPRESENTATION('',(#3732),#3736);
#3732 = CIRCLE('',#3733,0.799999252925);
#3733 = AXIS2_PLACEMENT_2D('',#3734,#3735);
#3734 = CARTESIAN_POINT('',(-9.32998673867,12.389614048611));
#3735 = DIRECTION('',(7.470757634981E-07,1.));
#3736 = ( GEOMETRIC_REPRESENTATION_CONTEXT(2) 
PARAMETRIC_REPRESENTATION_CONTEXT() REPRESENTATION_CONTEXT('2D SPACE',''
  ) );
#3737 = PCURVE('',#3738,#3743);
#3738 = CYLINDRICAL_SURFACE('',#3739,0.799999252925);
#3739 = AXIS2_PLACEMENT_3D('',#3740,#3741,#3742);
#3740 = CARTESIAN_POINT('',(-9.332107747075,11.050000747075,12.));
#3741 = DIRECTION('',(-0.,0.,-1.));
#3742 = DIRECTION('',(7.470757634981E-07,1.,0.));
#3743 = DEFINITIONAL_REPRESENTATION('',(#3744),#3748);
#3744 = LINE('',#3745,#3746);
#3745 = CARTESIAN_POINT('',(-0.,-1.6));
#3746 = VECTOR('',#3747,1.);
#3747 = DIRECTION('',(-1.,0.));
#3748 = ( GEOMETRIC_REPRESENTATION_CONTEXT(2) 
PARAMETRIC_REPRESENTATION_CONTEXT() REPRESENTATION_CONTEXT('2D SPACE',''
  ) );
#3749 = ORIENTED_EDGE('',*,*,#3750,.T.);
#3750 = EDGE_CURVE('',#3722,#3751,#3753,.T.);
#3751 = VERTEX_POINT('',#3752);
#3752 = CARTESIAN_POINT('',(-10.132107,11.05,13.6));
#3753 = SURFACE_CURVE('',#3754,(#3759,#3770),.PCURVE_S1.);
#3754 = CIRCLE('',#3755,0.2);
#3755 = AXIS2_PLACEMENT_3D('',#3756,#3757,#3758);
#3756 = CARTESIAN_POINT('',(-10.332107,11.05,13.6));
#3757 = DIRECTION('',(0.,0.,-1.));
#3758 = DIRECTION('',(-7.470757631669E-07,1.,0.));
#3759 = PCURVE('',#1894,#3760);
#3760 = DEFINITIONAL_REPRESENTATION('',(#3761),#3769);
#3761 = ( BOUNDED_CURVE() B_SPLINE_CURVE(2,(#3762,#3763,#3764,#3765,
#3766,#3767,#3768),.UNSPECIFIED.,.T.,.F.) B_SPLINE_CURVE_WITH_KNOTS((1,2
    ,2,2,2,1),(-2.094395102393,0.,2.094395102393,4.188790204786,
6.28318530718,8.377580409573),.UNSPECIFIED.) CURVE() 
GEOMETRIC_REPRESENTATION_ITEM() RATIONAL_B_SPLINE_CURVE((1.,0.5,1.,0.5,
1.,0.5,1.)) REPRESENTATION_ITEM('') );
#3762 = CARTESIAN_POINT('',(-10.32998614101,12.589613301536));
#3763 = CARTESIAN_POINT('',(-9.983575979496,12.58961356033));
#3764 = CARTESIAN_POINT('',(-10.15678083613,12.289613430933));
#3765 = CARTESIAN_POINT('',(-10.32998569276,11.989613301536));
#3766 = CARTESIAN_POINT('',(-10.50319099764,12.289613172138));
#3767 = CARTESIAN_POINT('',(-10.67639630252,12.589613042741));
#3768 = CARTESIAN_POINT('',(-10.32998614101,12.589613301536));
#3769 = ( GEOMETRIC_REPRESENTATION_CONTEXT(2) 
PARAMETRIC_REPRESENTATION_CONTEXT() REPRESENTATION_CONTEXT('2D SPACE',''
  ) );
#3770 = PCURVE('',#3771,#3776);
#3771 = CYLINDRICAL_SURFACE('',#3772,0.2);
#3772 = AXIS2_PLACEMENT_3D('',#3773,#3774,#3775);
#3773 = CARTESIAN_POINT('',(-10.332107,11.05,12.));
#3774 = DIRECTION('',(0.,0.,-1.));
#3775 = DIRECTION('',(-7.470757631669E-07,1.,0.));
#3776 = DEFINITIONAL_REPRESENTATION('',(#3777),#3781);
#3777 = LINE('',#3778,#3779);
#3778 = CARTESIAN_POINT('',(0.,-1.6));
#3779 = VECTOR('',#3780,1.);
#3780 = DIRECTION('',(1.,0.));
#3781 = ( GEOMETRIC_REPRESENTATION_CONTEXT(2) 
PARAMETRIC_REPRESENTATION_CONTEXT() REPRESENTATION_CONTEXT('2D SPACE',''
  ) );
#3782 = ORIENTED_EDGE('',*,*,#3783,.T.);
#3783 = EDGE_CURVE('',#3751,#3784,#3786,.T.);
#3784 = VERTEX_POINT('',#3785);
#3785 = CARTESIAN_POINT('',(-10.132107,3.450700252925,13.6));
#3786 = SURFACE_CURVE('',#3787,(#3791,#3798),.PCURVE_S1.);
#3787 = LINE('',#3788,#3789);
#3788 = CARTESIAN_POINT('',(-10.132107,11.05,13.6));
#3789 = VECTOR('',#3790,1.);
#3790 = DIRECTION('',(-1.224646799147E-16,-1.,0.));
#3791 = PCURVE('',#1894,#3792);
#3792 = DEFINITIONAL_REPRESENTATION('',(#3793),#3797);
#3793 = LINE('',#3794,#3795);
#3794 = CARTESIAN_POINT('',(-10.12998599159,12.389613301536));
#3795 = VECTOR('',#3796,1.);
#3796 = DIRECTION('',(-1.224646799147E-16,-1.));
#3797 = ( GEOMETRIC_REPRESENTATION_CONTEXT(2) 
PARAMETRIC_REPRESENTATION_CONTEXT() REPRESENTATION_CONTEXT('2D SPACE',''
  ) );
#3798 = PCURVE('',#3799,#3804);
#3799 = PLANE('',#3800);
#3800 = AXIS2_PLACEMENT_3D('',#3801,#3802,#3803);
#3801 = CARTESIAN_POINT('',(-10.132107,11.05,12.));
#3802 = DIRECTION('',(1.,-1.224646799147E-16,0.));
#3803 = DIRECTION('',(-1.224646799147E-16,-1.,0.));
#3804 = DEFINITIONAL_REPRESENTATION('',(#3805),#3809);
#3805 = LINE('',#3806,#3807);
#3806 = CARTESIAN_POINT('',(0.,-1.6));
#3807 = VECTOR('',#3808,1.);
#3808 = DIRECTION('',(1.,0.));
#3809 = ( GEOMETRIC_REPRESENTATION_CONTEXT(2) 
PARAMETRIC_REPRESENTATION_CONTEXT() REPRESENTATION_CONTEXT('2D SPACE',''
  ) );
#3810 = ORIENTED_EDGE('',*,*,#3811,.F.);
#3811 = EDGE_CURVE('',#3020,#3784,#3812,.T.);
#3812 = SURFACE_CURVE('',#3813,(#3818,#3825),.PCURVE_S1.);
#3813 = CIRCLE('',#3814,1.199999252925);
#3814 = AXIS2_PLACEMENT_3D('',#3815,#3816,#3817);
#3815 = CARTESIAN_POINT('',(-11.33210625292,3.450700252925,13.6));
#3816 = DIRECTION('',(0.,0.,1.));
#3817 = DIRECTION('',(-7.470757066546E-07,-1.,0.));
#3818 = PCURVE('',#1894,#3819);
#3819 = DEFINITIONAL_REPRESENTATION('',(#3820),#3824);
#3820 = CIRCLE('',#3821,1.199999252925);
#3821 = AXIS2_PLACEMENT_2D('',#3822,#3823);
#3822 = CARTESIAN_POINT('',(-11.32998524451,4.79031355446));
#3823 = DIRECTION('',(-7.470757066546E-07,-1.));
#3824 = ( GEOMETRIC_REPRESENTATION_CONTEXT(2) 
PARAMETRIC_REPRESENTATION_CONTEXT() REPRESENTATION_CONTEXT('2D SPACE',''
  ) );
#3825 = PCURVE('',#3826,#3831);
#3826 = CYLINDRICAL_SURFACE('',#3827,1.199999252925);
#3827 = AXIS2_PLACEMENT_3D('',#3828,#3829,#3830);
#3828 = CARTESIAN_POINT('',(-11.33210625292,3.450700252925,12.));
#3829 = DIRECTION('',(-0.,-0.,-1.));
#3830 = DIRECTION('',(-7.470757066546E-07,-1.,0.));
#3831 = DEFINITIONAL_REPRESENTATION('',(#3832),#3836);
#3832 = LINE('',#3833,#3834);
#3833 = CARTESIAN_POINT('',(-0.,-1.6));
#3834 = VECTOR('',#3835,1.);
#3835 = DIRECTION('',(-1.,0.));
#3836 = ( GEOMETRIC_REPRESENTATION_CONTEXT(2) 
PARAMETRIC_REPRESENTATION_CONTEXT() REPRESENTATION_CONTEXT('2D SPACE',''
  ) );
#3837 = FACE_BOUND('',#3838,.F.);
#3838 = EDGE_LOOP('',(#3839));
#3839 = ORIENTED_EDGE('',*,*,#2159,.F.);
#3840 = FACE_BOUND('',#3841,.F.);
#3841 = EDGE_LOOP('',(#3842));
#3842 = ORIENTED_EDGE('',*,*,#3843,.F.);
#3843 = EDGE_CURVE('',#3844,#3844,#3846,.T.);
#3844 = VERTEX_POINT('',#3845);
#3845 = CARTESIAN_POINT('',(-10.22,-1.315,13.6));
#3846 = SURFACE_CURVE('',#3847,(#3852,#3859),.PCURVE_S1.);
#3847 = CIRCLE('',#3848,3.2);
#3848 = AXIS2_PLACEMENT_3D('',#3849,#3850,#3851);
#3849 = CARTESIAN_POINT('',(-13.42,-1.315,13.6));
#3850 = DIRECTION('',(0.,0.,1.));
#3851 = DIRECTION('',(1.,0.,0.));
#3852 = PCURVE('',#1894,#3853);
#3853 = DEFINITIONAL_REPRESENTATION('',(#3854),#3858);
#3854 = CIRCLE('',#3855,3.2);
#3855 = AXIS2_PLACEMENT_2D('',#3856,#3857);
#3856 = CARTESIAN_POINT('',(-13.41787899159,2.461330153561E-02));
#3857 = DIRECTION('',(1.,0.));
#3858 = ( GEOMETRIC_REPRESENTATION_CONTEXT(2) 
PARAMETRIC_REPRESENTATION_CONTEXT() REPRESENTATION_CONTEXT('2D SPACE',''
  ) );
#3859 = PCURVE('',#3860,#3865);
#3860 = CYLINDRICAL_SURFACE('',#3861,3.2);
#3861 = AXIS2_PLACEMENT_3D('',#3862,#3863,#3864);
#3862 = CARTESIAN_POINT('',(-13.42,-1.315,13.6));
#3863 = DIRECTION('',(-0.,-0.,-1.));
#3864 = DIRECTION('',(1.,0.,0.));
#3865 = DEFINITIONAL_REPRESENTATION('',(#3866),#3870);
#3866 = LINE('',#3867,#3868);
#3867 = CARTESIAN_POINT('',(-0.,0.));
#3868 = VECTOR('',#3869,1.);
#3869 = DIRECTION('',(-1.,0.));
#3870 = ( GEOMETRIC_REPRESENTATION_CONTEXT(2) 
PARAMETRIC_REPRESENTATION_CONTEXT() REPRESENTATION_CONTEXT('2D SPACE',''
  ) );
#3871 = FACE_BOUND('',#3872,.F.);
#3872 = EDGE_LOOP('',(#3873));
#3873 = ORIENTED_EDGE('',*,*,#3874,.F.);
#3874 = EDGE_CURVE('',#3875,#3875,#3877,.T.);
#3875 = VERTEX_POINT('',#3876);
#3876 = CARTESIAN_POINT('',(16.88,-8.065,13.6));
#3877 = SURFACE_CURVE('',#3878,(#3883,#3890),.PCURVE_S1.);
#3878 = CIRCLE('',#3879,3.2);
#3879 = AXIS2_PLACEMENT_3D('',#3880,#3881,#3882);
#3880 = CARTESIAN_POINT('',(13.68,-8.065,13.6));
#3881 = DIRECTION('',(0.,0.,1.));
#3882 = DIRECTION('',(1.,0.,0.));
#3883 = PCURVE('',#1894,#3884);
#3884 = DEFINITIONAL_REPRESENTATION('',(#3885),#3889);
#3885 = CIRCLE('',#3886,3.2);
#3886 = AXIS2_PLACEMENT_2D('',#3887,#3888);
#3887 = CARTESIAN_POINT('',(13.682121008406,-6.725386698464));
#3888 = DIRECTION('',(1.,0.));
#3889 = ( GEOMETRIC_REPRESENTATION_CONTEXT(2) 
PARAMETRIC_REPRESENTATION_CONTEXT() REPRESENTATION_CONTEXT('2D SPACE',''
  ) );
#3890 = PCURVE('',#3891,#3896);
#3891 = CYLINDRICAL_SURFACE('',#3892,3.2);
#3892 = AXIS2_PLACEMENT_3D('',#3893,#3894,#3895);
#3893 = CARTESIAN_POINT('',(13.68,-8.065,13.6));
#3894 = DIRECTION('',(-0.,-0.,-1.));
#3895 = DIRECTION('',(1.,0.,0.));
#3896 = DEFINITIONAL_REPRESENTATION('',(#3897),#3901);
#3897 = LINE('',#3898,#3899);
#3898 = CARTESIAN_POINT('',(-0.,0.));
#3899 = VECTOR('',#3900,1.);
#3900 = DIRECTION('',(-1.,0.));
#3901 = ( GEOMETRIC_REPRESENTATION_CONTEXT(2) 
PARAMETRIC_REPRESENTATION_CONTEXT() REPRESENTATION_CONTEXT('2D SPACE',''
  ) );
#3902 = FACE_BOUND('',#3903,.F.);
#3903 = EDGE_LOOP('',(#3904,#3929,#3952,#3975));
#3904 = ORIENTED_EDGE('',*,*,#3905,.T.);
#3905 = EDGE_CURVE('',#3906,#3908,#3910,.T.);
#3906 = VERTEX_POINT('',#3907);
#3907 = CARTESIAN_POINT('',(-9.35,-10.85,13.6));
#3908 = VERTEX_POINT('',#3909);
#3909 = CARTESIAN_POINT('',(-9.35,1.25,13.6));
#3910 = SURFACE_CURVE('',#3911,(#3915,#3922),.PCURVE_S1.);
#3911 = LINE('',#3912,#3913);
#3912 = CARTESIAN_POINT('',(-9.35,-10.85,13.6));
#3913 = VECTOR('',#3914,1.);
#3914 = DIRECTION('',(0.,1.,0.));
#3915 = PCURVE('',#1894,#3916);
#3916 = DEFINITIONAL_REPRESENTATION('',(#3917),#3921);
#3917 = LINE('',#3918,#3919);
#3918 = CARTESIAN_POINT('',(-9.347878991594,-9.510386698464));
#3919 = VECTOR('',#3920,1.);
#3920 = DIRECTION('',(0.,1.));
#3921 = ( GEOMETRIC_REPRESENTATION_CONTEXT(2) 
PARAMETRIC_REPRESENTATION_CONTEXT() REPRESENTATION_CONTEXT('2D SPACE',''
  ) );
#3922 = PCURVE('',#2747,#3923);
#3923 = DEFINITIONAL_REPRESENTATION('',(#3924),#3928);
#3924 = LINE('',#3925,#3926);
#3925 = CARTESIAN_POINT('',(0.,0.));
#3926 = VECTOR('',#3927,1.);
#3927 = DIRECTION('',(1.,0.));
#3928 = ( GEOMETRIC_REPRESENTATION_CONTEXT(2) 
PARAMETRIC_REPRESENTATION_CONTEXT() REPRESENTATION_CONTEXT('2D SPACE',''
  ) );
#3929 = ORIENTED_EDGE('',*,*,#3930,.T.);
#3930 = EDGE_CURVE('',#3908,#3931,#3933,.T.);
#3931 = VERTEX_POINT('',#3932);
#3932 = CARTESIAN_POINT('',(9.75,1.25,13.6));
#3933 = SURFACE_CURVE('',#3934,(#3938,#3945),.PCURVE_S1.);
#3934 = LINE('',#3935,#3936);
#3935 = CARTESIAN_POINT('',(-9.35,1.25,13.6));
#3936 = VECTOR('',#3937,1.);
#3937 = DIRECTION('',(1.,0.,0.));
#3938 = PCURVE('',#1894,#3939);
#3939 = DEFINITIONAL_REPRESENTATION('',(#3940),#3944);
#3940 = LINE('',#3941,#3942);
#3941 = CARTESIAN_POINT('',(-9.347878991594,2.589613301536));
#3942 = VECTOR('',#3943,1.);
#3943 = DIRECTION('',(1.,0.));
#3944 = ( GEOMETRIC_REPRESENTATION_CONTEXT(2) 
PARAMETRIC_REPRESENTATION_CONTEXT() REPRESENTATION_CONTEXT('2D SPACE',''
  ) );
#3945 = PCURVE('',#2665,#3946);
#3946 = DEFINITIONAL_REPRESENTATION('',(#3947),#3951);
#3947 = LINE('',#3948,#3949);
#3948 = CARTESIAN_POINT('',(0.,0.));
#3949 = VECTOR('',#3950,1.);
#3950 = DIRECTION('',(1.,0.));
#3951 = ( GEOMETRIC_REPRESENTATION_CONTEXT(2) 
PARAMETRIC_REPRESENTATION_CONTEXT() REPRESENTATION_CONTEXT('2D SPACE',''
  ) );
#3952 = ORIENTED_EDGE('',*,*,#3953,.T.);
#3953 = EDGE_CURVE('',#3931,#3954,#3956,.T.);
#3954 = VERTEX_POINT('',#3955);
#3955 = CARTESIAN_POINT('',(9.75,-10.85,13.6));
#3956 = SURFACE_CURVE('',#3957,(#3961,#3968),.PCURVE_S1.);
#3957 = LINE('',#3958,#3959);
#3958 = CARTESIAN_POINT('',(9.75,1.25,13.6));
#3959 = VECTOR('',#3960,1.);
#3960 = DIRECTION('',(0.,-1.,0.));
#3961 = PCURVE('',#1894,#3962);
#3962 = DEFINITIONAL_REPRESENTATION('',(#3963),#3967);
#3963 = LINE('',#3964,#3965);
#3964 = CARTESIAN_POINT('',(9.752121008406,2.589613301536));
#3965 = VECTOR('',#3966,1.);
#3966 = DIRECTION('',(0.,-1.));
#3967 = ( GEOMETRIC_REPRESENTATION_CONTEXT(2) 
PARAMETRIC_REPRESENTATION_CONTEXT() REPRESENTATION_CONTEXT('2D SPACE',''
  ) );
#3968 = PCURVE('',#2693,#3969);
#3969 = DEFINITIONAL_REPRESENTATION('',(#3970),#3974);
#3970 = LINE('',#3971,#3972);
#3971 = CARTESIAN_POINT('',(0.,0.));
#3972 = VECTOR('',#3973,1.);
#3973 = DIRECTION('',(1.,0.));
#3974 = ( GEOMETRIC_REPRESENTATION_CONTEXT(2) 
PARAMETRIC_REPRESENTATION_CONTEXT() REPRESENTATION_CONTEXT('2D SPACE',''
  ) );
#3975 = ORIENTED_EDGE('',*,*,#3976,.T.);
#3976 = EDGE_CURVE('',#3954,#3906,#3977,.T.);
#3977 = SURFACE_CURVE('',#3978,(#3982,#3989),.PCURVE_S1.);
#3978 = LINE('',#3979,#3980);
#3979 = CARTESIAN_POINT('',(9.75,-10.85,13.6));
#3980 = VECTOR('',#3981,1.);
#3981 = DIRECTION('',(-1.,-0.,0.));
#3982 = PCURVE('',#1894,#3983);
#3983 = DEFINITIONAL_REPRESENTATION('',(#3984),#3988);
#3984 = LINE('',#3985,#3986);
#3985 = CARTESIAN_POINT('',(9.752121008406,-9.510386698464));
#3986 = VECTOR('',#3987,1.);
#3987 = DIRECTION('',(-1.,0.));
#3988 = ( GEOMETRIC_REPRESENTATION_CONTEXT(2) 
PARAMETRIC_REPRESENTATION_CONTEXT() REPRESENTATION_CONTEXT('2D SPACE',''
  ) );
#3989 = PCURVE('',#2721,#3990);
#3990 = DEFINITIONAL_REPRESENTATION('',(#3991),#3995);
#3991 = LINE('',#3992,#3993);
#3992 = CARTESIAN_POINT('',(0.,-0.));
#3993 = VECTOR('',#3994,1.);
#3994 = DIRECTION('',(1.,0.));
#3995 = ( GEOMETRIC_REPRESENTATION_CONTEXT(2) 
PARAMETRIC_REPRESENTATION_CONTEXT() REPRESENTATION_CONTEXT('2D SPACE',''
  ) );
#3996 = FACE_BOUND('',#3997,.F.);
#3997 = EDGE_LOOP('',(#3998));
#3998 = ORIENTED_EDGE('',*,*,#3999,.F.);
#3999 = EDGE_CURVE('',#4000,#4000,#4002,.T.);
#4000 = VERTEX_POINT('',#4001);
#4001 = CARTESIAN_POINT('',(16.88,-1.315,13.6));
#4002 = SURFACE_CURVE('',#4003,(#4008,#4015),.PCURVE_S1.);
#4003 = CIRCLE('',#4004,3.2);
#4004 = AXIS2_PLACEMENT_3D('',#4005,#4006,#4007);
#4005 = CARTESIAN_POINT('',(13.68,-1.315,13.6));
#4006 = DIRECTION('',(0.,0.,1.));
#4007 = DIRECTION('',(1.,0.,0.));
#4008 = PCURVE('',#1894,#4009);
#4009 = DEFINITIONAL_REPRESENTATION('',(#4010),#4014);
#4010 = CIRCLE('',#4011,3.2);
#4011 = AXIS2_PLACEMENT_2D('',#4012,#4013);
#4012 = CARTESIAN_POINT('',(13.682121008406,2.461330153561E-02));
#4013 = DIRECTION('',(1.,0.));
#4014 = ( GEOMETRIC_REPRESENTATION_CONTEXT(2) 
PARAMETRIC_REPRESENTATION_CONTEXT() REPRESENTATION_CONTEXT('2D SPACE',''
  ) );
#4015 = PCURVE('',#4016,#4021);
#4016 = CYLINDRICAL_SURFACE('',#4017,3.2);
#4017 = AXIS2_PLACEMENT_3D('',#4018,#4019,#4020);
#4018 = CARTESIAN_POINT('',(13.68,-1.315,13.6));
#4019 = DIRECTION('',(-0.,-0.,-1.));
#4020 = DIRECTION('',(1.,0.,0.));
#4021 = DEFINITIONAL_REPRESENTATION('',(#4022),#4026);
#4022 = LINE('',#4023,#4024);
#4023 = CARTESIAN_POINT('',(-0.,0.));
#4024 = VECTOR('',#4025,1.);
#4025 = DIRECTION('',(-1.,0.));
#4026 = ( GEOMETRIC_REPRESENTATION_CONTEXT(2) 
PARAMETRIC_REPRESENTATION_CONTEXT() REPRESENTATION_CONTEXT('2D SPACE',''
  ) );
#4027 = FACE_BOUND('',#4028,.F.);
#4028 = EDGE_LOOP('',(#4029,#4030,#4031,#4032));
#4029 = ORIENTED_EDGE('',*,*,#2031,.F.);
#4030 = ORIENTED_EDGE('',*,*,#2995,.F.);
#4031 = ORIENTED_EDGE('',*,*,#1879,.F.);
#4032 = ORIENTED_EDGE('',*,*,#4033,.F.);
#4033 = EDGE_CURVE('',#2009,#1880,#4034,.T.);
#4034 = SURFACE_CURVE('',#4035,(#4039,#4045),.PCURVE_S1.);
#4035 = LINE('',#4036,#4037);
#4036 = CARTESIAN_POINT('',(5.8,0.530193349232,13.6));
#4037 = VECTOR('',#4038,1.);
#4038 = DIRECTION('',(0.,1.,-0.));
#4039 = PCURVE('',#1894,#4040);
#4040 = DEFINITIONAL_REPRESENTATION('',(#4041),#4044);
#4041 = B_SPLINE_CURVE_WITH_KNOTS('',1,(#4042,#4043),.UNSPECIFIED.,.F.,
  .F.,(2,2),(1.869806650768,9.069806650768),.PIECEWISE_BEZIER_KNOTS.);
#4042 = CARTESIAN_POINT('',(5.802121008406,3.739613301536));
#4043 = CARTESIAN_POINT('',(5.802121008406,10.939613301536));
#4044 = ( GEOMETRIC_REPRESENTATION_CONTEXT(2) 
PARAMETRIC_REPRESENTATION_CONTEXT() REPRESENTATION_CONTEXT('2D SPACE',''
  ) );
#4045 = PCURVE('',#1921,#4046);
#4046 = DEFINITIONAL_REPRESENTATION('',(#4047),#4050);
#4047 = B_SPLINE_CURVE_WITH_KNOTS('',1,(#4048,#4049),.UNSPECIFIED.,.F.,
  .F.,(2,2),(1.869806650768,9.069806650768),.PIECEWISE_BEZIER_KNOTS.);
#4048 = CARTESIAN_POINT('',(0.,-37.8500003));
#4049 = CARTESIAN_POINT('',(7.2,-37.8500003));
#4050 = ( GEOMETRIC_REPRESENTATION_CONTEXT(2) 
PARAMETRIC_REPRESENTATION_CONTEXT() REPRESENTATION_CONTEXT('2D SPACE',''
  ) );
#4051 = ADVANCED_FACE('',(#4052),#1921,.T.);
#4052 = FACE_BOUND('',#4053,.T.);
#4053 = EDGE_LOOP('',(#4054,#4055,#4056,#4057));
#4054 = ORIENTED_EDGE('',*,*,#1905,.F.);
#4055 = ORIENTED_EDGE('',*,*,#4033,.F.);
#4056 = ORIENTED_EDGE('',*,*,#2008,.T.);
#4057 = ORIENTED_EDGE('',*,*,#1984,.F.);
#4058 = ADVANCED_FACE('',(#4059,#4062),#2117,.T.);
#4059 = FACE_BOUND('',#4060,.T.);
#4060 = EDGE_LOOP('',(#4061));
#4061 = ORIENTED_EDGE('',*,*,#2102,.T.);
#4062 = FACE_BOUND('',#4063,.T.);
#4063 = EDGE_LOOP('',(#4064));
#4064 = ORIENTED_EDGE('',*,*,#4065,.F.);
#4065 = EDGE_CURVE('',#4066,#4066,#4068,.T.);
#4066 = VERTEX_POINT('',#4067);
#4067 = CARTESIAN_POINT('',(17.7,10.,14.));
#4068 = SURFACE_CURVE('',#4069,(#4074,#4081),.PCURVE_S1.);
#4069 = CIRCLE('',#4070,1.2);
#4070 = AXIS2_PLACEMENT_3D('',#4071,#4072,#4073);
#4071 = CARTESIAN_POINT('',(16.5,10.,14.));
#4072 = DIRECTION('',(0.,0.,1.));
#4073 = DIRECTION('',(1.,0.,-0.));
#4074 = PCURVE('',#2117,#4075);
#4075 = DEFINITIONAL_REPRESENTATION('',(#4076),#4080);
#4076 = CIRCLE('',#4077,1.2);
#4077 = AXIS2_PLACEMENT_2D('',#4078,#4079);
#4078 = CARTESIAN_POINT('',(0.,0.));
#4079 = DIRECTION('',(1.,0.));
#4080 = ( GEOMETRIC_REPRESENTATION_CONTEXT(2) 
PARAMETRIC_REPRESENTATION_CONTEXT() REPRESENTATION_CONTEXT('2D SPACE',''
  ) );
#4081 = PCURVE('',#4082,#4087);
#4082 = CYLINDRICAL_SURFACE('',#4083,1.2);
#4083 = AXIS2_PLACEMENT_3D('',#4084,#4085,#4086);
#4084 = CARTESIAN_POINT('',(16.5,10.,16.));
#4085 = DIRECTION('',(0.,0.,1.));
#4086 = DIRECTION('',(1.,0.,0.));
#4087 = DEFINITIONAL_REPRESENTATION('',(#4088),#4092);
#4088 = LINE('',#4089,#4090);
#4089 = CARTESIAN_POINT('',(0.,-2.));
#4090 = VECTOR('',#4091,1.);
#4091 = DIRECTION('',(1.,0.));
#4092 = ( GEOMETRIC_REPRESENTATION_CONTEXT(2) 
PARAMETRIC_REPRESENTATION_CONTEXT() REPRESENTATION_CONTEXT('2D SPACE',''
  ) );
#4093 = ADVANCED_FACE('',(#4094,#4104,#4130,#4156,#4191,#4877),#2224,.F.
  );
#4094 = FACE_BOUND('',#4095,.F.);
#4095 = EDGE_LOOP('',(#4096,#4097,#4098,#4099,#4100,#4101,#4102,#4103));
#4096 = ORIENTED_EDGE('',*,*,#2428,.T.);
#4097 = ORIENTED_EDGE('',*,*,#2478,.T.);
#4098 = ORIENTED_EDGE('',*,*,#2503,.T.);
#4099 = ORIENTED_EDGE('',*,*,#2552,.T.);
#4100 = ORIENTED_EDGE('',*,*,#2207,.T.);
#4101 = ORIENTED_EDGE('',*,*,#2261,.T.);
#4102 = ORIENTED_EDGE('',*,*,#2331,.T.);
#4103 = ORIENTED_EDGE('',*,*,#2358,.T.);
#4104 = FACE_BOUND('',#4105,.F.);
#4105 = EDGE_LOOP('',(#4106));
#4106 = ORIENTED_EDGE('',*,*,#4107,.F.);
#4107 = EDGE_CURVE('',#4108,#4108,#4110,.T.);
#4108 = VERTEX_POINT('',#4109);
#4109 = CARTESIAN_POINT('',(-15.3,-14.5,12.));
#4110 = SURFACE_CURVE('',#4111,(#4116,#4123),.PCURVE_S1.);
#4111 = CIRCLE('',#4112,1.2);
#4112 = AXIS2_PLACEMENT_3D('',#4113,#4114,#4115);
#4113 = CARTESIAN_POINT('',(-16.5,-14.5,12.));
#4114 = DIRECTION('',(0.,0.,1.));
#4115 = DIRECTION('',(1.,0.,-0.));
#4116 = PCURVE('',#2224,#4117);
#4117 = DEFINITIONAL_REPRESENTATION('',(#4118),#4122);
#4118 = CIRCLE('',#4119,1.2);
#4119 = AXIS2_PLACEMENT_2D('',#4120,#4121);
#4120 = CARTESIAN_POINT('',(-16.5,-14.5));
#4121 = DIRECTION('',(1.,0.));
#4122 = ( GEOMETRIC_REPRESENTATION_CONTEXT(2) 
PARAMETRIC_REPRESENTATION_CONTEXT() REPRESENTATION_CONTEXT('2D SPACE',''
  ) );
#4123 = PCURVE('',#2597,#4124);
#4124 = DEFINITIONAL_REPRESENTATION('',(#4125),#4129);
#4125 = LINE('',#4126,#4127);
#4126 = CARTESIAN_POINT('',(0.,-4.));
#4127 = VECTOR('',#4128,1.);
#4128 = DIRECTION('',(1.,0.));
#4129 = ( GEOMETRIC_REPRESENTATION_CONTEXT(2) 
PARAMETRIC_REPRESENTATION_CONTEXT() REPRESENTATION_CONTEXT('2D SPACE',''
  ) );
#4130 = FACE_BOUND('',#4131,.F.);
#4131 = EDGE_LOOP('',(#4132));
#4132 = ORIENTED_EDGE('',*,*,#4133,.F.);
#4133 = EDGE_CURVE('',#4134,#4134,#4136,.T.);
#4134 = VERTEX_POINT('',#4135);
#4135 = CARTESIAN_POINT('',(17.7,-14.5,12.));
#4136 = SURFACE_CURVE('',#4137,(#4142,#4149),.PCURVE_S1.);
#4137 = CIRCLE('',#4138,1.2);
#4138 = AXIS2_PLACEMENT_3D('',#4139,#4140,#4141);
#4139 = CARTESIAN_POINT('',(16.5,-14.5,12.));
#4140 = DIRECTION('',(0.,0.,1.));
#4141 = DIRECTION('',(1.,0.,-0.));
#4142 = PCURVE('',#2224,#4143);
#4143 = DEFINITIONAL_REPRESENTATION('',(#4144),#4148);
#4144 = CIRCLE('',#4145,1.2);
#4145 = AXIS2_PLACEMENT_2D('',#4146,#4147);
#4146 = CARTESIAN_POINT('',(16.5,-14.5));
#4147 = DIRECTION('',(1.,0.));
#4148 = ( GEOMETRIC_REPRESENTATION_CONTEXT(2) 
PARAMETRIC_REPRESENTATION_CONTEXT() REPRESENTATION_CONTEXT('2D SPACE',''
  ) );
#4149 = PCURVE('',#2632,#4150);
#4150 = DEFINITIONAL_REPRESENTATION('',(#4151),#4155);
#4151 = LINE('',#4152,#4153);
#4152 = CARTESIAN_POINT('',(0.,-4.));
#4153 = VECTOR('',#4154,1.);
#4154 = DIRECTION('',(1.,0.));
#4155 = ( GEOMETRIC_REPRESENTATION_CONTEXT(2) 
PARAMETRIC_REPRESENTATION_CONTEXT() REPRESENTATION_CONTEXT('2D SPACE',''
  ) );
#4156 = FACE_BOUND('',#4157,.F.);
#4157 = EDGE_LOOP('',(#4158));
#4158 = ORIENTED_EDGE('',*,*,#4159,.T.);
#4159 = EDGE_CURVE('',#4160,#4160,#4162,.T.);
#4160 = VERTEX_POINT('',#4161);
#4161 = CARTESIAN_POINT('',(-11.5,8.5,12.));
#4162 = SURFACE_CURVE('',#4163,(#4168,#4179),.PCURVE_S1.);
#4163 = CIRCLE('',#4164,3.5);
#4164 = AXIS2_PLACEMENT_3D('',#4165,#4166,#4167);
#4165 = CARTESIAN_POINT('',(-15.,8.5,12.));
#4166 = DIRECTION('',(0.,0.,-1.));
#4167 = DIRECTION('',(1.,0.,0.));
#4168 = PCURVE('',#2224,#4169);
#4169 = DEFINITIONAL_REPRESENTATION('',(#4170),#4178);
#4170 = ( BOUNDED_CURVE() B_SPLINE_CURVE(2,(#4171,#4172,#4173,#4174,
#4175,#4176,#4177),.UNSPECIFIED.,.T.,.F.) B_SPLINE_CURVE_WITH_KNOTS((1,2
    ,2,2,2,1),(-2.094395102393,0.,2.094395102393,4.188790204786,
6.28318530718,8.377580409573),.UNSPECIFIED.) CURVE() 
GEOMETRIC_REPRESENTATION_ITEM() RATIONAL_B_SPLINE_CURVE((1.,0.5,1.,0.5,
1.,0.5,1.)) REPRESENTATION_ITEM('') );
#4171 = CARTESIAN_POINT('',(-11.5,8.5));
#4172 = CARTESIAN_POINT('',(-11.5,2.437822173509));
#4173 = CARTESIAN_POINT('',(-16.75,5.468911086754));
#4174 = CARTESIAN_POINT('',(-22.,8.5));
#4175 = CARTESIAN_POINT('',(-16.75,11.531088913246));
#4176 = CARTESIAN_POINT('',(-11.5,14.562177826491));
#4177 = CARTESIAN_POINT('',(-11.5,8.5));
#4178 = ( GEOMETRIC_REPRESENTATION_CONTEXT(2) 
PARAMETRIC_REPRESENTATION_CONTEXT() REPRESENTATION_CONTEXT('2D SPACE',''
  ) );
#4179 = PCURVE('',#4180,#4185);
#4180 = CYLINDRICAL_SURFACE('',#4181,3.5);
#4181 = AXIS2_PLACEMENT_3D('',#4182,#4183,#4184);
#4182 = CARTESIAN_POINT('',(-15.,8.5,0.));
#4183 = DIRECTION('',(-0.,-0.,-1.));
#4184 = DIRECTION('',(1.,0.,0.));
#4185 = DEFINITIONAL_REPRESENTATION('',(#4186),#4190);
#4186 = LINE('',#4187,#4188);
#4187 = CARTESIAN_POINT('',(-6.28318530718,-12.));
#4188 = VECTOR('',#4189,1.);
#4189 = DIRECTION('',(1.,-0.));
#4190 = ( GEOMETRIC_REPRESENTATION_CONTEXT(2) 
PARAMETRIC_REPRESENTATION_CONTEXT() REPRESENTATION_CONTEXT('2D SPACE',''
  ) );
#4191 = FACE_BOUND('',#4192,.F.);
#4192 = EDGE_LOOP('',(#4193,#4218,#4242,#4265,#4293,#4317,#4340,#4368,
    #4392,#4420,#4443,#4467,#4490,#4518,#4542,#4570,#4593,#4621,#4645,
    #4673,#4696,#4724,#4748,#4776,#4799,#4827,#4851));
#4193 = ORIENTED_EDGE('',*,*,#4194,.F.);
#4194 = EDGE_CURVE('',#4195,#4197,#4199,.T.);
#4195 = VERTEX_POINT('',#4196);
#4196 = CARTESIAN_POINT('',(-11.33196588675,2.250701015138,12.));
#4197 = VERTEX_POINT('',#4198);
#4198 = CARTESIAN_POINT('',(-17.32497660562,2.250000001368,12.));
#4199 = SURFACE_CURVE('',#4200,(#4204,#4211),.PCURVE_S1.);
#4200 = LINE('',#4201,#4202);
#4201 = CARTESIAN_POINT('',(-11.33208360562,2.250701001368,12.));
#4202 = VECTOR('',#4203,1.);
#4203 = DIRECTION('',(-0.999999993159,-1.169718857316E-04,0.));
#4204 = PCURVE('',#2224,#4205);
#4205 = DEFINITIONAL_REPRESENTATION('',(#4206),#4210);
#4206 = LINE('',#4207,#4208);
#4207 = CARTESIAN_POINT('',(-11.33208360562,2.250701001368));
#4208 = VECTOR('',#4209,1.);
#4209 = DIRECTION('',(-0.999999993159,-1.169718857316E-04));
#4210 = ( GEOMETRIC_REPRESENTATION_CONTEXT(2) 
PARAMETRIC_REPRESENTATION_CONTEXT() REPRESENTATION_CONTEXT('2D SPACE',''
  ) );
#4211 = PCURVE('',#3037,#4212);
#4212 = DEFINITIONAL_REPRESENTATION('',(#4213),#4217);
#4213 = LINE('',#4214,#4215);
#4214 = CARTESIAN_POINT('',(1.177188734889E-04,0.));
#4215 = VECTOR('',#4216,1.);
#4216 = DIRECTION('',(1.,0.));
#4217 = ( GEOMETRIC_REPRESENTATION_CONTEXT(2) 
PARAMETRIC_REPRESENTATION_CONTEXT() REPRESENTATION_CONTEXT('2D SPACE',''
  ) );
#4218 = ORIENTED_EDGE('',*,*,#4219,.T.);
#4219 = EDGE_CURVE('',#4195,#4220,#4222,.T.);
#4220 = VERTEX_POINT('',#4221);
#4221 = CARTESIAN_POINT('',(-10.132107,3.450700252925,12.));
#4222 = SURFACE_CURVE('',#4223,(#4228,#4235),.PCURVE_S1.);
#4223 = CIRCLE('',#4224,1.199999252925);
#4224 = AXIS2_PLACEMENT_3D('',#4225,#4226,#4227);
#4225 = CARTESIAN_POINT('',(-11.33210625292,3.450700252925,12.));
#4226 = DIRECTION('',(0.,0.,1.));
#4227 = DIRECTION('',(-7.470757066546E-07,-1.,0.));
#4228 = PCURVE('',#2224,#4229);
#4229 = DEFINITIONAL_REPRESENTATION('',(#4230),#4234);
#4230 = CIRCLE('',#4231,1.199999252925);
#4231 = AXIS2_PLACEMENT_2D('',#4232,#4233);
#4232 = CARTESIAN_POINT('',(-11.33210625292,3.450700252925));
#4233 = DIRECTION('',(-7.470757066546E-07,-1.));
#4234 = ( GEOMETRIC_REPRESENTATION_CONTEXT(2) 
PARAMETRIC_REPRESENTATION_CONTEXT() REPRESENTATION_CONTEXT('2D SPACE',''
  ) );
#4235 = PCURVE('',#3826,#4236);
#4236 = DEFINITIONAL_REPRESENTATION('',(#4237),#4241);
#4237 = LINE('',#4238,#4239);
#4238 = CARTESIAN_POINT('',(-0.,0.));
#4239 = VECTOR('',#4240,1.);
#4240 = DIRECTION('',(-1.,0.));
#4241 = ( GEOMETRIC_REPRESENTATION_CONTEXT(2) 
PARAMETRIC_REPRESENTATION_CONTEXT() REPRESENTATION_CONTEXT('2D SPACE',''
  ) );
#4242 = ORIENTED_EDGE('',*,*,#4243,.F.);
#4243 = EDGE_CURVE('',#4244,#4220,#4246,.T.);
#4244 = VERTEX_POINT('',#4245);
#4245 = CARTESIAN_POINT('',(-10.132107,11.05,12.));
#4246 = SURFACE_CURVE('',#4247,(#4251,#4258),.PCURVE_S1.);
#4247 = LINE('',#4248,#4249);
#4248 = CARTESIAN_POINT('',(-10.132107,11.05,12.));
#4249 = VECTOR('',#4250,1.);
#4250 = DIRECTION('',(-1.224646799147E-16,-1.,0.));
#4251 = PCURVE('',#2224,#4252);
#4252 = DEFINITIONAL_REPRESENTATION('',(#4253),#4257);
#4253 = LINE('',#4254,#4255);
#4254 = CARTESIAN_POINT('',(-10.132107,11.05));
#4255 = VECTOR('',#4256,1.);
#4256 = DIRECTION('',(-1.224646799147E-16,-1.));
#4257 = ( GEOMETRIC_REPRESENTATION_CONTEXT(2) 
PARAMETRIC_REPRESENTATION_CONTEXT() REPRESENTATION_CONTEXT('2D SPACE',''
  ) );
#4258 = PCURVE('',#3799,#4259);
#4259 = DEFINITIONAL_REPRESENTATION('',(#4260),#4264);
#4260 = LINE('',#4261,#4262);
#4261 = CARTESIAN_POINT('',(0.,0.));
#4262 = VECTOR('',#4263,1.);
#4263 = DIRECTION('',(1.,0.));
#4264 = ( GEOMETRIC_REPRESENTATION_CONTEXT(2) 
PARAMETRIC_REPRESENTATION_CONTEXT() REPRESENTATION_CONTEXT('2D SPACE',''
  ) );
#4265 = ORIENTED_EDGE('',*,*,#4266,.F.);
#4266 = EDGE_CURVE('',#4267,#4244,#4269,.T.);
#4267 = VERTEX_POINT('',#4268);
#4268 = CARTESIAN_POINT('',(-10.132107,11.050000149415,12.));
#4269 = SURFACE_CURVE('',#4270,(#4275,#4286),.PCURVE_S1.);
#4270 = CIRCLE('',#4271,0.2);
#4271 = AXIS2_PLACEMENT_3D('',#4272,#4273,#4274);
#4272 = CARTESIAN_POINT('',(-10.332107,11.05,12.));
#4273 = DIRECTION('',(0.,0.,-1.));
#4274 = DIRECTION('',(-7.470757631669E-07,1.,0.));
#4275 = PCURVE('',#2224,#4276);
#4276 = DEFINITIONAL_REPRESENTATION('',(#4277),#4285);
#4277 = ( BOUNDED_CURVE() B_SPLINE_CURVE(2,(#4278,#4279,#4280,#4281,
#4282,#4283,#4284),.UNSPECIFIED.,.T.,.F.) B_SPLINE_CURVE_WITH_KNOTS((1,2
    ,2,2,2,1),(-2.094395102393,0.,2.094395102393,4.188790204786,
6.28318530718,8.377580409573),.UNSPECIFIED.) CURVE() 
GEOMETRIC_REPRESENTATION_ITEM() RATIONAL_B_SPLINE_CURVE((1.,0.5,1.,0.5,
1.,0.5,1.)) REPRESENTATION_ITEM('') );
#4278 = CARTESIAN_POINT('',(-10.33210714941,11.25));
#4279 = CARTESIAN_POINT('',(-9.985696987901,11.250000258795));
#4280 = CARTESIAN_POINT('',(-10.15890184453,10.950000129397));
#4281 = CARTESIAN_POINT('',(-10.33210670117,10.65));
#4282 = CARTESIAN_POINT('',(-10.50531200604,10.949999870603));
#4283 = CARTESIAN_POINT('',(-10.67851731092,11.249999741205));
#4284 = CARTESIAN_POINT('',(-10.33210714941,11.25));
#4285 = ( GEOMETRIC_REPRESENTATION_CONTEXT(2) 
PARAMETRIC_REPRESENTATION_CONTEXT() REPRESENTATION_CONTEXT('2D SPACE',''
  ) );
#4286 = PCURVE('',#3771,#4287);
#4287 = DEFINITIONAL_REPRESENTATION('',(#4288),#4292);
#4288 = LINE('',#4289,#4290);
#4289 = CARTESIAN_POINT('',(0.,0.));
#4290 = VECTOR('',#4291,1.);
#4291 = DIRECTION('',(1.,0.));
#4292 = ( GEOMETRIC_REPRESENTATION_CONTEXT(2) 
PARAMETRIC_REPRESENTATION_CONTEXT() REPRESENTATION_CONTEXT('2D SPACE',''
  ) );
#4293 = ORIENTED_EDGE('',*,*,#4294,.F.);
#4294 = EDGE_CURVE('',#4295,#4267,#4297,.T.);
#4295 = VERTEX_POINT('',#4296);
#4296 = CARTESIAN_POINT('',(-9.332064567867,11.849999997418,12.));
#4297 = SURFACE_CURVE('',#4298,(#4303,#4310),.PCURVE_S1.);
#4298 = CIRCLE('',#4299,0.799999252925);
#4299 = AXIS2_PLACEMENT_3D('',#4300,#4301,#4302);
#4300 = CARTESIAN_POINT('',(-9.332107747075,11.050000747075,12.));
#4301 = DIRECTION('',(0.,-0.,1.));
#4302 = DIRECTION('',(7.470757634981E-07,1.,0.));
#4303 = PCURVE('',#2224,#4304);
#4304 = DEFINITIONAL_REPRESENTATION('',(#4305),#4309);
#4305 = CIRCLE('',#4306,0.799999252925);
#4306 = AXIS2_PLACEMENT_2D('',#4307,#4308);
#4307 = CARTESIAN_POINT('',(-9.332107747075,11.050000747075));
#4308 = DIRECTION('',(7.470757634981E-07,1.));
#4309 = ( GEOMETRIC_REPRESENTATION_CONTEXT(2) 
PARAMETRIC_REPRESENTATION_CONTEXT() REPRESENTATION_CONTEXT('2D SPACE',''
  ) );
#4310 = PCURVE('',#3738,#4311);
#4311 = DEFINITIONAL_REPRESENTATION('',(#4312),#4316);
#4312 = LINE('',#4313,#4314);
#4313 = CARTESIAN_POINT('',(-0.,0.));
#4314 = VECTOR('',#4315,1.);
#4315 = DIRECTION('',(-1.,0.));
#4316 = ( GEOMETRIC_REPRESENTATION_CONTEXT(2) 
PARAMETRIC_REPRESENTATION_CONTEXT() REPRESENTATION_CONTEXT('2D SPACE',''
  ) );
#4317 = ORIENTED_EDGE('',*,*,#4318,.F.);
#4318 = EDGE_CURVE('',#4319,#4295,#4321,.T.);
#4319 = VERTEX_POINT('',#4320);
#4320 = CARTESIAN_POINT('',(9.324992205188,11.848993000291,12.));
#4321 = SURFACE_CURVE('',#4322,(#4326,#4333),.PCURVE_S1.);
#4322 = LINE('',#4323,#4324);
#4323 = CARTESIAN_POINT('',(9.324992205188,11.848993000291,12.));
#4324 = VECTOR('',#4325,1.);
#4325 = DIRECTION('',(-0.999999998543,5.397406128484E-05,0.));
#4326 = PCURVE('',#2224,#4327);
#4327 = DEFINITIONAL_REPRESENTATION('',(#4328),#4332);
#4328 = LINE('',#4329,#4330);
#4329 = CARTESIAN_POINT('',(9.324992205188,11.848993000291));
#4330 = VECTOR('',#4331,1.);
#4331 = DIRECTION('',(-0.999999998543,5.397406128484E-05));
#4332 = ( GEOMETRIC_REPRESENTATION_CONTEXT(2) 
PARAMETRIC_REPRESENTATION_CONTEXT() REPRESENTATION_CONTEXT('2D SPACE',''
  ) );
#4333 = PCURVE('',#3709,#4334);
#4334 = DEFINITIONAL_REPRESENTATION('',(#4335),#4339);
#4335 = LINE('',#4336,#4337);
#4336 = CARTESIAN_POINT('',(0.,0.));
#4337 = VECTOR('',#4338,1.);
#4338 = DIRECTION('',(1.,0.));
#4339 = ( GEOMETRIC_REPRESENTATION_CONTEXT(2) 
PARAMETRIC_REPRESENTATION_CONTEXT() REPRESENTATION_CONTEXT('2D SPACE',''
  ) );
#4340 = ORIENTED_EDGE('',*,*,#4341,.F.);
#4341 = EDGE_CURVE('',#4342,#4319,#4344,.T.);
#4342 = VERTEX_POINT('',#4343);
#4343 = CARTESIAN_POINT('',(9.325003149415,11.848993,12.));
#4344 = SURFACE_CURVE('',#4345,(#4350,#4361),.PCURVE_S1.);
#4345 = CIRCLE('',#4346,0.2);
#4346 = AXIS2_PLACEMENT_3D('',#4347,#4348,#4349);
#4347 = CARTESIAN_POINT('',(9.325003,12.048993,12.));
#4348 = DIRECTION('',(0.,0.,-1.));
#4349 = DIRECTION('',(1.,7.470757631669E-07,0.));
#4350 = PCURVE('',#2224,#4351);
#4351 = DEFINITIONAL_REPRESENTATION('',(#4352),#4360);
#4352 = ( BOUNDED_CURVE() B_SPLINE_CURVE(2,(#4353,#4354,#4355,#4356,
#4357,#4358,#4359),.UNSPECIFIED.,.T.,.F.) B_SPLINE_CURVE_WITH_KNOTS((1,2
    ,2,2,2,1),(-2.094395102393,0.,2.094395102393,4.188790204786,
6.28318530718,8.377580409573),.UNSPECIFIED.) CURVE() 
GEOMETRIC_REPRESENTATION_ITEM() RATIONAL_B_SPLINE_CURVE((1.,0.5,1.,0.5,
1.,0.5,1.)) REPRESENTATION_ITEM('') );
#4353 = CARTESIAN_POINT('',(9.525003,12.048993149415));
#4354 = CARTESIAN_POINT('',(9.525003258795,11.702582987901));
#4355 = CARTESIAN_POINT('',(9.225003129397,11.875787844536));
#4356 = CARTESIAN_POINT('',(8.925003,12.04899270117));
#4357 = CARTESIAN_POINT('',(9.225002870603,12.222198006049));
#4358 = CARTESIAN_POINT('',(9.525002741205,12.395403310929));
#4359 = CARTESIAN_POINT('',(9.525003,12.048993149415));
#4360 = ( GEOMETRIC_REPRESENTATION_CONTEXT(2) 
PARAMETRIC_REPRESENTATION_CONTEXT() REPRESENTATION_CONTEXT('2D SPACE',''
  ) );
#4361 = PCURVE('',#3681,#4362);
#4362 = DEFINITIONAL_REPRESENTATION('',(#4363),#4367);
#4363 = LINE('',#4364,#4365);
#4364 = CARTESIAN_POINT('',(0.,0.));
#4365 = VECTOR('',#4366,1.);
#4366 = DIRECTION('',(1.,0.));
#4367 = ( GEOMETRIC_REPRESENTATION_CONTEXT(2) 
PARAMETRIC_REPRESENTATION_CONTEXT() REPRESENTATION_CONTEXT('2D SPACE',''
  ) );
#4368 = ORIENTED_EDGE('',*,*,#4369,.F.);
#4369 = EDGE_CURVE('',#4370,#4342,#4372,.T.);
#4370 = VERTEX_POINT('',#4371);
#4371 = CARTESIAN_POINT('',(10.125003,11.048993149415,12.));
#4372 = SURFACE_CURVE('',#4373,(#4378,#4385),.PCURVE_S1.);
#4373 = CIRCLE('',#4374,0.799999252925);
#4374 = AXIS2_PLACEMENT_3D('',#4375,#4376,#4377);
#4375 = CARTESIAN_POINT('',(9.325003747075,11.048993747075,12.));
#4376 = DIRECTION('',(0.,-0.,1.));
#4377 = DIRECTION('',(1.,-7.470757634981E-07,-0.));
#4378 = PCURVE('',#2224,#4379);
#4379 = DEFINITIONAL_REPRESENTATION('',(#4380),#4384);
#4380 = CIRCLE('',#4381,0.799999252925);
#4381 = AXIS2_PLACEMENT_2D('',#4382,#4383);
#4382 = CARTESIAN_POINT('',(9.325003747075,11.048993747075));
#4383 = DIRECTION('',(1.,-7.470757634981E-07));
#4384 = ( GEOMETRIC_REPRESENTATION_CONTEXT(2) 
PARAMETRIC_REPRESENTATION_CONTEXT() REPRESENTATION_CONTEXT('2D SPACE',''
  ) );
#4385 = PCURVE('',#3648,#4386);
#4386 = DEFINITIONAL_REPRESENTATION('',(#4387),#4391);
#4387 = LINE('',#4388,#4389);
#4388 = CARTESIAN_POINT('',(-0.,0.));
#4389 = VECTOR('',#4390,1.);
#4390 = DIRECTION('',(-1.,0.));
#4391 = ( GEOMETRIC_REPRESENTATION_CONTEXT(2) 
PARAMETRIC_REPRESENTATION_CONTEXT() REPRESENTATION_CONTEXT('2D SPACE',''
  ) );
#4392 = ORIENTED_EDGE('',*,*,#4393,.F.);
#4393 = EDGE_CURVE('',#4394,#4370,#4396,.T.);
#4394 = VERTEX_POINT('',#4395);
#4395 = CARTESIAN_POINT('',(10.125003,11.048993,12.));
#4396 = SURFACE_CURVE('',#4397,(#4402,#4413),.PCURVE_S1.);
#4397 = CIRCLE('',#4398,0.2);
#4398 = AXIS2_PLACEMENT_3D('',#4399,#4400,#4401);
#4399 = CARTESIAN_POINT('',(10.325003,11.048993,12.));
#4400 = DIRECTION('',(-0.,0.,-1.));
#4401 = DIRECTION('',(-2.339497829946E-16,-1.,0.));
#4402 = PCURVE('',#2224,#4403);
#4403 = DEFINITIONAL_REPRESENTATION('',(#4404),#4412);
#4404 = ( BOUNDED_CURVE() B_SPLINE_CURVE(2,(#4405,#4406,#4407,#4408,
#4409,#4410,#4411),.UNSPECIFIED.,.T.,.F.) B_SPLINE_CURVE_WITH_KNOTS((1,2
    ,2,2,2,1),(-2.094395102393,0.,2.094395102393,4.188790204786,
6.28318530718,8.377580409573),.UNSPECIFIED.) CURVE() 
GEOMETRIC_REPRESENTATION_ITEM() RATIONAL_B_SPLINE_CURVE((1.,0.5,1.,0.5,
1.,0.5,1.)) REPRESENTATION_ITEM('') );
#4405 = CARTESIAN_POINT('',(10.325003,10.848993));
#4406 = CARTESIAN_POINT('',(9.978592838486,10.848993));
#4407 = CARTESIAN_POINT('',(10.151797919243,11.148993));
#4408 = CARTESIAN_POINT('',(10.325003,11.448993));
#4409 = CARTESIAN_POINT('',(10.498208080757,11.148993));
#4410 = CARTESIAN_POINT('',(10.671413161514,10.848993));
#4411 = CARTESIAN_POINT('',(10.325003,10.848993));
#4412 = ( GEOMETRIC_REPRESENTATION_CONTEXT(2) 
PARAMETRIC_REPRESENTATION_CONTEXT() REPRESENTATION_CONTEXT('2D SPACE',''
  ) );
#4413 = PCURVE('',#3619,#4414);
#4414 = DEFINITIONAL_REPRESENTATION('',(#4415),#4419);
#4415 = LINE('',#4416,#4417);
#4416 = CARTESIAN_POINT('',(0.,0.));
#4417 = VECTOR('',#4418,1.);
#4418 = DIRECTION('',(1.,0.));
#4419 = ( GEOMETRIC_REPRESENTATION_CONTEXT(2) 
PARAMETRIC_REPRESENTATION_CONTEXT() REPRESENTATION_CONTEXT('2D SPACE',''
  ) );
#4420 = ORIENTED_EDGE('',*,*,#4421,.F.);
#4421 = EDGE_CURVE('',#4422,#4394,#4424,.T.);
#4422 = VERTEX_POINT('',#4423);
#4423 = CARTESIAN_POINT('',(10.125003,3.456094252925,12.));
#4424 = SURFACE_CURVE('',#4425,(#4429,#4436),.PCURVE_S1.);
#4425 = LINE('',#4426,#4427);
#4426 = CARTESIAN_POINT('',(10.125003,3.456095,12.));
#4427 = VECTOR('',#4428,1.);
#4428 = DIRECTION('',(2.339497829946E-16,1.,0.));
#4429 = PCURVE('',#2224,#4430);
#4430 = DEFINITIONAL_REPRESENTATION('',(#4431),#4435);
#4431 = LINE('',#4432,#4433);
#4432 = CARTESIAN_POINT('',(10.125003,3.456095));
#4433 = VECTOR('',#4434,1.);
#4434 = DIRECTION('',(2.339497829946E-16,1.));
#4435 = ( GEOMETRIC_REPRESENTATION_CONTEXT(2) 
PARAMETRIC_REPRESENTATION_CONTEXT() REPRESENTATION_CONTEXT('2D SPACE',''
  ) );
#4436 = PCURVE('',#3586,#4437);
#4437 = DEFINITIONAL_REPRESENTATION('',(#4438),#4442);
#4438 = LINE('',#4439,#4440);
#4439 = CARTESIAN_POINT('',(7.4707520481E-07,0.));
#4440 = VECTOR('',#4441,1.);
#4441 = DIRECTION('',(1.,0.));
#4442 = ( GEOMETRIC_REPRESENTATION_CONTEXT(2) 
PARAMETRIC_REPRESENTATION_CONTEXT() REPRESENTATION_CONTEXT('2D SPACE',''
  ) );
#4443 = ORIENTED_EDGE('',*,*,#4444,.T.);
#4444 = EDGE_CURVE('',#4422,#4445,#4447,.T.);
#4445 = VERTEX_POINT('',#4446);
#4446 = CARTESIAN_POINT('',(11.32489686094,2.256095004628,12.));
#4447 = SURFACE_CURVE('',#4448,(#4453,#4460),.PCURVE_S1.);
#4448 = CIRCLE('',#4449,1.199999252925);
#4449 = AXIS2_PLACEMENT_3D('',#4450,#4451,#4452);
#4450 = CARTESIAN_POINT('',(11.325002252925,3.456094252925,12.));
#4451 = DIRECTION('',(0.,0.,1.));
#4452 = DIRECTION('',(-1.,7.470757634981E-07,0.));
#4453 = PCURVE('',#2224,#4454);
#4454 = DEFINITIONAL_REPRESENTATION('',(#4455),#4459);
#4455 = CIRCLE('',#4456,1.199999252925);
#4456 = AXIS2_PLACEMENT_2D('',#4457,#4458);
#4457 = CARTESIAN_POINT('',(11.325002252925,3.456094252925));
#4458 = DIRECTION('',(-1.,7.470757634981E-07));
#4459 = ( GEOMETRIC_REPRESENTATION_CONTEXT(2) 
PARAMETRIC_REPRESENTATION_CONTEXT() REPRESENTATION_CONTEXT('2D SPACE',''
  ) );
#4460 = PCURVE('',#3558,#4461);
#4461 = DEFINITIONAL_REPRESENTATION('',(#4462),#4466);
#4462 = LINE('',#4463,#4464);
#4463 = CARTESIAN_POINT('',(-0.,0.));
#4464 = VECTOR('',#4465,1.);
#4465 = DIRECTION('',(-1.,0.));
#4466 = ( GEOMETRIC_REPRESENTATION_CONTEXT(2) 
PARAMETRIC_REPRESENTATION_CONTEXT() REPRESENTATION_CONTEXT('2D SPACE',''
  ) );
#4467 = ORIENTED_EDGE('',*,*,#4468,.F.);
#4468 = EDGE_CURVE('',#4469,#4445,#4471,.T.);
#4469 = VERTEX_POINT('',#4470);
#4470 = CARTESIAN_POINT('',(17.324796833337,2.250000103192,12.));
#4471 = SURFACE_CURVE('',#4472,(#4476,#4483),.PCURVE_S1.);
#4472 = LINE('',#4473,#4474);
#4473 = CARTESIAN_POINT('',(17.324796833337,2.250000103192,12.));
#4474 = VECTOR('',#4475,1.);
#4475 = DIRECTION('',(-0.999999484041,1.015833317122E-03,0.));
#4476 = PCURVE('',#2224,#4477);
#4477 = DEFINITIONAL_REPRESENTATION('',(#4478),#4482);
#4478 = LINE('',#4479,#4480);
#4479 = CARTESIAN_POINT('',(17.324796833337,2.250000103192));
#4480 = VECTOR('',#4481,1.);
#4481 = DIRECTION('',(-0.999999484041,1.015833317122E-03));
#4482 = ( GEOMETRIC_REPRESENTATION_CONTEXT(2) 
PARAMETRIC_REPRESENTATION_CONTEXT() REPRESENTATION_CONTEXT('2D SPACE',''
  ) );
#4483 = PCURVE('',#3529,#4484);
#4484 = DEFINITIONAL_REPRESENTATION('',(#4485),#4489);
#4485 = LINE('',#4486,#4487);
#4486 = CARTESIAN_POINT('',(0.,0.));
#4487 = VECTOR('',#4488,1.);
#4488 = DIRECTION('',(1.,0.));
#4489 = ( GEOMETRIC_REPRESENTATION_CONTEXT(2) 
PARAMETRIC_REPRESENTATION_CONTEXT() REPRESENTATION_CONTEXT('2D SPACE',''
  ) );
#4490 = ORIENTED_EDGE('',*,*,#4491,.F.);
#4491 = EDGE_CURVE('',#4492,#4469,#4494,.T.);
#4492 = VERTEX_POINT('',#4493);
#4493 = CARTESIAN_POINT('',(17.325000149415,2.25,12.));
#4494 = SURFACE_CURVE('',#4495,(#4500,#4511),.PCURVE_S1.);
#4495 = CIRCLE('',#4496,0.2);
#4496 = AXIS2_PLACEMENT_3D('',#4497,#4498,#4499);
#4497 = CARTESIAN_POINT('',(17.325,2.45,12.));
#4498 = DIRECTION('',(0.,0.,-1.));
#4499 = DIRECTION('',(1.,7.470757489561E-07,0.));
#4500 = PCURVE('',#2224,#4501);
#4501 = DEFINITIONAL_REPRESENTATION('',(#4502),#4510);
#4502 = ( BOUNDED_CURVE() B_SPLINE_CURVE(2,(#4503,#4504,#4505,#4506,
#4507,#4508,#4509),.UNSPECIFIED.,.T.,.F.) B_SPLINE_CURVE_WITH_KNOTS((1,2
    ,2,2,2,1),(-2.094395102393,0.,2.094395102393,4.188790204786,
6.28318530718,8.377580409573),.UNSPECIFIED.) CURVE() 
GEOMETRIC_REPRESENTATION_ITEM() RATIONAL_B_SPLINE_CURVE((1.,0.5,1.,0.5,
1.,0.5,1.)) REPRESENTATION_ITEM('') );
#4503 = CARTESIAN_POINT('',(17.525,2.450000149415));
#4504 = CARTESIAN_POINT('',(17.525000258795,2.103589987901));
#4505 = CARTESIAN_POINT('',(17.225000129397,2.276794844536));
#4506 = CARTESIAN_POINT('',(16.925,2.44999970117));
#4507 = CARTESIAN_POINT('',(17.224999870603,2.623205006049));
#4508 = CARTESIAN_POINT('',(17.524999741205,2.796410310929));
#4509 = CARTESIAN_POINT('',(17.525,2.450000149415));
#4510 = ( GEOMETRIC_REPRESENTATION_CONTEXT(2) 
PARAMETRIC_REPRESENTATION_CONTEXT() REPRESENTATION_CONTEXT('2D SPACE',''
  ) );
#4511 = PCURVE('',#3501,#4512);
#4512 = DEFINITIONAL_REPRESENTATION('',(#4513),#4517);
#4513 = LINE('',#4514,#4515);
#4514 = CARTESIAN_POINT('',(0.,0.));
#4515 = VECTOR('',#4516,1.);
#4516 = DIRECTION('',(1.,0.));
#4517 = ( GEOMETRIC_REPRESENTATION_CONTEXT(2) 
PARAMETRIC_REPRESENTATION_CONTEXT() REPRESENTATION_CONTEXT('2D SPACE',''
  ) );
#4518 = ORIENTED_EDGE('',*,*,#4519,.F.);
#4519 = EDGE_CURVE('',#4520,#4492,#4522,.T.);
#4520 = VERTEX_POINT('',#4521);
#4521 = CARTESIAN_POINT('',(18.125,1.450000149415,12.));
#4522 = SURFACE_CURVE('',#4523,(#4528,#4535),.PCURVE_S1.);
#4523 = CIRCLE('',#4524,0.799999252925);
#4524 = AXIS2_PLACEMENT_3D('',#4525,#4526,#4527);
#4525 = CARTESIAN_POINT('',(17.325000747075,1.450000747075,12.));
#4526 = DIRECTION('',(0.,-0.,1.));
#4527 = DIRECTION('',(1.,-7.470757492872E-07,-0.));
#4528 = PCURVE('',#2224,#4529);
#4529 = DEFINITIONAL_REPRESENTATION('',(#4530),#4534);
#4530 = CIRCLE('',#4531,0.799999252925);
#4531 = AXIS2_PLACEMENT_2D('',#4532,#4533);
#4532 = CARTESIAN_POINT('',(17.325000747075,1.450000747075));
#4533 = DIRECTION('',(1.,-7.470757492872E-07));
#4534 = ( GEOMETRIC_REPRESENTATION_CONTEXT(2) 
PARAMETRIC_REPRESENTATION_CONTEXT() REPRESENTATION_CONTEXT('2D SPACE',''
  ) );
#4535 = PCURVE('',#3468,#4536);
#4536 = DEFINITIONAL_REPRESENTATION('',(#4537),#4541);
#4537 = LINE('',#4538,#4539);
#4538 = CARTESIAN_POINT('',(-0.,0.));
#4539 = VECTOR('',#4540,1.);
#4540 = DIRECTION('',(-1.,0.));
#4541 = ( GEOMETRIC_REPRESENTATION_CONTEXT(2) 
PARAMETRIC_REPRESENTATION_CONTEXT() REPRESENTATION_CONTEXT('2D SPACE',''
  ) );
#4542 = ORIENTED_EDGE('',*,*,#4543,.F.);
#4543 = EDGE_CURVE('',#4544,#4520,#4546,.T.);
#4544 = VERTEX_POINT('',#4545);
#4545 = CARTESIAN_POINT('',(18.125,1.45,12.));
#4546 = SURFACE_CURVE('',#4547,(#4552,#4563),.PCURVE_S1.);
#4547 = CIRCLE('',#4548,0.2);
#4548 = AXIS2_PLACEMENT_3D('',#4549,#4550,#4551);
#4549 = CARTESIAN_POINT('',(18.325,1.45,12.));
#4550 = DIRECTION('',(-0.,0.,-1.));
#4551 = DIRECTION('',(-1.224646799147E-16,-1.,0.));
#4552 = PCURVE('',#2224,#4553);
#4553 = DEFINITIONAL_REPRESENTATION('',(#4554),#4562);
#4554 = ( BOUNDED_CURVE() B_SPLINE_CURVE(2,(#4555,#4556,#4557,#4558,
#4559,#4560,#4561),.UNSPECIFIED.,.T.,.F.) B_SPLINE_CURVE_WITH_KNOTS((1,2
    ,2,2,2,1),(-2.094395102393,0.,2.094395102393,4.188790204786,
6.28318530718,8.377580409573),.UNSPECIFIED.) CURVE() 
GEOMETRIC_REPRESENTATION_ITEM() RATIONAL_B_SPLINE_CURVE((1.,0.5,1.,0.5,
1.,0.5,1.)) REPRESENTATION_ITEM('') );
#4555 = CARTESIAN_POINT('',(18.325,1.25));
#4556 = CARTESIAN_POINT('',(17.978589838486,1.25));
#4557 = CARTESIAN_POINT('',(18.151794919243,1.55));
#4558 = CARTESIAN_POINT('',(18.325,1.85));
#4559 = CARTESIAN_POINT('',(18.498205080757,1.55));
#4560 = CARTESIAN_POINT('',(18.671410161514,1.25));
#4561 = CARTESIAN_POINT('',(18.325,1.25));
#4562 = ( GEOMETRIC_REPRESENTATION_CONTEXT(2) 
PARAMETRIC_REPRESENTATION_CONTEXT() REPRESENTATION_CONTEXT('2D SPACE',''
  ) );
#4563 = PCURVE('',#3439,#4564);
#4564 = DEFINITIONAL_REPRESENTATION('',(#4565),#4569);
#4565 = LINE('',#4566,#4567);
#4566 = CARTESIAN_POINT('',(0.,0.));
#4567 = VECTOR('',#4568,1.);
#4568 = DIRECTION('',(1.,0.));
#4569 = ( GEOMETRIC_REPRESENTATION_CONTEXT(2) 
PARAMETRIC_REPRESENTATION_CONTEXT() REPRESENTATION_CONTEXT('2D SPACE',''
  ) );
#4570 = ORIENTED_EDGE('',*,*,#4571,.F.);
#4571 = EDGE_CURVE('',#4572,#4544,#4574,.T.);
#4572 = VERTEX_POINT('',#4573);
#4573 = CARTESIAN_POINT('',(18.125,-11.05,12.));
#4574 = SURFACE_CURVE('',#4575,(#4579,#4586),.PCURVE_S1.);
#4575 = LINE('',#4576,#4577);
#4576 = CARTESIAN_POINT('',(18.125,-11.05,12.));
#4577 = VECTOR('',#4578,1.);
#4578 = DIRECTION('',(1.224646799147E-16,1.,0.));
#4579 = PCURVE('',#2224,#4580);
#4580 = DEFINITIONAL_REPRESENTATION('',(#4581),#4585);
#4581 = LINE('',#4582,#4583);
#4582 = CARTESIAN_POINT('',(18.125,-11.05));
#4583 = VECTOR('',#4584,1.);
#4584 = DIRECTION('',(1.224646799147E-16,1.));
#4585 = ( GEOMETRIC_REPRESENTATION_CONTEXT(2) 
PARAMETRIC_REPRESENTATION_CONTEXT() REPRESENTATION_CONTEXT('2D SPACE',''
  ) );
#4586 = PCURVE('',#3406,#4587);
#4587 = DEFINITIONAL_REPRESENTATION('',(#4588),#4592);
#4588 = LINE('',#4589,#4590);
#4589 = CARTESIAN_POINT('',(0.,0.));
#4590 = VECTOR('',#4591,1.);
#4591 = DIRECTION('',(1.,0.));
#4592 = ( GEOMETRIC_REPRESENTATION_CONTEXT(2) 
PARAMETRIC_REPRESENTATION_CONTEXT() REPRESENTATION_CONTEXT('2D SPACE',''
  ) );
#4593 = ORIENTED_EDGE('',*,*,#4594,.F.);
#4594 = EDGE_CURVE('',#4595,#4572,#4597,.T.);
#4595 = VERTEX_POINT('',#4596);
#4596 = CARTESIAN_POINT('',(18.125,-11.05000014941,12.));
#4597 = SURFACE_CURVE('',#4598,(#4603,#4614),.PCURVE_S1.);
#4598 = CIRCLE('',#4599,0.2);
#4599 = AXIS2_PLACEMENT_3D('',#4600,#4601,#4602);
#4600 = CARTESIAN_POINT('',(18.325,-11.05,12.));
#4601 = DIRECTION('',(-0.,0.,-1.));
#4602 = DIRECTION('',(7.470757631669E-07,-1.,-0.));
#4603 = PCURVE('',#2224,#4604);
#4604 = DEFINITIONAL_REPRESENTATION('',(#4605),#4613);
#4605 = ( BOUNDED_CURVE() B_SPLINE_CURVE(2,(#4606,#4607,#4608,#4609,
#4610,#4611,#4612),.UNSPECIFIED.,.T.,.F.) B_SPLINE_CURVE_WITH_KNOTS((1,2
    ,2,2,2,1),(-2.094395102393,0.,2.094395102393,4.188790204786,
6.28318530718,8.377580409573),.UNSPECIFIED.) CURVE() 
GEOMETRIC_REPRESENTATION_ITEM() RATIONAL_B_SPLINE_CURVE((1.,0.5,1.,0.5,
1.,0.5,1.)) REPRESENTATION_ITEM('') );
#4606 = CARTESIAN_POINT('',(18.325000149415,-11.25));
#4607 = CARTESIAN_POINT('',(17.978589987901,-11.25000025879));
#4608 = CARTESIAN_POINT('',(18.151794844536,-10.95000012939));
#4609 = CARTESIAN_POINT('',(18.32499970117,-10.65));
#4610 = CARTESIAN_POINT('',(18.498205006049,-10.9499998706));
#4611 = CARTESIAN_POINT('',(18.671410310929,-11.2499997412));
#4612 = CARTESIAN_POINT('',(18.325000149415,-11.25));
#4613 = ( GEOMETRIC_REPRESENTATION_CONTEXT(2) 
PARAMETRIC_REPRESENTATION_CONTEXT() REPRESENTATION_CONTEXT('2D SPACE',''
  ) );
#4614 = PCURVE('',#3378,#4615);
#4615 = DEFINITIONAL_REPRESENTATION('',(#4616),#4620);
#4616 = LINE('',#4617,#4618);
#4617 = CARTESIAN_POINT('',(0.,0.));
#4618 = VECTOR('',#4619,1.);
#4619 = DIRECTION('',(1.,0.));
#4620 = ( GEOMETRIC_REPRESENTATION_CONTEXT(2) 
PARAMETRIC_REPRESENTATION_CONTEXT() REPRESENTATION_CONTEXT('2D SPACE',''
  ) );
#4621 = ORIENTED_EDGE('',*,*,#4622,.F.);
#4622 = EDGE_CURVE('',#4623,#4595,#4625,.T.);
#4623 = VERTEX_POINT('',#4624);
#4624 = CARTESIAN_POINT('',(17.325000149415,-11.85,12.));
#4625 = SURFACE_CURVE('',#4626,(#4631,#4638),.PCURVE_S1.);
#4626 = CIRCLE('',#4627,0.799999252925);
#4627 = AXIS2_PLACEMENT_3D('',#4628,#4629,#4630);
#4628 = CARTESIAN_POINT('',(17.325000747075,-11.05000074707,12.));
#4629 = DIRECTION('',(0.,0.,1.));
#4630 = DIRECTION('',(-7.470757634981E-07,-1.,0.));
#4631 = PCURVE('',#2224,#4632);
#4632 = DEFINITIONAL_REPRESENTATION('',(#4633),#4637);
#4633 = CIRCLE('',#4634,0.799999252925);
#4634 = AXIS2_PLACEMENT_2D('',#4635,#4636);
#4635 = CARTESIAN_POINT('',(17.325000747075,-11.05000074707));
#4636 = DIRECTION('',(-7.470757634981E-07,-1.));
#4637 = ( GEOMETRIC_REPRESENTATION_CONTEXT(2) 
PARAMETRIC_REPRESENTATION_CONTEXT() REPRESENTATION_CONTEXT('2D SPACE',''
  ) );
#4638 = PCURVE('',#3345,#4639);
#4639 = DEFINITIONAL_REPRESENTATION('',(#4640),#4644);
#4640 = LINE('',#4641,#4642);
#4641 = CARTESIAN_POINT('',(-0.,0.));
#4642 = VECTOR('',#4643,1.);
#4643 = DIRECTION('',(-1.,0.));
#4644 = ( GEOMETRIC_REPRESENTATION_CONTEXT(2) 
PARAMETRIC_REPRESENTATION_CONTEXT() REPRESENTATION_CONTEXT('2D SPACE',''
  ) );
#4645 = ORIENTED_EDGE('',*,*,#4646,.F.);
#4646 = EDGE_CURVE('',#4647,#4623,#4649,.T.);
#4647 = VERTEX_POINT('',#4648);
#4648 = CARTESIAN_POINT('',(17.325,-11.85,12.));
#4649 = SURFACE_CURVE('',#4650,(#4655,#4666),.PCURVE_S1.);
#4650 = CIRCLE('',#4651,0.2);
#4651 = AXIS2_PLACEMENT_3D('',#4652,#4653,#4654);
#4652 = CARTESIAN_POINT('',(17.325,-12.05,12.));
#4653 = DIRECTION('',(0.,0.,-1.));
#4654 = DIRECTION('',(-1.,1.224646799147E-16,0.));
#4655 = PCURVE('',#2224,#4656);
#4656 = DEFINITIONAL_REPRESENTATION('',(#4657),#4665);
#4657 = ( BOUNDED_CURVE() B_SPLINE_CURVE(2,(#4658,#4659,#4660,#4661,
#4662,#4663,#4664),.UNSPECIFIED.,.T.,.F.) B_SPLINE_CURVE_WITH_KNOTS((1,2
    ,2,2,2,1),(-2.094395102393,0.,2.094395102393,4.188790204786,
6.28318530718,8.377580409573),.UNSPECIFIED.) CURVE() 
GEOMETRIC_REPRESENTATION_ITEM() RATIONAL_B_SPLINE_CURVE((1.,0.5,1.,0.5,
1.,0.5,1.)) REPRESENTATION_ITEM('') );
#4658 = CARTESIAN_POINT('',(17.125,-12.05));
#4659 = CARTESIAN_POINT('',(17.125,-11.70358983848));
#4660 = CARTESIAN_POINT('',(17.425,-11.87679491924));
#4661 = CARTESIAN_POINT('',(17.725,-12.05));
#4662 = CARTESIAN_POINT('',(17.425,-12.22320508075));
#4663 = CARTESIAN_POINT('',(17.125,-12.39641016151));
#4664 = CARTESIAN_POINT('',(17.125,-12.05));
#4665 = ( GEOMETRIC_REPRESENTATION_CONTEXT(2) 
PARAMETRIC_REPRESENTATION_CONTEXT() REPRESENTATION_CONTEXT('2D SPACE',''
  ) );
#4666 = PCURVE('',#3316,#4667);
#4667 = DEFINITIONAL_REPRESENTATION('',(#4668),#4672);
#4668 = LINE('',#4669,#4670);
#4669 = CARTESIAN_POINT('',(0.,0.));
#4670 = VECTOR('',#4671,1.);
#4671 = DIRECTION('',(1.,0.));
#4672 = ( GEOMETRIC_REPRESENTATION_CONTEXT(2) 
PARAMETRIC_REPRESENTATION_CONTEXT() REPRESENTATION_CONTEXT('2D SPACE',''
  ) );
#4673 = ORIENTED_EDGE('',*,*,#4674,.F.);
#4674 = EDGE_CURVE('',#4675,#4647,#4677,.T.);
#4675 = VERTEX_POINT('',#4676);
#4676 = CARTESIAN_POINT('',(-17.325,-11.85,12.));
#4677 = SURFACE_CURVE('',#4678,(#4682,#4689),.PCURVE_S1.);
#4678 = LINE('',#4679,#4680);
#4679 = CARTESIAN_POINT('',(-17.325,-11.85,12.));
#4680 = VECTOR('',#4681,1.);
#4681 = DIRECTION('',(1.,-1.224646799147E-16,-0.));
#4682 = PCURVE('',#2224,#4683);
#4683 = DEFINITIONAL_REPRESENTATION('',(#4684),#4688);
#4684 = LINE('',#4685,#4686);
#4685 = CARTESIAN_POINT('',(-17.325,-11.85));
#4686 = VECTOR('',#4687,1.);
#4687 = DIRECTION('',(1.,-1.224646799147E-16));
#4688 = ( GEOMETRIC_REPRESENTATION_CONTEXT(2) 
PARAMETRIC_REPRESENTATION_CONTEXT() REPRESENTATION_CONTEXT('2D SPACE',''
  ) );
#4689 = PCURVE('',#3283,#4690);
#4690 = DEFINITIONAL_REPRESENTATION('',(#4691),#4695);
#4691 = LINE('',#4692,#4693);
#4692 = CARTESIAN_POINT('',(0.,0.));
#4693 = VECTOR('',#4694,1.);
#4694 = DIRECTION('',(1.,0.));
#4695 = ( GEOMETRIC_REPRESENTATION_CONTEXT(2) 
PARAMETRIC_REPRESENTATION_CONTEXT() REPRESENTATION_CONTEXT('2D SPACE',''
  ) );
#4696 = ORIENTED_EDGE('',*,*,#4697,.F.);
#4697 = EDGE_CURVE('',#4698,#4675,#4700,.T.);
#4698 = VERTEX_POINT('',#4699);
#4699 = CARTESIAN_POINT('',(-17.32500014941,-11.85,12.));
#4700 = SURFACE_CURVE('',#4701,(#4706,#4717),.PCURVE_S1.);
#4701 = CIRCLE('',#4702,0.2);
#4702 = AXIS2_PLACEMENT_3D('',#4703,#4704,#4705);
#4703 = CARTESIAN_POINT('',(-17.325,-12.05,12.));
#4704 = DIRECTION('',(-0.,0.,-1.));
#4705 = DIRECTION('',(-1.,-7.470757631669E-07,0.));
#4706 = PCURVE('',#2224,#4707);
#4707 = DEFINITIONAL_REPRESENTATION('',(#4708),#4716);
#4708 = ( BOUNDED_CURVE() B_SPLINE_CURVE(2,(#4709,#4710,#4711,#4712,
#4713,#4714,#4715),.UNSPECIFIED.,.T.,.F.) B_SPLINE_CURVE_WITH_KNOTS((1,2
    ,2,2,2,1),(-2.094395102393,0.,2.094395102393,4.188790204786,
6.28318530718,8.377580409573),.UNSPECIFIED.) CURVE() 
GEOMETRIC_REPRESENTATION_ITEM() RATIONAL_B_SPLINE_CURVE((1.,0.5,1.,0.5,
1.,0.5,1.)) REPRESENTATION_ITEM('') );
#4709 = CARTESIAN_POINT('',(-17.525,-12.05000014941));
#4710 = CARTESIAN_POINT('',(-17.52500025879,-11.7035899879));
#4711 = CARTESIAN_POINT('',(-17.22500012939,-11.87679484453));
#4712 = CARTESIAN_POINT('',(-16.925,-12.04999970117));
#4713 = CARTESIAN_POINT('',(-17.2249998706,-12.22320500604));
#4714 = CARTESIAN_POINT('',(-17.5249997412,-12.39641031092));
#4715 = CARTESIAN_POINT('',(-17.525,-12.05000014941));
#4716 = ( GEOMETRIC_REPRESENTATION_CONTEXT(2) 
PARAMETRIC_REPRESENTATION_CONTEXT() REPRESENTATION_CONTEXT('2D SPACE',''
  ) );
#4717 = PCURVE('',#3255,#4718);
#4718 = DEFINITIONAL_REPRESENTATION('',(#4719),#4723);
#4719 = LINE('',#4720,#4721);
#4720 = CARTESIAN_POINT('',(0.,0.));
#4721 = VECTOR('',#4722,1.);
#4722 = DIRECTION('',(1.,0.));
#4723 = ( GEOMETRIC_REPRESENTATION_CONTEXT(2) 
PARAMETRIC_REPRESENTATION_CONTEXT() REPRESENTATION_CONTEXT('2D SPACE',''
  ) );
#4724 = ORIENTED_EDGE('',*,*,#4725,.F.);
#4725 = EDGE_CURVE('',#4726,#4698,#4728,.T.);
#4726 = VERTEX_POINT('',#4727);
#4727 = CARTESIAN_POINT('',(-18.125,-11.05000014941,12.));
#4728 = SURFACE_CURVE('',#4729,(#4734,#4741),.PCURVE_S1.);
#4729 = CIRCLE('',#4730,0.799999252925);
#4730 = AXIS2_PLACEMENT_3D('',#4731,#4732,#4733);
#4731 = CARTESIAN_POINT('',(-17.32500074707,-11.05000074707,12.));
#4732 = DIRECTION('',(0.,0.,1.));
#4733 = DIRECTION('',(-1.,7.470757634981E-07,0.));
#4734 = PCURVE('',#2224,#4735);
#4735 = DEFINITIONAL_REPRESENTATION('',(#4736),#4740);
#4736 = CIRCLE('',#4737,0.799999252925);
#4737 = AXIS2_PLACEMENT_2D('',#4738,#4739);
#4738 = CARTESIAN_POINT('',(-17.32500074707,-11.05000074707));
#4739 = DIRECTION('',(-1.,7.470757634981E-07));
#4740 = ( GEOMETRIC_REPRESENTATION_CONTEXT(2) 
PARAMETRIC_REPRESENTATION_CONTEXT() REPRESENTATION_CONTEXT('2D SPACE',''
  ) );
#4741 = PCURVE('',#3222,#4742);
#4742 = DEFINITIONAL_REPRESENTATION('',(#4743),#4747);
#4743 = LINE('',#4744,#4745);
#4744 = CARTESIAN_POINT('',(-0.,0.));
#4745 = VECTOR('',#4746,1.);
#4746 = DIRECTION('',(-1.,0.));
#4747 = ( GEOMETRIC_REPRESENTATION_CONTEXT(2) 
PARAMETRIC_REPRESENTATION_CONTEXT() REPRESENTATION_CONTEXT('2D SPACE',''
  ) );
#4748 = ORIENTED_EDGE('',*,*,#4749,.F.);
#4749 = EDGE_CURVE('',#4750,#4726,#4752,.T.);
#4750 = VERTEX_POINT('',#4751);
#4751 = CARTESIAN_POINT('',(-18.125,-11.05,12.));
#4752 = SURFACE_CURVE('',#4753,(#4758,#4769),.PCURVE_S1.);
#4753 = CIRCLE('',#4754,0.2);
#4754 = AXIS2_PLACEMENT_3D('',#4755,#4756,#4757);
#4755 = CARTESIAN_POINT('',(-18.325,-11.05,12.));
#4756 = DIRECTION('',(0.,0.,-1.));
#4757 = DIRECTION('',(1.224646799147E-16,1.,0.));
#4758 = PCURVE('',#2224,#4759);
#4759 = DEFINITIONAL_REPRESENTATION('',(#4760),#4768);
#4760 = ( BOUNDED_CURVE() B_SPLINE_CURVE(2,(#4761,#4762,#4763,#4764,
#4765,#4766,#4767),.UNSPECIFIED.,.T.,.F.) B_SPLINE_CURVE_WITH_KNOTS((1,2
    ,2,2,2,1),(-2.094395102393,0.,2.094395102393,4.188790204786,
6.28318530718,8.377580409573),.UNSPECIFIED.) CURVE() 
GEOMETRIC_REPRESENTATION_ITEM() RATIONAL_B_SPLINE_CURVE((1.,0.5,1.,0.5,
1.,0.5,1.)) REPRESENTATION_ITEM('') );
#4761 = CARTESIAN_POINT('',(-18.325,-10.85));
#4762 = CARTESIAN_POINT('',(-17.97858983848,-10.85));
#4763 = CARTESIAN_POINT('',(-18.15179491924,-11.15));
#4764 = CARTESIAN_POINT('',(-18.325,-11.45));
#4765 = CARTESIAN_POINT('',(-18.49820508075,-11.15));
#4766 = CARTESIAN_POINT('',(-18.67141016151,-10.85));
#4767 = CARTESIAN_POINT('',(-18.325,-10.85));
#4768 = ( GEOMETRIC_REPRESENTATION_CONTEXT(2) 
PARAMETRIC_REPRESENTATION_CONTEXT() REPRESENTATION_CONTEXT('2D SPACE',''
  ) );
#4769 = PCURVE('',#3193,#4770);
#4770 = DEFINITIONAL_REPRESENTATION('',(#4771),#4775);
#4771 = LINE('',#4772,#4773);
#4772 = CARTESIAN_POINT('',(0.,0.));
#4773 = VECTOR('',#4774,1.);
#4774 = DIRECTION('',(1.,0.));
#4775 = ( GEOMETRIC_REPRESENTATION_CONTEXT(2) 
PARAMETRIC_REPRESENTATION_CONTEXT() REPRESENTATION_CONTEXT('2D SPACE',''
  ) );
#4776 = ORIENTED_EDGE('',*,*,#4777,.F.);
#4777 = EDGE_CURVE('',#4778,#4750,#4780,.T.);
#4778 = VERTEX_POINT('',#4779);
#4779 = CARTESIAN_POINT('',(-18.125,1.45,12.));
#4780 = SURFACE_CURVE('',#4781,(#4785,#4792),.PCURVE_S1.);
#4781 = LINE('',#4782,#4783);
#4782 = CARTESIAN_POINT('',(-18.125,1.45,12.));
#4783 = VECTOR('',#4784,1.);
#4784 = DIRECTION('',(-1.224646799147E-16,-1.,0.));
#4785 = PCURVE('',#2224,#4786);
#4786 = DEFINITIONAL_REPRESENTATION('',(#4787),#4791);
#4787 = LINE('',#4788,#4789);
#4788 = CARTESIAN_POINT('',(-18.125,1.45));
#4789 = VECTOR('',#4790,1.);
#4790 = DIRECTION('',(-1.224646799147E-16,-1.));
#4791 = ( GEOMETRIC_REPRESENTATION_CONTEXT(2) 
PARAMETRIC_REPRESENTATION_CONTEXT() REPRESENTATION_CONTEXT('2D SPACE',''
  ) );
#4792 = PCURVE('',#3160,#4793);
#4793 = DEFINITIONAL_REPRESENTATION('',(#4794),#4798);
#4794 = LINE('',#4795,#4796);
#4795 = CARTESIAN_POINT('',(0.,0.));
#4796 = VECTOR('',#4797,1.);
#4797 = DIRECTION('',(1.,0.));
#4798 = ( GEOMETRIC_REPRESENTATION_CONTEXT(2) 
PARAMETRIC_REPRESENTATION_CONTEXT() REPRESENTATION_CONTEXT('2D SPACE',''
  ) );
#4799 = ORIENTED_EDGE('',*,*,#4800,.F.);
#4800 = EDGE_CURVE('',#4801,#4778,#4803,.T.);
#4801 = VERTEX_POINT('',#4802);
#4802 = CARTESIAN_POINT('',(-18.125,1.450000149415,12.));
#4803 = SURFACE_CURVE('',#4804,(#4809,#4820),.PCURVE_S1.);
#4804 = CIRCLE('',#4805,0.2);
#4805 = AXIS2_PLACEMENT_3D('',#4806,#4807,#4808);
#4806 = CARTESIAN_POINT('',(-18.325,1.45,12.));
#4807 = DIRECTION('',(0.,0.,-1.));
#4808 = DIRECTION('',(-7.470757489561E-07,1.,0.));
#4809 = PCURVE('',#2224,#4810);
#4810 = DEFINITIONAL_REPRESENTATION('',(#4811),#4819);
#4811 = ( BOUNDED_CURVE() B_SPLINE_CURVE(2,(#4812,#4813,#4814,#4815,
#4816,#4817,#4818),.UNSPECIFIED.,.T.,.F.) B_SPLINE_CURVE_WITH_KNOTS((1,2
    ,2,2,2,1),(-2.094395102393,0.,2.094395102393,4.188790204786,
6.28318530718,8.377580409573),.UNSPECIFIED.) CURVE() 
GEOMETRIC_REPRESENTATION_ITEM() RATIONAL_B_SPLINE_CURVE((1.,0.5,1.,0.5,
1.,0.5,1.)) REPRESENTATION_ITEM('') );
#4812 = CARTESIAN_POINT('',(-18.32500014941,1.65));
#4813 = CARTESIAN_POINT('',(-17.9785899879,1.650000258795));
#4814 = CARTESIAN_POINT('',(-18.15179484453,1.350000129397));
#4815 = CARTESIAN_POINT('',(-18.32499970117,1.05));
#4816 = CARTESIAN_POINT('',(-18.49820500604,1.349999870603));
#4817 = CARTESIAN_POINT('',(-18.67141031092,1.649999741205));
#4818 = CARTESIAN_POINT('',(-18.32500014941,1.65));
#4819 = ( GEOMETRIC_REPRESENTATION_CONTEXT(2) 
PARAMETRIC_REPRESENTATION_CONTEXT() REPRESENTATION_CONTEXT('2D SPACE',''
  ) );
#4820 = PCURVE('',#3132,#4821);
#4821 = DEFINITIONAL_REPRESENTATION('',(#4822),#4826);
#4822 = LINE('',#4823,#4824);
#4823 = CARTESIAN_POINT('',(0.,0.));
#4824 = VECTOR('',#4825,1.);
#4825 = DIRECTION('',(1.,0.));
#4826 = ( GEOMETRIC_REPRESENTATION_CONTEXT(2) 
PARAMETRIC_REPRESENTATION_CONTEXT() REPRESENTATION_CONTEXT('2D SPACE',''
  ) );
#4827 = ORIENTED_EDGE('',*,*,#4828,.F.);
#4828 = EDGE_CURVE('',#4829,#4801,#4831,.T.);
#4829 = VERTEX_POINT('',#4830);
#4830 = CARTESIAN_POINT('',(-17.32500014941,2.25,12.));
#4831 = SURFACE_CURVE('',#4832,(#4837,#4844),.PCURVE_S1.);
#4832 = CIRCLE('',#4833,0.799999252925);
#4833 = AXIS2_PLACEMENT_3D('',#4834,#4835,#4836);
#4834 = CARTESIAN_POINT('',(-17.32500074707,1.450000747075,12.));
#4835 = DIRECTION('',(0.,-0.,1.));
#4836 = DIRECTION('',(7.470757350764E-07,1.,0.));
#4837 = PCURVE('',#2224,#4838);
#4838 = DEFINITIONAL_REPRESENTATION('',(#4839),#4843);
#4839 = CIRCLE('',#4840,0.799999252925);
#4840 = AXIS2_PLACEMENT_2D('',#4841,#4842);
#4841 = CARTESIAN_POINT('',(-17.32500074707,1.450000747075));
#4842 = DIRECTION('',(7.470757350764E-07,1.));
#4843 = ( GEOMETRIC_REPRESENTATION_CONTEXT(2) 
PARAMETRIC_REPRESENTATION_CONTEXT() REPRESENTATION_CONTEXT('2D SPACE',''
  ) );
#4844 = PCURVE('',#3099,#4845);
#4845 = DEFINITIONAL_REPRESENTATION('',(#4846),#4850);
#4846 = LINE('',#4847,#4848);
#4847 = CARTESIAN_POINT('',(-0.,0.));
#4848 = VECTOR('',#4849,1.);
#4849 = DIRECTION('',(-1.,0.));
#4850 = ( GEOMETRIC_REPRESENTATION_CONTEXT(2) 
PARAMETRIC_REPRESENTATION_CONTEXT() REPRESENTATION_CONTEXT('2D SPACE',''
  ) );
#4851 = ORIENTED_EDGE('',*,*,#4852,.F.);
#4852 = EDGE_CURVE('',#4197,#4829,#4853,.T.);
#4853 = SURFACE_CURVE('',#4854,(#4859,#4870),.PCURVE_S1.);
#4854 = CIRCLE('',#4855,0.2);
#4855 = AXIS2_PLACEMENT_3D('',#4856,#4857,#4858);
#4856 = CARTESIAN_POINT('',(-17.325,2.45,12.));
#4857 = DIRECTION('',(0.,0.,-1.));
#4858 = DIRECTION('',(0.999999993159,1.169718857316E-04,0.));
#4859 = PCURVE('',#2224,#4860);
#4860 = DEFINITIONAL_REPRESENTATION('',(#4861),#4869);
#4861 = ( BOUNDED_CURVE() B_SPLINE_CURVE(2,(#4862,#4863,#4864,#4865,
#4866,#4867,#4868),.UNSPECIFIED.,.T.,.F.) B_SPLINE_CURVE_WITH_KNOTS((1,2
    ,2,2,2,1),(-2.094395102393,0.,2.094395102393,4.188790204786,
6.28318530718,8.377580409573),.UNSPECIFIED.) CURVE() 
GEOMETRIC_REPRESENTATION_ITEM() RATIONAL_B_SPLINE_CURVE((1.,0.5,1.,0.5,
1.,0.5,1.)) REPRESENTATION_ITEM('') );
#4862 = CARTESIAN_POINT('',(-17.12500000136,2.450023394377));
#4863 = CARTESIAN_POINT('',(-17.12495948111,2.103613235233));
#4864 = CARTESIAN_POINT('',(-17.42497973919,2.276783223239));
#4865 = CARTESIAN_POINT('',(-17.72499999726,2.449953211246));
#4866 = CARTESIAN_POINT('',(-17.42502025944,2.623193382383));
#4867 = CARTESIAN_POINT('',(-17.12504052161,2.796433553521));
#4868 = CARTESIAN_POINT('',(-17.12500000136,2.450023394377));
#4869 = ( GEOMETRIC_REPRESENTATION_CONTEXT(2) 
PARAMETRIC_REPRESENTATION_CONTEXT() REPRESENTATION_CONTEXT('2D SPACE',''
  ) );
#4870 = PCURVE('',#3070,#4871);
#4871 = DEFINITIONAL_REPRESENTATION('',(#4872),#4876);
#4872 = LINE('',#4873,#4874);
#4873 = CARTESIAN_POINT('',(0.,0.));
#4874 = VECTOR('',#4875,1.);
#4875 = DIRECTION('',(1.,0.));
#4876 = ( GEOMETRIC_REPRESENTATION_CONTEXT(2) 
PARAMETRIC_REPRESENTATION_CONTEXT() REPRESENTATION_CONTEXT('2D SPACE',''
  ) );
#4877 = FACE_BOUND('',#4878,.F.);
#4878 = EDGE_LOOP('',(#4879));
#4879 = ORIENTED_EDGE('',*,*,#4880,.F.);
#4880 = EDGE_CURVE('',#4881,#4881,#4883,.T.);
#4881 = VERTEX_POINT('',#4882);
#4882 = CARTESIAN_POINT('',(17.7,10.,12.));
#4883 = SURFACE_CURVE('',#4884,(#4889,#4896),.PCURVE_S1.);
#4884 = CIRCLE('',#4885,1.2);
#4885 = AXIS2_PLACEMENT_3D('',#4886,#4887,#4888);
#4886 = CARTESIAN_POINT('',(16.5,10.,12.));
#4887 = DIRECTION('',(0.,0.,1.));
#4888 = DIRECTION('',(1.,0.,-0.));
#4889 = PCURVE('',#2224,#4890);
#4890 = DEFINITIONAL_REPRESENTATION('',(#4891),#4895);
#4891 = CIRCLE('',#4892,1.2);
#4892 = AXIS2_PLACEMENT_2D('',#4893,#4894);
#4893 = CARTESIAN_POINT('',(16.5,10.));
#4894 = DIRECTION('',(1.,0.));
#4895 = ( GEOMETRIC_REPRESENTATION_CONTEXT(2) 
PARAMETRIC_REPRESENTATION_CONTEXT() REPRESENTATION_CONTEXT('2D SPACE',''
  ) );
#4896 = PCURVE('',#4082,#4897);
#4897 = DEFINITIONAL_REPRESENTATION('',(#4898),#4902);
#4898 = LINE('',#4899,#4900);
#4899 = CARTESIAN_POINT('',(0.,-4.));
#4900 = VECTOR('',#4901,1.);
#4901 = DIRECTION('',(1.,0.));
#4902 = ( GEOMETRIC_REPRESENTATION_CONTEXT(2) 
PARAMETRIC_REPRESENTATION_CONTEXT() REPRESENTATION_CONTEXT('2D SPACE',''
  ) );
#4903 = ADVANCED_FACE('',(#4904),#2597,.F.);
#4904 = FACE_BOUND('',#4905,.F.);
#4905 = EDGE_LOOP('',(#4906,#4927,#4928,#4929));
#4906 = ORIENTED_EDGE('',*,*,#4907,.F.);
#4907 = EDGE_CURVE('',#2581,#4108,#4908,.T.);
#4908 = SEAM_CURVE('',#4909,(#4913,#4920),.PCURVE_S1.);
#4909 = LINE('',#4910,#4911);
#4910 = CARTESIAN_POINT('',(-15.3,-14.5,16.));
#4911 = VECTOR('',#4912,1.);
#4912 = DIRECTION('',(-0.,-0.,-1.));
#4913 = PCURVE('',#2597,#4914);
#4914 = DEFINITIONAL_REPRESENTATION('',(#4915),#4919);
#4915 = LINE('',#4916,#4917);
#4916 = CARTESIAN_POINT('',(6.28318530718,0.));
#4917 = VECTOR('',#4918,1.);
#4918 = DIRECTION('',(0.,-1.));
#4919 = ( GEOMETRIC_REPRESENTATION_CONTEXT(2) 
PARAMETRIC_REPRESENTATION_CONTEXT() REPRESENTATION_CONTEXT('2D SPACE',''
  ) );
#4920 = PCURVE('',#2597,#4921);
#4921 = DEFINITIONAL_REPRESENTATION('',(#4922),#4926);
#4922 = LINE('',#4923,#4924);
#4923 = CARTESIAN_POINT('',(0.,0.));
#4924 = VECTOR('',#4925,1.);
#4925 = DIRECTION('',(0.,-1.));
#4926 = ( GEOMETRIC_REPRESENTATION_CONTEXT(2) 
PARAMETRIC_REPRESENTATION_CONTEXT() REPRESENTATION_CONTEXT('2D SPACE',''
  ) );
#4927 = ORIENTED_EDGE('',*,*,#2580,.F.);
#4928 = ORIENTED_EDGE('',*,*,#4907,.T.);
#4929 = ORIENTED_EDGE('',*,*,#4107,.T.);
#4930 = ADVANCED_FACE('',(#4931),#2632,.F.);
#4931 = FACE_BOUND('',#4932,.F.);
#4932 = EDGE_LOOP('',(#4933,#4954,#4955,#4956));
#4933 = ORIENTED_EDGE('',*,*,#4934,.F.);
#4934 = EDGE_CURVE('',#2616,#4134,#4935,.T.);
#4935 = SEAM_CURVE('',#4936,(#4940,#4947),.PCURVE_S1.);
#4936 = LINE('',#4937,#4938);
#4937 = CARTESIAN_POINT('',(17.7,-14.5,16.));
#4938 = VECTOR('',#4939,1.);
#4939 = DIRECTION('',(-0.,-0.,-1.));
#4940 = PCURVE('',#2632,#4941);
#4941 = DEFINITIONAL_REPRESENTATION('',(#4942),#4946);
#4942 = LINE('',#4943,#4944);
#4943 = CARTESIAN_POINT('',(6.28318530718,0.));
#4944 = VECTOR('',#4945,1.);
#4945 = DIRECTION('',(0.,-1.));
#4946 = ( GEOMETRIC_REPRESENTATION_CONTEXT(2) 
PARAMETRIC_REPRESENTATION_CONTEXT() REPRESENTATION_CONTEXT('2D SPACE',''
  ) );
#4947 = PCURVE('',#2632,#4948);
#4948 = DEFINITIONAL_REPRESENTATION('',(#4949),#4953);
#4949 = LINE('',#4950,#4951);
#4950 = CARTESIAN_POINT('',(0.,0.));
#4951 = VECTOR('',#4952,1.);
#4952 = DIRECTION('',(0.,-1.));
#4953 = ( GEOMETRIC_REPRESENTATION_CONTEXT(2) 
PARAMETRIC_REPRESENTATION_CONTEXT() REPRESENTATION_CONTEXT('2D SPACE',''
  ) );
#4954 = ORIENTED_EDGE('',*,*,#2615,.F.);
#4955 = ORIENTED_EDGE('',*,*,#4934,.T.);
#4956 = ORIENTED_EDGE('',*,*,#4133,.T.);
#4957 = ADVANCED_FACE('',(#4958),#2665,.F.);
#4958 = FACE_BOUND('',#4959,.F.);
#4959 = EDGE_LOOP('',(#4960,#4981,#4982,#5003));
#4960 = ORIENTED_EDGE('',*,*,#4961,.T.);
#4961 = EDGE_CURVE('',#3908,#2648,#4962,.T.);
#4962 = SURFACE_CURVE('',#4963,(#4967,#4974),.PCURVE_S1.);
#4963 = LINE('',#4964,#4965);
#4964 = CARTESIAN_POINT('',(-9.35,1.25,13.6));
#4965 = VECTOR('',#4966,1.);
#4966 = DIRECTION('',(0.,0.,1.));
#4967 = PCURVE('',#2665,#4968);
#4968 = DEFINITIONAL_REPRESENTATION('',(#4969),#4973);
#4969 = LINE('',#4970,#4971);
#4970 = CARTESIAN_POINT('',(0.,0.));
#4971 = VECTOR('',#4972,1.);
#4972 = DIRECTION('',(0.,-1.));
#4973 = ( GEOMETRIC_REPRESENTATION_CONTEXT(2) 
PARAMETRIC_REPRESENTATION_CONTEXT() REPRESENTATION_CONTEXT('2D SPACE',''
  ) );
#4974 = PCURVE('',#2747,#4975);
#4975 = DEFINITIONAL_REPRESENTATION('',(#4976),#4980);
#4976 = LINE('',#4977,#4978);
#4977 = CARTESIAN_POINT('',(12.1,0.));
#4978 = VECTOR('',#4979,1.);
#4979 = DIRECTION('',(0.,-1.));
#4980 = ( GEOMETRIC_REPRESENTATION_CONTEXT(2) 
PARAMETRIC_REPRESENTATION_CONTEXT() REPRESENTATION_CONTEXT('2D SPACE',''
  ) );
#4981 = ORIENTED_EDGE('',*,*,#2647,.T.);
#4982 = ORIENTED_EDGE('',*,*,#4983,.F.);
#4983 = EDGE_CURVE('',#3931,#2650,#4984,.T.);
#4984 = SURFACE_CURVE('',#4985,(#4989,#4996),.PCURVE_S1.);
#4985 = LINE('',#4986,#4987);
#4986 = CARTESIAN_POINT('',(9.75,1.25,13.6));
#4987 = VECTOR('',#4988,1.);
#4988 = DIRECTION('',(0.,0.,1.));
#4989 = PCURVE('',#2665,#4990);
#4990 = DEFINITIONAL_REPRESENTATION('',(#4991),#4995);
#4991 = LINE('',#4992,#4993);
#4992 = CARTESIAN_POINT('',(19.1,0.));
#4993 = VECTOR('',#4994,1.);
#4994 = DIRECTION('',(0.,-1.));
#4995 = ( GEOMETRIC_REPRESENTATION_CONTEXT(2) 
PARAMETRIC_REPRESENTATION_CONTEXT() REPRESENTATION_CONTEXT('2D SPACE',''
  ) );
#4996 = PCURVE('',#2693,#4997);
#4997 = DEFINITIONAL_REPRESENTATION('',(#4998),#5002);
#4998 = LINE('',#4999,#5000);
#4999 = CARTESIAN_POINT('',(0.,0.));
#5000 = VECTOR('',#5001,1.);
#5001 = DIRECTION('',(0.,-1.));
#5002 = ( GEOMETRIC_REPRESENTATION_CONTEXT(2) 
PARAMETRIC_REPRESENTATION_CONTEXT() REPRESENTATION_CONTEXT('2D SPACE',''
  ) );
#5003 = ORIENTED_EDGE('',*,*,#3930,.F.);
#5004 = ADVANCED_FACE('',(#5005),#2747,.F.);
#5005 = FACE_BOUND('',#5006,.F.);
#5006 = EDGE_LOOP('',(#5007,#5028,#5029,#5030));
#5007 = ORIENTED_EDGE('',*,*,#5008,.T.);
#5008 = EDGE_CURVE('',#3906,#2706,#5009,.T.);
#5009 = SURFACE_CURVE('',#5010,(#5014,#5021),.PCURVE_S1.);
#5010 = LINE('',#5011,#5012);
#5011 = CARTESIAN_POINT('',(-9.35,-10.85,13.6));
#5012 = VECTOR('',#5013,1.);
#5013 = DIRECTION('',(0.,0.,1.));
#5014 = PCURVE('',#2747,#5015);
#5015 = DEFINITIONAL_REPRESENTATION('',(#5016),#5020);
#5016 = LINE('',#5017,#5018);
#5017 = CARTESIAN_POINT('',(0.,0.));
#5018 = VECTOR('',#5019,1.);
#5019 = DIRECTION('',(0.,-1.));
#5020 = ( GEOMETRIC_REPRESENTATION_CONTEXT(2) 
PARAMETRIC_REPRESENTATION_CONTEXT() REPRESENTATION_CONTEXT('2D SPACE',''
  ) );
#5021 = PCURVE('',#2721,#5022);
#5022 = DEFINITIONAL_REPRESENTATION('',(#5023),#5027);
#5023 = LINE('',#5024,#5025);
#5024 = CARTESIAN_POINT('',(19.1,0.));
#5025 = VECTOR('',#5026,1.);
#5026 = DIRECTION('',(0.,-1.));
#5027 = ( GEOMETRIC_REPRESENTATION_CONTEXT(2) 
PARAMETRIC_REPRESENTATION_CONTEXT() REPRESENTATION_CONTEXT('2D SPACE',''
  ) );
#5028 = ORIENTED_EDGE('',*,*,#2733,.T.);
#5029 = ORIENTED_EDGE('',*,*,#4961,.F.);
#5030 = ORIENTED_EDGE('',*,*,#3905,.F.);
#5031 = ADVANCED_FACE('',(#5032),#2693,.F.);
#5032 = FACE_BOUND('',#5033,.F.);
#5033 = EDGE_LOOP('',(#5034,#5035,#5036,#5057));
#5034 = ORIENTED_EDGE('',*,*,#4983,.T.);
#5035 = ORIENTED_EDGE('',*,*,#2677,.T.);
#5036 = ORIENTED_EDGE('',*,*,#5037,.F.);
#5037 = EDGE_CURVE('',#3954,#2678,#5038,.T.);
#5038 = SURFACE_CURVE('',#5039,(#5043,#5050),.PCURVE_S1.);
#5039 = LINE('',#5040,#5041);
#5040 = CARTESIAN_POINT('',(9.75,-10.85,13.6));
#5041 = VECTOR('',#5042,1.);
#5042 = DIRECTION('',(0.,0.,1.));
#5043 = PCURVE('',#2693,#5044);
#5044 = DEFINITIONAL_REPRESENTATION('',(#5045),#5049);
#5045 = LINE('',#5046,#5047);
#5046 = CARTESIAN_POINT('',(12.1,0.));
#5047 = VECTOR('',#5048,1.);
#5048 = DIRECTION('',(0.,-1.));
#5049 = ( GEOMETRIC_REPRESENTATION_CONTEXT(2) 
PARAMETRIC_REPRESENTATION_CONTEXT() REPRESENTATION_CONTEXT('2D SPACE',''
  ) );
#5050 = PCURVE('',#2721,#5051);
#5051 = DEFINITIONAL_REPRESENTATION('',(#5052),#5056);
#5052 = LINE('',#5053,#5054);
#5053 = CARTESIAN_POINT('',(0.,-0.));
#5054 = VECTOR('',#5055,1.);
#5055 = DIRECTION('',(0.,-1.));
#5056 = ( GEOMETRIC_REPRESENTATION_CONTEXT(2) 
PARAMETRIC_REPRESENTATION_CONTEXT() REPRESENTATION_CONTEXT('2D SPACE',''
  ) );
#5057 = ORIENTED_EDGE('',*,*,#3953,.F.);
#5058 = ADVANCED_FACE('',(#5059),#2721,.F.);
#5059 = FACE_BOUND('',#5060,.F.);
#5060 = EDGE_LOOP('',(#5061,#5062,#5063,#5064));
#5061 = ORIENTED_EDGE('',*,*,#5037,.T.);
#5062 = ORIENTED_EDGE('',*,*,#2705,.T.);
#5063 = ORIENTED_EDGE('',*,*,#5008,.F.);
#5064 = ORIENTED_EDGE('',*,*,#3976,.F.);
#5065 = ADVANCED_FACE('',(#5066,#5069),#2806,.F.);
#5066 = FACE_BOUND('',#5067,.F.);
#5067 = EDGE_LOOP('',(#5068));
#5068 = ORIENTED_EDGE('',*,*,#2791,.T.);
#5069 = FACE_BOUND('',#5070,.F.);
#5070 = EDGE_LOOP('',(#5071));
#5071 = ORIENTED_EDGE('',*,*,#5072,.T.);
#5072 = EDGE_CURVE('',#5073,#5073,#5075,.T.);
#5073 = VERTEX_POINT('',#5074);
#5074 = CARTESIAN_POINT('',(16.88,-8.065,15.1));
#5075 = SURFACE_CURVE('',#5076,(#5081,#5088),.PCURVE_S1.);
#5076 = CIRCLE('',#5077,3.2);
#5077 = AXIS2_PLACEMENT_3D('',#5078,#5079,#5080);
#5078 = CARTESIAN_POINT('',(13.68,-8.065,15.1));
#5079 = DIRECTION('',(0.,0.,1.));
#5080 = DIRECTION('',(1.,0.,0.));
#5081 = PCURVE('',#2806,#5082);
#5082 = DEFINITIONAL_REPRESENTATION('',(#5083),#5087);
#5083 = CIRCLE('',#5084,3.2);
#5084 = AXIS2_PLACEMENT_2D('',#5085,#5086);
#5085 = CARTESIAN_POINT('',(27.1,-6.75));
#5086 = DIRECTION('',(1.,0.));
#5087 = ( GEOMETRIC_REPRESENTATION_CONTEXT(2) 
PARAMETRIC_REPRESENTATION_CONTEXT() REPRESENTATION_CONTEXT('2D SPACE',''
  ) );
#5088 = PCURVE('',#3891,#5089);
#5089 = DEFINITIONAL_REPRESENTATION('',(#5090),#5094);
#5090 = LINE('',#5091,#5092);
#5091 = CARTESIAN_POINT('',(-0.,-1.5));
#5092 = VECTOR('',#5093,1.);
#5093 = DIRECTION('',(-1.,0.));
#5094 = ( GEOMETRIC_REPRESENTATION_CONTEXT(2) 
PARAMETRIC_REPRESENTATION_CONTEXT() REPRESENTATION_CONTEXT('2D SPACE',''
  ) );
#5095 = ADVANCED_FACE('',(#5096,#5099),#2863,.F.);
#5096 = FACE_BOUND('',#5097,.F.);
#5097 = EDGE_LOOP('',(#5098));
#5098 = ORIENTED_EDGE('',*,*,#2848,.T.);
#5099 = FACE_BOUND('',#5100,.F.);
#5100 = EDGE_LOOP('',(#5101));
#5101 = ORIENTED_EDGE('',*,*,#5102,.T.);
#5102 = EDGE_CURVE('',#5103,#5103,#5105,.T.);
#5103 = VERTEX_POINT('',#5104);
#5104 = CARTESIAN_POINT('',(-10.22,-1.315,15.1));
#5105 = SURFACE_CURVE('',#5106,(#5111,#5118),.PCURVE_S1.);
#5106 = CIRCLE('',#5107,3.2);
#5107 = AXIS2_PLACEMENT_3D('',#5108,#5109,#5110);
#5108 = CARTESIAN_POINT('',(-13.42,-1.315,15.1));
#5109 = DIRECTION('',(0.,0.,1.));
#5110 = DIRECTION('',(1.,0.,0.));
#5111 = PCURVE('',#2863,#5112);
#5112 = DEFINITIONAL_REPRESENTATION('',(#5113),#5117);
#5113 = CIRCLE('',#5114,3.2);
#5114 = AXIS2_PLACEMENT_2D('',#5115,#5116);
#5115 = CARTESIAN_POINT('',(0.,-6.661338147751E-16));
#5116 = DIRECTION('',(1.,0.));
#5117 = ( GEOMETRIC_REPRESENTATION_CONTEXT(2) 
PARAMETRIC_REPRESENTATION_CONTEXT() REPRESENTATION_CONTEXT('2D SPACE',''
  ) );
#5118 = PCURVE('',#3860,#5119);
#5119 = DEFINITIONAL_REPRESENTATION('',(#5120),#5124);
#5120 = LINE('',#5121,#5122);
#5121 = CARTESIAN_POINT('',(-0.,-1.5));
#5122 = VECTOR('',#5123,1.);
#5123 = DIRECTION('',(-1.,0.));
#5124 = ( GEOMETRIC_REPRESENTATION_CONTEXT(2) 
PARAMETRIC_REPRESENTATION_CONTEXT() REPRESENTATION_CONTEXT('2D SPACE',''
  ) );
#5125 = ADVANCED_FACE('',(#5126),#2920,.F.);
#5126 = FACE_BOUND('',#5127,.T.);
#5127 = EDGE_LOOP('',(#5128,#5158,#5187,#5208,#5209,#5210,#5234,#5262,
    #5362,#5391,#5491,#5519,#5548,#5576,#5676,#5705));
#5128 = ORIENTED_EDGE('',*,*,#5129,.T.);
#5129 = EDGE_CURVE('',#5130,#5132,#5134,.T.);
#5130 = VERTEX_POINT('',#5131);
#5131 = CARTESIAN_POINT('',(-13.,10.7360679775,6.9));
#5132 = VERTEX_POINT('',#5133);
#5133 = CARTESIAN_POINT('',(-13.,10.7360679775,0.));
#5134 = SURFACE_CURVE('',#5135,(#5139,#5146),.PCURVE_S1.);
#5135 = LINE('',#5136,#5137);
#5136 = CARTESIAN_POINT('',(-13.,10.7360679775,0.));
#5137 = VECTOR('',#5138,1.);
#5138 = DIRECTION('',(-0.,-0.,-1.));
#5139 = PCURVE('',#2920,#5140);
#5140 = DEFINITIONAL_REPRESENTATION('',(#5141),#5145);
#5141 = LINE('',#5142,#5143);
#5142 = CARTESIAN_POINT('',(-0.841068670568,0.));
#5143 = VECTOR('',#5144,1.);
#5144 = DIRECTION('',(-0.,1.));
#5145 = ( GEOMETRIC_REPRESENTATION_CONTEXT(2) 
PARAMETRIC_REPRESENTATION_CONTEXT() REPRESENTATION_CONTEXT('2D SPACE',''
  ) );
#5146 = PCURVE('',#5147,#5152);
#5147 = PLANE('',#5148);
#5148 = AXIS2_PLACEMENT_3D('',#5149,#5150,#5151);
#5149 = CARTESIAN_POINT('',(-13.,58.5,0.));
#5150 = DIRECTION('',(1.,0.,-0.));
#5151 = DIRECTION('',(0.,-1.,0.));
#5152 = DEFINITIONAL_REPRESENTATION('',(#5153),#5157);
#5153 = LINE('',#5154,#5155);
#5154 = CARTESIAN_POINT('',(47.7639320225,0.));
#5155 = VECTOR('',#5156,1.);
#5156 = DIRECTION('',(0.,1.));
#5157 = ( GEOMETRIC_REPRESENTATION_CONTEXT(2) 
PARAMETRIC_REPRESENTATION_CONTEXT() REPRESENTATION_CONTEXT('2D SPACE',''
  ) );
#5158 = ORIENTED_EDGE('',*,*,#5159,.F.);
#5159 = EDGE_CURVE('',#5160,#5132,#5162,.T.);
#5160 = VERTEX_POINT('',#5161);
#5161 = CARTESIAN_POINT('',(-12.,8.5,0.));
#5162 = SURFACE_CURVE('',#5163,(#5168,#5175),.PCURVE_S1.);
#5163 = CIRCLE('',#5164,3.);
#5164 = AXIS2_PLACEMENT_3D('',#5165,#5166,#5167);
#5165 = CARTESIAN_POINT('',(-15.,8.5,0.));
#5166 = DIRECTION('',(0.,0.,1.));
#5167 = DIRECTION('',(1.,0.,0.));
#5168 = PCURVE('',#2920,#5169);
#5169 = DEFINITIONAL_REPRESENTATION('',(#5170),#5174);
#5170 = LINE('',#5171,#5172);
#5171 = CARTESIAN_POINT('',(-0.,0.));
#5172 = VECTOR('',#5173,1.);
#5173 = DIRECTION('',(-1.,0.));
#5174 = ( GEOMETRIC_REPRESENTATION_CONTEXT(2) 
PARAMETRIC_REPRESENTATION_CONTEXT() REPRESENTATION_CONTEXT('2D SPACE',''
  ) );
#5175 = PCURVE('',#5176,#5181);
#5176 = PLANE('',#5177);
#5177 = AXIS2_PLACEMENT_3D('',#5178,#5179,#5180);
#5178 = CARTESIAN_POINT('',(-15.,8.5,0.));
#5179 = DIRECTION('',(0.,0.,1.));
#5180 = DIRECTION('',(1.,0.,-0.));
#5181 = DEFINITIONAL_REPRESENTATION('',(#5182),#5186);
#5182 = CIRCLE('',#5183,3.);
#5183 = AXIS2_PLACEMENT_2D('',#5184,#5185);
#5184 = CARTESIAN_POINT('',(1.59872115546E-14,0.));
#5185 = DIRECTION('',(1.,0.));
#5186 = ( GEOMETRIC_REPRESENTATION_CONTEXT(2) 
PARAMETRIC_REPRESENTATION_CONTEXT() REPRESENTATION_CONTEXT('2D SPACE',''
  ) );
#5187 = ORIENTED_EDGE('',*,*,#5188,.T.);
#5188 = EDGE_CURVE('',#5160,#2883,#5189,.T.);
#5189 = SEAM_CURVE('',#5190,(#5194,#5201),.PCURVE_S1.);
#5190 = LINE('',#5191,#5192);
#5191 = CARTESIAN_POINT('',(-12.,8.5,0.));
#5192 = VECTOR('',#5193,1.);
#5193 = DIRECTION('',(0.,0.,1.));
#5194 = PCURVE('',#2920,#5195);
#5195 = DEFINITIONAL_REPRESENTATION('',(#5196),#5200);
#5196 = LINE('',#5197,#5198);
#5197 = CARTESIAN_POINT('',(-0.,0.));
#5198 = VECTOR('',#5199,1.);
#5199 = DIRECTION('',(-0.,-1.));
#5200 = ( GEOMETRIC_REPRESENTATION_CONTEXT(2) 
PARAMETRIC_REPRESENTATION_CONTEXT() REPRESENTATION_CONTEXT('2D SPACE',''
  ) );
#5201 = PCURVE('',#2920,#5202);
#5202 = DEFINITIONAL_REPRESENTATION('',(#5203),#5207);
#5203 = LINE('',#5204,#5205);
#5204 = CARTESIAN_POINT('',(-6.28318530718,0.));
#5205 = VECTOR('',#5206,1.);
#5206 = DIRECTION('',(-0.,-1.));
#5207 = ( GEOMETRIC_REPRESENTATION_CONTEXT(2) 
PARAMETRIC_REPRESENTATION_CONTEXT() REPRESENTATION_CONTEXT('2D SPACE',''
  ) );
#5208 = ORIENTED_EDGE('',*,*,#2905,.T.);
#5209 = ORIENTED_EDGE('',*,*,#5188,.F.);
#5210 = ORIENTED_EDGE('',*,*,#5211,.F.);
#5211 = EDGE_CURVE('',#5212,#5160,#5214,.T.);
#5212 = VERTEX_POINT('',#5213);
#5213 = CARTESIAN_POINT('',(-13.,6.2639320225,0.));
#5214 = SURFACE_CURVE('',#5215,(#5220,#5227),.PCURVE_S1.);
#5215 = CIRCLE('',#5216,3.);
#5216 = AXIS2_PLACEMENT_3D('',#5217,#5218,#5219);
#5217 = CARTESIAN_POINT('',(-15.,8.5,0.));
#5218 = DIRECTION('',(0.,0.,1.));
#5219 = DIRECTION('',(1.,0.,0.));
#5220 = PCURVE('',#2920,#5221);
#5221 = DEFINITIONAL_REPRESENTATION('',(#5222),#5226);
#5222 = LINE('',#5223,#5224);
#5223 = CARTESIAN_POINT('',(-0.,0.));
#5224 = VECTOR('',#5225,1.);
#5225 = DIRECTION('',(-1.,0.));
#5226 = ( GEOMETRIC_REPRESENTATION_CONTEXT(2) 
PARAMETRIC_REPRESENTATION_CONTEXT() REPRESENTATION_CONTEXT('2D SPACE',''
  ) );
#5227 = PCURVE('',#5176,#5228);
#5228 = DEFINITIONAL_REPRESENTATION('',(#5229),#5233);
#5229 = CIRCLE('',#5230,3.);
#5230 = AXIS2_PLACEMENT_2D('',#5231,#5232);
#5231 = CARTESIAN_POINT('',(1.59872115546E-14,0.));
#5232 = DIRECTION('',(1.,0.));
#5233 = ( GEOMETRIC_REPRESENTATION_CONTEXT(2) 
PARAMETRIC_REPRESENTATION_CONTEXT() REPRESENTATION_CONTEXT('2D SPACE',''
  ) );
#5234 = ORIENTED_EDGE('',*,*,#5235,.F.);
#5235 = EDGE_CURVE('',#5236,#5212,#5238,.T.);
#5236 = VERTEX_POINT('',#5237);
#5237 = CARTESIAN_POINT('',(-13.,6.2639320225,6.9));
#5238 = SURFACE_CURVE('',#5239,(#5243,#5250),.PCURVE_S1.);
#5239 = LINE('',#5240,#5241);
#5240 = CARTESIAN_POINT('',(-13.,6.2639320225,0.));
#5241 = VECTOR('',#5242,1.);
#5242 = DIRECTION('',(-0.,-0.,-1.));
#5243 = PCURVE('',#2920,#5244);
#5244 = DEFINITIONAL_REPRESENTATION('',(#5245),#5249);
#5245 = LINE('',#5246,#5247);
#5246 = CARTESIAN_POINT('',(-5.442116636612,0.));
#5247 = VECTOR('',#5248,1.);
#5248 = DIRECTION('',(-0.,1.));
#5249 = ( GEOMETRIC_REPRESENTATION_CONTEXT(2) 
PARAMETRIC_REPRESENTATION_CONTEXT() REPRESENTATION_CONTEXT('2D SPACE',''
  ) );
#5250 = PCURVE('',#5251,#5256);
#5251 = PLANE('',#5252);
#5252 = AXIS2_PLACEMENT_3D('',#5253,#5254,#5255);
#5253 = CARTESIAN_POINT('',(-13.,58.5,0.));
#5254 = DIRECTION('',(1.,0.,-0.));
#5255 = DIRECTION('',(0.,-1.,0.));
#5256 = DEFINITIONAL_REPRESENTATION('',(#5257),#5261);
#5257 = LINE('',#5258,#5259);
#5258 = CARTESIAN_POINT('',(52.2360679775,0.));
#5259 = VECTOR('',#5260,1.);
#5260 = DIRECTION('',(0.,1.));
#5261 = ( GEOMETRIC_REPRESENTATION_CONTEXT(2) 
PARAMETRIC_REPRESENTATION_CONTEXT() REPRESENTATION_CONTEXT('2D SPACE',''
  ) );
#5262 = ORIENTED_EDGE('',*,*,#5263,.T.);
#5263 = EDGE_CURVE('',#5236,#5264,#5266,.T.);
#5264 = VERTEX_POINT('',#5265);
#5265 = CARTESIAN_POINT('',(-14.1,5.638182395749,8.));
#5266 = SURFACE_CURVE('',#5267,(#5295,#5326),.PCURVE_S1.);
#5267 = B_SPLINE_CURVE_WITH_KNOTS('',6,(#5268,#5269,#5270,#5271,#5272,
    #5273,#5274,#5275,#5276,#5277,#5278,#5279,#5280,#5281,#5282,#5283,
    #5284,#5285,#5286,#5287,#5288,#5289,#5290,#5291,#5292,#5293,#5294),
  .UNSPECIFIED.,.F.,.F.,(7,5,5,5,5,7),(0.,0.23179703018,0.487041386767,
    0.705148517867,0.804476906813,1.),.UNSPECIFIED.);
#5268 = CARTESIAN_POINT('',(-13.,6.2639320225,6.9));
#5269 = CARTESIAN_POINT('',(-13.,6.2639320225,6.965109583611));
#5270 = CARTESIAN_POINT('',(-13.00462468815,6.259795767381,
    7.030232790342));
#5271 = CARTESIAN_POINT('',(-13.01387738921,6.251518956029,
    7.094800824541));
#5272 = CARTESIAN_POINT('',(-13.02763932651,6.239341602088,
    7.158330897945));
#5273 = CARTESIAN_POINT('',(-13.04574047715,6.22366181536,7.220420064794
    ));
#5274 = CARTESIAN_POINT('',(-13.09248917699,6.18430830119,7.347137960537
    ));
#5275 = CARTESIAN_POINT('',(-13.1220204925,6.159984812997,7.411393620275
    ));
#5276 = CARTESIAN_POINT('',(-13.15635853637,6.132542343706,
    7.473122068586));
#5277 = CARTESIAN_POINT('',(-13.19529479418,6.102615097684,
    7.532029176034));
#5278 = CARTESIAN_POINT('',(-13.23866873566,6.070783137071,
    7.587851421076));
#5279 = CARTESIAN_POINT('',(-13.3271972681,6.009176690454,7.685143007891
    ));
#5280 = CARTESIAN_POINT('',(-13.37116170991,5.979785791185,
    7.727504832741));
#5281 = CARTESIAN_POINT('',(-13.41824935458,5.949713234101,
    7.767229132955));
#5282 = CARTESIAN_POINT('',(-13.46841115915,5.919280101115,
    7.804090513011));
#5283 = CARTESIAN_POINT('',(-13.52158101704,5.888806065972,
    7.837812145469));
#5284 = CARTESIAN_POINT('',(-13.60319603347,5.844857822341,
    7.881849218866));
#5285 = CARTESIAN_POINT('',(-13.62933479588,5.831164776668,
    7.894909110044));
#5286 = CARTESIAN_POINT('',(-13.65606284553,5.817561356264,
    7.907217963822));
#5287 = CARTESIAN_POINT('',(-13.68336503068,5.804079399755,
    7.918741506521));
#5288 = CARTESIAN_POINT('',(-13.7112215101,5.790751316123,7.929443489681
    ));
#5289 = CARTESIAN_POINT('',(-13.79548186725,5.751741046114,
    7.958662434719));
#5290 = CARTESIAN_POINT('',(-13.85341361434,5.726591360772,
    7.974713180675));
#5291 = CARTESIAN_POINT('',(-13.91319498409,5.702415540581,
    7.987148135427));
#5292 = CARTESIAN_POINT('',(-13.9745245661,5.679472608716,7.995667312598
    ));
#5293 = CARTESIAN_POINT('',(-14.03697956009,5.658001407217,8.));
#5294 = CARTESIAN_POINT('',(-14.1,5.638182395749,8.));
#5295 = PCURVE('',#2920,#5296);
#5296 = DEFINITIONAL_REPRESENTATION('',(#5297),#5325);
#5297 = B_SPLINE_CURVE_WITH_KNOTS('',6,(#5298,#5299,#5300,#5301,#5302,
    #5303,#5304,#5305,#5306,#5307,#5308,#5309,#5310,#5311,#5312,#5313,
    #5314,#5315,#5316,#5317,#5318,#5319,#5320,#5321,#5322,#5323,#5324),
  .UNSPECIFIED.,.F.,.F.,(7,5,5,5,5,7),(0.,0.23179703018,0.487041386767,
    0.705148517867,0.804476906813,1.),.UNSPECIFIED.);
#5298 = CARTESIAN_POINT('',(-5.442116636612,-6.9));
#5299 = CARTESIAN_POINT('',(-5.442116636612,-6.965109583611));
#5300 = CARTESIAN_POINT('',(-5.440048463315,-7.030232790342));
#5301 = CARTESIAN_POINT('',(-5.435910283849,-7.094800824541));
#5302 = CARTESIAN_POINT('',(-5.429785116002,-7.158330897945));
#5303 = CARTESIAN_POINT('',(-5.421803249859,-7.220420064794));
#5304 = CARTESIAN_POINT('',(-5.401434046487,-7.347137960537));
#5305 = CARTESIAN_POINT('',(-5.38868186376,-7.411393620275));
#5306 = CARTESIAN_POINT('',(-5.374032220674,-7.473122068586));
#5307 = CARTESIAN_POINT('',(-5.357667893242,-7.532029176034));
#5308 = CARTESIAN_POINT('',(-5.339739814226,-7.587851421076));
#5309 = CARTESIAN_POINT('',(-5.303788218185,-7.685143007891));
#5310 = CARTESIAN_POINT('',(-5.286163335756,-7.727504832741));
#5311 = CARTESIAN_POINT('',(-5.267546047991,-7.767229132955));
#5312 = CARTESIAN_POINT('',(-5.247997291345,-7.804090513011));
#5313 = CARTESIAN_POINT('',(-5.22757655132,-7.837812145469));
#5314 = CARTESIAN_POINT('',(-5.196678045378,-7.881849218866));
#5315 = CARTESIAN_POINT('',(-5.186842614519,-7.894909110044));
#5316 = CARTESIAN_POINT('',(-5.176846775604,-7.907217963822));
#5317 = CARTESIAN_POINT('',(-5.16669809177,-7.918741506521));
#5318 = CARTESIAN_POINT('',(-5.156405333076,-7.929443489681));
#5319 = CARTESIAN_POINT('',(-5.125454459899,-7.958662434719));
#5320 = CARTESIAN_POINT('',(-5.104408758797,-7.974713180675));
#5321 = CARTESIAN_POINT('',(-5.082924383824,-7.987148135427));
#5322 = CARTESIAN_POINT('',(-5.061109299487,-7.995667312598));
#5323 = CARTESIAN_POINT('',(-5.039102758253,-8.));
#5324 = CARTESIAN_POINT('',(-5.0170816344,-8.));
#5325 = ( GEOMETRIC_REPRESENTATION_CONTEXT(2) 
PARAMETRIC_REPRESENTATION_CONTEXT() REPRESENTATION_CONTEXT('2D SPACE',''
  ) );
#5326 = PCURVE('',#5327,#5332);
#5327 = CYLINDRICAL_SURFACE('',#5328,1.1);
#5328 = AXIS2_PLACEMENT_3D('',#5329,#5330,#5331);
#5329 = CARTESIAN_POINT('',(-14.1,6.2639320225,6.9));
#5330 = DIRECTION('',(0.,-1.,0.));
#5331 = DIRECTION('',(1.,0.,0.));
#5332 = DEFINITIONAL_REPRESENTATION('',(#5333),#5361);
#5333 = B_SPLINE_CURVE_WITH_KNOTS('',6,(#5334,#5335,#5336,#5337,#5338,
    #5339,#5340,#5341,#5342,#5343,#5344,#5345,#5346,#5347,#5348,#5349,
    #5350,#5351,#5352,#5353,#5354,#5355,#5356,#5357,#5358,#5359,#5360),
  .UNSPECIFIED.,.F.,.F.,(7,5,5,5,5,7),(0.,0.23179703018,0.487041386767,
    0.705148517867,0.804476906813,1.),.UNSPECIFIED.);
#5334 = CARTESIAN_POINT('',(0.,1.7763568394E-14));
#5335 = CARTESIAN_POINT('',(5.919053055513E-02,1.7763568394E-14));
#5336 = CARTESIAN_POINT('',(0.11839340119,4.136255119609E-03));
#5337 = CARTESIAN_POINT('',(0.177465116571,1.241306647098E-02));
#5338 = CARTESIAN_POINT('',(0.236339668839,2.459042041237E-02));
#5339 = CARTESIAN_POINT('',(0.294991105531,4.027020714007E-02));
#5340 = CARTESIAN_POINT('',(0.417778518534,7.962372131068E-02));
#5341 = CARTESIAN_POINT('',(0.481874368563,0.103947209504));
#5342 = CARTESIAN_POINT('',(0.545806648523,0.131389678794));
#5343 = CARTESIAN_POINT('',(0.609720176587,0.161316924816));
#5344 = CARTESIAN_POINT('',(0.673792074119,0.193148885429));
#5345 = CARTESIAN_POINT('',(0.793374522322,0.254755332046));
#5346 = CARTESIAN_POINT('',(0.848757080845,0.284146231315));
#5347 = CARTESIAN_POINT('',(0.904577882352,0.3142187884));
#5348 = CARTESIAN_POINT('',(0.960972819176,0.344651921385));
#5349 = CARTESIAN_POINT('',(1.018068912796,0.375125956529));
#5350 = CARTESIAN_POINT('',(1.102375882108,0.419074200159));
#5351 = CARTESIAN_POINT('',(1.12892619653,0.432767245832));
#5352 = CARTESIAN_POINT('',(1.155656781047,0.446370666236));
#5353 = CARTESIAN_POINT('',(1.182575954225,0.459852622745));
#5354 = CARTESIAN_POINT('',(1.209689823155,0.473180706377));
#5355 = CARTESIAN_POINT('',(1.290765007814,0.512190976386));
#5356 = CARTESIAN_POINT('',(1.34530400458,0.537340661728));
#5357 = CARTESIAN_POINT('',(1.400634841741,0.561516481919));
#5358 = CARTESIAN_POINT('',(1.456727813632,0.584459413785));
#5359 = CARTESIAN_POINT('',(1.513505017787,0.605930615283));
#5360 = CARTESIAN_POINT('',(1.570796326795,0.625749626751));
#5361 = ( GEOMETRIC_REPRESENTATION_CONTEXT(2) 
PARAMETRIC_REPRESENTATION_CONTEXT() REPRESENTATION_CONTEXT('2D SPACE',''
  ) );
#5362 = ORIENTED_EDGE('',*,*,#5363,.T.);
#5363 = EDGE_CURVE('',#5264,#5364,#5366,.T.);
#5364 = VERTEX_POINT('',#5365);
#5365 = CARTESIAN_POINT('',(-15.9,5.638182395749,8.));
#5366 = SURFACE_CURVE('',#5367,(#5372,#5379),.PCURVE_S1.);
#5367 = CIRCLE('',#5368,3.);
#5368 = AXIS2_PLACEMENT_3D('',#5369,#5370,#5371);
#5369 = CARTESIAN_POINT('',(-15.,8.5,8.));
#5370 = DIRECTION('',(0.,0.,-1.));
#5371 = DIRECTION('',(1.,0.,0.));
#5372 = PCURVE('',#2920,#5373);
#5373 = DEFINITIONAL_REPRESENTATION('',(#5374),#5378);
#5374 = LINE('',#5375,#5376);
#5375 = CARTESIAN_POINT('',(-6.28318530718,-8.));
#5376 = VECTOR('',#5377,1.);
#5377 = DIRECTION('',(1.,-0.));
#5378 = ( GEOMETRIC_REPRESENTATION_CONTEXT(2) 
PARAMETRIC_REPRESENTATION_CONTEXT() REPRESENTATION_CONTEXT('2D SPACE',''
  ) );
#5379 = PCURVE('',#5380,#5385);
#5380 = PLANE('',#5381);
#5381 = AXIS2_PLACEMENT_3D('',#5382,#5383,#5384);
#5382 = CARTESIAN_POINT('',(-15.,8.5,8.));
#5383 = DIRECTION('',(-0.,-0.,-1.));
#5384 = DIRECTION('',(-1.,0.,0.));
#5385 = DEFINITIONAL_REPRESENTATION('',(#5386),#5390);
#5386 = CIRCLE('',#5387,3.);
#5387 = AXIS2_PLACEMENT_2D('',#5388,#5389);
#5388 = CARTESIAN_POINT('',(-1.59872115546E-14,0.));
#5389 = DIRECTION('',(-1.,0.));
#5390 = ( GEOMETRIC_REPRESENTATION_CONTEXT(2) 
PARAMETRIC_REPRESENTATION_CONTEXT() REPRESENTATION_CONTEXT('2D SPACE',''
  ) );
#5391 = ORIENTED_EDGE('',*,*,#5392,.T.);
#5392 = EDGE_CURVE('',#5364,#5393,#5395,.T.);
#5393 = VERTEX_POINT('',#5394);
#5394 = CARTESIAN_POINT('',(-17.,6.2639320225,6.9));
#5395 = SURFACE_CURVE('',#5396,(#5424,#5455),.PCURVE_S1.);
#5396 = B_SPLINE_CURVE_WITH_KNOTS('',6,(#5397,#5398,#5399,#5400,#5401,
    #5402,#5403,#5404,#5405,#5406,#5407,#5408,#5409,#5410,#5411,#5412,
    #5413,#5414,#5415,#5416,#5417,#5418,#5419,#5420,#5421,#5422,#5423),
  .UNSPECIFIED.,.F.,.F.,(7,5,5,5,5,7),(0.,0.19552313002,0.294851518521,
    0.512958648644,0.768203004087,1.),.UNSPECIFIED.);
#5397 = CARTESIAN_POINT('',(-15.9,5.638182395749,8.));
#5398 = CARTESIAN_POINT('',(-15.96302040933,5.658001397602,8.));
#5399 = CARTESIAN_POINT('',(-16.02547541476,5.679472600881,
    7.995667316868));
#5400 = CARTESIAN_POINT('',(-16.08680501735,5.702415540402,7.98714813687
    ));
#5401 = CARTESIAN_POINT('',(-16.14658638731,5.726591362231,7.97471317848
    ));
#5402 = CARTESIAN_POINT('',(-16.20451812196,5.751741041125,
    7.958662438456));
#5403 = CARTESIAN_POINT('',(-16.28877848989,5.790751316123,
    7.929443489681));
#5404 = CARTESIAN_POINT('',(-16.31663496931,5.804079399755,
    7.918741506521));
#5405 = CARTESIAN_POINT('',(-16.34393715446,5.817561356264,
    7.907217963822));
#5406 = CARTESIAN_POINT('',(-16.37066520411,5.831164776668,
    7.894909110044));
#5407 = CARTESIAN_POINT('',(-16.39680396653,5.844857822342,
    7.881849218866));
#5408 = CARTESIAN_POINT('',(-16.47841898296,5.888806065972,
    7.837812145469));
#5409 = CARTESIAN_POINT('',(-16.53158884084,5.919280101115,
    7.804090513011));
#5410 = CARTESIAN_POINT('',(-16.58175064541,5.949713234101,
    7.767229132955));
#5411 = CARTESIAN_POINT('',(-16.62883829008,5.979785791185,
    7.727504832741));
#5412 = CARTESIAN_POINT('',(-16.67280273189,6.009176690454,
    7.685143007891));
#5413 = CARTESIAN_POINT('',(-16.76133126433,6.070783137071,
    7.587851421076));
#5414 = CARTESIAN_POINT('',(-16.80470520581,6.102615097684,
    7.532029176034));
#5415 = CARTESIAN_POINT('',(-16.84364146362,6.132542343706,
    7.473122068586));
#5416 = CARTESIAN_POINT('',(-16.87797950749,6.159984812997,
    7.411393620274));
#5417 = CARTESIAN_POINT('',(-16.907510823,6.18430830119,7.347137960537)
  );
#5418 = CARTESIAN_POINT('',(-16.95425951965,6.223661812675,
    7.220420073439));
#5419 = CARTESIAN_POINT('',(-16.97236067544,6.239341603668,
    7.158330896444));
#5420 = CARTESIAN_POINT('',(-16.98612260843,6.251518954103,
    7.094800826299));
#5421 = CARTESIAN_POINT('',(-16.99537530846,6.259795764307,
    7.030232809149));
#5422 = CARTESIAN_POINT('',(-17.,6.2639320225,6.965109607193));
#5423 = CARTESIAN_POINT('',(-17.,6.2639320225,6.9));
#5424 = PCURVE('',#2920,#5425);
#5425 = DEFINITIONAL_REPRESENTATION('',(#5426),#5454);
#5426 = B_SPLINE_CURVE_WITH_KNOTS('',6,(#5427,#5428,#5429,#5430,#5431,
    #5432,#5433,#5434,#5435,#5436,#5437,#5438,#5439,#5440,#5441,#5442,
    #5443,#5444,#5445,#5446,#5447,#5448,#5449,#5450,#5451,#5452,#5453),
  .UNSPECIFIED.,.F.,.F.,(7,5,5,5,5,7),(0.,0.19552313002,0.294851518521,
    0.512958648644,0.768203004087,1.),.UNSPECIFIED.);
#5427 = CARTESIAN_POINT('',(-4.407696326369,-8.));
#5428 = CARTESIAN_POINT('',(-4.3856752132,-8.));
#5429 = CARTESIAN_POINT('',(-4.363668668147,-7.995667316868));
#5430 = CARTESIAN_POINT('',(-4.341853576538,-7.98714813687));
#5431 = CARTESIAN_POINT('',(-4.320369201268,-7.97471317848));
#5432 = CARTESIAN_POINT('',(-4.299323504829,-7.958662438456));
#5433 = CARTESIAN_POINT('',(-4.268372627694,-7.929443489681));
#5434 = CARTESIAN_POINT('',(-4.258079869,-7.918741506521));
#5435 = CARTESIAN_POINT('',(-4.247931185165,-7.907217963822));
#5436 = CARTESIAN_POINT('',(-4.23793534625,-7.894909110044));
#5437 = CARTESIAN_POINT('',(-4.228099915391,-7.881849218866));
#5438 = CARTESIAN_POINT('',(-4.197201409449,-7.837812145469));
#5439 = CARTESIAN_POINT('',(-4.176780669425,-7.804090513011));
#5440 = CARTESIAN_POINT('',(-4.157231912779,-7.767229132955));
#5441 = CARTESIAN_POINT('',(-4.138614625013,-7.727504832741));
#5442 = CARTESIAN_POINT('',(-4.120989742584,-7.685143007891));
#5443 = CARTESIAN_POINT('',(-4.085038146544,-7.587851421076));
#5444 = CARTESIAN_POINT('',(-4.067110067527,-7.532029176034));
#5445 = CARTESIAN_POINT('',(-4.050745740096,-7.473122068586));
#5446 = CARTESIAN_POINT('',(-4.036096097009,-7.411393620274));
#5447 = CARTESIAN_POINT('',(-4.023343914283,-7.347137960537));
#5448 = CARTESIAN_POINT('',(-4.0029747123,-7.220420073439));
#5449 = CARTESIAN_POINT('',(-3.994992843929,-7.158330896444));
#5450 = CARTESIAN_POINT('',(-3.988867677933,-7.094800826299));
#5451 = CARTESIAN_POINT('',(-3.984729498978,-7.030232809149));
#5452 = CARTESIAN_POINT('',(-3.982661324158,-6.965109607193));
#5453 = CARTESIAN_POINT('',(-3.982661324158,-6.9));
#5454 = ( GEOMETRIC_REPRESENTATION_CONTEXT(2) 
PARAMETRIC_REPRESENTATION_CONTEXT() REPRESENTATION_CONTEXT('2D SPACE',''
  ) );
#5455 = PCURVE('',#5456,#5461);
#5456 = CYLINDRICAL_SURFACE('',#5457,1.1);
#5457 = AXIS2_PLACEMENT_3D('',#5458,#5459,#5460);
#5458 = CARTESIAN_POINT('',(-15.9,5.627718676731,6.9));
#5459 = DIRECTION('',(0.,1.,0.));
#5460 = DIRECTION('',(0.,-0.,1.));
#5461 = DEFINITIONAL_REPRESENTATION('',(#5462),#5490);
#5462 = B_SPLINE_CURVE_WITH_KNOTS('',6,(#5463,#5464,#5465,#5466,#5467,
    #5468,#5469,#5470,#5471,#5472,#5473,#5474,#5475,#5476,#5477,#5478,
    #5479,#5480,#5481,#5482,#5483,#5484,#5485,#5486,#5487,#5488,#5489),
  .UNSPECIFIED.,.F.,.F.,(7,5,5,5,5,7),(0.,0.19552313002,0.294851518521,
    0.512958648644,0.768203004087,1.),.UNSPECIFIED.);
#5463 = CARTESIAN_POINT('',(0.,1.046371901818E-02));
#5464 = CARTESIAN_POINT('',(-5.729128121266E-02,3.028272087081E-02));
#5465 = CARTESIAN_POINT('',(-0.114068495793,5.175392414976E-02));
#5466 = CARTESIAN_POINT('',(-0.170161485797,7.469686367103E-02));
#5467 = CARTESIAN_POINT('',(-0.225492324266,9.887268549986E-02));
#5468 = CARTESIAN_POINT('',(-0.280031308612,0.124022364394));
#5469 = CARTESIAN_POINT('',(-0.36110650364,0.163032639393));
#5470 = CARTESIAN_POINT('',(-0.38822037257,0.176360723024));
#5471 = CARTESIAN_POINT('',(-0.415139545748,0.189842679533));
#5472 = CARTESIAN_POINT('',(-0.441870130265,0.203446099937));
#5473 = CARTESIAN_POINT('',(-0.468420444687,0.217139145611));
#5474 = CARTESIAN_POINT('',(-0.552727413999,0.261087389241));
#5475 = CARTESIAN_POINT('',(-0.609823507619,0.291561424384));
#5476 = CARTESIAN_POINT('',(-0.666218444443,0.32199455737));
#5477 = CARTESIAN_POINT('',(-0.72203924595,0.352067114454));
#5478 = CARTESIAN_POINT('',(-0.777421804473,0.381458013723));
#5479 = CARTESIAN_POINT('',(-0.897004252676,0.44306446034));
#5480 = CARTESIAN_POINT('',(-0.961076150208,0.474896420953));
#5481 = CARTESIAN_POINT('',(-1.024989678272,0.504823666975));
#5482 = CARTESIAN_POINT('',(-1.088921958232,0.532266136266));
#5483 = CARTESIAN_POINT('',(-1.153017808261,0.556589624459));
#5484 = CARTESIAN_POINT('',(-1.275805212887,0.595943135944));
#5485 = CARTESIAN_POINT('',(-1.334456659801,0.611622926937));
#5486 = CARTESIAN_POINT('',(-1.393331208033,0.623800277372));
#5487 = CARTESIAN_POINT('',(-1.452402908555,0.632077087576));
#5488 = CARTESIAN_POINT('',(-1.511605774801,0.636213345769));
#5489 = CARTESIAN_POINT('',(-1.570796326795,0.636213345769));
#5490 = ( GEOMETRIC_REPRESENTATION_CONTEXT(2) 
PARAMETRIC_REPRESENTATION_CONTEXT() REPRESENTATION_CONTEXT('2D SPACE',''
  ) );
#5491 = ORIENTED_EDGE('',*,*,#5492,.T.);
#5492 = EDGE_CURVE('',#5393,#5493,#5495,.T.);
#5493 = VERTEX_POINT('',#5494);
#5494 = CARTESIAN_POINT('',(-17.,6.2639320225,0.));
#5495 = SURFACE_CURVE('',#5496,(#5500,#5507),.PCURVE_S1.);
#5496 = LINE('',#5497,#5498);
#5497 = CARTESIAN_POINT('',(-17.,6.2639320225,0.));
#5498 = VECTOR('',#5499,1.);
#5499 = DIRECTION('',(-0.,-0.,-1.));
#5500 = PCURVE('',#2920,#5501);
#5501 = DEFINITIONAL_REPRESENTATION('',(#5502),#5506);
#5502 = LINE('',#5503,#5504);
#5503 = CARTESIAN_POINT('',(-3.982661324158,0.));
#5504 = VECTOR('',#5505,1.);
#5505 = DIRECTION('',(-0.,1.));
#5506 = ( GEOMETRIC_REPRESENTATION_CONTEXT(2) 
PARAMETRIC_REPRESENTATION_CONTEXT() REPRESENTATION_CONTEXT('2D SPACE',''
  ) );
#5507 = PCURVE('',#5508,#5513);
#5508 = PLANE('',#5509);
#5509 = AXIS2_PLACEMENT_3D('',#5510,#5511,#5512);
#5510 = CARTESIAN_POINT('',(-17.,-41.5,0.));
#5511 = DIRECTION('',(-1.,0.,0.));
#5512 = DIRECTION('',(0.,1.,0.));
#5513 = DEFINITIONAL_REPRESENTATION('',(#5514),#5518);
#5514 = LINE('',#5515,#5516);
#5515 = CARTESIAN_POINT('',(47.7639320225,0.));
#5516 = VECTOR('',#5517,1.);
#5517 = DIRECTION('',(0.,1.));
#5518 = ( GEOMETRIC_REPRESENTATION_CONTEXT(2) 
PARAMETRIC_REPRESENTATION_CONTEXT() REPRESENTATION_CONTEXT('2D SPACE',''
  ) );
#5519 = ORIENTED_EDGE('',*,*,#5520,.F.);
#5520 = EDGE_CURVE('',#5521,#5493,#5523,.T.);
#5521 = VERTEX_POINT('',#5522);
#5522 = CARTESIAN_POINT('',(-17.,10.7360679775,0.));
#5523 = SURFACE_CURVE('',#5524,(#5529,#5536),.PCURVE_S1.);
#5524 = CIRCLE('',#5525,3.);
#5525 = AXIS2_PLACEMENT_3D('',#5526,#5527,#5528);
#5526 = CARTESIAN_POINT('',(-15.,8.5,0.));
#5527 = DIRECTION('',(0.,0.,1.));
#5528 = DIRECTION('',(1.,0.,0.));
#5529 = PCURVE('',#2920,#5530);
#5530 = DEFINITIONAL_REPRESENTATION('',(#5531),#5535);
#5531 = LINE('',#5532,#5533);
#5532 = CARTESIAN_POINT('',(-0.,0.));
#5533 = VECTOR('',#5534,1.);
#5534 = DIRECTION('',(-1.,0.));
#5535 = ( GEOMETRIC_REPRESENTATION_CONTEXT(2) 
PARAMETRIC_REPRESENTATION_CONTEXT() REPRESENTATION_CONTEXT('2D SPACE',''
  ) );
#5536 = PCURVE('',#5537,#5542);
#5537 = PLANE('',#5538);
#5538 = AXIS2_PLACEMENT_3D('',#5539,#5540,#5541);
#5539 = CARTESIAN_POINT('',(-15.,8.5,0.));
#5540 = DIRECTION('',(0.,0.,1.));
#5541 = DIRECTION('',(1.,0.,-0.));
#5542 = DEFINITIONAL_REPRESENTATION('',(#5543),#5547);
#5543 = CIRCLE('',#5544,3.);
#5544 = AXIS2_PLACEMENT_2D('',#5545,#5546);
#5545 = CARTESIAN_POINT('',(1.59872115546E-14,0.));
#5546 = DIRECTION('',(1.,0.));
#5547 = ( GEOMETRIC_REPRESENTATION_CONTEXT(2) 
PARAMETRIC_REPRESENTATION_CONTEXT() REPRESENTATION_CONTEXT('2D SPACE',''
  ) );
#5548 = ORIENTED_EDGE('',*,*,#5549,.F.);
#5549 = EDGE_CURVE('',#5550,#5521,#5552,.T.);
#5550 = VERTEX_POINT('',#5551);
#5551 = CARTESIAN_POINT('',(-17.,10.7360679775,6.9));
#5552 = SURFACE_CURVE('',#5553,(#5557,#5564),.PCURVE_S1.);
#5553 = LINE('',#5554,#5555);
#5554 = CARTESIAN_POINT('',(-17.,10.7360679775,0.));
#5555 = VECTOR('',#5556,1.);
#5556 = DIRECTION('',(-0.,-0.,-1.));
#5557 = PCURVE('',#2920,#5558);
#5558 = DEFINITIONAL_REPRESENTATION('',(#5559),#5563);
#5559 = LINE('',#5560,#5561);
#5560 = CARTESIAN_POINT('',(-2.300523983022,0.));
#5561 = VECTOR('',#5562,1.);
#5562 = DIRECTION('',(-0.,1.));
#5563 = ( GEOMETRIC_REPRESENTATION_CONTEXT(2) 
PARAMETRIC_REPRESENTATION_CONTEXT() REPRESENTATION_CONTEXT('2D SPACE',''
  ) );
#5564 = PCURVE('',#5565,#5570);
#5565 = PLANE('',#5566);
#5566 = AXIS2_PLACEMENT_3D('',#5567,#5568,#5569);
#5567 = CARTESIAN_POINT('',(-17.,-41.5,0.));
#5568 = DIRECTION('',(-1.,0.,0.));
#5569 = DIRECTION('',(0.,1.,0.));
#5570 = DEFINITIONAL_REPRESENTATION('',(#5571),#5575);
#5571 = LINE('',#5572,#5573);
#5572 = CARTESIAN_POINT('',(52.2360679775,0.));
#5573 = VECTOR('',#5574,1.);
#5574 = DIRECTION('',(0.,1.));
#5575 = ( GEOMETRIC_REPRESENTATION_CONTEXT(2) 
PARAMETRIC_REPRESENTATION_CONTEXT() REPRESENTATION_CONTEXT('2D SPACE',''
  ) );
#5576 = ORIENTED_EDGE('',*,*,#5577,.F.);
#5577 = EDGE_CURVE('',#5578,#5550,#5580,.T.);
#5578 = VERTEX_POINT('',#5579);
#5579 = CARTESIAN_POINT('',(-15.9,11.361817604251,8.));
#5580 = SURFACE_CURVE('',#5581,(#5609,#5640),.PCURVE_S1.);
#5581 = B_SPLINE_CURVE_WITH_KNOTS('',6,(#5582,#5583,#5584,#5585,#5586,
    #5587,#5588,#5589,#5590,#5591,#5592,#5593,#5594,#5595,#5596,#5597,
    #5598,#5599,#5600,#5601,#5602,#5603,#5604,#5605,#5606,#5607,#5608),
  .UNSPECIFIED.,.F.,.F.,(7,5,5,5,5,7),(0.,0.19552313002,0.294851518521,
    0.512958648644,0.768203004087,1.),.UNSPECIFIED.);
#5582 = CARTESIAN_POINT('',(-15.9,11.361817604251,8.));
#5583 = CARTESIAN_POINT('',(-15.96302040933,11.341998602398,8.));
#5584 = CARTESIAN_POINT('',(-16.02547541476,11.320527399119,
    7.995667316868));
#5585 = CARTESIAN_POINT('',(-16.08680501735,11.297584459598,
    7.98714813687));
#5586 = CARTESIAN_POINT('',(-16.14658638731,11.273408637769,
    7.97471317848));
#5587 = CARTESIAN_POINT('',(-16.20451812196,11.248258958875,
    7.958662438456));
#5588 = CARTESIAN_POINT('',(-16.28877848989,11.209248683877,
    7.929443489681));
#5589 = CARTESIAN_POINT('',(-16.31663496931,11.195920600245,
    7.918741506521));
#5590 = CARTESIAN_POINT('',(-16.34393715446,11.182438643736,
    7.907217963822));
#5591 = CARTESIAN_POINT('',(-16.37066520411,11.168835223332,
    7.894909110044));
#5592 = CARTESIAN_POINT('',(-16.39680396653,11.155142177658,
    7.881849218866));
#5593 = CARTESIAN_POINT('',(-16.47841898296,11.111193934028,
    7.837812145469));
#5594 = CARTESIAN_POINT('',(-16.53158884084,11.080719898885,
    7.804090513011));
#5595 = CARTESIAN_POINT('',(-16.58175064541,11.050286765899,
    7.767229132955));
#5596 = CARTESIAN_POINT('',(-16.62883829008,11.020214208815,
    7.727504832741));
#5597 = CARTESIAN_POINT('',(-16.67280273189,10.990823309546,
    7.685143007891));
#5598 = CARTESIAN_POINT('',(-16.76133126433,10.929216862929,
    7.587851421076));
#5599 = CARTESIAN_POINT('',(-16.80470520581,10.897384902316,
    7.532029176034));
#5600 = CARTESIAN_POINT('',(-16.84364146362,10.867457656294,
    7.473122068586));
#5601 = CARTESIAN_POINT('',(-16.87797950749,10.840015187003,
    7.411393620274));
#5602 = CARTESIAN_POINT('',(-16.907510823,10.81569169881,7.347137960537)
  );
#5603 = CARTESIAN_POINT('',(-16.95425951965,10.776338187325,
    7.220420073439));
#5604 = CARTESIAN_POINT('',(-16.97236067544,10.760658396332,
    7.158330896444));
#5605 = CARTESIAN_POINT('',(-16.98612260843,10.748481045897,
    7.094800826299));
#5606 = CARTESIAN_POINT('',(-16.99537530846,10.740204235693,
    7.030232809149));
#5607 = CARTESIAN_POINT('',(-17.,10.7360679775,6.965109607193));
#5608 = CARTESIAN_POINT('',(-17.,10.7360679775,6.9));
#5609 = PCURVE('',#2920,#5610);
#5610 = DEFINITIONAL_REPRESENTATION('',(#5611),#5639);
#5611 = B_SPLINE_CURVE_WITH_KNOTS('',6,(#5612,#5613,#5614,#5615,#5616,
    #5617,#5618,#5619,#5620,#5621,#5622,#5623,#5624,#5625,#5626,#5627,
    #5628,#5629,#5630,#5631,#5632,#5633,#5634,#5635,#5636,#5637,#5638),
  .UNSPECIFIED.,.F.,.F.,(7,5,5,5,5,7),(0.,0.19552313002,0.294851518521,
    0.512958648644,0.768203004087,1.),.UNSPECIFIED.);
#5612 = CARTESIAN_POINT('',(-1.87548898081,-8.));
#5613 = CARTESIAN_POINT('',(-1.89751009398,-8.));
#5614 = CARTESIAN_POINT('',(-1.919516639033,-7.995667316868));
#5615 = CARTESIAN_POINT('',(-1.941331730642,-7.98714813687));
#5616 = CARTESIAN_POINT('',(-1.962816105912,-7.97471317848));
#5617 = CARTESIAN_POINT('',(-1.983861802351,-7.958662438456));
#5618 = CARTESIAN_POINT('',(-2.014812679486,-7.929443489681));
#5619 = CARTESIAN_POINT('',(-2.02510543818,-7.918741506521));
#5620 = CARTESIAN_POINT('',(-2.035254122015,-7.907217963822));
#5621 = CARTESIAN_POINT('',(-2.045249960929,-7.894909110044));
#5622 = CARTESIAN_POINT('',(-2.055085391789,-7.881849218866));
#5623 = CARTESIAN_POINT('',(-2.085983897731,-7.837812145469));
#5624 = CARTESIAN_POINT('',(-2.106404637755,-7.804090513011));
#5625 = CARTESIAN_POINT('',(-2.125953394401,-7.767229132955));
#5626 = CARTESIAN_POINT('',(-2.144570682166,-7.727504832741));
#5627 = CARTESIAN_POINT('',(-2.162195564595,-7.685143007891));
#5628 = CARTESIAN_POINT('',(-2.198147160636,-7.587851421076));
#5629 = CARTESIAN_POINT('',(-2.216075239653,-7.532029176034));
#5630 = CARTESIAN_POINT('',(-2.232439567084,-7.473122068586));
#5631 = CARTESIAN_POINT('',(-2.247089210171,-7.411393620274));
#5632 = CARTESIAN_POINT('',(-2.259841392897,-7.347137960537));
#5633 = CARTESIAN_POINT('',(-2.280210594879,-7.220420073439));
#5634 = CARTESIAN_POINT('',(-2.288192463251,-7.158330896444));
#5635 = CARTESIAN_POINT('',(-2.294317629247,-7.094800826299));
#5636 = CARTESIAN_POINT('',(-2.298455808201,-7.030232809149));
#5637 = CARTESIAN_POINT('',(-2.300523983022,-6.965109607193));
#5638 = CARTESIAN_POINT('',(-2.300523983022,-6.9));
#5639 = ( GEOMETRIC_REPRESENTATION_CONTEXT(2) 
PARAMETRIC_REPRESENTATION_CONTEXT() REPRESENTATION_CONTEXT('2D SPACE',''
  ) );
#5640 = PCURVE('',#5641,#5646);
#5641 = CYLINDRICAL_SURFACE('',#5642,1.1);
#5642 = AXIS2_PLACEMENT_3D('',#5643,#5644,#5645);
#5643 = CARTESIAN_POINT('',(-15.9,10.7360679775,6.9));
#5644 = DIRECTION('',(0.,1.,0.));
#5645 = DIRECTION('',(0.,-0.,1.));
#5646 = DEFINITIONAL_REPRESENTATION('',(#5647),#5675);
#5647 = B_SPLINE_CURVE_WITH_KNOTS('',6,(#5648,#5649,#5650,#5651,#5652,
    #5653,#5654,#5655,#5656,#5657,#5658,#5659,#5660,#5661,#5662,#5663,
    #5664,#5665,#5666,#5667,#5668,#5669,#5670,#5671,#5672,#5673,#5674),
  .UNSPECIFIED.,.F.,.F.,(7,5,5,5,5,7),(0.,0.19552313002,0.294851518521,
    0.512958648644,0.768203004087,1.),.UNSPECIFIED.);
#5648 = CARTESIAN_POINT('',(0.,0.625749626751));
#5649 = CARTESIAN_POINT('',(-5.729128121269E-02,0.605930624898));
#5650 = CARTESIAN_POINT('',(-0.114068495793,0.58445942162));
#5651 = CARTESIAN_POINT('',(-0.170161485797,0.561516482098));
#5652 = CARTESIAN_POINT('',(-0.225492324266,0.537340660269));
#5653 = CARTESIAN_POINT('',(-0.280031308612,0.512190981375));
#5654 = CARTESIAN_POINT('',(-0.36110650364,0.473180706377));
#5655 = CARTESIAN_POINT('',(-0.38822037257,0.459852622745));
#5656 = CARTESIAN_POINT('',(-0.415139545748,0.446370666236));
#5657 = CARTESIAN_POINT('',(-0.441870130265,0.432767245832));
#5658 = CARTESIAN_POINT('',(-0.468420444687,0.419074200159));
#5659 = CARTESIAN_POINT('',(-0.552727413999,0.375125956528));
#5660 = CARTESIAN_POINT('',(-0.609823507619,0.344651921385));
#5661 = CARTESIAN_POINT('',(-0.666218444443,0.3142187884));
#5662 = CARTESIAN_POINT('',(-0.72203924595,0.284146231315));
#5663 = CARTESIAN_POINT('',(-0.777421804473,0.254755332046));
#5664 = CARTESIAN_POINT('',(-0.897004252676,0.193148885429));
#5665 = CARTESIAN_POINT('',(-0.961076150208,0.161316924816));
#5666 = CARTESIAN_POINT('',(-1.024989678272,0.131389678794));
#5667 = CARTESIAN_POINT('',(-1.088921958232,0.103947209503));
#5668 = CARTESIAN_POINT('',(-1.153017808261,7.962372131063E-02));
#5669 = CARTESIAN_POINT('',(-1.275805212887,4.027020982491E-02));
#5670 = CARTESIAN_POINT('',(-1.334456659801,2.459041883229E-02));
#5671 = CARTESIAN_POINT('',(-1.393331208033,1.241306839742E-02));
#5672 = CARTESIAN_POINT('',(-1.452402908555,4.136258193673E-03));
#5673 = CARTESIAN_POINT('',(-1.511605774801,-1.06541542228E-14));
#5674 = CARTESIAN_POINT('',(-1.570796326795,-1.06581410364E-14));
#5675 = ( GEOMETRIC_REPRESENTATION_CONTEXT(2) 
PARAMETRIC_REPRESENTATION_CONTEXT() REPRESENTATION_CONTEXT('2D SPACE',''
  ) );
#5676 = ORIENTED_EDGE('',*,*,#5677,.T.);
#5677 = EDGE_CURVE('',#5578,#5678,#5680,.T.);
#5678 = VERTEX_POINT('',#5679);
#5679 = CARTESIAN_POINT('',(-14.1,11.361817604251,8.));
#5680 = SURFACE_CURVE('',#5681,(#5686,#5693),.PCURVE_S1.);
#5681 = CIRCLE('',#5682,3.);
#5682 = AXIS2_PLACEMENT_3D('',#5683,#5684,#5685);
#5683 = CARTESIAN_POINT('',(-15.,8.5,8.));
#5684 = DIRECTION('',(0.,0.,-1.));
#5685 = DIRECTION('',(1.,0.,0.));
#5686 = PCURVE('',#2920,#5687);
#5687 = DEFINITIONAL_REPRESENTATION('',(#5688),#5692);
#5688 = LINE('',#5689,#5690);
#5689 = CARTESIAN_POINT('',(-6.28318530718,-8.));
#5690 = VECTOR('',#5691,1.);
#5691 = DIRECTION('',(1.,-0.));
#5692 = ( GEOMETRIC_REPRESENTATION_CONTEXT(2) 
PARAMETRIC_REPRESENTATION_CONTEXT() REPRESENTATION_CONTEXT('2D SPACE',''
  ) );
#5693 = PCURVE('',#5694,#5699);
#5694 = PLANE('',#5695);
#5695 = AXIS2_PLACEMENT_3D('',#5696,#5697,#5698);
#5696 = CARTESIAN_POINT('',(-15.,8.5,8.));
#5697 = DIRECTION('',(-0.,-0.,-1.));
#5698 = DIRECTION('',(-1.,0.,0.));
#5699 = DEFINITIONAL_REPRESENTATION('',(#5700),#5704);
#5700 = CIRCLE('',#5701,3.);
#5701 = AXIS2_PLACEMENT_2D('',#5702,#5703);
#5702 = CARTESIAN_POINT('',(-1.59872115546E-14,0.));
#5703 = DIRECTION('',(-1.,0.));
#5704 = ( GEOMETRIC_REPRESENTATION_CONTEXT(2) 
PARAMETRIC_REPRESENTATION_CONTEXT() REPRESENTATION_CONTEXT('2D SPACE',''
  ) );
#5705 = ORIENTED_EDGE('',*,*,#5706,.F.);
#5706 = EDGE_CURVE('',#5130,#5678,#5707,.T.);
#5707 = SURFACE_CURVE('',#5708,(#5736,#5767),.PCURVE_S1.);
#5708 = B_SPLINE_CURVE_WITH_KNOTS('',6,(#5709,#5710,#5711,#5712,#5713,
    #5714,#5715,#5716,#5717,#5718,#5719,#5720,#5721,#5722,#5723,#5724,
    #5725,#5726,#5727,#5728,#5729,#5730,#5731,#5732,#5733,#5734,#5735),
  .UNSPECIFIED.,.F.,.F.,(7,5,5,5,5,7),(0.,0.23179703018,0.487041386767,
    0.705148517867,0.804476906813,1.),.UNSPECIFIED.);
#5709 = CARTESIAN_POINT('',(-13.,10.7360679775,6.9));
#5710 = CARTESIAN_POINT('',(-13.,10.7360679775,6.965109583611));
#5711 = CARTESIAN_POINT('',(-13.00462468815,10.740204232619,
    7.030232790342));
#5712 = CARTESIAN_POINT('',(-13.01387738921,10.748481043971,
    7.094800824541));
#5713 = CARTESIAN_POINT('',(-13.02763932651,10.760658397912,
    7.158330897945));
#5714 = CARTESIAN_POINT('',(-13.04574047715,10.77633818464,
    7.220420064794));
#5715 = CARTESIAN_POINT('',(-13.09248917699,10.81569169881,
    7.347137960537));
#5716 = CARTESIAN_POINT('',(-13.1220204925,10.840015187003,
    7.411393620275));
#5717 = CARTESIAN_POINT('',(-13.15635853637,10.867457656294,
    7.473122068586));
#5718 = CARTESIAN_POINT('',(-13.19529479418,10.897384902316,
    7.532029176034));
#5719 = CARTESIAN_POINT('',(-13.23866873566,10.929216862929,
    7.587851421076));
#5720 = CARTESIAN_POINT('',(-13.3271972681,10.990823309546,
    7.685143007891));
#5721 = CARTESIAN_POINT('',(-13.37116170991,11.020214208815,
    7.727504832741));
#5722 = CARTESIAN_POINT('',(-13.41824935458,11.050286765899,
    7.767229132955));
#5723 = CARTESIAN_POINT('',(-13.46841115915,11.080719898885,
    7.804090513011));
#5724 = CARTESIAN_POINT('',(-13.52158101704,11.111193934028,
    7.837812145469));
#5725 = CARTESIAN_POINT('',(-13.60319603347,11.155142177659,
    7.881849218866));
#5726 = CARTESIAN_POINT('',(-13.62933479588,11.168835223332,
    7.894909110044));
#5727 = CARTESIAN_POINT('',(-13.65606284553,11.182438643736,
    7.907217963822));
#5728 = CARTESIAN_POINT('',(-13.68336503068,11.195920600245,
    7.918741506521));
#5729 = CARTESIAN_POINT('',(-13.7112215101,11.209248683877,
    7.929443489681));
#5730 = CARTESIAN_POINT('',(-13.79548186725,11.248258953886,
    7.958662434719));
#5731 = CARTESIAN_POINT('',(-13.85341361434,11.273408639228,
    7.974713180675));
#5732 = CARTESIAN_POINT('',(-13.91319498409,11.297584459419,
    7.987148135427));
#5733 = CARTESIAN_POINT('',(-13.9745245661,11.320527391284,
    7.995667312598));
#5734 = CARTESIAN_POINT('',(-14.03697956009,11.341998592783,8.));
#5735 = CARTESIAN_POINT('',(-14.1,11.361817604251,8.));
#5736 = PCURVE('',#2920,#5737);
#5737 = DEFINITIONAL_REPRESENTATION('',(#5738),#5766);
#5738 = B_SPLINE_CURVE_WITH_KNOTS('',6,(#5739,#5740,#5741,#5742,#5743,
    #5744,#5745,#5746,#5747,#5748,#5749,#5750,#5751,#5752,#5753,#5754,
    #5755,#5756,#5757,#5758,#5759,#5760,#5761,#5762,#5763,#5764,#5765),
  .UNSPECIFIED.,.F.,.F.,(7,5,5,5,5,7),(0.,0.23179703018,0.487041386767,
    0.705148517867,0.804476906813,1.),.UNSPECIFIED.);
#5739 = CARTESIAN_POINT('',(-0.841068670568,-6.9));
#5740 = CARTESIAN_POINT('',(-0.841068670568,-6.965109583611));
#5741 = CARTESIAN_POINT('',(-0.843136843865,-7.030232790342));
#5742 = CARTESIAN_POINT('',(-0.847275023331,-7.094800824541));
#5743 = CARTESIAN_POINT('',(-0.853400191178,-7.158330897945));
#5744 = CARTESIAN_POINT('',(-0.861382057321,-7.220420064794));
#5745 = CARTESIAN_POINT('',(-0.881751260693,-7.347137960537));
#5746 = CARTESIAN_POINT('',(-0.894503443419,-7.411393620275));
#5747 = CARTESIAN_POINT('',(-0.909153086506,-7.473122068586));
#5748 = CARTESIAN_POINT('',(-0.925517413937,-7.532029176034));
#5749 = CARTESIAN_POINT('',(-0.943445492954,-7.587851421076));
#5750 = CARTESIAN_POINT('',(-0.979397088995,-7.685143007891));
#5751 = CARTESIAN_POINT('',(-0.997021971424,-7.727504832741));
#5752 = CARTESIAN_POINT('',(-1.015639259189,-7.767229132955));
#5753 = CARTESIAN_POINT('',(-1.035188015835,-7.804090513011));
#5754 = CARTESIAN_POINT('',(-1.055608755859,-7.837812145469));
#5755 = CARTESIAN_POINT('',(-1.086507261801,-7.881849218866));
#5756 = CARTESIAN_POINT('',(-1.09634269266,-7.894909110044));
#5757 = CARTESIAN_POINT('',(-1.106338531575,-7.907217963822));
#5758 = CARTESIAN_POINT('',(-1.11648721541,-7.918741506521));
#5759 = CARTESIAN_POINT('',(-1.126779974104,-7.929443489681));
#5760 = CARTESIAN_POINT('',(-1.157730847281,-7.958662434719));
#5761 = CARTESIAN_POINT('',(-1.178776548383,-7.974713180675));
#5762 = CARTESIAN_POINT('',(-1.200260923356,-7.987148135427));
#5763 = CARTESIAN_POINT('',(-1.222076007693,-7.995667312598));
#5764 = CARTESIAN_POINT('',(-1.244082548926,-8.));
#5765 = CARTESIAN_POINT('',(-1.26610367278,-8.));
#5766 = ( GEOMETRIC_REPRESENTATION_CONTEXT(2) 
PARAMETRIC_REPRESENTATION_CONTEXT() REPRESENTATION_CONTEXT('2D SPACE',''
  ) );
#5767 = PCURVE('',#5768,#5773);
#5768 = CYLINDRICAL_SURFACE('',#5769,1.1);
#5769 = AXIS2_PLACEMENT_3D('',#5770,#5771,#5772);
#5770 = CARTESIAN_POINT('',(-14.1,11.372281323269,6.9));
#5771 = DIRECTION('',(0.,-1.,0.));
#5772 = DIRECTION('',(1.,0.,0.));
#5773 = DEFINITIONAL_REPRESENTATION('',(#5774),#5802);
#5774 = B_SPLINE_CURVE_WITH_KNOTS('',6,(#5775,#5776,#5777,#5778,#5779,
    #5780,#5781,#5782,#5783,#5784,#5785,#5786,#5787,#5788,#5789,#5790,
    #5791,#5792,#5793,#5794,#5795,#5796,#5797,#5798,#5799,#5800,#5801),
  .UNSPECIFIED.,.F.,.F.,(7,5,5,5,5,7),(0.,0.23179703018,0.487041386767,
    0.705148517867,0.804476906813,1.),.UNSPECIFIED.);
#5775 = CARTESIAN_POINT('',(0.,0.636213345769));
#5776 = CARTESIAN_POINT('',(5.919053055511E-02,0.636213345769));
#5777 = CARTESIAN_POINT('',(0.11839340119,0.63207709065));
#5778 = CARTESIAN_POINT('',(0.177465116571,0.623800279298));
#5779 = CARTESIAN_POINT('',(0.236339668839,0.611622925357));
#5780 = CARTESIAN_POINT('',(0.294991105531,0.595943138629));
#5781 = CARTESIAN_POINT('',(0.417778518534,0.556589624459));
#5782 = CARTESIAN_POINT('',(0.481874368563,0.532266136266));
#5783 = CARTESIAN_POINT('',(0.545806648523,0.504823666975));
#5784 = CARTESIAN_POINT('',(0.609720176587,0.474896420953));
#5785 = CARTESIAN_POINT('',(0.673792074119,0.44306446034));
#5786 = CARTESIAN_POINT('',(0.793374522322,0.381458013723));
#5787 = CARTESIAN_POINT('',(0.848757080845,0.352067114454));
#5788 = CARTESIAN_POINT('',(0.904577882352,0.32199455737));
#5789 = CARTESIAN_POINT('',(0.960972819176,0.291561424384));
#5790 = CARTESIAN_POINT('',(1.018068912796,0.261087389241));
#5791 = CARTESIAN_POINT('',(1.102375882108,0.21713914561));
#5792 = CARTESIAN_POINT('',(1.12892619653,0.203446099937));
#5793 = CARTESIAN_POINT('',(1.155656781047,0.189842679533));
#5794 = CARTESIAN_POINT('',(1.182575954225,0.176360723024));
#5795 = CARTESIAN_POINT('',(1.209689823155,0.163032639392));
#5796 = CARTESIAN_POINT('',(1.290765007814,0.124022369383));
#5797 = CARTESIAN_POINT('',(1.34530400458,9.887268404115E-02));
#5798 = CARTESIAN_POINT('',(1.400634841741,7.469686384978E-02));
#5799 = CARTESIAN_POINT('',(1.456727813632,5.175393198459E-02));
#5800 = CARTESIAN_POINT('',(1.513505017787,3.0282730486E-02));
#5801 = CARTESIAN_POINT('',(1.570796326795,1.046371901817E-02));
#5802 = ( GEOMETRIC_REPRESENTATION_CONTEXT(2) 
PARAMETRIC_REPRESENTATION_CONTEXT() REPRESENTATION_CONTEXT('2D SPACE',''
  ) );
#5803 = ADVANCED_FACE('',(#5804,#5807),#2975,.F.);
#5804 = FACE_BOUND('',#5805,.F.);
#5805 = EDGE_LOOP('',(#5806));
#5806 = ORIENTED_EDGE('',*,*,#2960,.T.);
#5807 = FACE_BOUND('',#5808,.F.);
#5808 = EDGE_LOOP('',(#5809));
#5809 = ORIENTED_EDGE('',*,*,#5810,.T.);
#5810 = EDGE_CURVE('',#5811,#5811,#5813,.T.);
#5811 = VERTEX_POINT('',#5812);
#5812 = CARTESIAN_POINT('',(16.88,-1.315,15.1));
#5813 = SURFACE_CURVE('',#5814,(#5819,#5826),.PCURVE_S1.);
#5814 = CIRCLE('',#5815,3.2);
#5815 = AXIS2_PLACEMENT_3D('',#5816,#5817,#5818);
#5816 = CARTESIAN_POINT('',(13.68,-1.315,15.1));
#5817 = DIRECTION('',(0.,0.,1.));
#5818 = DIRECTION('',(1.,0.,0.));
#5819 = PCURVE('',#2975,#5820);
#5820 = DEFINITIONAL_REPRESENTATION('',(#5821),#5825);
#5821 = CIRCLE('',#5822,3.2);
#5822 = AXIS2_PLACEMENT_2D('',#5823,#5824);
#5823 = CARTESIAN_POINT('',(27.1,-6.661338147751E-16));
#5824 = DIRECTION('',(1.,0.));
#5825 = ( GEOMETRIC_REPRESENTATION_CONTEXT(2) 
PARAMETRIC_REPRESENTATION_CONTEXT() REPRESENTATION_CONTEXT('2D SPACE',''
  ) );
#5826 = PCURVE('',#4016,#5827);
#5827 = DEFINITIONAL_REPRESENTATION('',(#5828),#5832);
#5828 = LINE('',#5829,#5830);
#5829 = CARTESIAN_POINT('',(-0.,-1.5));
#5830 = VECTOR('',#5831,1.);
#5831 = DIRECTION('',(-1.,0.));
#5832 = ( GEOMETRIC_REPRESENTATION_CONTEXT(2) 
PARAMETRIC_REPRESENTATION_CONTEXT() REPRESENTATION_CONTEXT('2D SPACE',''
  ) );
#5833 = ADVANCED_FACE('',(#5834),#3037,.T.);
#5834 = FACE_BOUND('',#5835,.T.);
#5835 = EDGE_LOOP('',(#5836,#5857,#5858,#5879));
#5836 = ORIENTED_EDGE('',*,*,#5837,.T.);
#5837 = EDGE_CURVE('',#4195,#3020,#5838,.T.);
#5838 = SURFACE_CURVE('',#5839,(#5843,#5850),.PCURVE_S1.);
#5839 = LINE('',#5840,#5841);
#5840 = CARTESIAN_POINT('',(-11.33196588675,2.250701015138,12.));
#5841 = VECTOR('',#5842,1.);
#5842 = DIRECTION('',(0.,0.,1.));
#5843 = PCURVE('',#3037,#5844);
#5844 = DEFINITIONAL_REPRESENTATION('',(#5845),#5849);
#5845 = LINE('',#5846,#5847);
#5846 = CARTESIAN_POINT('',(0.,0.));
#5847 = VECTOR('',#5848,1.);
#5848 = DIRECTION('',(0.,-1.));
#5849 = ( GEOMETRIC_REPRESENTATION_CONTEXT(2) 
PARAMETRIC_REPRESENTATION_CONTEXT() REPRESENTATION_CONTEXT('2D SPACE',''
  ) );
#5850 = PCURVE('',#3826,#5851);
#5851 = DEFINITIONAL_REPRESENTATION('',(#5852),#5856);
#5852 = LINE('',#5853,#5854);
#5853 = CARTESIAN_POINT('',(-6.283303026141,0.));
#5854 = VECTOR('',#5855,1.);
#5855 = DIRECTION('',(-0.,-1.));
#5856 = ( GEOMETRIC_REPRESENTATION_CONTEXT(2) 
PARAMETRIC_REPRESENTATION_CONTEXT() REPRESENTATION_CONTEXT('2D SPACE',''
  ) );
#5857 = ORIENTED_EDGE('',*,*,#3019,.T.);
#5858 = ORIENTED_EDGE('',*,*,#5859,.F.);
#5859 = EDGE_CURVE('',#4197,#3022,#5860,.T.);
#5860 = SURFACE_CURVE('',#5861,(#5865,#5872),.PCURVE_S1.);
#5861 = LINE('',#5862,#5863);
#5862 = CARTESIAN_POINT('',(-17.32497660562,2.250000001368,12.));
#5863 = VECTOR('',#5864,1.);
#5864 = DIRECTION('',(0.,0.,1.));
#5865 = PCURVE('',#3037,#5866);
#5866 = DEFINITIONAL_REPRESENTATION('',(#5867),#5871);
#5867 = LINE('',#5868,#5869);
#5868 = CARTESIAN_POINT('',(5.993010759872,0.));
#5869 = VECTOR('',#5870,1.);
#5870 = DIRECTION('',(0.,-1.));
#5871 = ( GEOMETRIC_REPRESENTATION_CONTEXT(2) 
PARAMETRIC_REPRESENTATION_CONTEXT() REPRESENTATION_CONTEXT('2D SPACE',''
  ) );
#5872 = PCURVE('',#3070,#5873);
#5873 = DEFINITIONAL_REPRESENTATION('',(#5874),#5878);
#5874 = LINE('',#5875,#5876);
#5875 = CARTESIAN_POINT('',(1.570796326795,0.));
#5876 = VECTOR('',#5877,1.);
#5877 = DIRECTION('',(0.,-1.));
#5878 = ( GEOMETRIC_REPRESENTATION_CONTEXT(2) 
PARAMETRIC_REPRESENTATION_CONTEXT() REPRESENTATION_CONTEXT('2D SPACE',''
  ) );
#5879 = ORIENTED_EDGE('',*,*,#4194,.F.);
#5880 = ADVANCED_FACE('',(#5881),#3826,.T.);
#5881 = FACE_BOUND('',#5882,.F.);
#5882 = EDGE_LOOP('',(#5883,#5884,#5885,#5906));
#5883 = ORIENTED_EDGE('',*,*,#5837,.T.);
#5884 = ORIENTED_EDGE('',*,*,#3811,.T.);
#5885 = ORIENTED_EDGE('',*,*,#5886,.F.);
#5886 = EDGE_CURVE('',#4220,#3784,#5887,.T.);
#5887 = SURFACE_CURVE('',#5888,(#5892,#5899),.PCURVE_S1.);
#5888 = LINE('',#5889,#5890);
#5889 = CARTESIAN_POINT('',(-10.132107,3.450700252925,12.));
#5890 = VECTOR('',#5891,1.);
#5891 = DIRECTION('',(0.,0.,1.));
#5892 = PCURVE('',#3826,#5893);
#5893 = DEFINITIONAL_REPRESENTATION('',(#5894),#5898);
#5894 = LINE('',#5895,#5896);
#5895 = CARTESIAN_POINT('',(-7.85398238105,0.));
#5896 = VECTOR('',#5897,1.);
#5897 = DIRECTION('',(-0.,-1.));
#5898 = ( GEOMETRIC_REPRESENTATION_CONTEXT(2) 
PARAMETRIC_REPRESENTATION_CONTEXT() REPRESENTATION_CONTEXT('2D SPACE',''
  ) );
#5899 = PCURVE('',#3799,#5900);
#5900 = DEFINITIONAL_REPRESENTATION('',(#5901),#5905);
#5901 = LINE('',#5902,#5903);
#5902 = CARTESIAN_POINT('',(7.599299747075,0.));
#5903 = VECTOR('',#5904,1.);
#5904 = DIRECTION('',(0.,-1.));
#5905 = ( GEOMETRIC_REPRESENTATION_CONTEXT(2) 
PARAMETRIC_REPRESENTATION_CONTEXT() REPRESENTATION_CONTEXT('2D SPACE',''
  ) );
#5906 = ORIENTED_EDGE('',*,*,#4219,.F.);
#5907 = ADVANCED_FACE('',(#5908),#3070,.T.);
#5908 = FACE_BOUND('',#5909,.T.);
#5909 = EDGE_LOOP('',(#5910,#5911,#5912,#5933));
#5910 = ORIENTED_EDGE('',*,*,#5859,.T.);
#5911 = ORIENTED_EDGE('',*,*,#3049,.T.);
#5912 = ORIENTED_EDGE('',*,*,#5913,.F.);
#5913 = EDGE_CURVE('',#4829,#3050,#5914,.T.);
#5914 = SURFACE_CURVE('',#5915,(#5919,#5926),.PCURVE_S1.);
#5915 = LINE('',#5916,#5917);
#5916 = CARTESIAN_POINT('',(-17.32500014941,2.25,12.));
#5917 = VECTOR('',#5918,1.);
#5918 = DIRECTION('',(0.,0.,1.));
#5919 = PCURVE('',#3070,#5920);
#5920 = DEFINITIONAL_REPRESENTATION('',(#5921),#5925);
#5921 = LINE('',#5922,#5923);
#5922 = CARTESIAN_POINT('',(1.570914045757,0.));
#5923 = VECTOR('',#5924,1.);
#5924 = DIRECTION('',(0.,-1.));
#5925 = ( GEOMETRIC_REPRESENTATION_CONTEXT(2) 
PARAMETRIC_REPRESENTATION_CONTEXT() REPRESENTATION_CONTEXT('2D SPACE',''
  ) );
#5926 = PCURVE('',#3099,#5927);
#5927 = DEFINITIONAL_REPRESENTATION('',(#5928),#5932);
#5928 = LINE('',#5929,#5930);
#5929 = CARTESIAN_POINT('',(-6.28318530718,0.));
#5930 = VECTOR('',#5931,1.);
#5931 = DIRECTION('',(-0.,-1.));
#5932 = ( GEOMETRIC_REPRESENTATION_CONTEXT(2) 
PARAMETRIC_REPRESENTATION_CONTEXT() REPRESENTATION_CONTEXT('2D SPACE',''
  ) );
#5933 = ORIENTED_EDGE('',*,*,#4852,.F.);
#5934 = ADVANCED_FACE('',(#5935),#3799,.T.);
#5935 = FACE_BOUND('',#5936,.T.);
#5936 = EDGE_LOOP('',(#5937,#5958,#5959,#5960));
#5937 = ORIENTED_EDGE('',*,*,#5938,.T.);
#5938 = EDGE_CURVE('',#4244,#3751,#5939,.T.);
#5939 = SURFACE_CURVE('',#5940,(#5944,#5951),.PCURVE_S1.);
#5940 = LINE('',#5941,#5942);
#5941 = CARTESIAN_POINT('',(-10.132107,11.05,12.));
#5942 = VECTOR('',#5943,1.);
#5943 = DIRECTION('',(0.,0.,1.));
#5944 = PCURVE('',#3799,#5945);
#5945 = DEFINITIONAL_REPRESENTATION('',(#5946),#5950);
#5946 = LINE('',#5947,#5948);
#5947 = CARTESIAN_POINT('',(0.,0.));
#5948 = VECTOR('',#5949,1.);
#5949 = DIRECTION('',(0.,-1.));
#5950 = ( GEOMETRIC_REPRESENTATION_CONTEXT(2) 
PARAMETRIC_REPRESENTATION_CONTEXT() REPRESENTATION_CONTEXT('2D SPACE',''
  ) );
#5951 = PCURVE('',#3771,#5952);
#5952 = DEFINITIONAL_REPRESENTATION('',(#5953),#5957);
#5953 = LINE('',#5954,#5955);
#5954 = CARTESIAN_POINT('',(1.570797073871,0.));
#5955 = VECTOR('',#5956,1.);
#5956 = DIRECTION('',(0.,-1.));
#5957 = ( GEOMETRIC_REPRESENTATION_CONTEXT(2) 
PARAMETRIC_REPRESENTATION_CONTEXT() REPRESENTATION_CONTEXT('2D SPACE',''
  ) );
#5958 = ORIENTED_EDGE('',*,*,#3783,.T.);
#5959 = ORIENTED_EDGE('',*,*,#5886,.F.);
#5960 = ORIENTED_EDGE('',*,*,#4243,.F.);
#5961 = ADVANCED_FACE('',(#5962),#3099,.F.);
#5962 = FACE_BOUND('',#5963,.T.);
#5963 = EDGE_LOOP('',(#5964,#5965,#5966,#5987));
#5964 = ORIENTED_EDGE('',*,*,#5913,.T.);
#5965 = ORIENTED_EDGE('',*,*,#3082,.T.);
#5966 = ORIENTED_EDGE('',*,*,#5967,.F.);
#5967 = EDGE_CURVE('',#4801,#3083,#5968,.T.);
#5968 = SURFACE_CURVE('',#5969,(#5973,#5980),.PCURVE_S1.);
#5969 = LINE('',#5970,#5971);
#5970 = CARTESIAN_POINT('',(-18.125,1.450000149415,12.));
#5971 = VECTOR('',#5972,1.);
#5972 = DIRECTION('',(0.,0.,1.));
#5973 = PCURVE('',#3099,#5974);
#5974 = DEFINITIONAL_REPRESENTATION('',(#5975),#5979);
#5975 = LINE('',#5976,#5977);
#5976 = CARTESIAN_POINT('',(-7.853983128126,0.));
#5977 = VECTOR('',#5978,1.);
#5978 = DIRECTION('',(-0.,-1.));
#5979 = ( GEOMETRIC_REPRESENTATION_CONTEXT(2) 
PARAMETRIC_REPRESENTATION_CONTEXT() REPRESENTATION_CONTEXT('2D SPACE',''
  ) );
#5980 = PCURVE('',#3132,#5981);
#5981 = DEFINITIONAL_REPRESENTATION('',(#5982),#5986);
#5982 = LINE('',#5983,#5984);
#5983 = CARTESIAN_POINT('',(1.570796326795,0.));
#5984 = VECTOR('',#5985,1.);
#5985 = DIRECTION('',(0.,-1.));
#5986 = ( GEOMETRIC_REPRESENTATION_CONTEXT(2) 
PARAMETRIC_REPRESENTATION_CONTEXT() REPRESENTATION_CONTEXT('2D SPACE',''
  ) );
#5987 = ORIENTED_EDGE('',*,*,#4828,.F.);
#5988 = ADVANCED_FACE('',(#5989),#3771,.T.);
#5989 = FACE_BOUND('',#5990,.T.);
#5990 = EDGE_LOOP('',(#5991,#6012,#6013,#6014));
#5991 = ORIENTED_EDGE('',*,*,#5992,.T.);
#5992 = EDGE_CURVE('',#4267,#3722,#5993,.T.);
#5993 = SURFACE_CURVE('',#5994,(#5998,#6005),.PCURVE_S1.);
#5994 = LINE('',#5995,#5996);
#5995 = CARTESIAN_POINT('',(-10.132107,11.050000149415,12.));
#5996 = VECTOR('',#5997,1.);
#5997 = DIRECTION('',(0.,0.,1.));
#5998 = PCURVE('',#3771,#5999);
#5999 = DEFINITIONAL_REPRESENTATION('',(#6000),#6004);
#6000 = LINE('',#6001,#6002);
#6001 = CARTESIAN_POINT('',(1.570796326795,0.));
#6002 = VECTOR('',#6003,1.);
#6003 = DIRECTION('',(0.,-1.));
#6004 = ( GEOMETRIC_REPRESENTATION_CONTEXT(2) 
PARAMETRIC_REPRESENTATION_CONTEXT() REPRESENTATION_CONTEXT('2D SPACE',''
  ) );
#6005 = PCURVE('',#3738,#6006);
#6006 = DEFINITIONAL_REPRESENTATION('',(#6007),#6011);
#6007 = LINE('',#6008,#6009);
#6008 = CARTESIAN_POINT('',(-7.853983128126,0.));
#6009 = VECTOR('',#6010,1.);
#6010 = DIRECTION('',(-0.,-1.));
#6011 = ( GEOMETRIC_REPRESENTATION_CONTEXT(2) 
PARAMETRIC_REPRESENTATION_CONTEXT() REPRESENTATION_CONTEXT('2D SPACE',''
  ) );
#6012 = ORIENTED_EDGE('',*,*,#3750,.T.);
#6013 = ORIENTED_EDGE('',*,*,#5938,.F.);
#6014 = ORIENTED_EDGE('',*,*,#4266,.F.);
#6015 = ADVANCED_FACE('',(#6016),#3132,.T.);
#6016 = FACE_BOUND('',#6017,.T.);
#6017 = EDGE_LOOP('',(#6018,#6019,#6020,#6041));
#6018 = ORIENTED_EDGE('',*,*,#5967,.T.);
#6019 = ORIENTED_EDGE('',*,*,#3111,.T.);
#6020 = ORIENTED_EDGE('',*,*,#6021,.F.);
#6021 = EDGE_CURVE('',#4778,#3112,#6022,.T.);
#6022 = SURFACE_CURVE('',#6023,(#6027,#6034),.PCURVE_S1.);
#6023 = LINE('',#6024,#6025);
#6024 = CARTESIAN_POINT('',(-18.125,1.45,12.));
#6025 = VECTOR('',#6026,1.);
#6026 = DIRECTION('',(0.,0.,1.));
#6027 = PCURVE('',#3132,#6028);
#6028 = DEFINITIONAL_REPRESENTATION('',(#6029),#6033);
#6029 = LINE('',#6030,#6031);
#6030 = CARTESIAN_POINT('',(1.570797073871,0.));
#6031 = VECTOR('',#6032,1.);
#6032 = DIRECTION('',(0.,-1.));
#6033 = ( GEOMETRIC_REPRESENTATION_CONTEXT(2) 
PARAMETRIC_REPRESENTATION_CONTEXT() REPRESENTATION_CONTEXT('2D SPACE',''
  ) );
#6034 = PCURVE('',#3160,#6035);
#6035 = DEFINITIONAL_REPRESENTATION('',(#6036),#6040);
#6036 = LINE('',#6037,#6038);
#6037 = CARTESIAN_POINT('',(0.,0.));
#6038 = VECTOR('',#6039,1.);
#6039 = DIRECTION('',(0.,-1.));
#6040 = ( GEOMETRIC_REPRESENTATION_CONTEXT(2) 
PARAMETRIC_REPRESENTATION_CONTEXT() REPRESENTATION_CONTEXT('2D SPACE',''
  ) );
#6041 = ORIENTED_EDGE('',*,*,#4800,.F.);
#6042 = ADVANCED_FACE('',(#6043),#3738,.F.);
#6043 = FACE_BOUND('',#6044,.T.);
#6044 = EDGE_LOOP('',(#6045,#6066,#6067,#6068));
#6045 = ORIENTED_EDGE('',*,*,#6046,.T.);
#6046 = EDGE_CURVE('',#4295,#3694,#6047,.T.);
#6047 = SURFACE_CURVE('',#6048,(#6052,#6059),.PCURVE_S1.);
#6048 = LINE('',#6049,#6050);
#6049 = CARTESIAN_POINT('',(-9.332064567867,11.849999997418,12.));
#6050 = VECTOR('',#6051,1.);
#6051 = DIRECTION('',(0.,0.,1.));
#6052 = PCURVE('',#3738,#6053);
#6053 = DEFINITIONAL_REPRESENTATION('',(#6054),#6058);
#6054 = LINE('',#6055,#6056);
#6055 = CARTESIAN_POINT('',(-6.283132080194,0.));
#6056 = VECTOR('',#6057,1.);
#6057 = DIRECTION('',(-0.,-1.));
#6058 = ( GEOMETRIC_REPRESENTATION_CONTEXT(2) 
PARAMETRIC_REPRESENTATION_CONTEXT() REPRESENTATION_CONTEXT('2D SPACE',''
  ) );
#6059 = PCURVE('',#3709,#6060);
#6060 = DEFINITIONAL_REPRESENTATION('',(#6061),#6065);
#6061 = LINE('',#6062,#6063);
#6062 = CARTESIAN_POINT('',(18.65705680023,0.));
#6063 = VECTOR('',#6064,1.);
#6064 = DIRECTION('',(0.,-1.));
#6065 = ( GEOMETRIC_REPRESENTATION_CONTEXT(2) 
PARAMETRIC_REPRESENTATION_CONTEXT() REPRESENTATION_CONTEXT('2D SPACE',''
  ) );
#6066 = ORIENTED_EDGE('',*,*,#3721,.T.);
#6067 = ORIENTED_EDGE('',*,*,#5992,.F.);
#6068 = ORIENTED_EDGE('',*,*,#4294,.F.);
#6069 = ADVANCED_FACE('',(#6070),#3160,.T.);
#6070 = FACE_BOUND('',#6071,.T.);
#6071 = EDGE_LOOP('',(#6072,#6073,#6074,#6095));
#6072 = ORIENTED_EDGE('',*,*,#6021,.T.);
#6073 = ORIENTED_EDGE('',*,*,#3144,.T.);
#6074 = ORIENTED_EDGE('',*,*,#6075,.F.);
#6075 = EDGE_CURVE('',#4750,#3145,#6076,.T.);
#6076 = SURFACE_CURVE('',#6077,(#6081,#6088),.PCURVE_S1.);
#6077 = LINE('',#6078,#6079);
#6078 = CARTESIAN_POINT('',(-18.125,-11.05,12.));
#6079 = VECTOR('',#6080,1.);
#6080 = DIRECTION('',(0.,0.,1.));
#6081 = PCURVE('',#3160,#6082);
#6082 = DEFINITIONAL_REPRESENTATION('',(#6083),#6087);
#6083 = LINE('',#6084,#6085);
#6084 = CARTESIAN_POINT('',(12.5,0.));
#6085 = VECTOR('',#6086,1.);
#6086 = DIRECTION('',(0.,-1.));
#6087 = ( GEOMETRIC_REPRESENTATION_CONTEXT(2) 
PARAMETRIC_REPRESENTATION_CONTEXT() REPRESENTATION_CONTEXT('2D SPACE',''
  ) );
#6088 = PCURVE('',#3193,#6089);
#6089 = DEFINITIONAL_REPRESENTATION('',(#6090),#6094);
#6090 = LINE('',#6091,#6092);
#6091 = CARTESIAN_POINT('',(1.570796326795,0.));
#6092 = VECTOR('',#6093,1.);
#6093 = DIRECTION('',(0.,-1.));
#6094 = ( GEOMETRIC_REPRESENTATION_CONTEXT(2) 
PARAMETRIC_REPRESENTATION_CONTEXT() REPRESENTATION_CONTEXT('2D SPACE',''
  ) );
#6095 = ORIENTED_EDGE('',*,*,#4777,.F.);
#6096 = ADVANCED_FACE('',(#6097),#3709,.T.);
#6097 = FACE_BOUND('',#6098,.T.);
#6098 = EDGE_LOOP('',(#6099,#6120,#6121,#6122));
#6099 = ORIENTED_EDGE('',*,*,#6100,.T.);
#6100 = EDGE_CURVE('',#4319,#3661,#6101,.T.);
#6101 = SURFACE_CURVE('',#6102,(#6106,#6113),.PCURVE_S1.);
#6102 = LINE('',#6103,#6104);
#6103 = CARTESIAN_POINT('',(9.324992205188,11.848993000291,12.));
#6104 = VECTOR('',#6105,1.);
#6105 = DIRECTION('',(0.,0.,1.));
#6106 = PCURVE('',#3709,#6107);
#6107 = DEFINITIONAL_REPRESENTATION('',(#6108),#6112);
#6108 = LINE('',#6109,#6110);
#6109 = CARTESIAN_POINT('',(0.,0.));
#6110 = VECTOR('',#6111,1.);
#6111 = DIRECTION('',(0.,-1.));
#6112 = ( GEOMETRIC_REPRESENTATION_CONTEXT(2) 
PARAMETRIC_REPRESENTATION_CONTEXT() REPRESENTATION_CONTEXT('2D SPACE',''
  ) );
#6113 = PCURVE('',#3681,#6114);
#6114 = DEFINITIONAL_REPRESENTATION('',(#6115),#6119);
#6115 = LINE('',#6116,#6117);
#6116 = CARTESIAN_POINT('',(1.570851047932,0.));
#6117 = VECTOR('',#6118,1.);
#6118 = DIRECTION('',(0.,-1.));
#6119 = ( GEOMETRIC_REPRESENTATION_CONTEXT(2) 
PARAMETRIC_REPRESENTATION_CONTEXT() REPRESENTATION_CONTEXT('2D SPACE',''
  ) );
#6120 = ORIENTED_EDGE('',*,*,#3693,.T.);
#6121 = ORIENTED_EDGE('',*,*,#6046,.F.);
#6122 = ORIENTED_EDGE('',*,*,#4318,.F.);
#6123 = ADVANCED_FACE('',(#6124),#3193,.T.);
#6124 = FACE_BOUND('',#6125,.T.);
#6125 = EDGE_LOOP('',(#6126,#6127,#6128,#6149));
#6126 = ORIENTED_EDGE('',*,*,#6075,.T.);
#6127 = ORIENTED_EDGE('',*,*,#3172,.T.);
#6128 = ORIENTED_EDGE('',*,*,#6129,.F.);
#6129 = EDGE_CURVE('',#4726,#3173,#6130,.T.);
#6130 = SURFACE_CURVE('',#6131,(#6135,#6142),.PCURVE_S1.);
#6131 = LINE('',#6132,#6133);
#6132 = CARTESIAN_POINT('',(-18.125,-11.05000014941,12.));
#6133 = VECTOR('',#6134,1.);
#6134 = DIRECTION('',(0.,0.,1.));
#6135 = PCURVE('',#3193,#6136);
#6136 = DEFINITIONAL_REPRESENTATION('',(#6137),#6141);
#6137 = LINE('',#6138,#6139);
#6138 = CARTESIAN_POINT('',(1.570797073871,0.));
#6139 = VECTOR('',#6140,1.);
#6140 = DIRECTION('',(0.,-1.));
#6141 = ( GEOMETRIC_REPRESENTATION_CONTEXT(2) 
PARAMETRIC_REPRESENTATION_CONTEXT() REPRESENTATION_CONTEXT('2D SPACE',''
  ) );
#6142 = PCURVE('',#3222,#6143);
#6143 = DEFINITIONAL_REPRESENTATION('',(#6144),#6148);
#6144 = LINE('',#6145,#6146);
#6145 = CARTESIAN_POINT('',(-6.28318530718,0.));
#6146 = VECTOR('',#6147,1.);
#6147 = DIRECTION('',(-0.,-1.));
#6148 = ( GEOMETRIC_REPRESENTATION_CONTEXT(2) 
PARAMETRIC_REPRESENTATION_CONTEXT() REPRESENTATION_CONTEXT('2D SPACE',''
  ) );
#6149 = ORIENTED_EDGE('',*,*,#4749,.F.);
#6150 = ADVANCED_FACE('',(#6151),#3681,.T.);
#6151 = FACE_BOUND('',#6152,.T.);
#6152 = EDGE_LOOP('',(#6153,#6174,#6175,#6176));
#6153 = ORIENTED_EDGE('',*,*,#6154,.T.);
#6154 = EDGE_CURVE('',#4342,#3632,#6155,.T.);
#6155 = SURFACE_CURVE('',#6156,(#6160,#6167),.PCURVE_S1.);
#6156 = LINE('',#6157,#6158);
#6157 = CARTESIAN_POINT('',(9.325003149415,11.848993,12.));
#6158 = VECTOR('',#6159,1.);
#6159 = DIRECTION('',(0.,0.,1.));
#6160 = PCURVE('',#3681,#6161);
#6161 = DEFINITIONAL_REPRESENTATION('',(#6162),#6166);
#6162 = LINE('',#6163,#6164);
#6163 = CARTESIAN_POINT('',(1.570796326795,0.));
#6164 = VECTOR('',#6165,1.);
#6165 = DIRECTION('',(0.,-1.));
#6166 = ( GEOMETRIC_REPRESENTATION_CONTEXT(2) 
PARAMETRIC_REPRESENTATION_CONTEXT() REPRESENTATION_CONTEXT('2D SPACE',''
  ) );
#6167 = PCURVE('',#3648,#6168);
#6168 = DEFINITIONAL_REPRESENTATION('',(#6169),#6173);
#6169 = LINE('',#6170,#6171);
#6170 = CARTESIAN_POINT('',(-7.853983128126,0.));
#6171 = VECTOR('',#6172,1.);
#6172 = DIRECTION('',(-0.,-1.));
#6173 = ( GEOMETRIC_REPRESENTATION_CONTEXT(2) 
PARAMETRIC_REPRESENTATION_CONTEXT() REPRESENTATION_CONTEXT('2D SPACE',''
  ) );
#6174 = ORIENTED_EDGE('',*,*,#3660,.T.);
#6175 = ORIENTED_EDGE('',*,*,#6100,.F.);
#6176 = ORIENTED_EDGE('',*,*,#4341,.F.);
#6177 = ADVANCED_FACE('',(#6178),#3222,.F.);
#6178 = FACE_BOUND('',#6179,.T.);
#6179 = EDGE_LOOP('',(#6180,#6181,#6182,#6203));
#6180 = ORIENTED_EDGE('',*,*,#6129,.T.);
#6181 = ORIENTED_EDGE('',*,*,#3205,.T.);
#6182 = ORIENTED_EDGE('',*,*,#6183,.F.);
#6183 = EDGE_CURVE('',#4698,#3206,#6184,.T.);
#6184 = SURFACE_CURVE('',#6185,(#6189,#6196),.PCURVE_S1.);
#6185 = LINE('',#6186,#6187);
#6186 = CARTESIAN_POINT('',(-17.32500014941,-11.85,12.));
#6187 = VECTOR('',#6188,1.);
#6188 = DIRECTION('',(0.,0.,1.));
#6189 = PCURVE('',#3222,#6190);
#6190 = DEFINITIONAL_REPRESENTATION('',(#6191),#6195);
#6191 = LINE('',#6192,#6193);
#6192 = CARTESIAN_POINT('',(-7.853983128126,0.));
#6193 = VECTOR('',#6194,1.);
#6194 = DIRECTION('',(-0.,-1.));
#6195 = ( GEOMETRIC_REPRESENTATION_CONTEXT(2) 
PARAMETRIC_REPRESENTATION_CONTEXT() REPRESENTATION_CONTEXT('2D SPACE',''
  ) );
#6196 = PCURVE('',#3255,#6197);
#6197 = DEFINITIONAL_REPRESENTATION('',(#6198),#6202);
#6198 = LINE('',#6199,#6200);
#6199 = CARTESIAN_POINT('',(1.570796326795,0.));
#6200 = VECTOR('',#6201,1.);
#6201 = DIRECTION('',(0.,-1.));
#6202 = ( GEOMETRIC_REPRESENTATION_CONTEXT(2) 
PARAMETRIC_REPRESENTATION_CONTEXT() REPRESENTATION_CONTEXT('2D SPACE',''
  ) );
#6203 = ORIENTED_EDGE('',*,*,#4725,.F.);
#6204 = ADVANCED_FACE('',(#6205),#3648,.F.);
#6205 = FACE_BOUND('',#6206,.T.);
#6206 = EDGE_LOOP('',(#6207,#6228,#6229,#6230));
#6207 = ORIENTED_EDGE('',*,*,#6208,.T.);
#6208 = EDGE_CURVE('',#4370,#3599,#6209,.T.);
#6209 = SURFACE_CURVE('',#6210,(#6214,#6221),.PCURVE_S1.);
#6210 = LINE('',#6211,#6212);
#6211 = CARTESIAN_POINT('',(10.125003,11.048993149415,12.));
#6212 = VECTOR('',#6213,1.);
#6213 = DIRECTION('',(0.,0.,1.));
#6214 = PCURVE('',#3648,#6215);
#6215 = DEFINITIONAL_REPRESENTATION('',(#6216),#6220);
#6216 = LINE('',#6217,#6218);
#6217 = CARTESIAN_POINT('',(-6.28318530718,0.));
#6218 = VECTOR('',#6219,1.);
#6219 = DIRECTION('',(-0.,-1.));
#6220 = ( GEOMETRIC_REPRESENTATION_CONTEXT(2) 
PARAMETRIC_REPRESENTATION_CONTEXT() REPRESENTATION_CONTEXT('2D SPACE',''
  ) );
#6221 = PCURVE('',#3619,#6222);
#6222 = DEFINITIONAL_REPRESENTATION('',(#6223),#6227);
#6223 = LINE('',#6224,#6225);
#6224 = CARTESIAN_POINT('',(1.570797073871,0.));
#6225 = VECTOR('',#6226,1.);
#6226 = DIRECTION('',(0.,-1.));
#6227 = ( GEOMETRIC_REPRESENTATION_CONTEXT(2) 
PARAMETRIC_REPRESENTATION_CONTEXT() REPRESENTATION_CONTEXT('2D SPACE',''
  ) );
#6228 = ORIENTED_EDGE('',*,*,#3631,.T.);
#6229 = ORIENTED_EDGE('',*,*,#6154,.F.);
#6230 = ORIENTED_EDGE('',*,*,#4369,.F.);
#6231 = ADVANCED_FACE('',(#6232),#3255,.T.);
#6232 = FACE_BOUND('',#6233,.T.);
#6233 = EDGE_LOOP('',(#6234,#6235,#6236,#6257));
#6234 = ORIENTED_EDGE('',*,*,#6183,.T.);
#6235 = ORIENTED_EDGE('',*,*,#3234,.T.);
#6236 = ORIENTED_EDGE('',*,*,#6237,.F.);
#6237 = EDGE_CURVE('',#4675,#3235,#6238,.T.);
#6238 = SURFACE_CURVE('',#6239,(#6243,#6250),.PCURVE_S1.);
#6239 = LINE('',#6240,#6241);
#6240 = CARTESIAN_POINT('',(-17.325,-11.85,12.));
#6241 = VECTOR('',#6242,1.);
#6242 = DIRECTION('',(0.,0.,1.));
#6243 = PCURVE('',#3255,#6244);
#6244 = DEFINITIONAL_REPRESENTATION('',(#6245),#6249);
#6245 = LINE('',#6246,#6247);
#6246 = CARTESIAN_POINT('',(1.570797073871,0.));
#6247 = VECTOR('',#6248,1.);
#6248 = DIRECTION('',(0.,-1.));
#6249 = ( GEOMETRIC_REPRESENTATION_CONTEXT(2) 
PARAMETRIC_REPRESENTATION_CONTEXT() REPRESENTATION_CONTEXT('2D SPACE',''
  ) );
#6250 = PCURVE('',#3283,#6251);
#6251 = DEFINITIONAL_REPRESENTATION('',(#6252),#6256);
#6252 = LINE('',#6253,#6254);
#6253 = CARTESIAN_POINT('',(0.,0.));
#6254 = VECTOR('',#6255,1.);
#6255 = DIRECTION('',(0.,-1.));
#6256 = ( GEOMETRIC_REPRESENTATION_CONTEXT(2) 
PARAMETRIC_REPRESENTATION_CONTEXT() REPRESENTATION_CONTEXT('2D SPACE',''
  ) );
#6257 = ORIENTED_EDGE('',*,*,#4697,.F.);
#6258 = ADVANCED_FACE('',(#6259),#3619,.T.);
#6259 = FACE_BOUND('',#6260,.T.);
#6260 = EDGE_LOOP('',(#6261,#6282,#6283,#6284));
#6261 = ORIENTED_EDGE('',*,*,#6262,.T.);
#6262 = EDGE_CURVE('',#4394,#3571,#6263,.T.);
#6263 = SURFACE_CURVE('',#6264,(#6268,#6275),.PCURVE_S1.);
#6264 = LINE('',#6265,#6266);
#6265 = CARTESIAN_POINT('',(10.125003,11.048993,12.));
#6266 = VECTOR('',#6267,1.);
#6267 = DIRECTION('',(0.,0.,1.));
#6268 = PCURVE('',#3619,#6269);
#6269 = DEFINITIONAL_REPRESENTATION('',(#6270),#6274);
#6270 = LINE('',#6271,#6272);
#6271 = CARTESIAN_POINT('',(1.570796326795,0.));
#6272 = VECTOR('',#6273,1.);
#6273 = DIRECTION('',(0.,-1.));
#6274 = ( GEOMETRIC_REPRESENTATION_CONTEXT(2) 
PARAMETRIC_REPRESENTATION_CONTEXT() REPRESENTATION_CONTEXT('2D SPACE',''
  ) );
#6275 = PCURVE('',#3586,#6276);
#6276 = DEFINITIONAL_REPRESENTATION('',(#6277),#6281);
#6277 = LINE('',#6278,#6279);
#6278 = CARTESIAN_POINT('',(7.592898747075,0.));
#6279 = VECTOR('',#6280,1.);
#6280 = DIRECTION('',(0.,-1.));
#6281 = ( GEOMETRIC_REPRESENTATION_CONTEXT(2) 
PARAMETRIC_REPRESENTATION_CONTEXT() REPRESENTATION_CONTEXT('2D SPACE',''
  ) );
#6282 = ORIENTED_EDGE('',*,*,#3598,.T.);
#6283 = ORIENTED_EDGE('',*,*,#6208,.F.);
#6284 = ORIENTED_EDGE('',*,*,#4393,.F.);
#6285 = ADVANCED_FACE('',(#6286),#3283,.T.);
#6286 = FACE_BOUND('',#6287,.T.);
#6287 = EDGE_LOOP('',(#6288,#6289,#6290,#6311));
#6288 = ORIENTED_EDGE('',*,*,#6237,.T.);
#6289 = ORIENTED_EDGE('',*,*,#3267,.T.);
#6290 = ORIENTED_EDGE('',*,*,#6291,.F.);
#6291 = EDGE_CURVE('',#4647,#3268,#6292,.T.);
#6292 = SURFACE_CURVE('',#6293,(#6297,#6304),.PCURVE_S1.);
#6293 = LINE('',#6294,#6295);
#6294 = CARTESIAN_POINT('',(17.325,-11.85,12.));
#6295 = VECTOR('',#6296,1.);
#6296 = DIRECTION('',(0.,0.,1.));
#6297 = PCURVE('',#3283,#6298);
#6298 = DEFINITIONAL_REPRESENTATION('',(#6299),#6303);
#6299 = LINE('',#6300,#6301);
#6300 = CARTESIAN_POINT('',(34.65,0.));
#6301 = VECTOR('',#6302,1.);
#6302 = DIRECTION('',(0.,-1.));
#6303 = ( GEOMETRIC_REPRESENTATION_CONTEXT(2) 
PARAMETRIC_REPRESENTATION_CONTEXT() REPRESENTATION_CONTEXT('2D SPACE',''
  ) );
#6304 = PCURVE('',#3316,#6305);
#6305 = DEFINITIONAL_REPRESENTATION('',(#6306),#6310);
#6306 = LINE('',#6307,#6308);
#6307 = CARTESIAN_POINT('',(1.570796326795,0.));
#6308 = VECTOR('',#6309,1.);
#6309 = DIRECTION('',(0.,-1.));
#6310 = ( GEOMETRIC_REPRESENTATION_CONTEXT(2) 
PARAMETRIC_REPRESENTATION_CONTEXT() REPRESENTATION_CONTEXT('2D SPACE',''
  ) );
#6311 = ORIENTED_EDGE('',*,*,#4674,.F.);
#6312 = ADVANCED_FACE('',(#6313),#3586,.T.);
#6313 = FACE_BOUND('',#6314,.T.);
#6314 = EDGE_LOOP('',(#6315,#6336,#6337,#6338));
#6315 = ORIENTED_EDGE('',*,*,#6316,.T.);
#6316 = EDGE_CURVE('',#4422,#3542,#6317,.T.);
#6317 = SURFACE_CURVE('',#6318,(#6322,#6329),.PCURVE_S1.);
#6318 = LINE('',#6319,#6320);
#6319 = CARTESIAN_POINT('',(10.125003,3.456094252925,12.));
#6320 = VECTOR('',#6321,1.);
#6321 = DIRECTION('',(0.,0.,1.));
#6322 = PCURVE('',#3586,#6323);
#6323 = DEFINITIONAL_REPRESENTATION('',(#6324),#6328);
#6324 = LINE('',#6325,#6326);
#6325 = CARTESIAN_POINT('',(4.440892098501E-16,0.));
#6326 = VECTOR('',#6327,1.);
#6327 = DIRECTION('',(0.,-1.));
#6328 = ( GEOMETRIC_REPRESENTATION_CONTEXT(2) 
PARAMETRIC_REPRESENTATION_CONTEXT() REPRESENTATION_CONTEXT('2D SPACE',''
  ) );
#6329 = PCURVE('',#3558,#6330);
#6330 = DEFINITIONAL_REPRESENTATION('',(#6331),#6335);
#6331 = LINE('',#6332,#6333);
#6332 = CARTESIAN_POINT('',(-6.283186054255,0.));
#6333 = VECTOR('',#6334,1.);
#6334 = DIRECTION('',(-0.,-1.));
#6335 = ( GEOMETRIC_REPRESENTATION_CONTEXT(2) 
PARAMETRIC_REPRESENTATION_CONTEXT() REPRESENTATION_CONTEXT('2D SPACE',''
  ) );
#6336 = ORIENTED_EDGE('',*,*,#3570,.T.);
#6337 = ORIENTED_EDGE('',*,*,#6262,.F.);
#6338 = ORIENTED_EDGE('',*,*,#4421,.F.);
#6339 = ADVANCED_FACE('',(#6340),#3316,.T.);
#6340 = FACE_BOUND('',#6341,.T.);
#6341 = EDGE_LOOP('',(#6342,#6343,#6344,#6365));
#6342 = ORIENTED_EDGE('',*,*,#6291,.T.);
#6343 = ORIENTED_EDGE('',*,*,#3295,.T.);
#6344 = ORIENTED_EDGE('',*,*,#6345,.F.);
#6345 = EDGE_CURVE('',#4623,#3296,#6346,.T.);
#6346 = SURFACE_CURVE('',#6347,(#6351,#6358),.PCURVE_S1.);
#6347 = LINE('',#6348,#6349);
#6348 = CARTESIAN_POINT('',(17.325000149415,-11.85,12.));
#6349 = VECTOR('',#6350,1.);
#6350 = DIRECTION('',(0.,0.,1.));
#6351 = PCURVE('',#3316,#6352);
#6352 = DEFINITIONAL_REPRESENTATION('',(#6353),#6357);
#6353 = LINE('',#6354,#6355);
#6354 = CARTESIAN_POINT('',(1.570797073871,0.));
#6355 = VECTOR('',#6356,1.);
#6356 = DIRECTION('',(0.,-1.));
#6357 = ( GEOMETRIC_REPRESENTATION_CONTEXT(2) 
PARAMETRIC_REPRESENTATION_CONTEXT() REPRESENTATION_CONTEXT('2D SPACE',''
  ) );
#6358 = PCURVE('',#3345,#6359);
#6359 = DEFINITIONAL_REPRESENTATION('',(#6360),#6364);
#6360 = LINE('',#6361,#6362);
#6361 = CARTESIAN_POINT('',(-6.28318530718,0.));
#6362 = VECTOR('',#6363,1.);
#6363 = DIRECTION('',(-0.,-1.));
#6364 = ( GEOMETRIC_REPRESENTATION_CONTEXT(2) 
PARAMETRIC_REPRESENTATION_CONTEXT() REPRESENTATION_CONTEXT('2D SPACE',''
  ) );
#6365 = ORIENTED_EDGE('',*,*,#4646,.F.);
#6366 = ADVANCED_FACE('',(#6367),#3558,.T.);
#6367 = FACE_BOUND('',#6368,.F.);
#6368 = EDGE_LOOP('',(#6369,#6370,#6371,#6392));
#6369 = ORIENTED_EDGE('',*,*,#6316,.T.);
#6370 = ORIENTED_EDGE('',*,*,#3541,.T.);
#6371 = ORIENTED_EDGE('',*,*,#6372,.F.);
#6372 = EDGE_CURVE('',#4445,#3514,#6373,.T.);
#6373 = SURFACE_CURVE('',#6374,(#6378,#6385),.PCURVE_S1.);
#6374 = LINE('',#6375,#6376);
#6375 = CARTESIAN_POINT('',(11.32489686094,2.256095004628,12.));
#6376 = VECTOR('',#6377,1.);
#6377 = DIRECTION('',(0.,0.,1.));
#6378 = PCURVE('',#3558,#6379);
#6379 = DEFINITIONAL_REPRESENTATION('',(#6380),#6384);
#6380 = LINE('',#6381,#6382);
#6381 = CARTESIAN_POINT('',(-7.853894554341,0.));
#6382 = VECTOR('',#6383,1.);
#6383 = DIRECTION('',(-0.,-1.));
#6384 = ( GEOMETRIC_REPRESENTATION_CONTEXT(2) 
PARAMETRIC_REPRESENTATION_CONTEXT() REPRESENTATION_CONTEXT('2D SPACE',''
  ) );
#6385 = PCURVE('',#3529,#6386);
#6386 = DEFINITIONAL_REPRESENTATION('',(#6387),#6391);
#6387 = LINE('',#6388,#6389);
#6388 = CARTESIAN_POINT('',(5.999903068099,0.));
#6389 = VECTOR('',#6390,1.);
#6390 = DIRECTION('',(0.,-1.));
#6391 = ( GEOMETRIC_REPRESENTATION_CONTEXT(2) 
PARAMETRIC_REPRESENTATION_CONTEXT() REPRESENTATION_CONTEXT('2D SPACE',''
  ) );
#6392 = ORIENTED_EDGE('',*,*,#4444,.F.);
#6393 = ADVANCED_FACE('',(#6394),#3345,.F.);
#6394 = FACE_BOUND('',#6395,.T.);
#6395 = EDGE_LOOP('',(#6396,#6397,#6398,#6419));
#6396 = ORIENTED_EDGE('',*,*,#6345,.T.);
#6397 = ORIENTED_EDGE('',*,*,#3328,.T.);
#6398 = ORIENTED_EDGE('',*,*,#6399,.F.);
#6399 = EDGE_CURVE('',#4595,#3329,#6400,.T.);
#6400 = SURFACE_CURVE('',#6401,(#6405,#6412),.PCURVE_S1.);
#6401 = LINE('',#6402,#6403);
#6402 = CARTESIAN_POINT('',(18.125,-11.05000014941,12.));
#6403 = VECTOR('',#6404,1.);
#6404 = DIRECTION('',(0.,0.,1.));
#6405 = PCURVE('',#3345,#6406);
#6406 = DEFINITIONAL_REPRESENTATION('',(#6407),#6411);
#6407 = LINE('',#6408,#6409);
#6408 = CARTESIAN_POINT('',(-7.853983128126,0.));
#6409 = VECTOR('',#6410,1.);
#6410 = DIRECTION('',(-0.,-1.));
#6411 = ( GEOMETRIC_REPRESENTATION_CONTEXT(2) 
PARAMETRIC_REPRESENTATION_CONTEXT() REPRESENTATION_CONTEXT('2D SPACE',''
  ) );
#6412 = PCURVE('',#3378,#6413);
#6413 = DEFINITIONAL_REPRESENTATION('',(#6414),#6418);
#6414 = LINE('',#6415,#6416);
#6415 = CARTESIAN_POINT('',(1.570796326795,0.));
#6416 = VECTOR('',#6417,1.);
#6417 = DIRECTION('',(0.,-1.));
#6418 = ( GEOMETRIC_REPRESENTATION_CONTEXT(2) 
PARAMETRIC_REPRESENTATION_CONTEXT() REPRESENTATION_CONTEXT('2D SPACE',''
  ) );
#6419 = ORIENTED_EDGE('',*,*,#4622,.F.);
#6420 = ADVANCED_FACE('',(#6421),#3529,.T.);
#6421 = FACE_BOUND('',#6422,.T.);
#6422 = EDGE_LOOP('',(#6423,#6444,#6445,#6446));
#6423 = ORIENTED_EDGE('',*,*,#6424,.T.);
#6424 = EDGE_CURVE('',#4469,#3481,#6425,.T.);
#6425 = SURFACE_CURVE('',#6426,(#6430,#6437),.PCURVE_S1.);
#6426 = LINE('',#6427,#6428);
#6427 = CARTESIAN_POINT('',(17.324796833337,2.250000103192,12.));
#6428 = VECTOR('',#6429,1.);
#6429 = DIRECTION('',(0.,0.,1.));
#6430 = PCURVE('',#3529,#6431);
#6431 = DEFINITIONAL_REPRESENTATION('',(#6432),#6436);
#6432 = LINE('',#6433,#6434);
#6433 = CARTESIAN_POINT('',(0.,0.));
#6434 = VECTOR('',#6435,1.);
#6435 = DIRECTION('',(0.,-1.));
#6436 = ( GEOMETRIC_REPRESENTATION_CONTEXT(2) 
PARAMETRIC_REPRESENTATION_CONTEXT() REPRESENTATION_CONTEXT('2D SPACE',''
  ) );
#6437 = PCURVE('',#3501,#6438);
#6438 = DEFINITIONAL_REPRESENTATION('',(#6439),#6443);
#6439 = LINE('',#6440,#6441);
#6440 = CARTESIAN_POINT('',(1.571812907362,0.));
#6441 = VECTOR('',#6442,1.);
#6442 = DIRECTION('',(0.,-1.));
#6443 = ( GEOMETRIC_REPRESENTATION_CONTEXT(2) 
PARAMETRIC_REPRESENTATION_CONTEXT() REPRESENTATION_CONTEXT('2D SPACE',''
  ) );
#6444 = ORIENTED_EDGE('',*,*,#3513,.T.);
#6445 = ORIENTED_EDGE('',*,*,#6372,.F.);
#6446 = ORIENTED_EDGE('',*,*,#4468,.F.);
#6447 = ADVANCED_FACE('',(#6448),#3378,.T.);
#6448 = FACE_BOUND('',#6449,.T.);
#6449 = EDGE_LOOP('',(#6450,#6451,#6452,#6473));
#6450 = ORIENTED_EDGE('',*,*,#6399,.T.);
#6451 = ORIENTED_EDGE('',*,*,#3357,.T.);
#6452 = ORIENTED_EDGE('',*,*,#6453,.F.);
#6453 = EDGE_CURVE('',#4572,#3358,#6454,.T.);
#6454 = SURFACE_CURVE('',#6455,(#6459,#6466),.PCURVE_S1.);
#6455 = LINE('',#6456,#6457);
#6456 = CARTESIAN_POINT('',(18.125,-11.05,12.));
#6457 = VECTOR('',#6458,1.);
#6458 = DIRECTION('',(0.,0.,1.));
#6459 = PCURVE('',#3378,#6460);
#6460 = DEFINITIONAL_REPRESENTATION('',(#6461),#6465);
#6461 = LINE('',#6462,#6463);
#6462 = CARTESIAN_POINT('',(1.570797073871,0.));
#6463 = VECTOR('',#6464,1.);
#6464 = DIRECTION('',(0.,-1.));
#6465 = ( GEOMETRIC_REPRESENTATION_CONTEXT(2) 
PARAMETRIC_REPRESENTATION_CONTEXT() REPRESENTATION_CONTEXT('2D SPACE',''
  ) );
#6466 = PCURVE('',#3406,#6467);
#6467 = DEFINITIONAL_REPRESENTATION('',(#6468),#6472);
#6468 = LINE('',#6469,#6470);
#6469 = CARTESIAN_POINT('',(0.,0.));
#6470 = VECTOR('',#6471,1.);
#6471 = DIRECTION('',(0.,-1.));
#6472 = ( GEOMETRIC_REPRESENTATION_CONTEXT(2) 
PARAMETRIC_REPRESENTATION_CONTEXT() REPRESENTATION_CONTEXT('2D SPACE',''
  ) );
#6473 = ORIENTED_EDGE('',*,*,#4594,.F.);
#6474 = ADVANCED_FACE('',(#6475),#3501,.T.);
#6475 = FACE_BOUND('',#6476,.T.);
#6476 = EDGE_LOOP('',(#6477,#6498,#6499,#6500));
#6477 = ORIENTED_EDGE('',*,*,#6478,.T.);
#6478 = EDGE_CURVE('',#4492,#3452,#6479,.T.);
#6479 = SURFACE_CURVE('',#6480,(#6484,#6491),.PCURVE_S1.);
#6480 = LINE('',#6481,#6482);
#6481 = CARTESIAN_POINT('',(17.325000149415,2.25,12.));
#6482 = VECTOR('',#6483,1.);
#6483 = DIRECTION('',(0.,0.,1.));
#6484 = PCURVE('',#3501,#6485);
#6485 = DEFINITIONAL_REPRESENTATION('',(#6486),#6490);
#6486 = LINE('',#6487,#6488);
#6487 = CARTESIAN_POINT('',(1.570796326795,0.));
#6488 = VECTOR('',#6489,1.);
#6489 = DIRECTION('',(0.,-1.));
#6490 = ( GEOMETRIC_REPRESENTATION_CONTEXT(2) 
PARAMETRIC_REPRESENTATION_CONTEXT() REPRESENTATION_CONTEXT('2D SPACE',''
  ) );
#6491 = PCURVE('',#3468,#6492);
#6492 = DEFINITIONAL_REPRESENTATION('',(#6493),#6497);
#6493 = LINE('',#6494,#6495);
#6494 = CARTESIAN_POINT('',(-7.853983128126,0.));
#6495 = VECTOR('',#6496,1.);
#6496 = DIRECTION('',(-0.,-1.));
#6497 = ( GEOMETRIC_REPRESENTATION_CONTEXT(2) 
PARAMETRIC_REPRESENTATION_CONTEXT() REPRESENTATION_CONTEXT('2D SPACE',''
  ) );
#6498 = ORIENTED_EDGE('',*,*,#3480,.T.);
#6499 = ORIENTED_EDGE('',*,*,#6424,.F.);
#6500 = ORIENTED_EDGE('',*,*,#4491,.F.);
#6501 = ADVANCED_FACE('',(#6502),#3406,.T.);
#6502 = FACE_BOUND('',#6503,.T.);
#6503 = EDGE_LOOP('',(#6504,#6505,#6506,#6527));
#6504 = ORIENTED_EDGE('',*,*,#6453,.T.);
#6505 = ORIENTED_EDGE('',*,*,#3390,.T.);
#6506 = ORIENTED_EDGE('',*,*,#6507,.F.);
#6507 = EDGE_CURVE('',#4544,#3391,#6508,.T.);
#6508 = SURFACE_CURVE('',#6509,(#6513,#6520),.PCURVE_S1.);
#6509 = LINE('',#6510,#6511);
#6510 = CARTESIAN_POINT('',(18.125,1.45,12.));
#6511 = VECTOR('',#6512,1.);
#6512 = DIRECTION('',(0.,0.,1.));
#6513 = PCURVE('',#3406,#6514);
#6514 = DEFINITIONAL_REPRESENTATION('',(#6515),#6519);
#6515 = LINE('',#6516,#6517);
#6516 = CARTESIAN_POINT('',(12.5,0.));
#6517 = VECTOR('',#6518,1.);
#6518 = DIRECTION('',(0.,-1.));
#6519 = ( GEOMETRIC_REPRESENTATION_CONTEXT(2) 
PARAMETRIC_REPRESENTATION_CONTEXT() REPRESENTATION_CONTEXT('2D SPACE',''
  ) );
#6520 = PCURVE('',#3439,#6521);
#6521 = DEFINITIONAL_REPRESENTATION('',(#6522),#6526);
#6522 = LINE('',#6523,#6524);
#6523 = CARTESIAN_POINT('',(1.570796326795,0.));
#6524 = VECTOR('',#6525,1.);
#6525 = DIRECTION('',(0.,-1.));
#6526 = ( GEOMETRIC_REPRESENTATION_CONTEXT(2) 
PARAMETRIC_REPRESENTATION_CONTEXT() REPRESENTATION_CONTEXT('2D SPACE',''
  ) );
#6527 = ORIENTED_EDGE('',*,*,#4571,.F.);
#6528 = ADVANCED_FACE('',(#6529),#3468,.F.);
#6529 = FACE_BOUND('',#6530,.T.);
#6530 = EDGE_LOOP('',(#6531,#6552,#6553,#6554));
#6531 = ORIENTED_EDGE('',*,*,#6532,.T.);
#6532 = EDGE_CURVE('',#4520,#3419,#6533,.T.);
#6533 = SURFACE_CURVE('',#6534,(#6538,#6545),.PCURVE_S1.);
#6534 = LINE('',#6535,#6536);
#6535 = CARTESIAN_POINT('',(18.125,1.450000149415,12.));
#6536 = VECTOR('',#6537,1.);
#6537 = DIRECTION('',(0.,0.,1.));
#6538 = PCURVE('',#3468,#6539);
#6539 = DEFINITIONAL_REPRESENTATION('',(#6540),#6544);
#6540 = LINE('',#6541,#6542);
#6541 = CARTESIAN_POINT('',(-6.28318530718,0.));
#6542 = VECTOR('',#6543,1.);
#6543 = DIRECTION('',(-0.,-1.));
#6544 = ( GEOMETRIC_REPRESENTATION_CONTEXT(2) 
PARAMETRIC_REPRESENTATION_CONTEXT() REPRESENTATION_CONTEXT('2D SPACE',''
  ) );
#6545 = PCURVE('',#3439,#6546);
#6546 = DEFINITIONAL_REPRESENTATION('',(#6547),#6551);
#6547 = LINE('',#6548,#6549);
#6548 = CARTESIAN_POINT('',(1.570797073871,0.));
#6549 = VECTOR('',#6550,1.);
#6550 = DIRECTION('',(0.,-1.));
#6551 = ( GEOMETRIC_REPRESENTATION_CONTEXT(2) 
PARAMETRIC_REPRESENTATION_CONTEXT() REPRESENTATION_CONTEXT('2D SPACE',''
  ) );
#6552 = ORIENTED_EDGE('',*,*,#3451,.T.);
#6553 = ORIENTED_EDGE('',*,*,#6478,.F.);
#6554 = ORIENTED_EDGE('',*,*,#4519,.F.);
#6555 = ADVANCED_FACE('',(#6556),#3439,.T.);
#6556 = FACE_BOUND('',#6557,.T.);
#6557 = EDGE_LOOP('',(#6558,#6559,#6560,#6561));
#6558 = ORIENTED_EDGE('',*,*,#6507,.T.);
#6559 = ORIENTED_EDGE('',*,*,#3418,.T.);
#6560 = ORIENTED_EDGE('',*,*,#6532,.F.);
#6561 = ORIENTED_EDGE('',*,*,#4543,.F.);
#6562 = ADVANCED_FACE('',(#6563),#3860,.F.);
#6563 = FACE_BOUND('',#6564,.T.);
#6564 = EDGE_LOOP('',(#6565,#6586,#6587,#6588));
#6565 = ORIENTED_EDGE('',*,*,#6566,.T.);
#6566 = EDGE_CURVE('',#3844,#5103,#6567,.T.);
#6567 = SEAM_CURVE('',#6568,(#6572,#6579),.PCURVE_S1.);
#6568 = LINE('',#6569,#6570);
#6569 = CARTESIAN_POINT('',(-10.22,-1.315,13.6));
#6570 = VECTOR('',#6571,1.);
#6571 = DIRECTION('',(0.,0.,1.));
#6572 = PCURVE('',#3860,#6573);
#6573 = DEFINITIONAL_REPRESENTATION('',(#6574),#6578);
#6574 = LINE('',#6575,#6576);
#6575 = CARTESIAN_POINT('',(-0.,0.));
#6576 = VECTOR('',#6577,1.);
#6577 = DIRECTION('',(-0.,-1.));
#6578 = ( GEOMETRIC_REPRESENTATION_CONTEXT(2) 
PARAMETRIC_REPRESENTATION_CONTEXT() REPRESENTATION_CONTEXT('2D SPACE',''
  ) );
#6579 = PCURVE('',#3860,#6580);
#6580 = DEFINITIONAL_REPRESENTATION('',(#6581),#6585);
#6581 = LINE('',#6582,#6583);
#6582 = CARTESIAN_POINT('',(-6.28318530718,0.));
#6583 = VECTOR('',#6584,1.);
#6584 = DIRECTION('',(-0.,-1.));
#6585 = ( GEOMETRIC_REPRESENTATION_CONTEXT(2) 
PARAMETRIC_REPRESENTATION_CONTEXT() REPRESENTATION_CONTEXT('2D SPACE',''
  ) );
#6586 = ORIENTED_EDGE('',*,*,#5102,.T.);
#6587 = ORIENTED_EDGE('',*,*,#6566,.F.);
#6588 = ORIENTED_EDGE('',*,*,#3843,.F.);
#6589 = ADVANCED_FACE('',(#6590),#3891,.F.);
#6590 = FACE_BOUND('',#6591,.T.);
#6591 = EDGE_LOOP('',(#6592,#6613,#6614,#6615));
#6592 = ORIENTED_EDGE('',*,*,#6593,.T.);
#6593 = EDGE_CURVE('',#3875,#5073,#6594,.T.);
#6594 = SEAM_CURVE('',#6595,(#6599,#6606),.PCURVE_S1.);
#6595 = LINE('',#6596,#6597);
#6596 = CARTESIAN_POINT('',(16.88,-8.065,13.6));
#6597 = VECTOR('',#6598,1.);
#6598 = DIRECTION('',(0.,0.,1.));
#6599 = PCURVE('',#3891,#6600);
#6600 = DEFINITIONAL_REPRESENTATION('',(#6601),#6605);
#6601 = LINE('',#6602,#6603);
#6602 = CARTESIAN_POINT('',(-0.,0.));
#6603 = VECTOR('',#6604,1.);
#6604 = DIRECTION('',(-0.,-1.));
#6605 = ( GEOMETRIC_REPRESENTATION_CONTEXT(2) 
PARAMETRIC_REPRESENTATION_CONTEXT() REPRESENTATION_CONTEXT('2D SPACE',''
  ) );
#6606 = PCURVE('',#3891,#6607);
#6607 = DEFINITIONAL_REPRESENTATION('',(#6608),#6612);
#6608 = LINE('',#6609,#6610);
#6609 = CARTESIAN_POINT('',(-6.28318530718,0.));
#6610 = VECTOR('',#6611,1.);
#6611 = DIRECTION('',(-0.,-1.));
#6612 = ( GEOMETRIC_REPRESENTATION_CONTEXT(2) 
PARAMETRIC_REPRESENTATION_CONTEXT() REPRESENTATION_CONTEXT('2D SPACE',''
  ) );
#6613 = ORIENTED_EDGE('',*,*,#5072,.T.);
#6614 = ORIENTED_EDGE('',*,*,#6593,.F.);
#6615 = ORIENTED_EDGE('',*,*,#3874,.F.);
#6616 = ADVANCED_FACE('',(#6617),#4016,.F.);
#6617 = FACE_BOUND('',#6618,.T.);
#6618 = EDGE_LOOP('',(#6619,#6640,#6641,#6642));
#6619 = ORIENTED_EDGE('',*,*,#6620,.T.);
#6620 = EDGE_CURVE('',#4000,#5811,#6621,.T.);
#6621 = SEAM_CURVE('',#6622,(#6626,#6633),.PCURVE_S1.);
#6622 = LINE('',#6623,#6624);
#6623 = CARTESIAN_POINT('',(16.88,-1.315,13.6));
#6624 = VECTOR('',#6625,1.);
#6625 = DIRECTION('',(0.,0.,1.));
#6626 = PCURVE('',#4016,#6627);
#6627 = DEFINITIONAL_REPRESENTATION('',(#6628),#6632);
#6628 = LINE('',#6629,#6630);
#6629 = CARTESIAN_POINT('',(-0.,0.));
#6630 = VECTOR('',#6631,1.);
#6631 = DIRECTION('',(-0.,-1.));
#6632 = ( GEOMETRIC_REPRESENTATION_CONTEXT(2) 
PARAMETRIC_REPRESENTATION_CONTEXT() REPRESENTATION_CONTEXT('2D SPACE',''
  ) );
#6633 = PCURVE('',#4016,#6634);
#6634 = DEFINITIONAL_REPRESENTATION('',(#6635),#6639);
#6635 = LINE('',#6636,#6637);
#6636 = CARTESIAN_POINT('',(-6.28318530718,0.));
#6637 = VECTOR('',#6638,1.);
#6638 = DIRECTION('',(-0.,-1.));
#6639 = ( GEOMETRIC_REPRESENTATION_CONTEXT(2) 
PARAMETRIC_REPRESENTATION_CONTEXT() REPRESENTATION_CONTEXT('2D SPACE',''
  ) );
#6640 = ORIENTED_EDGE('',*,*,#5810,.T.);
#6641 = ORIENTED_EDGE('',*,*,#6620,.F.);
#6642 = ORIENTED_EDGE('',*,*,#3999,.F.);
#6643 = ADVANCED_FACE('',(#6644),#4082,.F.);
#6644 = FACE_BOUND('',#6645,.F.);
#6645 = EDGE_LOOP('',(#6646,#6667,#6668,#6669));
#6646 = ORIENTED_EDGE('',*,*,#6647,.F.);
#6647 = EDGE_CURVE('',#4066,#4881,#6648,.T.);
#6648 = SEAM_CURVE('',#6649,(#6653,#6660),.PCURVE_S1.);
#6649 = LINE('',#6650,#6651);
#6650 = CARTESIAN_POINT('',(17.7,10.,16.));
#6651 = VECTOR('',#6652,1.);
#6652 = DIRECTION('',(-0.,-0.,-1.));
#6653 = PCURVE('',#4082,#6654);
#6654 = DEFINITIONAL_REPRESENTATION('',(#6655),#6659);
#6655 = LINE('',#6656,#6657);
#6656 = CARTESIAN_POINT('',(6.28318530718,0.));
#6657 = VECTOR('',#6658,1.);
#6658 = DIRECTION('',(0.,-1.));
#6659 = ( GEOMETRIC_REPRESENTATION_CONTEXT(2) 
PARAMETRIC_REPRESENTATION_CONTEXT() REPRESENTATION_CONTEXT('2D SPACE',''
  ) );
#6660 = PCURVE('',#4082,#6661);
#6661 = DEFINITIONAL_REPRESENTATION('',(#6662),#6666);
#6662 = LINE('',#6663,#6664);
#6663 = CARTESIAN_POINT('',(0.,0.));
#6664 = VECTOR('',#6665,1.);
#6665 = DIRECTION('',(0.,-1.));
#6666 = ( GEOMETRIC_REPRESENTATION_CONTEXT(2) 
PARAMETRIC_REPRESENTATION_CONTEXT() REPRESENTATION_CONTEXT('2D SPACE',''
  ) );
#6667 = ORIENTED_EDGE('',*,*,#4065,.F.);
#6668 = ORIENTED_EDGE('',*,*,#6647,.T.);
#6669 = ORIENTED_EDGE('',*,*,#4880,.T.);
#6670 = ADVANCED_FACE('',(#6671),#4180,.T.);
#6671 = FACE_BOUND('',#6672,.F.);
#6672 = EDGE_LOOP('',(#6673,#6737,#6760,#6789,#6810,#6811,#6812,#6836,
    #6859,#6921,#6945,#7007,#7030,#7059,#7082,#7144));
#6673 = ORIENTED_EDGE('',*,*,#6674,.F.);
#6674 = EDGE_CURVE('',#6675,#6677,#6679,.T.);
#6675 = VERTEX_POINT('',#6676);
#6676 = CARTESIAN_POINT('',(-13.,11.372281323269,6.9));
#6677 = VERTEX_POINT('',#6678);
#6678 = CARTESIAN_POINT('',(-14.1,11.882306905058,8.));
#6679 = SURFACE_CURVE('',#6680,(#6697,#6717),.PCURVE_S1.);
#6680 = B_SPLINE_CURVE_WITH_KNOTS('',8,(#6681,#6682,#6683,#6684,#6685,
    #6686,#6687,#6688,#6689,#6690,#6691,#6692,#6693,#6694,#6695,#6696),
  .UNSPECIFIED.,.F.,.F.,(9,7,9),(0.,0.60320399308,1.),.UNSPECIFIED.);
#6681 = CARTESIAN_POINT('',(-13.,11.372281323269,6.9));
#6682 = CARTESIAN_POINT('',(-13.,11.372281323269,7.024301929618));
#6683 = CARTESIAN_POINT('',(-13.01605310557,11.383459155562,
    7.148364405779));
#6684 = CARTESIAN_POINT('',(-13.04804997601,11.40573950769,
    7.269736603137));
#6685 = CARTESIAN_POINT('',(-13.09542587127,11.437980547876,
    7.386328569396));
#6686 = CARTESIAN_POINT('',(-13.15752306304,11.478261149639,
    7.496334455838));
#6687 = CARTESIAN_POINT('',(-13.23368776831,11.524438626698,
    7.598001324917));
#6688 = CARTESIAN_POINT('',(-13.32324684598,11.574359067406,
    7.689620394968));
#6689 = CARTESIAN_POINT('',(-13.4932646114,11.659976865635,
    7.821499692118));
#6690 = CARTESIAN_POINT('',(-13.56637793357,11.694709618715,
    7.868627180921));
#6691 = CARTESIAN_POINT('',(-13.64497044695,11.729594473536,
    7.909918852343));
#6692 = CARTESIAN_POINT('',(-13.72872488133,11.763959850803,
    7.944574959618));
#6693 = CARTESIAN_POINT('',(-13.81711293304,11.797083841114,
    7.971719868317));
#6694 = CARTESIAN_POINT('',(-13.90931954207,11.828245387557,
    7.990456683615));
#6695 = CARTESIAN_POINT('',(-14.00416088515,11.856805019575,8.));
#6696 = CARTESIAN_POINT('',(-14.1,11.882306905058,8.));
#6697 = PCURVE('',#4180,#6698);
#6698 = DEFINITIONAL_REPRESENTATION('',(#6699),#6716);
#6699 = B_SPLINE_CURVE_WITH_KNOTS('',8,(#6700,#6701,#6702,#6703,#6704,
    #6705,#6706,#6707,#6708,#6709,#6710,#6711,#6712,#6713,#6714,#6715),
  .UNSPECIFIED.,.F.,.F.,(9,7,9),(0.,0.60320399308,1.),.UNSPECIFIED.);
#6700 = CARTESIAN_POINT('',(-0.962550747885,-6.9));
#6701 = CARTESIAN_POINT('',(-0.962550747885,-7.024301929618));
#6702 = CARTESIAN_POINT('',(-0.968139722613,-7.148364405779));
#6703 = CARTESIAN_POINT('',(-0.979279574584,-7.269736603137));
#6704 = CARTESIAN_POINT('',(-0.995652165383,-7.386328569396));
#6705 = CARTESIAN_POINT('',(-1.016787471339,-7.496334455838));
#6706 = CARTESIAN_POINT('',(-1.042211328171,-7.598001324917));
#6707 = CARTESIAN_POINT('',(-1.071480453571,-7.689620394968));
#6708 = CARTESIAN_POINT('',(-1.125868663527,-7.821499692118));
#6709 = CARTESIAN_POINT('',(-1.148989370946,-7.868627180921));
#6710 = CARTESIAN_POINT('',(-1.173543179739,-7.909918852343));
#6711 = CARTESIAN_POINT('',(-1.199387216876,-7.944574959618));
#6712 = CARTESIAN_POINT('',(-1.226328920139,-7.971719868317));
#6713 = CARTESIAN_POINT('',(-1.254111830236,-7.990456683615));
#6714 = CARTESIAN_POINT('',(-1.282396425767,-8.));
#6715 = CARTESIAN_POINT('',(-1.310731854081,-8.));
#6716 = ( GEOMETRIC_REPRESENTATION_CONTEXT(2) 
PARAMETRIC_REPRESENTATION_CONTEXT() REPRESENTATION_CONTEXT('2D SPACE',''
  ) );
#6717 = PCURVE('',#5768,#6718);
#6718 = DEFINITIONAL_REPRESENTATION('',(#6719),#6736);
#6719 = B_SPLINE_CURVE_WITH_KNOTS('',8,(#6720,#6721,#6722,#6723,#6724,
    #6725,#6726,#6727,#6728,#6729,#6730,#6731,#6732,#6733,#6734,#6735),
  .UNSPECIFIED.,.F.,.F.,(9,7,9),(0.,0.60320399308,1.),.UNSPECIFIED.);
#6720 = CARTESIAN_POINT('',(0.,0.));
#6721 = CARTESIAN_POINT('',(0.113001754198,0.));
#6722 = CARTESIAN_POINT('',(0.225786056211,-1.117783229336E-02));
#6723 = CARTESIAN_POINT('',(0.338321947975,-3.345818442083E-02));
#6724 = CARTESIAN_POINT('',(0.450878798876,-6.569922460736E-02));
#6725 = CARTESIAN_POINT('',(0.563827700778,-0.10597982637));
#6726 = CARTESIAN_POINT('',(0.677688031301,-0.152157303429));
#6727 = CARTESIAN_POINT('',(0.793069607506,-0.202077744137));
#6728 = CARTESIAN_POINT('',(0.98867882659,-0.287695542366));
#6729 = CARTESIAN_POINT('',(1.067457193491,-0.322428295446));
#6730 = CARTESIAN_POINT('',(1.147629634618,-0.357313150267));
#6731 = CARTESIAN_POINT('',(1.229332967137,-0.391678527534));
#6732 = CARTESIAN_POINT('',(1.312616859455,-0.424802517845));
#6733 = CARTESIAN_POINT('',(1.397450922757,-0.455964064288));
#6734 = CARTESIAN_POINT('',(1.483669858756,-0.484523696306));
#6735 = CARTESIAN_POINT('',(1.570796326795,-0.510025581789));
#6736 = ( GEOMETRIC_REPRESENTATION_CONTEXT(2) 
PARAMETRIC_REPRESENTATION_CONTEXT() REPRESENTATION_CONTEXT('2D SPACE',''
  ) );
#6737 = ORIENTED_EDGE('',*,*,#6738,.T.);
#6738 = EDGE_CURVE('',#6675,#6739,#6741,.T.);
#6739 = VERTEX_POINT('',#6740);
#6740 = CARTESIAN_POINT('',(-13.,11.372281323269,2.));
#6741 = SURFACE_CURVE('',#6742,(#6746,#6753),.PCURVE_S1.);
#6742 = LINE('',#6743,#6744);
#6743 = CARTESIAN_POINT('',(-13.,11.372281323269,0.));
#6744 = VECTOR('',#6745,1.);
#6745 = DIRECTION('',(-0.,-0.,-1.));
#6746 = PCURVE('',#4180,#6747);
#6747 = DEFINITIONAL_REPRESENTATION('',(#6748),#6752);
#6748 = LINE('',#6749,#6750);
#6749 = CARTESIAN_POINT('',(-0.962550747885,0.));
#6750 = VECTOR('',#6751,1.);
#6751 = DIRECTION('',(-0.,1.));
#6752 = ( GEOMETRIC_REPRESENTATION_CONTEXT(2) 
PARAMETRIC_REPRESENTATION_CONTEXT() REPRESENTATION_CONTEXT('2D SPACE',''
  ) );
#6753 = PCURVE('',#5147,#6754);
#6754 = DEFINITIONAL_REPRESENTATION('',(#6755),#6759);
#6755 = LINE('',#6756,#6757);
#6756 = CARTESIAN_POINT('',(47.127718676731,0.));
#6757 = VECTOR('',#6758,1.);
#6758 = DIRECTION('',(0.,1.));
#6759 = ( GEOMETRIC_REPRESENTATION_CONTEXT(2) 
PARAMETRIC_REPRESENTATION_CONTEXT() REPRESENTATION_CONTEXT('2D SPACE',''
  ) );
#6760 = ORIENTED_EDGE('',*,*,#6761,.T.);
#6761 = EDGE_CURVE('',#6739,#6762,#6764,.T.);
#6762 = VERTEX_POINT('',#6763);
#6763 = CARTESIAN_POINT('',(-11.5,8.5,2.));
#6764 = SURFACE_CURVE('',#6765,(#6770,#6777),.PCURVE_S1.);
#6765 = CIRCLE('',#6766,3.5);
#6766 = AXIS2_PLACEMENT_3D('',#6767,#6768,#6769);
#6767 = CARTESIAN_POINT('',(-15.,8.5,2.));
#6768 = DIRECTION('',(0.,0.,-1.));
#6769 = DIRECTION('',(1.,0.,0.));
#6770 = PCURVE('',#4180,#6771);
#6771 = DEFINITIONAL_REPRESENTATION('',(#6772),#6776);
#6772 = LINE('',#6773,#6774);
#6773 = CARTESIAN_POINT('',(-6.28318530718,-2.));
#6774 = VECTOR('',#6775,1.);
#6775 = DIRECTION('',(1.,-0.));
#6776 = ( GEOMETRIC_REPRESENTATION_CONTEXT(2) 
PARAMETRIC_REPRESENTATION_CONTEXT() REPRESENTATION_CONTEXT('2D SPACE',''
  ) );
#6777 = PCURVE('',#6778,#6783);
#6778 = PLANE('',#6779);
#6779 = AXIS2_PLACEMENT_3D('',#6780,#6781,#6782);
#6780 = CARTESIAN_POINT('',(-15.,8.5,2.));
#6781 = DIRECTION('',(-0.,-0.,-1.));
#6782 = DIRECTION('',(-1.,0.,0.));
#6783 = DEFINITIONAL_REPRESENTATION('',(#6784),#6788);
#6784 = CIRCLE('',#6785,3.5);
#6785 = AXIS2_PLACEMENT_2D('',#6786,#6787);
#6786 = CARTESIAN_POINT('',(0.,0.));
#6787 = DIRECTION('',(-1.,0.));
#6788 = ( GEOMETRIC_REPRESENTATION_CONTEXT(2) 
PARAMETRIC_REPRESENTATION_CONTEXT() REPRESENTATION_CONTEXT('2D SPACE',''
  ) );
#6789 = ORIENTED_EDGE('',*,*,#6790,.T.);
#6790 = EDGE_CURVE('',#6762,#4160,#6791,.T.);
#6791 = SEAM_CURVE('',#6792,(#6796,#6803),.PCURVE_S1.);
#6792 = LINE('',#6793,#6794);
#6793 = CARTESIAN_POINT('',(-11.5,8.5,0.));
#6794 = VECTOR('',#6795,1.);
#6795 = DIRECTION('',(0.,0.,1.));
#6796 = PCURVE('',#4180,#6797);
#6797 = DEFINITIONAL_REPRESENTATION('',(#6798),#6802);
#6798 = LINE('',#6799,#6800);
#6799 = CARTESIAN_POINT('',(-6.28318530718,0.));
#6800 = VECTOR('',#6801,1.);
#6801 = DIRECTION('',(-0.,-1.));
#6802 = ( GEOMETRIC_REPRESENTATION_CONTEXT(2) 
PARAMETRIC_REPRESENTATION_CONTEXT() REPRESENTATION_CONTEXT('2D SPACE',''
  ) );
#6803 = PCURVE('',#4180,#6804);
#6804 = DEFINITIONAL_REPRESENTATION('',(#6805),#6809);
#6805 = LINE('',#6806,#6807);
#6806 = CARTESIAN_POINT('',(-0.,0.));
#6807 = VECTOR('',#6808,1.);
#6808 = DIRECTION('',(-0.,-1.));
#6809 = ( GEOMETRIC_REPRESENTATION_CONTEXT(2) 
PARAMETRIC_REPRESENTATION_CONTEXT() REPRESENTATION_CONTEXT('2D SPACE',''
  ) );
#6810 = ORIENTED_EDGE('',*,*,#4159,.F.);
#6811 = ORIENTED_EDGE('',*,*,#6790,.F.);
#6812 = ORIENTED_EDGE('',*,*,#6813,.T.);
#6813 = EDGE_CURVE('',#6762,#6814,#6816,.T.);
#6814 = VERTEX_POINT('',#6815);
#6815 = CARTESIAN_POINT('',(-13.,5.627718676731,2.));
#6816 = SURFACE_CURVE('',#6817,(#6822,#6829),.PCURVE_S1.);
#6817 = CIRCLE('',#6818,3.5);
#6818 = AXIS2_PLACEMENT_3D('',#6819,#6820,#6821);
#6819 = CARTESIAN_POINT('',(-15.,8.5,2.));
#6820 = DIRECTION('',(0.,0.,-1.));
#6821 = DIRECTION('',(1.,0.,0.));
#6822 = PCURVE('',#4180,#6823);
#6823 = DEFINITIONAL_REPRESENTATION('',(#6824),#6828);
#6824 = LINE('',#6825,#6826);
#6825 = CARTESIAN_POINT('',(-6.28318530718,-2.));
#6826 = VECTOR('',#6827,1.);
#6827 = DIRECTION('',(1.,-0.));
#6828 = ( GEOMETRIC_REPRESENTATION_CONTEXT(2) 
PARAMETRIC_REPRESENTATION_CONTEXT() REPRESENTATION_CONTEXT('2D SPACE',''
  ) );
#6829 = PCURVE('',#6778,#6830);
#6830 = DEFINITIONAL_REPRESENTATION('',(#6831),#6835);
#6831 = CIRCLE('',#6832,3.5);
#6832 = AXIS2_PLACEMENT_2D('',#6833,#6834);
#6833 = CARTESIAN_POINT('',(0.,0.));
#6834 = DIRECTION('',(-1.,0.));
#6835 = ( GEOMETRIC_REPRESENTATION_CONTEXT(2) 
PARAMETRIC_REPRESENTATION_CONTEXT() REPRESENTATION_CONTEXT('2D SPACE',''
  ) );
#6836 = ORIENTED_EDGE('',*,*,#6837,.F.);
#6837 = EDGE_CURVE('',#6838,#6814,#6840,.T.);
#6838 = VERTEX_POINT('',#6839);
#6839 = CARTESIAN_POINT('',(-13.,5.627718676731,6.9));
#6840 = SURFACE_CURVE('',#6841,(#6845,#6852),.PCURVE_S1.);
#6841 = LINE('',#6842,#6843);
#6842 = CARTESIAN_POINT('',(-13.,5.627718676731,0.));
#6843 = VECTOR('',#6844,1.);
#6844 = DIRECTION('',(-0.,-0.,-1.));
#6845 = PCURVE('',#4180,#6846);
#6846 = DEFINITIONAL_REPRESENTATION('',(#6847),#6851);
#6847 = LINE('',#6848,#6849);
#6848 = CARTESIAN_POINT('',(-5.320634559295,0.));
#6849 = VECTOR('',#6850,1.);
#6850 = DIRECTION('',(-0.,1.));
#6851 = ( GEOMETRIC_REPRESENTATION_CONTEXT(2) 
PARAMETRIC_REPRESENTATION_CONTEXT() REPRESENTATION_CONTEXT('2D SPACE',''
  ) );
#6852 = PCURVE('',#5251,#6853);
#6853 = DEFINITIONAL_REPRESENTATION('',(#6854),#6858);
#6854 = LINE('',#6855,#6856);
#6855 = CARTESIAN_POINT('',(52.872281323269,0.));
#6856 = VECTOR('',#6857,1.);
#6857 = DIRECTION('',(0.,1.));
#6858 = ( GEOMETRIC_REPRESENTATION_CONTEXT(2) 
PARAMETRIC_REPRESENTATION_CONTEXT() REPRESENTATION_CONTEXT('2D SPACE',''
  ) );
#6859 = ORIENTED_EDGE('',*,*,#6860,.T.);
#6860 = EDGE_CURVE('',#6838,#6861,#6863,.T.);
#6861 = VERTEX_POINT('',#6862);
#6862 = CARTESIAN_POINT('',(-14.1,5.117693094942,8.));
#6863 = SURFACE_CURVE('',#6864,(#6881,#6901),.PCURVE_S1.);
#6864 = B_SPLINE_CURVE_WITH_KNOTS('',8,(#6865,#6866,#6867,#6868,#6869,
    #6870,#6871,#6872,#6873,#6874,#6875,#6876,#6877,#6878,#6879,#6880),
  .UNSPECIFIED.,.F.,.F.,(9,7,9),(0.,0.603203993079,1.),.UNSPECIFIED.);
#6865 = CARTESIAN_POINT('',(-13.,5.627718676731,6.9));
#6866 = CARTESIAN_POINT('',(-13.,5.627718676731,7.024301929618));
#6867 = CARTESIAN_POINT('',(-13.01605310557,5.616540844438,
    7.148364405779));
#6868 = CARTESIAN_POINT('',(-13.04804997602,5.59426049231,7.269736603138
    ));
#6869 = CARTESIAN_POINT('',(-13.09542587127,5.562019452124,
    7.386328569396));
#6870 = CARTESIAN_POINT('',(-13.15752306304,5.52173885036,7.496334455839
    ));
#6871 = CARTESIAN_POINT('',(-13.23368776831,5.475561373303,
    7.598001324917));
#6872 = CARTESIAN_POINT('',(-13.32324684598,5.425640932594,
    7.689620394968));
#6873 = CARTESIAN_POINT('',(-13.4932646114,5.340023134365,7.821499692118
    ));
#6874 = CARTESIAN_POINT('',(-13.56637793357,5.305290381285,
    7.868627180921));
#6875 = CARTESIAN_POINT('',(-13.64497044695,5.270405526464,
    7.909918852343));
#6876 = CARTESIAN_POINT('',(-13.72872488133,5.236040149197,
    7.944574959618));
#6877 = CARTESIAN_POINT('',(-13.81711293304,5.202916158886,
    7.971719868317));
#6878 = CARTESIAN_POINT('',(-13.90931954207,5.171754612443,
    7.990456683615));
#6879 = CARTESIAN_POINT('',(-14.00416088515,5.143194980425,8.));
#6880 = CARTESIAN_POINT('',(-14.1,5.117693094942,8.));
#6881 = PCURVE('',#4180,#6882);
#6882 = DEFINITIONAL_REPRESENTATION('',(#6883),#6900);
#6883 = B_SPLINE_CURVE_WITH_KNOTS('',8,(#6884,#6885,#6886,#6887,#6888,
    #6889,#6890,#6891,#6892,#6893,#6894,#6895,#6896,#6897,#6898,#6899),
  .UNSPECIFIED.,.F.,.F.,(9,7,9),(0.,0.603203993079,1.),.UNSPECIFIED.);
#6884 = CARTESIAN_POINT('',(-5.320634559295,-6.9));
#6885 = CARTESIAN_POINT('',(-5.320634559295,-7.024301929618));
#6886 = CARTESIAN_POINT('',(-5.315045584567,-7.148364405779));
#6887 = CARTESIAN_POINT('',(-5.303905732595,-7.269736603138));
#6888 = CARTESIAN_POINT('',(-5.287533141797,-7.386328569396));
#6889 = CARTESIAN_POINT('',(-5.26639783584,-7.496334455839));
#6890 = CARTESIAN_POINT('',(-5.240973979009,-7.598001324917));
#6891 = CARTESIAN_POINT('',(-5.211704853608,-7.689620394968));
#6892 = CARTESIAN_POINT('',(-5.157316643653,-7.821499692118));
#6893 = CARTESIAN_POINT('',(-5.134195936233,-7.868627180921));
#6894 = CARTESIAN_POINT('',(-5.109642127441,-7.909918852343));
#6895 = CARTESIAN_POINT('',(-5.083798090304,-7.944574959618));
#6896 = CARTESIAN_POINT('',(-5.056856387041,-7.971719868317));
#6897 = CARTESIAN_POINT('',(-5.029073476943,-7.990456683615));
#6898 = CARTESIAN_POINT('',(-5.000788881413,-8.));
#6899 = CARTESIAN_POINT('',(-4.972453453099,-8.));
#6900 = ( GEOMETRIC_REPRESENTATION_CONTEXT(2) 
PARAMETRIC_REPRESENTATION_CONTEXT() REPRESENTATION_CONTEXT('2D SPACE',''
  ) );
#6901 = PCURVE('',#5327,#6902);
#6902 = DEFINITIONAL_REPRESENTATION('',(#6903),#6920);
#6903 = B_SPLINE_CURVE_WITH_KNOTS('',8,(#6904,#6905,#6906,#6907,#6908,
    #6909,#6910,#6911,#6912,#6913,#6914,#6915,#6916,#6917,#6918,#6919),
  .UNSPECIFIED.,.F.,.F.,(9,7,9),(0.,0.603203993079,1.),.UNSPECIFIED.);
#6904 = CARTESIAN_POINT('',(0.,0.636213345769));
#6905 = CARTESIAN_POINT('',(0.113001754198,0.636213345769));
#6906 = CARTESIAN_POINT('',(0.22578605621,0.647391178062));
#6907 = CARTESIAN_POINT('',(0.338321947976,0.66967153019));
#6908 = CARTESIAN_POINT('',(0.450878798874,0.701912570376));
#6909 = CARTESIAN_POINT('',(0.56382770078,0.74219317214));
#6910 = CARTESIAN_POINT('',(0.6776880313,0.788370649198));
#6911 = CARTESIAN_POINT('',(0.793069607506,0.838291089907));
#6912 = CARTESIAN_POINT('',(0.98867882659,0.923908888136));
#6913 = CARTESIAN_POINT('',(1.067457193491,0.958641641215));
#6914 = CARTESIAN_POINT('',(1.147629634618,0.993526496037));
#6915 = CARTESIAN_POINT('',(1.229332967137,1.027891873304));
#6916 = CARTESIAN_POINT('',(1.312616859455,1.061015863614));
#6917 = CARTESIAN_POINT('',(1.397450922757,1.092177410058));
#6918 = CARTESIAN_POINT('',(1.483669858756,1.120737042076));
#6919 = CARTESIAN_POINT('',(1.570796326795,1.146238927558));
#6920 = ( GEOMETRIC_REPRESENTATION_CONTEXT(2) 
PARAMETRIC_REPRESENTATION_CONTEXT() REPRESENTATION_CONTEXT('2D SPACE',''
  ) );
#6921 = ORIENTED_EDGE('',*,*,#6922,.T.);
#6922 = EDGE_CURVE('',#6861,#6923,#6925,.T.);
#6923 = VERTEX_POINT('',#6924);
#6924 = CARTESIAN_POINT('',(-15.9,5.117693094942,8.));
#6925 = SURFACE_CURVE('',#6926,(#6931,#6938),.PCURVE_S1.);
#6926 = CIRCLE('',#6927,3.5);
#6927 = AXIS2_PLACEMENT_3D('',#6928,#6929,#6930);
#6928 = CARTESIAN_POINT('',(-15.,8.5,8.));
#6929 = DIRECTION('',(0.,0.,-1.));
#6930 = DIRECTION('',(1.,0.,0.));
#6931 = PCURVE('',#4180,#6932);
#6932 = DEFINITIONAL_REPRESENTATION('',(#6933),#6937);
#6933 = LINE('',#6934,#6935);
#6934 = CARTESIAN_POINT('',(-6.28318530718,-8.));
#6935 = VECTOR('',#6936,1.);
#6936 = DIRECTION('',(1.,-0.));
#6937 = ( GEOMETRIC_REPRESENTATION_CONTEXT(2) 
PARAMETRIC_REPRESENTATION_CONTEXT() REPRESENTATION_CONTEXT('2D SPACE',''
  ) );
#6938 = PCURVE('',#5380,#6939);
#6939 = DEFINITIONAL_REPRESENTATION('',(#6940),#6944);
#6940 = CIRCLE('',#6941,3.5);
#6941 = AXIS2_PLACEMENT_2D('',#6942,#6943);
#6942 = CARTESIAN_POINT('',(0.,0.));
#6943 = DIRECTION('',(-1.,0.));
#6944 = ( GEOMETRIC_REPRESENTATION_CONTEXT(2) 
PARAMETRIC_REPRESENTATION_CONTEXT() REPRESENTATION_CONTEXT('2D SPACE',''
  ) );
#6945 = ORIENTED_EDGE('',*,*,#6946,.T.);
#6946 = EDGE_CURVE('',#6923,#6947,#6949,.T.);
#6947 = VERTEX_POINT('',#6948);
#6948 = CARTESIAN_POINT('',(-17.,5.627718676731,6.9));
#6949 = SURFACE_CURVE('',#6950,(#6967,#6987),.PCURVE_S1.);
#6950 = B_SPLINE_CURVE_WITH_KNOTS('',8,(#6951,#6952,#6953,#6954,#6955,
    #6956,#6957,#6958,#6959,#6960,#6961,#6962,#6963,#6964,#6965,#6966),
  .UNSPECIFIED.,.F.,.F.,(9,7,9),(0.,0.39679600692,1.),.UNSPECIFIED.);
#6951 = CARTESIAN_POINT('',(-15.9,5.117693094942,8.));
#6952 = CARTESIAN_POINT('',(-15.99583911484,5.143194980425,8.));
#6953 = CARTESIAN_POINT('',(-16.09068045792,5.171754612443,
    7.990456683615));
#6954 = CARTESIAN_POINT('',(-16.18288706695,5.202916158886,
    7.971719868317));
#6955 = CARTESIAN_POINT('',(-16.27127511866,5.236040149197,
    7.944574959618));
#6956 = CARTESIAN_POINT('',(-16.35502955304,5.270405526464,
    7.909918852343));
#6957 = CARTESIAN_POINT('',(-16.43362206643,5.305290381285,
    7.868627180921));
#6958 = CARTESIAN_POINT('',(-16.50673538859,5.340023134365,
    7.821499692118));
#6959 = CARTESIAN_POINT('',(-16.67675315401,5.425640932594,
    7.689620394968));
#6960 = CARTESIAN_POINT('',(-16.76631223168,5.475561373302,
    7.598001324917));
#6961 = CARTESIAN_POINT('',(-16.84247693695,5.521738850361,
    7.496334455838));
#6962 = CARTESIAN_POINT('',(-16.90457412872,5.562019452124,
    7.386328569397));
#6963 = CARTESIAN_POINT('',(-16.95195002398,5.59426049231,7.269736603137
    ));
#6964 = CARTESIAN_POINT('',(-16.98394689442,5.616540844438,
    7.148364405779));
#6965 = CARTESIAN_POINT('',(-17.,5.627718676731,7.024301929618));
#6966 = CARTESIAN_POINT('',(-17.,5.627718676731,6.9));
#6967 = PCURVE('',#4180,#6968);
#6968 = DEFINITIONAL_REPRESENTATION('',(#6969),#6986);
#6969 = B_SPLINE_CURVE_WITH_KNOTS('',8,(#6970,#6971,#6972,#6973,#6974,
    #6975,#6976,#6977,#6978,#6979,#6980,#6981,#6982,#6983,#6984,#6985),
  .UNSPECIFIED.,.F.,.F.,(9,7,9),(0.,0.39679600692,1.),.UNSPECIFIED.);
#6970 = CARTESIAN_POINT('',(-4.45232450767,-8.));
#6971 = CARTESIAN_POINT('',(-4.423989079357,-8.));
#6972 = CARTESIAN_POINT('',(-4.395704483826,-7.990456683615));
#6973 = CARTESIAN_POINT('',(-4.367921573729,-7.971719868317));
#6974 = CARTESIAN_POINT('',(-4.340979870466,-7.944574959618));
#6975 = CARTESIAN_POINT('',(-4.315135833328,-7.909918852343));
#6976 = CARTESIAN_POINT('',(-4.290582024536,-7.868627180921));
#6977 = CARTESIAN_POINT('',(-4.267461317117,-7.821499692118));
#6978 = CARTESIAN_POINT('',(-4.213073107161,-7.689620394968));
#6979 = CARTESIAN_POINT('',(-4.18380398176,-7.598001324917));
#6980 = CARTESIAN_POINT('',(-4.158380124929,-7.496334455838));
#6981 = CARTESIAN_POINT('',(-4.137244818973,-7.386328569397));
#6982 = CARTESIAN_POINT('',(-4.120872228174,-7.269736603137));
#6983 = CARTESIAN_POINT('',(-4.109732376203,-7.148364405779));
#6984 = CARTESIAN_POINT('',(-4.104143401474,-7.024301929618));
#6985 = CARTESIAN_POINT('',(-4.104143401474,-6.9));
#6986 = ( GEOMETRIC_REPRESENTATION_CONTEXT(2) 
PARAMETRIC_REPRESENTATION_CONTEXT() REPRESENTATION_CONTEXT('2D SPACE',''
  ) );
#6987 = PCURVE('',#5456,#6988);
#6988 = DEFINITIONAL_REPRESENTATION('',(#6989),#7006);
#6989 = B_SPLINE_CURVE_WITH_KNOTS('',8,(#6990,#6991,#6992,#6993,#6994,
    #6995,#6996,#6997,#6998,#6999,#7000,#7001,#7002,#7003,#7004,#7005),
  .UNSPECIFIED.,.F.,.F.,(9,7,9),(0.,0.39679600692,1.),.UNSPECIFIED.);
#6990 = CARTESIAN_POINT('',(0.,-0.510025581789));
#6991 = CARTESIAN_POINT('',(-8.712646803894E-02,-0.484523696306));
#6992 = CARTESIAN_POINT('',(-0.173345404038,-0.455964064288));
#6993 = CARTESIAN_POINT('',(-0.25817946734,-0.424802517845));
#6994 = CARTESIAN_POINT('',(-0.341463359658,-0.391678527534));
#6995 = CARTESIAN_POINT('',(-0.423166692177,-0.357313150267));
#6996 = CARTESIAN_POINT('',(-0.503339133304,-0.322428295446));
#6997 = CARTESIAN_POINT('',(-0.582117500204,-0.287695542366));
#6998 = CARTESIAN_POINT('',(-0.777726719289,-0.202077744137));
#6999 = CARTESIAN_POINT('',(-0.893108295494,-0.152157303429));
#7000 = CARTESIAN_POINT('',(-1.006968626017,-0.10597982637));
#7001 = CARTESIAN_POINT('',(-1.119917527919,-6.569922460738E-02));
#7002 = CARTESIAN_POINT('',(-1.232474378821,-3.345818442084E-02));
#7003 = CARTESIAN_POINT('',(-1.345010270584,-1.117783229335E-02));
#7004 = CARTESIAN_POINT('',(-1.457794572597,4.440892098501E-16));
#7005 = CARTESIAN_POINT('',(-1.570796326795,4.440892098501E-16));
#7006 = ( GEOMETRIC_REPRESENTATION_CONTEXT(2) 
PARAMETRIC_REPRESENTATION_CONTEXT() REPRESENTATION_CONTEXT('2D SPACE',''
  ) );
#7007 = ORIENTED_EDGE('',*,*,#7008,.T.);
#7008 = EDGE_CURVE('',#6947,#7009,#7011,.T.);
#7009 = VERTEX_POINT('',#7010);
#7010 = CARTESIAN_POINT('',(-17.,5.627718676731,2.));
#7011 = SURFACE_CURVE('',#7012,(#7016,#7023),.PCURVE_S1.);
#7012 = LINE('',#7013,#7014);
#7013 = CARTESIAN_POINT('',(-17.,5.627718676731,0.));
#7014 = VECTOR('',#7015,1.);
#7015 = DIRECTION('',(-0.,-0.,-1.));
#7016 = PCURVE('',#4180,#7017);
#7017 = DEFINITIONAL_REPRESENTATION('',(#7018),#7022);
#7018 = LINE('',#7019,#7020);
#7019 = CARTESIAN_POINT('',(-4.104143401474,0.));
#7020 = VECTOR('',#7021,1.);
#7021 = DIRECTION('',(-0.,1.));
#7022 = ( GEOMETRIC_REPRESENTATION_CONTEXT(2) 
PARAMETRIC_REPRESENTATION_CONTEXT() REPRESENTATION_CONTEXT('2D SPACE',''
  ) );
#7023 = PCURVE('',#5508,#7024);
#7024 = DEFINITIONAL_REPRESENTATION('',(#7025),#7029);
#7025 = LINE('',#7026,#7027);
#7026 = CARTESIAN_POINT('',(47.127718676731,0.));
#7027 = VECTOR('',#7028,1.);
#7028 = DIRECTION('',(0.,1.));
#7029 = ( GEOMETRIC_REPRESENTATION_CONTEXT(2) 
PARAMETRIC_REPRESENTATION_CONTEXT() REPRESENTATION_CONTEXT('2D SPACE',''
  ) );
#7030 = ORIENTED_EDGE('',*,*,#7031,.T.);
#7031 = EDGE_CURVE('',#7009,#7032,#7034,.T.);
#7032 = VERTEX_POINT('',#7033);
#7033 = CARTESIAN_POINT('',(-17.,11.372281323269,2.));
#7034 = SURFACE_CURVE('',#7035,(#7040,#7047),.PCURVE_S1.);
#7035 = CIRCLE('',#7036,3.5);
#7036 = AXIS2_PLACEMENT_3D('',#7037,#7038,#7039);
#7037 = CARTESIAN_POINT('',(-15.,8.5,2.));
#7038 = DIRECTION('',(0.,0.,-1.));
#7039 = DIRECTION('',(1.,0.,0.));
#7040 = PCURVE('',#4180,#7041);
#7041 = DEFINITIONAL_REPRESENTATION('',(#7042),#7046);
#7042 = LINE('',#7043,#7044);
#7043 = CARTESIAN_POINT('',(-6.28318530718,-2.));
#7044 = VECTOR('',#7045,1.);
#7045 = DIRECTION('',(1.,-0.));
#7046 = ( GEOMETRIC_REPRESENTATION_CONTEXT(2) 
PARAMETRIC_REPRESENTATION_CONTEXT() REPRESENTATION_CONTEXT('2D SPACE',''
  ) );
#7047 = PCURVE('',#7048,#7053);
#7048 = PLANE('',#7049);
#7049 = AXIS2_PLACEMENT_3D('',#7050,#7051,#7052);
#7050 = CARTESIAN_POINT('',(-15.,8.5,2.));
#7051 = DIRECTION('',(-0.,-0.,-1.));
#7052 = DIRECTION('',(-1.,0.,0.));
#7053 = DEFINITIONAL_REPRESENTATION('',(#7054),#7058);
#7054 = CIRCLE('',#7055,3.5);
#7055 = AXIS2_PLACEMENT_2D('',#7056,#7057);
#7056 = CARTESIAN_POINT('',(0.,0.));
#7057 = DIRECTION('',(-1.,0.));
#7058 = ( GEOMETRIC_REPRESENTATION_CONTEXT(2) 
PARAMETRIC_REPRESENTATION_CONTEXT() REPRESENTATION_CONTEXT('2D SPACE',''
  ) );
#7059 = ORIENTED_EDGE('',*,*,#7060,.F.);
#7060 = EDGE_CURVE('',#7061,#7032,#7063,.T.);
#7061 = VERTEX_POINT('',#7062);
#7062 = CARTESIAN_POINT('',(-17.,11.372281323269,6.9));
#7063 = SURFACE_CURVE('',#7064,(#7068,#7075),.PCURVE_S1.);
#7064 = LINE('',#7065,#7066);
#7065 = CARTESIAN_POINT('',(-17.,11.372281323269,0.));
#7066 = VECTOR('',#7067,1.);
#7067 = DIRECTION('',(-0.,-0.,-1.));
#7068 = PCURVE('',#4180,#7069);
#7069 = DEFINITIONAL_REPRESENTATION('',(#7070),#7074);
#7070 = LINE('',#7071,#7072);
#7071 = CARTESIAN_POINT('',(-2.179041905705,0.));
#7072 = VECTOR('',#7073,1.);
#7073 = DIRECTION('',(-0.,1.));
#7074 = ( GEOMETRIC_REPRESENTATION_CONTEXT(2) 
PARAMETRIC_REPRESENTATION_CONTEXT() REPRESENTATION_CONTEXT('2D SPACE',''
  ) );
#7075 = PCURVE('',#5565,#7076);
#7076 = DEFINITIONAL_REPRESENTATION('',(#7077),#7081);
#7077 = LINE('',#7078,#7079);
#7078 = CARTESIAN_POINT('',(52.872281323269,0.));
#7079 = VECTOR('',#7080,1.);
#7080 = DIRECTION('',(0.,1.));
#7081 = ( GEOMETRIC_REPRESENTATION_CONTEXT(2) 
PARAMETRIC_REPRESENTATION_CONTEXT() REPRESENTATION_CONTEXT('2D SPACE',''
  ) );
#7082 = ORIENTED_EDGE('',*,*,#7083,.F.);
#7083 = EDGE_CURVE('',#7084,#7061,#7086,.T.);
#7084 = VERTEX_POINT('',#7085);
#7085 = CARTESIAN_POINT('',(-15.9,11.882306905058,8.));
#7086 = SURFACE_CURVE('',#7087,(#7104,#7124),.PCURVE_S1.);
#7087 = B_SPLINE_CURVE_WITH_KNOTS('',8,(#7088,#7089,#7090,#7091,#7092,
    #7093,#7094,#7095,#7096,#7097,#7098,#7099,#7100,#7101,#7102,#7103),
  .UNSPECIFIED.,.F.,.F.,(9,7,9),(0.,0.39679600692,1.),.UNSPECIFIED.);
#7088 = CARTESIAN_POINT('',(-15.9,11.882306905058,8.));
#7089 = CARTESIAN_POINT('',(-15.99583911484,11.856805019575,8.));
#7090 = CARTESIAN_POINT('',(-16.09068045792,11.828245387557,
    7.990456683615));
#7091 = CARTESIAN_POINT('',(-16.18288706695,11.797083841114,
    7.971719868317));
#7092 = CARTESIAN_POINT('',(-16.27127511866,11.763959850803,
    7.944574959618));
#7093 = CARTESIAN_POINT('',(-16.35502955304,11.729594473536,
    7.909918852343));
#7094 = CARTESIAN_POINT('',(-16.43362206643,11.694709618715,
    7.868627180921));
#7095 = CARTESIAN_POINT('',(-16.50673538859,11.659976865635,
    7.821499692118));
#7096 = CARTESIAN_POINT('',(-16.67675315401,11.574359067406,
    7.689620394968));
#7097 = CARTESIAN_POINT('',(-16.76631223168,11.524438626698,
    7.598001324917));
#7098 = CARTESIAN_POINT('',(-16.84247693695,11.478261149639,
    7.496334455837));
#7099 = CARTESIAN_POINT('',(-16.90457412872,11.437980547876,
    7.386328569397));
#7100 = CARTESIAN_POINT('',(-16.95195002398,11.40573950769,
    7.269736603136));
#7101 = CARTESIAN_POINT('',(-16.98394689442,11.383459155562,
    7.14836440578));
#7102 = CARTESIAN_POINT('',(-17.,11.372281323269,7.024301929618));
#7103 = CARTESIAN_POINT('',(-17.,11.372281323269,6.9));
#7104 = PCURVE('',#4180,#7105);
#7105 = DEFINITIONAL_REPRESENTATION('',(#7106),#7123);
#7106 = B_SPLINE_CURVE_WITH_KNOTS('',8,(#7107,#7108,#7109,#7110,#7111,
    #7112,#7113,#7114,#7115,#7116,#7117,#7118,#7119,#7120,#7121,#7122),
  .UNSPECIFIED.,.F.,.F.,(9,7,9),(0.,0.39679600692,1.),.UNSPECIFIED.);
#7107 = CARTESIAN_POINT('',(-1.830860799509,-8.));
#7108 = CARTESIAN_POINT('',(-1.859196227823,-8.));
#7109 = CARTESIAN_POINT('',(-1.887480823353,-7.990456683615));
#7110 = CARTESIAN_POINT('',(-1.915263733451,-7.971719868317));
#7111 = CARTESIAN_POINT('',(-1.942205436714,-7.944574959618));
#7112 = CARTESIAN_POINT('',(-1.968049473851,-7.909918852343));
#7113 = CARTESIAN_POINT('',(-1.992603282644,-7.868627180921));
#7114 = CARTESIAN_POINT('',(-2.015723990063,-7.821499692118));
#7115 = CARTESIAN_POINT('',(-2.070112200018,-7.689620394968));
#7116 = CARTESIAN_POINT('',(-2.099381325419,-7.598001324917));
#7117 = CARTESIAN_POINT('',(-2.12480518225,-7.496334455837));
#7118 = CARTESIAN_POINT('',(-2.145940488206,-7.386328569397));
#7119 = CARTESIAN_POINT('',(-2.162313079006,-7.269736603136));
#7120 = CARTESIAN_POINT('',(-2.173452930977,-7.14836440578));
#7121 = CARTESIAN_POINT('',(-2.179041905705,-7.024301929618));
#7122 = CARTESIAN_POINT('',(-2.179041905705,-6.9));
#7123 = ( GEOMETRIC_REPRESENTATION_CONTEXT(2) 
PARAMETRIC_REPRESENTATION_CONTEXT() REPRESENTATION_CONTEXT('2D SPACE',''
  ) );
#7124 = PCURVE('',#5641,#7125);
#7125 = DEFINITIONAL_REPRESENTATION('',(#7126),#7143);
#7126 = B_SPLINE_CURVE_WITH_KNOTS('',8,(#7127,#7128,#7129,#7130,#7131,
    #7132,#7133,#7134,#7135,#7136,#7137,#7138,#7139,#7140,#7141,#7142),
  .UNSPECIFIED.,.F.,.F.,(9,7,9),(0.,0.39679600692,1.),.UNSPECIFIED.);
#7127 = CARTESIAN_POINT('',(0.,1.146238927558));
#7128 = CARTESIAN_POINT('',(-8.712646803894E-02,1.120737042076));
#7129 = CARTESIAN_POINT('',(-0.173345404038,1.092177410058));
#7130 = CARTESIAN_POINT('',(-0.25817946734,1.061015863614));
#7131 = CARTESIAN_POINT('',(-0.341463359658,1.027891873304));
#7132 = CARTESIAN_POINT('',(-0.423166692177,0.993526496037));
#7133 = CARTESIAN_POINT('',(-0.503339133304,0.958641641215));
#7134 = CARTESIAN_POINT('',(-0.582117500204,0.923908888136));
#7135 = CARTESIAN_POINT('',(-0.777726719289,0.838291089907));
#7136 = CARTESIAN_POINT('',(-0.893108295494,0.788370649198));
#7137 = CARTESIAN_POINT('',(-1.006968626018,0.742193172139));
#7138 = CARTESIAN_POINT('',(-1.119917527918,0.701912570377));
#7139 = CARTESIAN_POINT('',(-1.232474378821,0.66967153019));
#7140 = CARTESIAN_POINT('',(-1.345010270584,0.647391178063));
#7141 = CARTESIAN_POINT('',(-1.457794572597,0.636213345769));
#7142 = CARTESIAN_POINT('',(-1.570796326795,0.636213345769));
#7143 = ( GEOMETRIC_REPRESENTATION_CONTEXT(2) 
PARAMETRIC_REPRESENTATION_CONTEXT() REPRESENTATION_CONTEXT('2D SPACE',''
  ) );
#7144 = ORIENTED_EDGE('',*,*,#7145,.T.);
#7145 = EDGE_CURVE('',#7084,#6677,#7146,.T.);
#7146 = SURFACE_CURVE('',#7147,(#7152,#7159),.PCURVE_S1.);
#7147 = CIRCLE('',#7148,3.5);
#7148 = AXIS2_PLACEMENT_3D('',#7149,#7150,#7151);
#7149 = CARTESIAN_POINT('',(-15.,8.5,8.));
#7150 = DIRECTION('',(0.,0.,-1.));
#7151 = DIRECTION('',(1.,0.,0.));
#7152 = PCURVE('',#4180,#7153);
#7153 = DEFINITIONAL_REPRESENTATION('',(#7154),#7158);
#7154 = LINE('',#7155,#7156);
#7155 = CARTESIAN_POINT('',(-6.28318530718,-8.));
#7156 = VECTOR('',#7157,1.);
#7157 = DIRECTION('',(1.,-0.));
#7158 = ( GEOMETRIC_REPRESENTATION_CONTEXT(2) 
PARAMETRIC_REPRESENTATION_CONTEXT() REPRESENTATION_CONTEXT('2D SPACE',''
  ) );
#7159 = PCURVE('',#5694,#7160);
#7160 = DEFINITIONAL_REPRESENTATION('',(#7161),#7165);
#7161 = CIRCLE('',#7162,3.5);
#7162 = AXIS2_PLACEMENT_2D('',#7163,#7164);
#7163 = CARTESIAN_POINT('',(0.,0.));
#7164 = DIRECTION('',(-1.,0.));
#7165 = ( GEOMETRIC_REPRESENTATION_CONTEXT(2) 
PARAMETRIC_REPRESENTATION_CONTEXT() REPRESENTATION_CONTEXT('2D SPACE',''
  ) );
#7166 = ADVANCED_FACE('',(#7167),#5147,.F.);
#7167 = FACE_BOUND('',#7168,.F.);
#7168 = EDGE_LOOP('',(#7169,#7170,#7193,#7225,#7253,#7285,#7306,#7307));
#7169 = ORIENTED_EDGE('',*,*,#5129,.T.);
#7170 = ORIENTED_EDGE('',*,*,#7171,.F.);
#7171 = EDGE_CURVE('',#7172,#5132,#7174,.T.);
#7172 = VERTEX_POINT('',#7173);
#7173 = CARTESIAN_POINT('',(-13.,11.3844583547,0.));
#7174 = SURFACE_CURVE('',#7175,(#7179,#7186),.PCURVE_S1.);
#7175 = LINE('',#7176,#7177);
#7176 = CARTESIAN_POINT('',(-13.,58.5,0.));
#7177 = VECTOR('',#7178,1.);
#7178 = DIRECTION('',(0.,-1.,0.));
#7179 = PCURVE('',#5147,#7180);
#7180 = DEFINITIONAL_REPRESENTATION('',(#7181),#7185);
#7181 = LINE('',#7182,#7183);
#7182 = CARTESIAN_POINT('',(0.,0.));
#7183 = VECTOR('',#7184,1.);
#7184 = DIRECTION('',(1.,0.));
#7185 = ( GEOMETRIC_REPRESENTATION_CONTEXT(2) 
PARAMETRIC_REPRESENTATION_CONTEXT() REPRESENTATION_CONTEXT('2D SPACE',''
  ) );
#7186 = PCURVE('',#5176,#7187);
#7187 = DEFINITIONAL_REPRESENTATION('',(#7188),#7192);
#7188 = LINE('',#7189,#7190);
#7189 = CARTESIAN_POINT('',(2.,50.));
#7190 = VECTOR('',#7191,1.);
#7191 = DIRECTION('',(0.,-1.));
#7192 = ( GEOMETRIC_REPRESENTATION_CONTEXT(2) 
PARAMETRIC_REPRESENTATION_CONTEXT() REPRESENTATION_CONTEXT('2D SPACE',''
  ) );
#7193 = ORIENTED_EDGE('',*,*,#7194,.F.);
#7194 = EDGE_CURVE('',#7195,#7172,#7197,.T.);
#7195 = VERTEX_POINT('',#7196);
#7196 = CARTESIAN_POINT('',(-13.,11.964101615138,0.49));
#7197 = SURFACE_CURVE('',#7198,(#7203,#7210),.PCURVE_S1.);
#7198 = HYPERBOLA('',#7199,2.,2.);
#7199 = AXIS2_PLACEMENT_3D('',#7200,#7201,#7202);
#7200 = CARTESIAN_POINT('',(-13.,8.5,-3.51));
#7201 = DIRECTION('',(1.,0.,-0.));
#7202 = DIRECTION('',(0.,0.,1.));
#7203 = PCURVE('',#5147,#7204);
#7204 = DEFINITIONAL_REPRESENTATION('',(#7205),#7209);
#7205 = HYPERBOLA('',#7206,2.,2.);
#7206 = AXIS2_PLACEMENT_2D('',#7207,#7208);
#7207 = CARTESIAN_POINT('',(50.,3.51));
#7208 = DIRECTION('',(0.,-1.));
#7209 = ( GEOMETRIC_REPRESENTATION_CONTEXT(2) 
PARAMETRIC_REPRESENTATION_CONTEXT() REPRESENTATION_CONTEXT('2D SPACE',''
  ) );
#7210 = PCURVE('',#7211,#7216);
#7211 = CONICAL_SURFACE('',#7212,4.,0.785398163397);
#7212 = AXIS2_PLACEMENT_3D('',#7213,#7214,#7215);
#7213 = CARTESIAN_POINT('',(-15.,8.5,0.49));
#7214 = DIRECTION('',(0.,0.,1.));
#7215 = DIRECTION('',(1.,-6.162975822039E-33,0.));
#7216 = DEFINITIONAL_REPRESENTATION('',(#7217),#7224);
#7217 = B_SPLINE_CURVE_WITH_KNOTS('',5,(#7218,#7219,#7220,#7221,#7222,
    #7223),.UNSPECIFIED.,.F.,.F.,(6,6),(-1.316957896925,-1.162284552635)
  ,.PIECEWISE_BEZIER_KNOTS.);
#7218 = CARTESIAN_POINT('',(-5.235987755983,1.110223024625E-16));
#7219 = CARTESIAN_POINT('',(-5.251455090412,-0.107160836355));
#7220 = CARTESIAN_POINT('',(-5.267440392436,-0.209536905593));
#7221 = CARTESIAN_POINT('',(-5.283959072487,-0.307341838951));
#7222 = CARTESIAN_POINT('',(-5.301025543355,-0.400770235963));
#7223 = CARTESIAN_POINT('',(-5.318652135297,-0.49));
#7224 = ( GEOMETRIC_REPRESENTATION_CONTEXT(2) 
PARAMETRIC_REPRESENTATION_CONTEXT() REPRESENTATION_CONTEXT('2D SPACE',''
  ) );
#7225 = ORIENTED_EDGE('',*,*,#7226,.F.);
#7226 = EDGE_CURVE('',#7227,#7195,#7229,.T.);
#7227 = VERTEX_POINT('',#7228);
#7228 = CARTESIAN_POINT('',(-13.,11.964101615138,1.51));
#7229 = SURFACE_CURVE('',#7230,(#7234,#7241),.PCURVE_S1.);
#7230 = LINE('',#7231,#7232);
#7231 = CARTESIAN_POINT('',(-13.,11.964101615138,0.));
#7232 = VECTOR('',#7233,1.);
#7233 = DIRECTION('',(0.,0.,-1.));
#7234 = PCURVE('',#5147,#7235);
#7235 = DEFINITIONAL_REPRESENTATION('',(#7236),#7240);
#7236 = LINE('',#7237,#7238);
#7237 = CARTESIAN_POINT('',(46.535898384862,0.));
#7238 = VECTOR('',#7239,1.);
#7239 = DIRECTION('',(0.,1.));
#7240 = ( GEOMETRIC_REPRESENTATION_CONTEXT(2) 
PARAMETRIC_REPRESENTATION_CONTEXT() REPRESENTATION_CONTEXT('2D SPACE',''
  ) );
#7241 = PCURVE('',#7242,#7247);
#7242 = CYLINDRICAL_SURFACE('',#7243,4.);
#7243 = AXIS2_PLACEMENT_3D('',#7244,#7245,#7246);
#7244 = CARTESIAN_POINT('',(-15.,8.5,0.));
#7245 = DIRECTION('',(0.,0.,-1.));
#7246 = DIRECTION('',(1.,0.,0.));
#7247 = DEFINITIONAL_REPRESENTATION('',(#7248),#7252);
#7248 = LINE('',#7249,#7250);
#7249 = CARTESIAN_POINT('',(5.235987755983,0.));
#7250 = VECTOR('',#7251,1.);
#7251 = DIRECTION('',(0.,1.));
#7252 = ( GEOMETRIC_REPRESENTATION_CONTEXT(2) 
PARAMETRIC_REPRESENTATION_CONTEXT() REPRESENTATION_CONTEXT('2D SPACE',''
  ) );
#7253 = ORIENTED_EDGE('',*,*,#7254,.F.);
#7254 = EDGE_CURVE('',#7255,#7227,#7257,.T.);
#7255 = VERTEX_POINT('',#7256);
#7256 = CARTESIAN_POINT('',(-13.,11.3844583547,2.));
#7257 = SURFACE_CURVE('',#7258,(#7263,#7270),.PCURVE_S1.);
#7258 = HYPERBOLA('',#7259,2.,2.);
#7259 = AXIS2_PLACEMENT_3D('',#7260,#7261,#7262);
#7260 = CARTESIAN_POINT('',(-13.,8.5,5.51));
#7261 = DIRECTION('',(1.,0.,0.));
#7262 = DIRECTION('',(0.,-0.,-1.));
#7263 = PCURVE('',#5147,#7264);
#7264 = DEFINITIONAL_REPRESENTATION('',(#7265),#7269);
#7265 = HYPERBOLA('',#7266,2.,2.);
#7266 = AXIS2_PLACEMENT_2D('',#7267,#7268);
#7267 = CARTESIAN_POINT('',(50.,-5.51));
#7268 = DIRECTION('',(0.,1.));
#7269 = ( GEOMETRIC_REPRESENTATION_CONTEXT(2) 
PARAMETRIC_REPRESENTATION_CONTEXT() REPRESENTATION_CONTEXT('2D SPACE',''
  ) );
#7270 = PCURVE('',#7271,#7276);
#7271 = CONICAL_SURFACE('',#7272,4.,0.785398163397);
#7272 = AXIS2_PLACEMENT_3D('',#7273,#7274,#7275);
#7273 = CARTESIAN_POINT('',(-15.,8.5,1.51));
#7274 = DIRECTION('',(-0.,0.,-1.));
#7275 = DIRECTION('',(1.,0.,0.));
#7276 = DEFINITIONAL_REPRESENTATION('',(#7277),#7284);
#7277 = B_SPLINE_CURVE_WITH_KNOTS('',5,(#7278,#7279,#7280,#7281,#7282,
    #7283),.UNSPECIFIED.,.F.,.F.,(6,6),(1.162284552635,1.316957896925),
  .PIECEWISE_BEZIER_KNOTS.);
#7278 = CARTESIAN_POINT('',(5.318652135297,-0.49));
#7279 = CARTESIAN_POINT('',(5.301025543355,-0.400770235963));
#7280 = CARTESIAN_POINT('',(5.283959072487,-0.307341838951));
#7281 = CARTESIAN_POINT('',(5.267440392436,-0.209536905593));
#7282 = CARTESIAN_POINT('',(5.251455090412,-0.107160836355));
#7283 = CARTESIAN_POINT('',(5.235987755983,1.110223024625E-16));
#7284 = ( GEOMETRIC_REPRESENTATION_CONTEXT(2) 
PARAMETRIC_REPRESENTATION_CONTEXT() REPRESENTATION_CONTEXT('2D SPACE',''
  ) );
#7285 = ORIENTED_EDGE('',*,*,#7286,.T.);
#7286 = EDGE_CURVE('',#7255,#6739,#7287,.T.);
#7287 = SURFACE_CURVE('',#7288,(#7292,#7299),.PCURVE_S1.);
#7288 = LINE('',#7289,#7290);
#7289 = CARTESIAN_POINT('',(-13.,33.5,2.));
#7290 = VECTOR('',#7291,1.);
#7291 = DIRECTION('',(0.,-1.,0.));
#7292 = PCURVE('',#5147,#7293);
#7293 = DEFINITIONAL_REPRESENTATION('',(#7294),#7298);
#7294 = LINE('',#7295,#7296);
#7295 = CARTESIAN_POINT('',(25.,-2.));
#7296 = VECTOR('',#7297,1.);
#7297 = DIRECTION('',(1.,0.));
#7298 = ( GEOMETRIC_REPRESENTATION_CONTEXT(2) 
PARAMETRIC_REPRESENTATION_CONTEXT() REPRESENTATION_CONTEXT('2D SPACE',''
  ) );
#7299 = PCURVE('',#6778,#7300);
#7300 = DEFINITIONAL_REPRESENTATION('',(#7301),#7305);
#7301 = LINE('',#7302,#7303);
#7302 = CARTESIAN_POINT('',(-2.,25.));
#7303 = VECTOR('',#7304,1.);
#7304 = DIRECTION('',(0.,-1.));
#7305 = ( GEOMETRIC_REPRESENTATION_CONTEXT(2) 
PARAMETRIC_REPRESENTATION_CONTEXT() REPRESENTATION_CONTEXT('2D SPACE',''
  ) );
#7306 = ORIENTED_EDGE('',*,*,#6738,.F.);
#7307 = ORIENTED_EDGE('',*,*,#7308,.T.);
#7308 = EDGE_CURVE('',#6675,#5130,#7309,.T.);
#7309 = SURFACE_CURVE('',#7310,(#7314,#7321),.PCURVE_S1.);
#7310 = LINE('',#7311,#7312);
#7311 = CARTESIAN_POINT('',(-13.,11.372281323269,6.9));
#7312 = VECTOR('',#7313,1.);
#7313 = DIRECTION('',(0.,-1.,0.));
#7314 = PCURVE('',#5147,#7315);
#7315 = DEFINITIONAL_REPRESENTATION('',(#7316),#7320);
#7316 = LINE('',#7317,#7318);
#7317 = CARTESIAN_POINT('',(47.127718676731,-6.9));
#7318 = VECTOR('',#7319,1.);
#7319 = DIRECTION('',(1.,0.));
#7320 = ( GEOMETRIC_REPRESENTATION_CONTEXT(2) 
PARAMETRIC_REPRESENTATION_CONTEXT() REPRESENTATION_CONTEXT('2D SPACE',''
  ) );
#7321 = PCURVE('',#5768,#7322);
#7322 = DEFINITIONAL_REPRESENTATION('',(#7323),#7327);
#7323 = LINE('',#7324,#7325);
#7324 = CARTESIAN_POINT('',(0.,0.));
#7325 = VECTOR('',#7326,1.);
#7326 = DIRECTION('',(0.,1.));
#7327 = ( GEOMETRIC_REPRESENTATION_CONTEXT(2) 
PARAMETRIC_REPRESENTATION_CONTEXT() REPRESENTATION_CONTEXT('2D SPACE',''
  ) );
#7328 = ADVANCED_FACE('',(#7329),#5768,.F.);
#7329 = FACE_BOUND('',#7330,.F.);
#7330 = EDGE_LOOP('',(#7331,#7332,#7353,#7354));
#7331 = ORIENTED_EDGE('',*,*,#6674,.T.);
#7332 = ORIENTED_EDGE('',*,*,#7333,.T.);
#7333 = EDGE_CURVE('',#6677,#5678,#7334,.T.);
#7334 = SURFACE_CURVE('',#7335,(#7339,#7346),.PCURVE_S1.);
#7335 = LINE('',#7336,#7337);
#7336 = CARTESIAN_POINT('',(-14.1,11.372281323269,8.));
#7337 = VECTOR('',#7338,1.);
#7338 = DIRECTION('',(0.,-1.,0.));
#7339 = PCURVE('',#5768,#7340);
#7340 = DEFINITIONAL_REPRESENTATION('',(#7341),#7345);
#7341 = LINE('',#7342,#7343);
#7342 = CARTESIAN_POINT('',(1.570796326795,0.));
#7343 = VECTOR('',#7344,1.);
#7344 = DIRECTION('',(0.,1.));
#7345 = ( GEOMETRIC_REPRESENTATION_CONTEXT(2) 
PARAMETRIC_REPRESENTATION_CONTEXT() REPRESENTATION_CONTEXT('2D SPACE',''
  ) );
#7346 = PCURVE('',#5694,#7347);
#7347 = DEFINITIONAL_REPRESENTATION('',(#7348),#7352);
#7348 = LINE('',#7349,#7350);
#7349 = CARTESIAN_POINT('',(-0.9,2.872281323269));
#7350 = VECTOR('',#7351,1.);
#7351 = DIRECTION('',(0.,-1.));
#7352 = ( GEOMETRIC_REPRESENTATION_CONTEXT(2) 
PARAMETRIC_REPRESENTATION_CONTEXT() REPRESENTATION_CONTEXT('2D SPACE',''
  ) );
#7353 = ORIENTED_EDGE('',*,*,#5706,.F.);
#7354 = ORIENTED_EDGE('',*,*,#7308,.F.);
#7355 = ADVANCED_FACE('',(#7356),#5176,.F.);
#7356 = FACE_BOUND('',#7357,.F.);
#7357 = EDGE_LOOP('',(#7358,#7381,#7407,#7408,#7409));
#7358 = ORIENTED_EDGE('',*,*,#7359,.T.);
#7359 = EDGE_CURVE('',#5212,#7360,#7362,.T.);
#7360 = VERTEX_POINT('',#7361);
#7361 = CARTESIAN_POINT('',(-13.,5.6155416453,0.));
#7362 = SURFACE_CURVE('',#7363,(#7367,#7374),.PCURVE_S1.);
#7363 = LINE('',#7364,#7365);
#7364 = CARTESIAN_POINT('',(-13.,58.5,0.));
#7365 = VECTOR('',#7366,1.);
#7366 = DIRECTION('',(0.,-1.,0.));
#7367 = PCURVE('',#5176,#7368);
#7368 = DEFINITIONAL_REPRESENTATION('',(#7369),#7373);
#7369 = LINE('',#7370,#7371);
#7370 = CARTESIAN_POINT('',(2.,50.));
#7371 = VECTOR('',#7372,1.);
#7372 = DIRECTION('',(0.,-1.));
#7373 = ( GEOMETRIC_REPRESENTATION_CONTEXT(2) 
PARAMETRIC_REPRESENTATION_CONTEXT() REPRESENTATION_CONTEXT('2D SPACE',''
  ) );
#7374 = PCURVE('',#5251,#7375);
#7375 = DEFINITIONAL_REPRESENTATION('',(#7376),#7380);
#7376 = LINE('',#7377,#7378);
#7377 = CARTESIAN_POINT('',(0.,0.));
#7378 = VECTOR('',#7379,1.);
#7379 = DIRECTION('',(1.,0.));
#7380 = ( GEOMETRIC_REPRESENTATION_CONTEXT(2) 
PARAMETRIC_REPRESENTATION_CONTEXT() REPRESENTATION_CONTEXT('2D SPACE',''
  ) );
#7381 = ORIENTED_EDGE('',*,*,#7382,.F.);
#7382 = EDGE_CURVE('',#7172,#7360,#7383,.T.);
#7383 = SURFACE_CURVE('',#7384,(#7389,#7400),.PCURVE_S1.);
#7384 = CIRCLE('',#7385,3.51);
#7385 = AXIS2_PLACEMENT_3D('',#7386,#7387,#7388);
#7386 = CARTESIAN_POINT('',(-15.,8.5,0.));
#7387 = DIRECTION('',(0.,0.,-1.));
#7388 = DIRECTION('',(0.569800569801,0.821783007037,0.));
#7389 = PCURVE('',#5176,#7390);
#7390 = DEFINITIONAL_REPRESENTATION('',(#7391),#7399);
#7391 = ( BOUNDED_CURVE() B_SPLINE_CURVE(2,(#7392,#7393,#7394,#7395,
#7396,#7397,#7398),.UNSPECIFIED.,.T.,.F.) B_SPLINE_CURVE_WITH_KNOTS((1,2
    ,2,2,2,1),(-2.094395102393,0.,2.094395102393,4.188790204786,
6.28318530718,8.377580409573),.UNSPECIFIED.) CURVE() 
GEOMETRIC_REPRESENTATION_ITEM() RATIONAL_B_SPLINE_CURVE((1.,0.5,1.,0.5,
1.,0.5,1.)) REPRESENTATION_ITEM('') );
#7392 = CARTESIAN_POINT('',(2.,2.8844583547));
#7393 = CARTESIAN_POINT('',(6.996028422657,-0.579643260438));
#7394 = CARTESIAN_POINT('',(1.498014211329,-3.174279984919));
#7395 = CARTESIAN_POINT('',(-4.,-5.7689167094));
#7396 = CARTESIAN_POINT('',(-3.498014211329,0.289821630219));
#7397 = CARTESIAN_POINT('',(-2.996028422657,6.348559969838));
#7398 = CARTESIAN_POINT('',(2.,2.8844583547));
#7399 = ( GEOMETRIC_REPRESENTATION_CONTEXT(2) 
PARAMETRIC_REPRESENTATION_CONTEXT() REPRESENTATION_CONTEXT('2D SPACE',''
  ) );
#7400 = PCURVE('',#7211,#7401);
#7401 = DEFINITIONAL_REPRESENTATION('',(#7402),#7406);
#7402 = LINE('',#7403,#7404);
#7403 = CARTESIAN_POINT('',(-5.318652135297,-0.49));
#7404 = VECTOR('',#7405,1.);
#7405 = DIRECTION('',(-1.,0.));
#7406 = ( GEOMETRIC_REPRESENTATION_CONTEXT(2) 
PARAMETRIC_REPRESENTATION_CONTEXT() REPRESENTATION_CONTEXT('2D SPACE',''
  ) );
#7407 = ORIENTED_EDGE('',*,*,#7171,.T.);
#7408 = ORIENTED_EDGE('',*,*,#5159,.F.);
#7409 = ORIENTED_EDGE('',*,*,#5211,.F.);
#7410 = ADVANCED_FACE('',(#7411),#5694,.T.);
#7411 = FACE_BOUND('',#7412,.T.);
#7412 = EDGE_LOOP('',(#7413,#7414,#7435,#7436));
#7413 = ORIENTED_EDGE('',*,*,#5677,.F.);
#7414 = ORIENTED_EDGE('',*,*,#7415,.T.);
#7415 = EDGE_CURVE('',#5578,#7084,#7416,.T.);
#7416 = SURFACE_CURVE('',#7417,(#7421,#7428),.PCURVE_S1.);
#7417 = LINE('',#7418,#7419);
#7418 = CARTESIAN_POINT('',(-15.9,10.7360679775,8.));
#7419 = VECTOR('',#7420,1.);
#7420 = DIRECTION('',(0.,1.,0.));
#7421 = PCURVE('',#5694,#7422);
#7422 = DEFINITIONAL_REPRESENTATION('',(#7423),#7427);
#7423 = LINE('',#7424,#7425);
#7424 = CARTESIAN_POINT('',(0.9,2.2360679775));
#7425 = VECTOR('',#7426,1.);
#7426 = DIRECTION('',(0.,1.));
#7427 = ( GEOMETRIC_REPRESENTATION_CONTEXT(2) 
PARAMETRIC_REPRESENTATION_CONTEXT() REPRESENTATION_CONTEXT('2D SPACE',''
  ) );
#7428 = PCURVE('',#5641,#7429);
#7429 = DEFINITIONAL_REPRESENTATION('',(#7430),#7434);
#7430 = LINE('',#7431,#7432);
#7431 = CARTESIAN_POINT('',(-0.,0.));
#7432 = VECTOR('',#7433,1.);
#7433 = DIRECTION('',(-0.,1.));
#7434 = ( GEOMETRIC_REPRESENTATION_CONTEXT(2) 
PARAMETRIC_REPRESENTATION_CONTEXT() REPRESENTATION_CONTEXT('2D SPACE',''
  ) );
#7435 = ORIENTED_EDGE('',*,*,#7145,.T.);
#7436 = ORIENTED_EDGE('',*,*,#7333,.T.);
#7437 = ADVANCED_FACE('',(#7438),#5641,.F.);
#7438 = FACE_BOUND('',#7439,.T.);
#7439 = EDGE_LOOP('',(#7440,#7441,#7462,#7463));
#7440 = ORIENTED_EDGE('',*,*,#5577,.T.);
#7441 = ORIENTED_EDGE('',*,*,#7442,.T.);
#7442 = EDGE_CURVE('',#5550,#7061,#7443,.T.);
#7443 = SURFACE_CURVE('',#7444,(#7448,#7455),.PCURVE_S1.);
#7444 = LINE('',#7445,#7446);
#7445 = CARTESIAN_POINT('',(-17.,10.7360679775,6.9));
#7446 = VECTOR('',#7447,1.);
#7447 = DIRECTION('',(0.,1.,0.));
#7448 = PCURVE('',#5641,#7449);
#7449 = DEFINITIONAL_REPRESENTATION('',(#7450),#7454);
#7450 = LINE('',#7451,#7452);
#7451 = CARTESIAN_POINT('',(-1.570796326795,0.));
#7452 = VECTOR('',#7453,1.);
#7453 = DIRECTION('',(-0.,1.));
#7454 = ( GEOMETRIC_REPRESENTATION_CONTEXT(2) 
PARAMETRIC_REPRESENTATION_CONTEXT() REPRESENTATION_CONTEXT('2D SPACE',''
  ) );
#7455 = PCURVE('',#5565,#7456);
#7456 = DEFINITIONAL_REPRESENTATION('',(#7457),#7461);
#7457 = LINE('',#7458,#7459);
#7458 = CARTESIAN_POINT('',(52.2360679775,-6.9));
#7459 = VECTOR('',#7460,1.);
#7460 = DIRECTION('',(1.,0.));
#7461 = ( GEOMETRIC_REPRESENTATION_CONTEXT(2) 
PARAMETRIC_REPRESENTATION_CONTEXT() REPRESENTATION_CONTEXT('2D SPACE',''
  ) );
#7462 = ORIENTED_EDGE('',*,*,#7083,.F.);
#7463 = ORIENTED_EDGE('',*,*,#7415,.F.);
#7464 = ADVANCED_FACE('',(#7465),#5565,.F.);
#7465 = FACE_BOUND('',#7466,.F.);
#7466 = EDGE_LOOP('',(#7467,#7468,#7491,#7523,#7551,#7583,#7604,#7605));
#7467 = ORIENTED_EDGE('',*,*,#7060,.T.);
#7468 = ORIENTED_EDGE('',*,*,#7469,.T.);
#7469 = EDGE_CURVE('',#7032,#7470,#7472,.T.);
#7470 = VERTEX_POINT('',#7471);
#7471 = CARTESIAN_POINT('',(-17.,11.3844583547,2.));
#7472 = SURFACE_CURVE('',#7473,(#7477,#7484),.PCURVE_S1.);
#7473 = LINE('',#7474,#7475);
#7474 = CARTESIAN_POINT('',(-17.,-16.5,2.));
#7475 = VECTOR('',#7476,1.);
#7476 = DIRECTION('',(0.,1.,-0.));
#7477 = PCURVE('',#5565,#7478);
#7478 = DEFINITIONAL_REPRESENTATION('',(#7479),#7483);
#7479 = LINE('',#7480,#7481);
#7480 = CARTESIAN_POINT('',(25.,-2.));
#7481 = VECTOR('',#7482,1.);
#7482 = DIRECTION('',(1.,0.));
#7483 = ( GEOMETRIC_REPRESENTATION_CONTEXT(2) 
PARAMETRIC_REPRESENTATION_CONTEXT() REPRESENTATION_CONTEXT('2D SPACE',''
  ) );
#7484 = PCURVE('',#7048,#7485);
#7485 = DEFINITIONAL_REPRESENTATION('',(#7486),#7490);
#7486 = LINE('',#7487,#7488);
#7487 = CARTESIAN_POINT('',(2.,-25.));
#7488 = VECTOR('',#7489,1.);
#7489 = DIRECTION('',(0.,1.));
#7490 = ( GEOMETRIC_REPRESENTATION_CONTEXT(2) 
PARAMETRIC_REPRESENTATION_CONTEXT() REPRESENTATION_CONTEXT('2D SPACE',''
  ) );
#7491 = ORIENTED_EDGE('',*,*,#7492,.F.);
#7492 = EDGE_CURVE('',#7493,#7470,#7495,.T.);
#7493 = VERTEX_POINT('',#7494);
#7494 = CARTESIAN_POINT('',(-17.,11.964101615138,1.51));
#7495 = SURFACE_CURVE('',#7496,(#7501,#7508),.PCURVE_S1.);
#7496 = HYPERBOLA('',#7497,2.,2.);
#7497 = AXIS2_PLACEMENT_3D('',#7498,#7499,#7500);
#7498 = CARTESIAN_POINT('',(-17.,8.5,5.51));
#7499 = DIRECTION('',(-1.,0.,0.));
#7500 = DIRECTION('',(0.,0.,-1.));
#7501 = PCURVE('',#5565,#7502);
#7502 = DEFINITIONAL_REPRESENTATION('',(#7503),#7507);
#7503 = HYPERBOLA('',#7504,2.,2.);
#7504 = AXIS2_PLACEMENT_2D('',#7505,#7506);
#7505 = CARTESIAN_POINT('',(50.,-5.51));
#7506 = DIRECTION('',(0.,1.));
#7507 = ( GEOMETRIC_REPRESENTATION_CONTEXT(2) 
PARAMETRIC_REPRESENTATION_CONTEXT() REPRESENTATION_CONTEXT('2D SPACE',''
  ) );
#7508 = PCURVE('',#7509,#7514);
#7509 = CONICAL_SURFACE('',#7510,4.,0.785398163397);
#7510 = AXIS2_PLACEMENT_3D('',#7511,#7512,#7513);
#7511 = CARTESIAN_POINT('',(-15.,8.5,1.51));
#7512 = DIRECTION('',(-0.,0.,-1.));
#7513 = DIRECTION('',(1.,0.,0.));
#7514 = DEFINITIONAL_REPRESENTATION('',(#7515),#7522);
#7515 = B_SPLINE_CURVE_WITH_KNOTS('',5,(#7516,#7517,#7518,#7519,#7520,
    #7521),.UNSPECIFIED.,.F.,.F.,(6,6),(-1.316957896925,-1.162284552635)
  ,.PIECEWISE_BEZIER_KNOTS.);
#7516 = CARTESIAN_POINT('',(4.188790204786,1.110223024625E-16));
#7517 = CARTESIAN_POINT('',(4.173322870357,-0.107160836355));
#7518 = CARTESIAN_POINT('',(4.157337568333,-0.209536905593));
#7519 = CARTESIAN_POINT('',(4.140818888282,-0.307341838951));
#7520 = CARTESIAN_POINT('',(4.123752417414,-0.400770235963));
#7521 = CARTESIAN_POINT('',(4.106125825472,-0.49));
#7522 = ( GEOMETRIC_REPRESENTATION_CONTEXT(2) 
PARAMETRIC_REPRESENTATION_CONTEXT() REPRESENTATION_CONTEXT('2D SPACE',''
  ) );
#7523 = ORIENTED_EDGE('',*,*,#7524,.T.);
#7524 = EDGE_CURVE('',#7493,#7525,#7527,.T.);
#7525 = VERTEX_POINT('',#7526);
#7526 = CARTESIAN_POINT('',(-17.,11.964101615138,0.49));
#7527 = SURFACE_CURVE('',#7528,(#7532,#7539),.PCURVE_S1.);
#7528 = LINE('',#7529,#7530);
#7529 = CARTESIAN_POINT('',(-17.,11.964101615138,0.));
#7530 = VECTOR('',#7531,1.);
#7531 = DIRECTION('',(0.,0.,-1.));
#7532 = PCURVE('',#5565,#7533);
#7533 = DEFINITIONAL_REPRESENTATION('',(#7534),#7538);
#7534 = LINE('',#7535,#7536);
#7535 = CARTESIAN_POINT('',(53.464101615138,0.));
#7536 = VECTOR('',#7537,1.);
#7537 = DIRECTION('',(0.,1.));
#7538 = ( GEOMETRIC_REPRESENTATION_CONTEXT(2) 
PARAMETRIC_REPRESENTATION_CONTEXT() REPRESENTATION_CONTEXT('2D SPACE',''
  ) );
#7539 = PCURVE('',#7540,#7545);
#7540 = CYLINDRICAL_SURFACE('',#7541,4.);
#7541 = AXIS2_PLACEMENT_3D('',#7542,#7543,#7544);
#7542 = CARTESIAN_POINT('',(-15.,8.5,0.));
#7543 = DIRECTION('',(0.,0.,-1.));
#7544 = DIRECTION('',(1.,0.,0.));
#7545 = DEFINITIONAL_REPRESENTATION('',(#7546),#7550);
#7546 = LINE('',#7547,#7548);
#7547 = CARTESIAN_POINT('',(4.188790204786,0.));
#7548 = VECTOR('',#7549,1.);
#7549 = DIRECTION('',(0.,1.));
#7550 = ( GEOMETRIC_REPRESENTATION_CONTEXT(2) 
PARAMETRIC_REPRESENTATION_CONTEXT() REPRESENTATION_CONTEXT('2D SPACE',''
  ) );
#7551 = ORIENTED_EDGE('',*,*,#7552,.F.);
#7552 = EDGE_CURVE('',#7553,#7525,#7555,.T.);
#7553 = VERTEX_POINT('',#7554);
#7554 = CARTESIAN_POINT('',(-17.,11.3844583547,0.));
#7555 = SURFACE_CURVE('',#7556,(#7561,#7568),.PCURVE_S1.);
#7556 = HYPERBOLA('',#7557,2.,2.);
#7557 = AXIS2_PLACEMENT_3D('',#7558,#7559,#7560);
#7558 = CARTESIAN_POINT('',(-17.,8.5,-3.51));
#7559 = DIRECTION('',(-1.,0.,0.));
#7560 = DIRECTION('',(0.,0.,1.));
#7561 = PCURVE('',#5565,#7562);
#7562 = DEFINITIONAL_REPRESENTATION('',(#7563),#7567);
#7563 = HYPERBOLA('',#7564,2.,2.);
#7564 = AXIS2_PLACEMENT_2D('',#7565,#7566);
#7565 = CARTESIAN_POINT('',(50.,3.51));
#7566 = DIRECTION('',(0.,-1.));
#7567 = ( GEOMETRIC_REPRESENTATION_CONTEXT(2) 
PARAMETRIC_REPRESENTATION_CONTEXT() REPRESENTATION_CONTEXT('2D SPACE',''
  ) );
#7568 = PCURVE('',#7569,#7574);
#7569 = CONICAL_SURFACE('',#7570,4.,0.785398163397);
#7570 = AXIS2_PLACEMENT_3D('',#7571,#7572,#7573);
#7571 = CARTESIAN_POINT('',(-15.,8.5,0.49));
#7572 = DIRECTION('',(0.,0.,1.));
#7573 = DIRECTION('',(1.,-6.162975822039E-33,0.));
#7574 = DEFINITIONAL_REPRESENTATION('',(#7575),#7582);
#7575 = B_SPLINE_CURVE_WITH_KNOTS('',5,(#7576,#7577,#7578,#7579,#7580,
    #7581),.UNSPECIFIED.,.F.,.F.,(6,6),(1.162284552635,1.316957896925),
  .PIECEWISE_BEZIER_KNOTS.);
#7576 = CARTESIAN_POINT('',(-4.106125825472,-0.49));
#7577 = CARTESIAN_POINT('',(-4.123752417414,-0.400770235963));
#7578 = CARTESIAN_POINT('',(-4.140818888282,-0.307341838951));
#7579 = CARTESIAN_POINT('',(-4.157337568333,-0.209536905593));
#7580 = CARTESIAN_POINT('',(-4.173322870357,-0.107160836355));
#7581 = CARTESIAN_POINT('',(-4.188790204786,1.110223024625E-16));
#7582 = ( GEOMETRIC_REPRESENTATION_CONTEXT(2) 
PARAMETRIC_REPRESENTATION_CONTEXT() REPRESENTATION_CONTEXT('2D SPACE',''
  ) );
#7583 = ORIENTED_EDGE('',*,*,#7584,.F.);
#7584 = EDGE_CURVE('',#5521,#7553,#7585,.T.);
#7585 = SURFACE_CURVE('',#7586,(#7590,#7597),.PCURVE_S1.);
#7586 = LINE('',#7587,#7588);
#7587 = CARTESIAN_POINT('',(-17.,-41.5,0.));
#7588 = VECTOR('',#7589,1.);
#7589 = DIRECTION('',(0.,1.,0.));
#7590 = PCURVE('',#5565,#7591);
#7591 = DEFINITIONAL_REPRESENTATION('',(#7592),#7596);
#7592 = LINE('',#7593,#7594);
#7593 = CARTESIAN_POINT('',(0.,0.));
#7594 = VECTOR('',#7595,1.);
#7595 = DIRECTION('',(1.,0.));
#7596 = ( GEOMETRIC_REPRESENTATION_CONTEXT(2) 
PARAMETRIC_REPRESENTATION_CONTEXT() REPRESENTATION_CONTEXT('2D SPACE',''
  ) );
#7597 = PCURVE('',#5537,#7598);
#7598 = DEFINITIONAL_REPRESENTATION('',(#7599),#7603);
#7599 = LINE('',#7600,#7601);
#7600 = CARTESIAN_POINT('',(-2.,-50.));
#7601 = VECTOR('',#7602,1.);
#7602 = DIRECTION('',(0.,1.));
#7603 = ( GEOMETRIC_REPRESENTATION_CONTEXT(2) 
PARAMETRIC_REPRESENTATION_CONTEXT() REPRESENTATION_CONTEXT('2D SPACE',''
  ) );
#7604 = ORIENTED_EDGE('',*,*,#5549,.F.);
#7605 = ORIENTED_EDGE('',*,*,#7442,.T.);
#7606 = ADVANCED_FACE('',(#7607),#5537,.F.);
#7607 = FACE_BOUND('',#7608,.F.);
#7608 = EDGE_LOOP('',(#7609,#7637,#7658,#7659));
#7609 = ORIENTED_EDGE('',*,*,#7610,.F.);
#7610 = EDGE_CURVE('',#7611,#7553,#7613,.T.);
#7611 = VERTEX_POINT('',#7612);
#7612 = CARTESIAN_POINT('',(-17.,5.6155416453,0.));
#7613 = SURFACE_CURVE('',#7614,(#7619,#7630),.PCURVE_S1.);
#7614 = CIRCLE('',#7615,3.51);
#7615 = AXIS2_PLACEMENT_3D('',#7616,#7617,#7618);
#7616 = CARTESIAN_POINT('',(-15.,8.5,0.));
#7617 = DIRECTION('',(0.,-0.,-1.));
#7618 = DIRECTION('',(1.,-6.162975822039E-33,0.));
#7619 = PCURVE('',#5537,#7620);
#7620 = DEFINITIONAL_REPRESENTATION('',(#7621),#7629);
#7621 = ( BOUNDED_CURVE() B_SPLINE_CURVE(2,(#7622,#7623,#7624,#7625,
#7626,#7627,#7628),.UNSPECIFIED.,.T.,.F.) B_SPLINE_CURVE_WITH_KNOTS((1,2
    ,2,2,2,1),(-2.094395102393,0.,2.094395102393,4.188790204786,
6.28318530718,8.377580409573),.UNSPECIFIED.) CURVE() 
GEOMETRIC_REPRESENTATION_ITEM() RATIONAL_B_SPLINE_CURVE((1.,0.5,1.,0.5,
1.,0.5,1.)) REPRESENTATION_ITEM('') );
#7622 = CARTESIAN_POINT('',(3.51,-2.163204513536E-32));
#7623 = CARTESIAN_POINT('',(3.51,-6.079498334567));
#7624 = CARTESIAN_POINT('',(-1.755,-3.039749167283));
#7625 = CARTESIAN_POINT('',(-7.02,-8.597020530014E-16));
#7626 = CARTESIAN_POINT('',(-1.755,3.039749167283));
#7627 = CARTESIAN_POINT('',(3.51,6.079498334567));
#7628 = CARTESIAN_POINT('',(3.51,-2.163204513536E-32));
#7629 = ( GEOMETRIC_REPRESENTATION_CONTEXT(2) 
PARAMETRIC_REPRESENTATION_CONTEXT() REPRESENTATION_CONTEXT('2D SPACE',''
  ) );
#7630 = PCURVE('',#7569,#7631);
#7631 = DEFINITIONAL_REPRESENTATION('',(#7632),#7636);
#7632 = LINE('',#7633,#7634);
#7633 = CARTESIAN_POINT('',(-0.,-0.49));
#7634 = VECTOR('',#7635,1.);
#7635 = DIRECTION('',(-1.,0.));
#7636 = ( GEOMETRIC_REPRESENTATION_CONTEXT(2) 
PARAMETRIC_REPRESENTATION_CONTEXT() REPRESENTATION_CONTEXT('2D SPACE',''
  ) );
#7637 = ORIENTED_EDGE('',*,*,#7638,.T.);
#7638 = EDGE_CURVE('',#7611,#5493,#7639,.T.);
#7639 = SURFACE_CURVE('',#7640,(#7644,#7651),.PCURVE_S1.);
#7640 = LINE('',#7641,#7642);
#7641 = CARTESIAN_POINT('',(-17.,-41.5,0.));
#7642 = VECTOR('',#7643,1.);
#7643 = DIRECTION('',(0.,1.,0.));
#7644 = PCURVE('',#5537,#7645);
#7645 = DEFINITIONAL_REPRESENTATION('',(#7646),#7650);
#7646 = LINE('',#7647,#7648);
#7647 = CARTESIAN_POINT('',(-2.,-50.));
#7648 = VECTOR('',#7649,1.);
#7649 = DIRECTION('',(0.,1.));
#7650 = ( GEOMETRIC_REPRESENTATION_CONTEXT(2) 
PARAMETRIC_REPRESENTATION_CONTEXT() REPRESENTATION_CONTEXT('2D SPACE',''
  ) );
#7651 = PCURVE('',#5508,#7652);
#7652 = DEFINITIONAL_REPRESENTATION('',(#7653),#7657);
#7653 = LINE('',#7654,#7655);
#7654 = CARTESIAN_POINT('',(0.,0.));
#7655 = VECTOR('',#7656,1.);
#7656 = DIRECTION('',(1.,0.));
#7657 = ( GEOMETRIC_REPRESENTATION_CONTEXT(2) 
PARAMETRIC_REPRESENTATION_CONTEXT() REPRESENTATION_CONTEXT('2D SPACE',''
  ) );
#7658 = ORIENTED_EDGE('',*,*,#5520,.F.);
#7659 = ORIENTED_EDGE('',*,*,#7584,.T.);
#7660 = ADVANCED_FACE('',(#7661),#5508,.F.);
#7661 = FACE_BOUND('',#7662,.F.);
#7662 = EDGE_LOOP('',(#7663,#7664,#7665,#7692,#7715,#7742,#7763,#7764));
#7663 = ORIENTED_EDGE('',*,*,#5492,.T.);
#7664 = ORIENTED_EDGE('',*,*,#7638,.F.);
#7665 = ORIENTED_EDGE('',*,*,#7666,.F.);
#7666 = EDGE_CURVE('',#7667,#7611,#7669,.T.);
#7667 = VERTEX_POINT('',#7668);
#7668 = CARTESIAN_POINT('',(-17.,5.035898384862,0.49));
#7669 = SURFACE_CURVE('',#7670,(#7675,#7682),.PCURVE_S1.);
#7670 = HYPERBOLA('',#7671,2.,2.);
#7671 = AXIS2_PLACEMENT_3D('',#7672,#7673,#7674);
#7672 = CARTESIAN_POINT('',(-17.,8.5,-3.51));
#7673 = DIRECTION('',(-1.,0.,0.));
#7674 = DIRECTION('',(0.,0.,1.));
#7675 = PCURVE('',#5508,#7676);
#7676 = DEFINITIONAL_REPRESENTATION('',(#7677),#7681);
#7677 = HYPERBOLA('',#7678,2.,2.);
#7678 = AXIS2_PLACEMENT_2D('',#7679,#7680);
#7679 = CARTESIAN_POINT('',(50.,3.51));
#7680 = DIRECTION('',(0.,-1.));
#7681 = ( GEOMETRIC_REPRESENTATION_CONTEXT(2) 
PARAMETRIC_REPRESENTATION_CONTEXT() REPRESENTATION_CONTEXT('2D SPACE',''
  ) );
#7682 = PCURVE('',#7569,#7683);
#7683 = DEFINITIONAL_REPRESENTATION('',(#7684),#7691);
#7684 = B_SPLINE_CURVE_WITH_KNOTS('',5,(#7685,#7686,#7687,#7688,#7689,
    #7690),.UNSPECIFIED.,.F.,.F.,(6,6),(-1.316957896925,-1.162284552635)
  ,.PIECEWISE_BEZIER_KNOTS.);
#7685 = CARTESIAN_POINT('',(-2.094395102393,1.110223024625E-16));
#7686 = CARTESIAN_POINT('',(-2.109862436822,-0.107160836355));
#7687 = CARTESIAN_POINT('',(-2.125847738846,-0.209536905593));
#7688 = CARTESIAN_POINT('',(-2.142366418897,-0.307341838951));
#7689 = CARTESIAN_POINT('',(-2.159432889765,-0.400770235963));
#7690 = CARTESIAN_POINT('',(-2.177059481707,-0.49));
#7691 = ( GEOMETRIC_REPRESENTATION_CONTEXT(2) 
PARAMETRIC_REPRESENTATION_CONTEXT() REPRESENTATION_CONTEXT('2D SPACE',''
  ) );
#7692 = ORIENTED_EDGE('',*,*,#7693,.F.);
#7693 = EDGE_CURVE('',#7694,#7667,#7696,.T.);
#7694 = VERTEX_POINT('',#7695);
#7695 = CARTESIAN_POINT('',(-17.,5.035898384862,1.51));
#7696 = SURFACE_CURVE('',#7697,(#7701,#7708),.PCURVE_S1.);
#7697 = LINE('',#7698,#7699);
#7698 = CARTESIAN_POINT('',(-17.,5.035898384862,0.));
#7699 = VECTOR('',#7700,1.);
#7700 = DIRECTION('',(0.,0.,-1.));
#7701 = PCURVE('',#5508,#7702);
#7702 = DEFINITIONAL_REPRESENTATION('',(#7703),#7707);
#7703 = LINE('',#7704,#7705);
#7704 = CARTESIAN_POINT('',(46.535898384862,0.));
#7705 = VECTOR('',#7706,1.);
#7706 = DIRECTION('',(0.,1.));
#7707 = ( GEOMETRIC_REPRESENTATION_CONTEXT(2) 
PARAMETRIC_REPRESENTATION_CONTEXT() REPRESENTATION_CONTEXT('2D SPACE',''
  ) );
#7708 = PCURVE('',#7540,#7709);
#7709 = DEFINITIONAL_REPRESENTATION('',(#7710),#7714);
#7710 = LINE('',#7711,#7712);
#7711 = CARTESIAN_POINT('',(2.094395102393,0.));
#7712 = VECTOR('',#7713,1.);
#7713 = DIRECTION('',(0.,1.));
#7714 = ( GEOMETRIC_REPRESENTATION_CONTEXT(2) 
PARAMETRIC_REPRESENTATION_CONTEXT() REPRESENTATION_CONTEXT('2D SPACE',''
  ) );
#7715 = ORIENTED_EDGE('',*,*,#7716,.F.);
#7716 = EDGE_CURVE('',#7717,#7694,#7719,.T.);
#7717 = VERTEX_POINT('',#7718);
#7718 = CARTESIAN_POINT('',(-17.,5.6155416453,2.));
#7719 = SURFACE_CURVE('',#7720,(#7725,#7732),.PCURVE_S1.);
#7720 = HYPERBOLA('',#7721,2.,2.);
#7721 = AXIS2_PLACEMENT_3D('',#7722,#7723,#7724);
#7722 = CARTESIAN_POINT('',(-17.,8.5,5.51));
#7723 = DIRECTION('',(-1.,0.,0.));
#7724 = DIRECTION('',(0.,0.,-1.));
#7725 = PCURVE('',#5508,#7726);
#7726 = DEFINITIONAL_REPRESENTATION('',(#7727),#7731);
#7727 = HYPERBOLA('',#7728,2.,2.);
#7728 = AXIS2_PLACEMENT_2D('',#7729,#7730);
#7729 = CARTESIAN_POINT('',(50.,-5.51));
#7730 = DIRECTION('',(0.,1.));
#7731 = ( GEOMETRIC_REPRESENTATION_CONTEXT(2) 
PARAMETRIC_REPRESENTATION_CONTEXT() REPRESENTATION_CONTEXT('2D SPACE',''
  ) );
#7732 = PCURVE('',#7509,#7733);
#7733 = DEFINITIONAL_REPRESENTATION('',(#7734),#7741);
#7734 = B_SPLINE_CURVE_WITH_KNOTS('',5,(#7735,#7736,#7737,#7738,#7739,
    #7740),.UNSPECIFIED.,.F.,.F.,(6,6),(1.162284552635,1.316957896925),
  .PIECEWISE_BEZIER_KNOTS.);
#7735 = CARTESIAN_POINT('',(2.177059481707,-0.49));
#7736 = CARTESIAN_POINT('',(2.159432889765,-0.400770235963));
#7737 = CARTESIAN_POINT('',(2.142366418897,-0.307341838951));
#7738 = CARTESIAN_POINT('',(2.125847738846,-0.209536905593));
#7739 = CARTESIAN_POINT('',(2.109862436822,-0.107160836355));
#7740 = CARTESIAN_POINT('',(2.094395102393,1.110223024625E-16));
#7741 = ( GEOMETRIC_REPRESENTATION_CONTEXT(2) 
PARAMETRIC_REPRESENTATION_CONTEXT() REPRESENTATION_CONTEXT('2D SPACE',''
  ) );
#7742 = ORIENTED_EDGE('',*,*,#7743,.T.);
#7743 = EDGE_CURVE('',#7717,#7009,#7744,.T.);
#7744 = SURFACE_CURVE('',#7745,(#7749,#7756),.PCURVE_S1.);
#7745 = LINE('',#7746,#7747);
#7746 = CARTESIAN_POINT('',(-17.,-16.5,2.));
#7747 = VECTOR('',#7748,1.);
#7748 = DIRECTION('',(0.,1.,-0.));
#7749 = PCURVE('',#5508,#7750);
#7750 = DEFINITIONAL_REPRESENTATION('',(#7751),#7755);
#7751 = LINE('',#7752,#7753);
#7752 = CARTESIAN_POINT('',(25.,-2.));
#7753 = VECTOR('',#7754,1.);
#7754 = DIRECTION('',(1.,0.));
#7755 = ( GEOMETRIC_REPRESENTATION_CONTEXT(2) 
PARAMETRIC_REPRESENTATION_CONTEXT() REPRESENTATION_CONTEXT('2D SPACE',''
  ) );
#7756 = PCURVE('',#7048,#7757);
#7757 = DEFINITIONAL_REPRESENTATION('',(#7758),#7762);
#7758 = LINE('',#7759,#7760);
#7759 = CARTESIAN_POINT('',(2.,-25.));
#7760 = VECTOR('',#7761,1.);
#7761 = DIRECTION('',(0.,1.));
#7762 = ( GEOMETRIC_REPRESENTATION_CONTEXT(2) 
PARAMETRIC_REPRESENTATION_CONTEXT() REPRESENTATION_CONTEXT('2D SPACE',''
  ) );
#7763 = ORIENTED_EDGE('',*,*,#7008,.F.);
#7764 = ORIENTED_EDGE('',*,*,#7765,.T.);
#7765 = EDGE_CURVE('',#6947,#5393,#7766,.T.);
#7766 = SURFACE_CURVE('',#7767,(#7771,#7778),.PCURVE_S1.);
#7767 = LINE('',#7768,#7769);
#7768 = CARTESIAN_POINT('',(-17.,5.627718676731,6.9));
#7769 = VECTOR('',#7770,1.);
#7770 = DIRECTION('',(0.,1.,0.));
#7771 = PCURVE('',#5508,#7772);
#7772 = DEFINITIONAL_REPRESENTATION('',(#7773),#7777);
#7773 = LINE('',#7774,#7775);
#7774 = CARTESIAN_POINT('',(47.127718676731,-6.9));
#7775 = VECTOR('',#7776,1.);
#7776 = DIRECTION('',(1.,0.));
#7777 = ( GEOMETRIC_REPRESENTATION_CONTEXT(2) 
PARAMETRIC_REPRESENTATION_CONTEXT() REPRESENTATION_CONTEXT('2D SPACE',''
  ) );
#7778 = PCURVE('',#5456,#7779);
#7779 = DEFINITIONAL_REPRESENTATION('',(#7780),#7784);
#7780 = LINE('',#7781,#7782);
#7781 = CARTESIAN_POINT('',(-1.570796326795,0.));
#7782 = VECTOR('',#7783,1.);
#7783 = DIRECTION('',(-0.,1.));
#7784 = ( GEOMETRIC_REPRESENTATION_CONTEXT(2) 
PARAMETRIC_REPRESENTATION_CONTEXT() REPRESENTATION_CONTEXT('2D SPACE',''
  ) );
#7785 = ADVANCED_FACE('',(#7786),#5251,.F.);
#7786 = FACE_BOUND('',#7787,.F.);
#7787 = EDGE_LOOP('',(#7788,#7789,#7812,#7839,#7862,#7887,#7888,#7889));
#7788 = ORIENTED_EDGE('',*,*,#6837,.T.);
#7789 = ORIENTED_EDGE('',*,*,#7790,.T.);
#7790 = EDGE_CURVE('',#6814,#7791,#7793,.T.);
#7791 = VERTEX_POINT('',#7792);
#7792 = CARTESIAN_POINT('',(-13.,5.6155416453,2.));
#7793 = SURFACE_CURVE('',#7794,(#7798,#7805),.PCURVE_S1.);
#7794 = LINE('',#7795,#7796);
#7795 = CARTESIAN_POINT('',(-13.,33.5,2.));
#7796 = VECTOR('',#7797,1.);
#7797 = DIRECTION('',(0.,-1.,0.));
#7798 = PCURVE('',#5251,#7799);
#7799 = DEFINITIONAL_REPRESENTATION('',(#7800),#7804);
#7800 = LINE('',#7801,#7802);
#7801 = CARTESIAN_POINT('',(25.,-2.));
#7802 = VECTOR('',#7803,1.);
#7803 = DIRECTION('',(1.,0.));
#7804 = ( GEOMETRIC_REPRESENTATION_CONTEXT(2) 
PARAMETRIC_REPRESENTATION_CONTEXT() REPRESENTATION_CONTEXT('2D SPACE',''
  ) );
#7805 = PCURVE('',#6778,#7806);
#7806 = DEFINITIONAL_REPRESENTATION('',(#7807),#7811);
#7807 = LINE('',#7808,#7809);
#7808 = CARTESIAN_POINT('',(-2.,25.));
#7809 = VECTOR('',#7810,1.);
#7810 = DIRECTION('',(0.,-1.));
#7811 = ( GEOMETRIC_REPRESENTATION_CONTEXT(2) 
PARAMETRIC_REPRESENTATION_CONTEXT() REPRESENTATION_CONTEXT('2D SPACE',''
  ) );
#7812 = ORIENTED_EDGE('',*,*,#7813,.F.);
#7813 = EDGE_CURVE('',#7814,#7791,#7816,.T.);
#7814 = VERTEX_POINT('',#7815);
#7815 = CARTESIAN_POINT('',(-13.,5.035898384862,1.51));
#7816 = SURFACE_CURVE('',#7817,(#7822,#7829),.PCURVE_S1.);
#7817 = HYPERBOLA('',#7818,2.,2.);
#7818 = AXIS2_PLACEMENT_3D('',#7819,#7820,#7821);
#7819 = CARTESIAN_POINT('',(-13.,8.5,5.51));
#7820 = DIRECTION('',(1.,0.,0.));
#7821 = DIRECTION('',(0.,-0.,-1.));
#7822 = PCURVE('',#5251,#7823);
#7823 = DEFINITIONAL_REPRESENTATION('',(#7824),#7828);
#7824 = HYPERBOLA('',#7825,2.,2.);
#7825 = AXIS2_PLACEMENT_2D('',#7826,#7827);
#7826 = CARTESIAN_POINT('',(50.,-5.51));
#7827 = DIRECTION('',(0.,1.));
#7828 = ( GEOMETRIC_REPRESENTATION_CONTEXT(2) 
PARAMETRIC_REPRESENTATION_CONTEXT() REPRESENTATION_CONTEXT('2D SPACE',''
  ) );
#7829 = PCURVE('',#7271,#7830);
#7830 = DEFINITIONAL_REPRESENTATION('',(#7831),#7838);
#7831 = B_SPLINE_CURVE_WITH_KNOTS('',5,(#7832,#7833,#7834,#7835,#7836,
    #7837),.UNSPECIFIED.,.F.,.F.,(6,6),(-1.316957896925,-1.162284552635)
  ,.PIECEWISE_BEZIER_KNOTS.);
#7832 = CARTESIAN_POINT('',(7.330382858376,-5.551115123126E-16));
#7833 = CARTESIAN_POINT('',(7.314915523947,-0.107160836355));
#7834 = CARTESIAN_POINT('',(7.298930221923,-0.209536905593));
#7835 = CARTESIAN_POINT('',(7.282411541872,-0.307341838951));
#7836 = CARTESIAN_POINT('',(7.265345071004,-0.400770235963));
#7837 = CARTESIAN_POINT('',(7.247718479062,-0.49));
#7838 = ( GEOMETRIC_REPRESENTATION_CONTEXT(2) 
PARAMETRIC_REPRESENTATION_CONTEXT() REPRESENTATION_CONTEXT('2D SPACE',''
  ) );
#7839 = ORIENTED_EDGE('',*,*,#7840,.T.);
#7840 = EDGE_CURVE('',#7814,#7841,#7843,.T.);
#7841 = VERTEX_POINT('',#7842);
#7842 = CARTESIAN_POINT('',(-13.,5.035898384862,0.49));
#7843 = SURFACE_CURVE('',#7844,(#7848,#7855),.PCURVE_S1.);
#7844 = LINE('',#7845,#7846);
#7845 = CARTESIAN_POINT('',(-13.,5.035898384862,0.));
#7846 = VECTOR('',#7847,1.);
#7847 = DIRECTION('',(0.,0.,-1.));
#7848 = PCURVE('',#5251,#7849);
#7849 = DEFINITIONAL_REPRESENTATION('',(#7850),#7854);
#7850 = LINE('',#7851,#7852);
#7851 = CARTESIAN_POINT('',(53.464101615138,0.));
#7852 = VECTOR('',#7853,1.);
#7853 = DIRECTION('',(0.,1.));
#7854 = ( GEOMETRIC_REPRESENTATION_CONTEXT(2) 
PARAMETRIC_REPRESENTATION_CONTEXT() REPRESENTATION_CONTEXT('2D SPACE',''
  ) );
#7855 = PCURVE('',#7242,#7856);
#7856 = DEFINITIONAL_REPRESENTATION('',(#7857),#7861);
#7857 = LINE('',#7858,#7859);
#7858 = CARTESIAN_POINT('',(7.330382858376,0.));
#7859 = VECTOR('',#7860,1.);
#7860 = DIRECTION('',(0.,1.));
#7861 = ( GEOMETRIC_REPRESENTATION_CONTEXT(2) 
PARAMETRIC_REPRESENTATION_CONTEXT() REPRESENTATION_CONTEXT('2D SPACE',''
  ) );
#7862 = ORIENTED_EDGE('',*,*,#7863,.F.);
#7863 = EDGE_CURVE('',#7360,#7841,#7864,.T.);
#7864 = SURFACE_CURVE('',#7865,(#7870,#7877),.PCURVE_S1.);
#7865 = HYPERBOLA('',#7866,2.,2.);
#7866 = AXIS2_PLACEMENT_3D('',#7867,#7868,#7869);
#7867 = CARTESIAN_POINT('',(-13.,8.5,-3.51));
#7868 = DIRECTION('',(1.,0.,-0.));
#7869 = DIRECTION('',(0.,0.,1.));
#7870 = PCURVE('',#5251,#7871);
#7871 = DEFINITIONAL_REPRESENTATION('',(#7872),#7876);
#7872 = HYPERBOLA('',#7873,2.,2.);
#7873 = AXIS2_PLACEMENT_2D('',#7874,#7875);
#7874 = CARTESIAN_POINT('',(50.,3.51));
#7875 = DIRECTION('',(0.,-1.));
#7876 = ( GEOMETRIC_REPRESENTATION_CONTEXT(2) 
PARAMETRIC_REPRESENTATION_CONTEXT() REPRESENTATION_CONTEXT('2D SPACE',''
  ) );
#7877 = PCURVE('',#7211,#7878);
#7878 = DEFINITIONAL_REPRESENTATION('',(#7879),#7886);
#7879 = B_SPLINE_CURVE_WITH_KNOTS('',5,(#7880,#7881,#7882,#7883,#7884,
    #7885),.UNSPECIFIED.,.F.,.F.,(6,6),(1.162284552635,1.316957896925),
  .PIECEWISE_BEZIER_KNOTS.);
#7880 = CARTESIAN_POINT('',(-7.247718479062,-0.49));
#7881 = CARTESIAN_POINT('',(-7.265345071004,-0.400770235963));
#7882 = CARTESIAN_POINT('',(-7.282411541872,-0.307341838951));
#7883 = CARTESIAN_POINT('',(-7.298930221923,-0.209536905593));
#7884 = CARTESIAN_POINT('',(-7.314915523947,-0.107160836355));
#7885 = CARTESIAN_POINT('',(-7.330382858376,1.110223024625E-16));
#7886 = ( GEOMETRIC_REPRESENTATION_CONTEXT(2) 
PARAMETRIC_REPRESENTATION_CONTEXT() REPRESENTATION_CONTEXT('2D SPACE',''
  ) );
#7887 = ORIENTED_EDGE('',*,*,#7359,.F.);
#7888 = ORIENTED_EDGE('',*,*,#5235,.F.);
#7889 = ORIENTED_EDGE('',*,*,#7890,.T.);
#7890 = EDGE_CURVE('',#5236,#6838,#7891,.T.);
#7891 = SURFACE_CURVE('',#7892,(#7896,#7903),.PCURVE_S1.);
#7892 = LINE('',#7893,#7894);
#7893 = CARTESIAN_POINT('',(-13.,6.2639320225,6.9));
#7894 = VECTOR('',#7895,1.);
#7895 = DIRECTION('',(0.,-1.,0.));
#7896 = PCURVE('',#5251,#7897);
#7897 = DEFINITIONAL_REPRESENTATION('',(#7898),#7902);
#7898 = LINE('',#7899,#7900);
#7899 = CARTESIAN_POINT('',(52.2360679775,-6.9));
#7900 = VECTOR('',#7901,1.);
#7901 = DIRECTION('',(1.,0.));
#7902 = ( GEOMETRIC_REPRESENTATION_CONTEXT(2) 
PARAMETRIC_REPRESENTATION_CONTEXT() REPRESENTATION_CONTEXT('2D SPACE',''
  ) );
#7903 = PCURVE('',#5327,#7904);
#7904 = DEFINITIONAL_REPRESENTATION('',(#7905),#7909);
#7905 = LINE('',#7906,#7907);
#7906 = CARTESIAN_POINT('',(0.,0.));
#7907 = VECTOR('',#7908,1.);
#7908 = DIRECTION('',(0.,1.));
#7909 = ( GEOMETRIC_REPRESENTATION_CONTEXT(2) 
PARAMETRIC_REPRESENTATION_CONTEXT() REPRESENTATION_CONTEXT('2D SPACE',''
  ) );
#7910 = ADVANCED_FACE('',(#7911),#5456,.F.);
#7911 = FACE_BOUND('',#7912,.T.);
#7912 = EDGE_LOOP('',(#7913,#7914,#7915,#7916));
#7913 = ORIENTED_EDGE('',*,*,#6946,.T.);
#7914 = ORIENTED_EDGE('',*,*,#7765,.T.);
#7915 = ORIENTED_EDGE('',*,*,#5392,.F.);
#7916 = ORIENTED_EDGE('',*,*,#7917,.F.);
#7917 = EDGE_CURVE('',#6923,#5364,#7918,.T.);
#7918 = SURFACE_CURVE('',#7919,(#7923,#7930),.PCURVE_S1.);
#7919 = LINE('',#7920,#7921);
#7920 = CARTESIAN_POINT('',(-15.9,5.627718676731,8.));
#7921 = VECTOR('',#7922,1.);
#7922 = DIRECTION('',(0.,1.,0.));
#7923 = PCURVE('',#5456,#7924);
#7924 = DEFINITIONAL_REPRESENTATION('',(#7925),#7929);
#7925 = LINE('',#7926,#7927);
#7926 = CARTESIAN_POINT('',(-0.,0.));
#7927 = VECTOR('',#7928,1.);
#7928 = DIRECTION('',(-0.,1.));
#7929 = ( GEOMETRIC_REPRESENTATION_CONTEXT(2) 
PARAMETRIC_REPRESENTATION_CONTEXT() REPRESENTATION_CONTEXT('2D SPACE',''
  ) );
#7930 = PCURVE('',#5380,#7931);
#7931 = DEFINITIONAL_REPRESENTATION('',(#7932),#7936);
#7932 = LINE('',#7933,#7934);
#7933 = CARTESIAN_POINT('',(0.9,-2.872281323269));
#7934 = VECTOR('',#7935,1.);
#7935 = DIRECTION('',(0.,1.));
#7936 = ( GEOMETRIC_REPRESENTATION_CONTEXT(2) 
PARAMETRIC_REPRESENTATION_CONTEXT() REPRESENTATION_CONTEXT('2D SPACE',''
  ) );
#7937 = ADVANCED_FACE('',(#7938),#5327,.F.);
#7938 = FACE_BOUND('',#7939,.F.);
#7939 = EDGE_LOOP('',(#7940,#7941,#7962,#7963));
#7940 = ORIENTED_EDGE('',*,*,#5263,.T.);
#7941 = ORIENTED_EDGE('',*,*,#7942,.T.);
#7942 = EDGE_CURVE('',#5264,#6861,#7943,.T.);
#7943 = SURFACE_CURVE('',#7944,(#7948,#7955),.PCURVE_S1.);
#7944 = LINE('',#7945,#7946);
#7945 = CARTESIAN_POINT('',(-14.1,6.2639320225,8.));
#7946 = VECTOR('',#7947,1.);
#7947 = DIRECTION('',(0.,-1.,0.));
#7948 = PCURVE('',#5327,#7949);
#7949 = DEFINITIONAL_REPRESENTATION('',(#7950),#7954);
#7950 = LINE('',#7951,#7952);
#7951 = CARTESIAN_POINT('',(1.570796326795,0.));
#7952 = VECTOR('',#7953,1.);
#7953 = DIRECTION('',(0.,1.));
#7954 = ( GEOMETRIC_REPRESENTATION_CONTEXT(2) 
PARAMETRIC_REPRESENTATION_CONTEXT() REPRESENTATION_CONTEXT('2D SPACE',''
  ) );
#7955 = PCURVE('',#5380,#7956);
#7956 = DEFINITIONAL_REPRESENTATION('',(#7957),#7961);
#7957 = LINE('',#7958,#7959);
#7958 = CARTESIAN_POINT('',(-0.9,-2.2360679775));
#7959 = VECTOR('',#7960,1.);
#7960 = DIRECTION('',(0.,-1.));
#7961 = ( GEOMETRIC_REPRESENTATION_CONTEXT(2) 
PARAMETRIC_REPRESENTATION_CONTEXT() REPRESENTATION_CONTEXT('2D SPACE',''
  ) );
#7962 = ORIENTED_EDGE('',*,*,#6860,.F.);
#7963 = ORIENTED_EDGE('',*,*,#7890,.F.);
#7964 = ADVANCED_FACE('',(#7965),#5380,.T.);
#7965 = FACE_BOUND('',#7966,.T.);
#7966 = EDGE_LOOP('',(#7967,#7968,#7969,#7970));
#7967 = ORIENTED_EDGE('',*,*,#6922,.T.);
#7968 = ORIENTED_EDGE('',*,*,#7917,.T.);
#7969 = ORIENTED_EDGE('',*,*,#5363,.F.);
#7970 = ORIENTED_EDGE('',*,*,#7942,.T.);
#7971 = ADVANCED_FACE('',(#7972),#7048,.F.);
#7972 = FACE_BOUND('',#7973,.F.);
#7973 = EDGE_LOOP('',(#7974,#7975,#7997,#7998));
#7974 = ORIENTED_EDGE('',*,*,#7743,.F.);
#7975 = ORIENTED_EDGE('',*,*,#7976,.T.);
#7976 = EDGE_CURVE('',#7717,#7470,#7977,.T.);
#7977 = SURFACE_CURVE('',#7978,(#7983,#7990),.PCURVE_S1.);
#7978 = CIRCLE('',#7979,3.51);
#7979 = AXIS2_PLACEMENT_3D('',#7980,#7981,#7982);
#7980 = CARTESIAN_POINT('',(-15.,8.5,2.));
#7981 = DIRECTION('',(0.,0.,-1.));
#7982 = DIRECTION('',(1.,0.,0.));
#7983 = PCURVE('',#7048,#7984);
#7984 = DEFINITIONAL_REPRESENTATION('',(#7985),#7989);
#7985 = CIRCLE('',#7986,3.51);
#7986 = AXIS2_PLACEMENT_2D('',#7987,#7988);
#7987 = CARTESIAN_POINT('',(-1.59872115546E-14,0.));
#7988 = DIRECTION('',(-1.,0.));
#7989 = ( GEOMETRIC_REPRESENTATION_CONTEXT(2) 
PARAMETRIC_REPRESENTATION_CONTEXT() REPRESENTATION_CONTEXT('2D SPACE',''
  ) );
#7990 = PCURVE('',#7509,#7991);
#7991 = DEFINITIONAL_REPRESENTATION('',(#7992),#7996);
#7992 = LINE('',#7993,#7994);
#7993 = CARTESIAN_POINT('',(0.,-0.49));
#7994 = VECTOR('',#7995,1.);
#7995 = DIRECTION('',(1.,-0.));
#7996 = ( GEOMETRIC_REPRESENTATION_CONTEXT(2) 
PARAMETRIC_REPRESENTATION_CONTEXT() REPRESENTATION_CONTEXT('2D SPACE',''
  ) );
#7997 = ORIENTED_EDGE('',*,*,#7469,.F.);
#7998 = ORIENTED_EDGE('',*,*,#7031,.F.);
#7999 = ADVANCED_FACE('',(#8000),#6778,.F.);
#8000 = FACE_BOUND('',#8001,.F.);
#8001 = EDGE_LOOP('',(#8002,#8024,#8025,#8026,#8027));
#8002 = ORIENTED_EDGE('',*,*,#8003,.T.);
#8003 = EDGE_CURVE('',#7255,#7791,#8004,.T.);
#8004 = SURFACE_CURVE('',#8005,(#8010,#8017),.PCURVE_S1.);
#8005 = CIRCLE('',#8006,3.51);
#8006 = AXIS2_PLACEMENT_3D('',#8007,#8008,#8009);
#8007 = CARTESIAN_POINT('',(-15.,8.5,2.));
#8008 = DIRECTION('',(0.,0.,-1.));
#8009 = DIRECTION('',(0.569800569801,0.821783007037,0.));
#8010 = PCURVE('',#6778,#8011);
#8011 = DEFINITIONAL_REPRESENTATION('',(#8012),#8016);
#8012 = CIRCLE('',#8013,3.51);
#8013 = AXIS2_PLACEMENT_2D('',#8014,#8015);
#8014 = CARTESIAN_POINT('',(-1.59872115546E-14,0.));
#8015 = DIRECTION('',(-0.569800569801,0.821783007037));
#8016 = ( GEOMETRIC_REPRESENTATION_CONTEXT(2) 
PARAMETRIC_REPRESENTATION_CONTEXT() REPRESENTATION_CONTEXT('2D SPACE',''
  ) );
#8017 = PCURVE('',#7271,#8018);
#8018 = DEFINITIONAL_REPRESENTATION('',(#8019),#8023);
#8019 = LINE('',#8020,#8021);
#8020 = CARTESIAN_POINT('',(5.318652135297,-0.49));
#8021 = VECTOR('',#8022,1.);
#8022 = DIRECTION('',(1.,-0.));
#8023 = ( GEOMETRIC_REPRESENTATION_CONTEXT(2) 
PARAMETRIC_REPRESENTATION_CONTEXT() REPRESENTATION_CONTEXT('2D SPACE',''
  ) );
#8024 = ORIENTED_EDGE('',*,*,#7790,.F.);
#8025 = ORIENTED_EDGE('',*,*,#6813,.F.);
#8026 = ORIENTED_EDGE('',*,*,#6761,.F.);
#8027 = ORIENTED_EDGE('',*,*,#7286,.F.);
#8028 = ADVANCED_FACE('',(#8029),#7211,.T.);
#8029 = FACE_BOUND('',#8030,.F.);
#8030 = EDGE_LOOP('',(#8031,#8053,#8054,#8055));
#8031 = ORIENTED_EDGE('',*,*,#8032,.F.);
#8032 = EDGE_CURVE('',#7195,#7841,#8033,.T.);
#8033 = SURFACE_CURVE('',#8034,(#8039,#8046),.PCURVE_S1.);
#8034 = CIRCLE('',#8035,4.);
#8035 = AXIS2_PLACEMENT_3D('',#8036,#8037,#8038);
#8036 = CARTESIAN_POINT('',(-15.,8.5,0.49));
#8037 = DIRECTION('',(0.,0.,-1.));
#8038 = DIRECTION('',(0.5,0.866025403784,0.));
#8039 = PCURVE('',#7211,#8040);
#8040 = DEFINITIONAL_REPRESENTATION('',(#8041),#8045);
#8041 = LINE('',#8042,#8043);
#8042 = CARTESIAN_POINT('',(-5.235987755983,0.));
#8043 = VECTOR('',#8044,1.);
#8044 = DIRECTION('',(-1.,0.));
#8045 = ( GEOMETRIC_REPRESENTATION_CONTEXT(2) 
PARAMETRIC_REPRESENTATION_CONTEXT() REPRESENTATION_CONTEXT('2D SPACE',''
  ) );
#8046 = PCURVE('',#7242,#8047);
#8047 = DEFINITIONAL_REPRESENTATION('',(#8048),#8052);
#8048 = LINE('',#8049,#8050);
#8049 = CARTESIAN_POINT('',(5.235987755983,-0.49));
#8050 = VECTOR('',#8051,1.);
#8051 = DIRECTION('',(1.,0.));
#8052 = ( GEOMETRIC_REPRESENTATION_CONTEXT(2) 
PARAMETRIC_REPRESENTATION_CONTEXT() REPRESENTATION_CONTEXT('2D SPACE',''
  ) );
#8053 = ORIENTED_EDGE('',*,*,#7194,.T.);
#8054 = ORIENTED_EDGE('',*,*,#7382,.T.);
#8055 = ORIENTED_EDGE('',*,*,#7863,.T.);
#8056 = ADVANCED_FACE('',(#8057),#7242,.T.);
#8057 = FACE_BOUND('',#8058,.T.);
#8058 = EDGE_LOOP('',(#8059,#8060,#8061,#8083));
#8059 = ORIENTED_EDGE('',*,*,#8032,.F.);
#8060 = ORIENTED_EDGE('',*,*,#7226,.F.);
#8061 = ORIENTED_EDGE('',*,*,#8062,.T.);
#8062 = EDGE_CURVE('',#7227,#7814,#8063,.T.);
#8063 = SURFACE_CURVE('',#8064,(#8069,#8076),.PCURVE_S1.);
#8064 = CIRCLE('',#8065,4.);
#8065 = AXIS2_PLACEMENT_3D('',#8066,#8067,#8068);
#8066 = CARTESIAN_POINT('',(-15.,8.5,1.51));
#8067 = DIRECTION('',(0.,0.,-1.));
#8068 = DIRECTION('',(0.5,0.866025403784,0.));
#8069 = PCURVE('',#7242,#8070);
#8070 = DEFINITIONAL_REPRESENTATION('',(#8071),#8075);
#8071 = LINE('',#8072,#8073);
#8072 = CARTESIAN_POINT('',(5.235987755983,-1.51));
#8073 = VECTOR('',#8074,1.);
#8074 = DIRECTION('',(1.,0.));
#8075 = ( GEOMETRIC_REPRESENTATION_CONTEXT(2) 
PARAMETRIC_REPRESENTATION_CONTEXT() REPRESENTATION_CONTEXT('2D SPACE',''
  ) );
#8076 = PCURVE('',#7271,#8077);
#8077 = DEFINITIONAL_REPRESENTATION('',(#8078),#8082);
#8078 = LINE('',#8079,#8080);
#8079 = CARTESIAN_POINT('',(5.235987755983,-0.));
#8080 = VECTOR('',#8081,1.);
#8081 = DIRECTION('',(1.,-0.));
#8082 = ( GEOMETRIC_REPRESENTATION_CONTEXT(2) 
PARAMETRIC_REPRESENTATION_CONTEXT() REPRESENTATION_CONTEXT('2D SPACE',''
  ) );
#8083 = ORIENTED_EDGE('',*,*,#7840,.T.);
#8084 = ADVANCED_FACE('',(#8085),#7271,.T.);
#8085 = FACE_BOUND('',#8086,.F.);
#8086 = EDGE_LOOP('',(#8087,#8088,#8089,#8090));
#8087 = ORIENTED_EDGE('',*,*,#8003,.F.);
#8088 = ORIENTED_EDGE('',*,*,#7254,.T.);
#8089 = ORIENTED_EDGE('',*,*,#8062,.T.);
#8090 = ORIENTED_EDGE('',*,*,#7813,.T.);
#8091 = ADVANCED_FACE('',(#8092),#7509,.T.);
#8092 = FACE_BOUND('',#8093,.F.);
#8093 = EDGE_LOOP('',(#8094,#8095,#8117,#8118));
#8094 = ORIENTED_EDGE('',*,*,#7716,.T.);
#8095 = ORIENTED_EDGE('',*,*,#8096,.T.);
#8096 = EDGE_CURVE('',#7694,#7493,#8097,.T.);
#8097 = SURFACE_CURVE('',#8098,(#8103,#8110),.PCURVE_S1.);
#8098 = CIRCLE('',#8099,4.);
#8099 = AXIS2_PLACEMENT_3D('',#8100,#8101,#8102);
#8100 = CARTESIAN_POINT('',(-15.,8.5,1.51));
#8101 = DIRECTION('',(0.,0.,-1.));
#8102 = DIRECTION('',(1.,0.,0.));
#8103 = PCURVE('',#7509,#8104);
#8104 = DEFINITIONAL_REPRESENTATION('',(#8105),#8109);
#8105 = LINE('',#8106,#8107);
#8106 = CARTESIAN_POINT('',(0.,-0.));
#8107 = VECTOR('',#8108,1.);
#8108 = DIRECTION('',(1.,-0.));
#8109 = ( GEOMETRIC_REPRESENTATION_CONTEXT(2) 
PARAMETRIC_REPRESENTATION_CONTEXT() REPRESENTATION_CONTEXT('2D SPACE',''
  ) );
#8110 = PCURVE('',#7540,#8111);
#8111 = DEFINITIONAL_REPRESENTATION('',(#8112),#8116);
#8112 = LINE('',#8113,#8114);
#8113 = CARTESIAN_POINT('',(0.,-1.51));
#8114 = VECTOR('',#8115,1.);
#8115 = DIRECTION('',(1.,0.));
#8116 = ( GEOMETRIC_REPRESENTATION_CONTEXT(2) 
PARAMETRIC_REPRESENTATION_CONTEXT() REPRESENTATION_CONTEXT('2D SPACE',''
  ) );
#8117 = ORIENTED_EDGE('',*,*,#7492,.T.);
#8118 = ORIENTED_EDGE('',*,*,#7976,.F.);
#8119 = ADVANCED_FACE('',(#8120),#7540,.T.);
#8120 = FACE_BOUND('',#8121,.T.);
#8121 = EDGE_LOOP('',(#8122,#8144,#8145,#8146));
#8122 = ORIENTED_EDGE('',*,*,#8123,.F.);
#8123 = EDGE_CURVE('',#7667,#7525,#8124,.T.);
#8124 = SURFACE_CURVE('',#8125,(#8130,#8137),.PCURVE_S1.);
#8125 = CIRCLE('',#8126,4.);
#8126 = AXIS2_PLACEMENT_3D('',#8127,#8128,#8129);
#8127 = CARTESIAN_POINT('',(-15.,8.5,0.49));
#8128 = DIRECTION('',(0.,-0.,-1.));
#8129 = DIRECTION('',(1.,-6.162975822039E-33,0.));
#8130 = PCURVE('',#7540,#8131);
#8131 = DEFINITIONAL_REPRESENTATION('',(#8132),#8136);
#8132 = LINE('',#8133,#8134);
#8133 = CARTESIAN_POINT('',(0.,-0.49));
#8134 = VECTOR('',#8135,1.);
#8135 = DIRECTION('',(1.,0.));
#8136 = ( GEOMETRIC_REPRESENTATION_CONTEXT(2) 
PARAMETRIC_REPRESENTATION_CONTEXT() REPRESENTATION_CONTEXT('2D SPACE',''
  ) );
#8137 = PCURVE('',#7569,#8138);
#8138 = DEFINITIONAL_REPRESENTATION('',(#8139),#8143);
#8139 = LINE('',#8140,#8141);
#8140 = CARTESIAN_POINT('',(-0.,0.));
#8141 = VECTOR('',#8142,1.);
#8142 = DIRECTION('',(-1.,0.));
#8143 = ( GEOMETRIC_REPRESENTATION_CONTEXT(2) 
PARAMETRIC_REPRESENTATION_CONTEXT() REPRESENTATION_CONTEXT('2D SPACE',''
  ) );
#8144 = ORIENTED_EDGE('',*,*,#7693,.F.);
#8145 = ORIENTED_EDGE('',*,*,#8096,.T.);
#8146 = ORIENTED_EDGE('',*,*,#7524,.T.);
#8147 = ADVANCED_FACE('',(#8148),#7569,.T.);
#8148 = FACE_BOUND('',#8149,.F.);
#8149 = EDGE_LOOP('',(#8150,#8151,#8152,#8153));
#8150 = ORIENTED_EDGE('',*,*,#7666,.T.);
#8151 = ORIENTED_EDGE('',*,*,#7610,.T.);
#8152 = ORIENTED_EDGE('',*,*,#7552,.T.);
#8153 = ORIENTED_EDGE('',*,*,#8123,.F.);
#8154 = ( GEOMETRIC_REPRESENTATION_CONTEXT(3) 
GLOBAL_UNCERTAINTY_ASSIGNED_CONTEXT((#8158)) 
GLOBAL_UNIT_ASSIGNED_CONTEXT((#8155,#8156,#8157)) REPRESENTATION_CONTEXT
('Context #1','3D Context with UNIT and UNCERTAINTY') );
#8155 = ( LENGTH_UNIT() NAMED_UNIT(*) SI_UNIT(.MILLI.,.METRE.) );
#8156 = ( NAMED_UNIT(*) PLANE_ANGLE_UNIT() SI_UNIT($,.RADIAN.) );
#8157 = ( NAMED_UNIT(*) SI_UNIT($,.STERADIAN.) SOLID_ANGLE_UNIT() );
#8158 = UNCERTAINTY_MEASURE_WITH_UNIT(LENGTH_MEASURE(1.E-07),#8155,
  'distance_accuracy_value','confusion accuracy');
#8159 = PRODUCT_RELATED_PRODUCT_CATEGORY('part',$,(#7));
ENDSEC;
END-ISO-10303-21;
