ISO-10303-21;
HEADER;
FILE_DESCRIPTION(('Open CASCADE Model'),'2;1');
FILE_NAME('Open CASCADE Shape Model','2026-02-15T01:00:21',('Author'),(
    'Open CASCADE'),'Open CASCADE STEP processor 7.7','Open CASCADE 7.7'
  ,'Unknown');
FILE_SCHEMA(('AUTOMOTIVE_DESIGN { 1 0 10303 214 1 1 1 1 }'));
ENDSEC;
DATA;
#1 = APPLICATION_PROTOCOL_DEFINITION('international standard',
  'automotive_design',2000,#2);
#2 = APPLICATION_CONTEXT(
  'core data for automotive mechanical design processes');
#3 = SHAPE_DEFINITION_REPRESENTATION(#4,#10);
#4 = PRODUCT_DEFINITION_SHAPE('','',#5);
#5 = PRODUCT_DEFINITION('design','',#6,#9);
#6 = PRODUCT_DEFINITION_FORMATION('','',#7);
#7 = PRODUCT('Open CASCADE STEP translator 7.7 2',
  'Open CASCADE STEP translator 7.7 2','',(#8));
#8 = PRODUCT_CONTEXT('',#2,'mechanical');
#9 = PRODUCT_DEFINITION_CONTEXT('part definition',#2,'design');
#10 = ADVANCED_BREP_SHAPE_REPRESENTATION('',(#11,#15),#9605);
#11 = AXIS2_PLACEMENT_3D('',#12,#13,#14);
#12 = CARTESIAN_POINT('',(0.,0.,0.));
#13 = DIRECTION('',(0.,0.,1.));
#14 = DIRECTION('',(1.,0.,-0.));
#15 = MANIFOLD_SOLID_BREP('',#16);
#16 = CLOSED_SHELL('',(#17,#775,#2062,#2109,#2156,#2203,#2250,#2297,
    #2345,#2392,#2439,#2486,#2533,#2558,#2608,#2734,#2783,#2838,#2998,
    #3048,#3100,#4289,#4338,#4393,#4553,#4603,#4655,#4779,#4806,#4926,
    #4954,#4981,#5008,#5035,#5062,#5089,#5116,#5144,#5172,#5873,#5959,
    #6012,#6059,#6113,#6160,#6214,#6267,#6806,#6859,#6906,#6959,#7006,
    #7060,#7114,#7161,#7215,#7262,#7316,#7348,#7375,#7402,#7429,#7456,
    #7506,#7533,#7561,#7611,#7639,#7646,#7673,#7680,#7730,#7757,#7828,
    #7882,#7932,#7982,#8031,#8085,#8135,#8184,#8233,#8283,#8333,#8387,
    #8436,#8485,#8535,#8585,#8634,#8683,#8737,#8791,#8819,#8847,#8854,
    #8905,#8932,#8959,#8966,#9013,#9040,#9067,#9074,#9121,#9148,#9175,
    #9182,#9229,#9256,#9283,#9310,#9337,#9344,#9391,#9418,#9445,#9452,
    #9499,#9526,#9553,#9560));
#17 = ADVANCED_FACE('',(#18),#32,.F.);
#18 = FACE_BOUND('',#19,.F.);
#19 = EDGE_LOOP('',(#20,#54,#82,#108,#134,#167,#193,#222,#248,#274,#300,
    #329,#355,#388,#414,#440,#468,#490,#516,#542,#568,#594,#620,#647,
    #673,#699,#725,#751));
#20 = ORIENTED_EDGE('',*,*,#21,.F.);
#21 = EDGE_CURVE('',#22,#24,#26,.T.);
#22 = VERTEX_POINT('',#23);
#23 = CARTESIAN_POINT('',(16.125,13.85,4.));
#24 = VERTEX_POINT('',#25);
#25 = CARTESIAN_POINT('',(5.,13.85,4.));
#26 = SURFACE_CURVE('',#27,(#31,#42),.PCURVE_S1.);
#27 = LINE('',#28,#29);
#28 = CARTESIAN_POINT('',(10.0625,13.85,4.));
#29 = VECTOR('',#30,1.);
#30 = DIRECTION('',(-1.,0.,0.));
#31 = PCURVE('',#32,#37);
#32 = PLANE('',#33);
#33 = AXIS2_PLACEMENT_3D('',#34,#35,#36);
#34 = CARTESIAN_POINT('',(20.125,13.85,0.));
#35 = DIRECTION('',(0.,-1.,0.));
#36 = DIRECTION('',(-1.,0.,0.));
#37 = DEFINITIONAL_REPRESENTATION('',(#38),#41);
#38 = B_SPLINE_CURVE_WITH_KNOTS('',1,(#39,#40),.UNSPECIFIED.,.F.,.F.,(2,
    2),(-6.0625,26.1875),.PIECEWISE_BEZIER_KNOTS.);
#39 = CARTESIAN_POINT('',(4.,-4.));
#40 = CARTESIAN_POINT('',(36.250000000001,-4.));
#41 = ( GEOMETRIC_REPRESENTATION_CONTEXT(2) 
PARAMETRIC_REPRESENTATION_CONTEXT() REPRESENTATION_CONTEXT('2D SPACE',''
  ) );
#42 = PCURVE('',#43,#48);
#43 = PLANE('',#44);
#44 = AXIS2_PLACEMENT_3D('',#45,#46,#47);
#45 = CARTESIAN_POINT('',(0.,0.,4.));
#46 = DIRECTION('',(0.,0.,1.));
#47 = DIRECTION('',(1.,0.,-0.));
#48 = DEFINITIONAL_REPRESENTATION('',(#49),#53);
#49 = LINE('',#50,#51);
#50 = CARTESIAN_POINT('',(10.0625,13.85));
#51 = VECTOR('',#52,1.);
#52 = DIRECTION('',(-1.,0.));
#53 = ( GEOMETRIC_REPRESENTATION_CONTEXT(2) 
PARAMETRIC_REPRESENTATION_CONTEXT() REPRESENTATION_CONTEXT('2D SPACE',''
  ) );
#54 = ORIENTED_EDGE('',*,*,#55,.T.);
#55 = EDGE_CURVE('',#22,#56,#58,.T.);
#56 = VERTEX_POINT('',#57);
#57 = CARTESIAN_POINT('',(16.125,13.85,11.));
#58 = SURFACE_CURVE('',#59,(#63,#70),.PCURVE_S1.);
#59 = LINE('',#60,#61);
#60 = CARTESIAN_POINT('',(16.125,13.85,0.));
#61 = VECTOR('',#62,1.);
#62 = DIRECTION('',(0.,0.,1.));
#63 = PCURVE('',#32,#64);
#64 = DEFINITIONAL_REPRESENTATION('',(#65),#69);
#65 = LINE('',#66,#67);
#66 = CARTESIAN_POINT('',(4.,0.));
#67 = VECTOR('',#68,1.);
#68 = DIRECTION('',(0.,-1.));
#69 = ( GEOMETRIC_REPRESENTATION_CONTEXT(2) 
PARAMETRIC_REPRESENTATION_CONTEXT() REPRESENTATION_CONTEXT('2D SPACE',''
  ) );
#70 = PCURVE('',#71,#76);
#71 = CYLINDRICAL_SURFACE('',#72,4.);
#72 = AXIS2_PLACEMENT_3D('',#73,#74,#75);
#73 = CARTESIAN_POINT('',(16.125,9.85,0.));
#74 = DIRECTION('',(0.,0.,1.));
#75 = DIRECTION('',(-0.,1.,0.));
#76 = DEFINITIONAL_REPRESENTATION('',(#77),#81);
#77 = LINE('',#78,#79);
#78 = CARTESIAN_POINT('',(-0.,0.));
#79 = VECTOR('',#80,1.);
#80 = DIRECTION('',(-0.,1.));
#81 = ( GEOMETRIC_REPRESENTATION_CONTEXT(2) 
PARAMETRIC_REPRESENTATION_CONTEXT() REPRESENTATION_CONTEXT('2D SPACE',''
  ) );
#82 = ORIENTED_EDGE('',*,*,#83,.T.);
#83 = EDGE_CURVE('',#56,#84,#86,.T.);
#84 = VERTEX_POINT('',#85);
#85 = CARTESIAN_POINT('',(14.3,13.85,11.));
#86 = SURFACE_CURVE('',#87,(#91,#97),.PCURVE_S1.);
#87 = LINE('',#88,#89);
#88 = CARTESIAN_POINT('',(10.0625,13.85,11.));
#89 = VECTOR('',#90,1.);
#90 = DIRECTION('',(-1.,0.,0.));
#91 = PCURVE('',#32,#92);
#92 = DEFINITIONAL_REPRESENTATION('',(#93),#96);
#93 = B_SPLINE_CURVE_WITH_KNOTS('',1,(#94,#95),.UNSPECIFIED.,.F.,.F.,(2,
    2),(-6.0625,26.1875),.PIECEWISE_BEZIER_KNOTS.);
#94 = CARTESIAN_POINT('',(4.,-11.));
#95 = CARTESIAN_POINT('',(36.250000000001,-11.));
#96 = ( GEOMETRIC_REPRESENTATION_CONTEXT(2) 
PARAMETRIC_REPRESENTATION_CONTEXT() REPRESENTATION_CONTEXT('2D SPACE',''
  ) );
#97 = PCURVE('',#98,#103);
#98 = PLANE('',#99);
#99 = AXIS2_PLACEMENT_3D('',#100,#101,#102);
#100 = CARTESIAN_POINT('',(0.,0.,11.));
#101 = DIRECTION('',(0.,0.,1.));
#102 = DIRECTION('',(1.,0.,-0.));
#103 = DEFINITIONAL_REPRESENTATION('',(#104),#107);
#104 = B_SPLINE_CURVE_WITH_KNOTS('',1,(#105,#106),.UNSPECIFIED.,.F.,.F.,
  (2,2),(-6.0625,26.1875),.PIECEWISE_BEZIER_KNOTS.);
#105 = CARTESIAN_POINT('',(16.125,13.85));
#106 = CARTESIAN_POINT('',(-16.125,13.85));
#107 = ( GEOMETRIC_REPRESENTATION_CONTEXT(2) 
PARAMETRIC_REPRESENTATION_CONTEXT() REPRESENTATION_CONTEXT('2D SPACE',''
  ) );
#108 = ORIENTED_EDGE('',*,*,#109,.T.);
#109 = EDGE_CURVE('',#84,#110,#112,.T.);
#110 = VERTEX_POINT('',#111);
#111 = CARTESIAN_POINT('',(14.3,13.85,6.49));
#112 = SURFACE_CURVE('',#113,(#117,#123),.PCURVE_S1.);
#113 = LINE('',#114,#115);
#114 = CARTESIAN_POINT('',(14.3,13.85,2.5));
#115 = VECTOR('',#116,1.);
#116 = DIRECTION('',(-0.,-0.,-1.));
#117 = PCURVE('',#32,#118);
#118 = DEFINITIONAL_REPRESENTATION('',(#119),#122);
#119 = B_SPLINE_CURVE_WITH_KNOTS('',1,(#120,#121),.UNSPECIFIED.,.F.,.F.,
  (2,2),(-8.5,-3.99),.PIECEWISE_BEZIER_KNOTS.);
#120 = CARTESIAN_POINT('',(5.825,-11.));
#121 = CARTESIAN_POINT('',(5.825,-6.49));
#122 = ( GEOMETRIC_REPRESENTATION_CONTEXT(2) 
PARAMETRIC_REPRESENTATION_CONTEXT() REPRESENTATION_CONTEXT('2D SPACE',''
  ) );
#123 = PCURVE('',#124,#129);
#124 = PLANE('',#125);
#125 = AXIS2_PLACEMENT_3D('',#126,#127,#128);
#126 = CARTESIAN_POINT('',(14.3,6.8,5.));
#127 = DIRECTION('',(-1.,0.,0.));
#128 = DIRECTION('',(0.,1.,0.));
#129 = DEFINITIONAL_REPRESENTATION('',(#130),#133);
#130 = B_SPLINE_CURVE_WITH_KNOTS('',1,(#131,#132),.UNSPECIFIED.,.F.,.F.,
  (2,2),(-8.5,-3.99),.PIECEWISE_BEZIER_KNOTS.);
#131 = CARTESIAN_POINT('',(7.05,-6.));
#132 = CARTESIAN_POINT('',(7.05,-1.49));
#133 = ( GEOMETRIC_REPRESENTATION_CONTEXT(2) 
PARAMETRIC_REPRESENTATION_CONTEXT() REPRESENTATION_CONTEXT('2D SPACE',''
  ) );
#134 = ORIENTED_EDGE('',*,*,#135,.T.);
#135 = EDGE_CURVE('',#110,#136,#138,.T.);
#136 = VERTEX_POINT('',#137);
#137 = CARTESIAN_POINT('',(12.81,13.85,5.));
#138 = SURFACE_CURVE('',#139,(#144,#155),.PCURVE_S1.);
#139 = CIRCLE('',#140,1.49);
#140 = AXIS2_PLACEMENT_3D('',#141,#142,#143);
#141 = CARTESIAN_POINT('',(12.81,13.85,6.49));
#142 = DIRECTION('',(0.,1.,0.));
#143 = DIRECTION('',(0.,0.,-1.));
#144 = PCURVE('',#32,#145);
#145 = DEFINITIONAL_REPRESENTATION('',(#146),#154);
#146 = ( BOUNDED_CURVE() B_SPLINE_CURVE(2,(#147,#148,#149,#150,#151,#152
,#153),.UNSPECIFIED.,.T.,.F.) B_SPLINE_CURVE_WITH_KNOTS((1,2,2,2,2,1),(
    -2.094395102393,0.,2.094395102393,4.188790204786,6.28318530718,
8.377580409573),.UNSPECIFIED.) CURVE() GEOMETRIC_REPRESENTATION_ITEM() 
RATIONAL_B_SPLINE_CURVE((1.,0.5,1.,0.5,1.,0.5,1.)) REPRESENTATION_ITEM(
  '') );
#147 = CARTESIAN_POINT('',(7.315,-5.));
#148 = CARTESIAN_POINT('',(9.895755703278,-5.));
#149 = CARTESIAN_POINT('',(8.605377851639,-7.235));
#150 = CARTESIAN_POINT('',(7.315,-9.47));
#151 = CARTESIAN_POINT('',(6.024622148361,-7.235));
#152 = CARTESIAN_POINT('',(4.734244296723,-5.));
#153 = CARTESIAN_POINT('',(7.315,-5.));
#154 = ( GEOMETRIC_REPRESENTATION_CONTEXT(2) 
PARAMETRIC_REPRESENTATION_CONTEXT() REPRESENTATION_CONTEXT('2D SPACE',''
  ) );
#155 = PCURVE('',#156,#161);
#156 = CYLINDRICAL_SURFACE('',#157,1.49);
#157 = AXIS2_PLACEMENT_3D('',#158,#159,#160);
#158 = CARTESIAN_POINT('',(12.81,9.3,6.49));
#159 = DIRECTION('',(0.,1.,0.));
#160 = DIRECTION('',(0.,0.,-1.));
#161 = DEFINITIONAL_REPRESENTATION('',(#162),#166);
#162 = LINE('',#163,#164);
#163 = CARTESIAN_POINT('',(-6.28318530718,4.55));
#164 = VECTOR('',#165,1.);
#165 = DIRECTION('',(1.,-0.));
#166 = ( GEOMETRIC_REPRESENTATION_CONTEXT(2) 
PARAMETRIC_REPRESENTATION_CONTEXT() REPRESENTATION_CONTEXT('2D SPACE',''
  ) );
#167 = ORIENTED_EDGE('',*,*,#168,.T.);
#168 = EDGE_CURVE('',#136,#169,#171,.T.);
#169 = VERTEX_POINT('',#170);
#170 = CARTESIAN_POINT('',(12.79,13.85,5.));
#171 = SURFACE_CURVE('',#172,(#176,#182),.PCURVE_S1.);
#172 = LINE('',#173,#174);
#173 = CARTESIAN_POINT('',(18.391071428572,13.85,5.));
#174 = VECTOR('',#175,1.);
#175 = DIRECTION('',(-1.,0.,0.));
#176 = PCURVE('',#32,#177);
#177 = DEFINITIONAL_REPRESENTATION('',(#178),#181);
#178 = B_SPLINE_CURVE_WITH_KNOTS('',1,(#179,#180),.UNSPECIFIED.,.F.,.F.,
  (2,2),(2.266071428571,5.601071428572),.PIECEWISE_BEZIER_KNOTS.);
#179 = CARTESIAN_POINT('',(4.,-5.));
#180 = CARTESIAN_POINT('',(7.335,-5.));
#181 = ( GEOMETRIC_REPRESENTATION_CONTEXT(2) 
PARAMETRIC_REPRESENTATION_CONTEXT() REPRESENTATION_CONTEXT('2D SPACE',''
  ) );
#182 = PCURVE('',#183,#188);
#183 = PLANE('',#184);
#184 = AXIS2_PLACEMENT_3D('',#185,#186,#187);
#185 = CARTESIAN_POINT('',(16.657142857143,8.157142857143,5.));
#186 = DIRECTION('',(0.,0.,1.));
#187 = DIRECTION('',(1.,0.,-0.));
#188 = DEFINITIONAL_REPRESENTATION('',(#189),#192);
#189 = B_SPLINE_CURVE_WITH_KNOTS('',1,(#190,#191),.UNSPECIFIED.,.F.,.F.,
  (2,2),(2.266071428571,5.601071428572),.PIECEWISE_BEZIER_KNOTS.);
#190 = CARTESIAN_POINT('',(-0.532142857143,5.692857142857));
#191 = CARTESIAN_POINT('',(-3.867142857143,5.692857142857));
#192 = ( GEOMETRIC_REPRESENTATION_CONTEXT(2) 
PARAMETRIC_REPRESENTATION_CONTEXT() REPRESENTATION_CONTEXT('2D SPACE',''
  ) );
#193 = ORIENTED_EDGE('',*,*,#194,.F.);
#194 = EDGE_CURVE('',#195,#169,#197,.T.);
#195 = VERTEX_POINT('',#196);
#196 = CARTESIAN_POINT('',(11.3,13.85,6.49));
#197 = SURFACE_CURVE('',#198,(#203,#210),.PCURVE_S1.);
#198 = CIRCLE('',#199,1.49);
#199 = AXIS2_PLACEMENT_3D('',#200,#201,#202);
#200 = CARTESIAN_POINT('',(12.79,13.85,6.49));
#201 = DIRECTION('',(0.,-1.,0.));
#202 = DIRECTION('',(-0.,-0.,-1.));
#203 = PCURVE('',#32,#204);
#204 = DEFINITIONAL_REPRESENTATION('',(#205),#209);
#205 = CIRCLE('',#206,1.49);
#206 = AXIS2_PLACEMENT_2D('',#207,#208);
#207 = CARTESIAN_POINT('',(7.335,-6.49));
#208 = DIRECTION('',(0.,1.));
#209 = ( GEOMETRIC_REPRESENTATION_CONTEXT(2) 
PARAMETRIC_REPRESENTATION_CONTEXT() REPRESENTATION_CONTEXT('2D SPACE',''
  ) );
#210 = PCURVE('',#211,#216);
#211 = CYLINDRICAL_SURFACE('',#212,1.49);
#212 = AXIS2_PLACEMENT_3D('',#213,#214,#215);
#213 = CARTESIAN_POINT('',(12.79,16.8,6.49));
#214 = DIRECTION('',(0.,-1.,0.));
#215 = DIRECTION('',(-0.,-0.,-1.));
#216 = DEFINITIONAL_REPRESENTATION('',(#217),#221);
#217 = LINE('',#218,#219);
#218 = CARTESIAN_POINT('',(-6.28318530718,2.95));
#219 = VECTOR('',#220,1.);
#220 = DIRECTION('',(1.,-0.));
#221 = ( GEOMETRIC_REPRESENTATION_CONTEXT(2) 
PARAMETRIC_REPRESENTATION_CONTEXT() REPRESENTATION_CONTEXT('2D SPACE',''
  ) );
#222 = ORIENTED_EDGE('',*,*,#223,.T.);
#223 = EDGE_CURVE('',#195,#224,#226,.T.);
#224 = VERTEX_POINT('',#225);
#225 = CARTESIAN_POINT('',(11.3,13.85,11.));
#226 = SURFACE_CURVE('',#227,(#231,#237),.PCURVE_S1.);
#227 = LINE('',#228,#229);
#228 = CARTESIAN_POINT('',(11.3,13.85,2.5));
#229 = VECTOR('',#230,1.);
#230 = DIRECTION('',(0.,0.,1.));
#231 = PCURVE('',#32,#232);
#232 = DEFINITIONAL_REPRESENTATION('',(#233),#236);
#233 = B_SPLINE_CURVE_WITH_KNOTS('',1,(#234,#235),.UNSPECIFIED.,.F.,.F.,
  (2,2),(3.99,8.5),.PIECEWISE_BEZIER_KNOTS.);
#234 = CARTESIAN_POINT('',(8.825,-6.49));
#235 = CARTESIAN_POINT('',(8.825,-11.));
#236 = ( GEOMETRIC_REPRESENTATION_CONTEXT(2) 
PARAMETRIC_REPRESENTATION_CONTEXT() REPRESENTATION_CONTEXT('2D SPACE',''
  ) );
#237 = PCURVE('',#238,#243);
#238 = PLANE('',#239);
#239 = AXIS2_PLACEMENT_3D('',#240,#241,#242);
#240 = CARTESIAN_POINT('',(11.3,16.8,5.));
#241 = DIRECTION('',(1.,0.,-0.));
#242 = DIRECTION('',(0.,-1.,0.));
#243 = DEFINITIONAL_REPRESENTATION('',(#244),#247);
#244 = B_SPLINE_CURVE_WITH_KNOTS('',1,(#245,#246),.UNSPECIFIED.,.F.,.F.,
  (2,2),(3.99,8.5),.PIECEWISE_BEZIER_KNOTS.);
#245 = CARTESIAN_POINT('',(2.95,-1.49));
#246 = CARTESIAN_POINT('',(2.95,-6.));
#247 = ( GEOMETRIC_REPRESENTATION_CONTEXT(2) 
PARAMETRIC_REPRESENTATION_CONTEXT() REPRESENTATION_CONTEXT('2D SPACE',''
  ) );
#248 = ORIENTED_EDGE('',*,*,#249,.T.);
#249 = EDGE_CURVE('',#224,#250,#252,.T.);
#250 = VERTEX_POINT('',#251);
#251 = CARTESIAN_POINT('',(-11.3,13.85,11.));
#252 = SURFACE_CURVE('',#253,(#257,#263),.PCURVE_S1.);
#253 = LINE('',#254,#255);
#254 = CARTESIAN_POINT('',(10.0625,13.85,11.));
#255 = VECTOR('',#256,1.);
#256 = DIRECTION('',(-1.,0.,0.));
#257 = PCURVE('',#32,#258);
#258 = DEFINITIONAL_REPRESENTATION('',(#259),#262);
#259 = B_SPLINE_CURVE_WITH_KNOTS('',1,(#260,#261),.UNSPECIFIED.,.F.,.F.,
  (2,2),(-6.0625,26.1875),.PIECEWISE_BEZIER_KNOTS.);
#260 = CARTESIAN_POINT('',(4.,-11.));
#261 = CARTESIAN_POINT('',(36.250000000001,-11.));
#262 = ( GEOMETRIC_REPRESENTATION_CONTEXT(2) 
PARAMETRIC_REPRESENTATION_CONTEXT() REPRESENTATION_CONTEXT('2D SPACE',''
  ) );
#263 = PCURVE('',#264,#269);
#264 = PLANE('',#265);
#265 = AXIS2_PLACEMENT_3D('',#266,#267,#268);
#266 = CARTESIAN_POINT('',(0.,0.,11.));
#267 = DIRECTION('',(0.,0.,1.));
#268 = DIRECTION('',(1.,0.,-0.));
#269 = DEFINITIONAL_REPRESENTATION('',(#270),#273);
#270 = B_SPLINE_CURVE_WITH_KNOTS('',1,(#271,#272),.UNSPECIFIED.,.F.,.F.,
  (2,2),(-6.0625,26.1875),.PIECEWISE_BEZIER_KNOTS.);
#271 = CARTESIAN_POINT('',(16.125,13.85));
#272 = CARTESIAN_POINT('',(-16.125,13.85));
#273 = ( GEOMETRIC_REPRESENTATION_CONTEXT(2) 
PARAMETRIC_REPRESENTATION_CONTEXT() REPRESENTATION_CONTEXT('2D SPACE',''
  ) );
#274 = ORIENTED_EDGE('',*,*,#275,.F.);
#275 = EDGE_CURVE('',#276,#250,#278,.T.);
#276 = VERTEX_POINT('',#277);
#277 = CARTESIAN_POINT('',(-11.3,13.85,6.49));
#278 = SURFACE_CURVE('',#279,(#283,#289),.PCURVE_S1.);
#279 = LINE('',#280,#281);
#280 = CARTESIAN_POINT('',(-11.3,13.85,2.5));
#281 = VECTOR('',#282,1.);
#282 = DIRECTION('',(-0.,0.,1.));
#283 = PCURVE('',#32,#284);
#284 = DEFINITIONAL_REPRESENTATION('',(#285),#288);
#285 = B_SPLINE_CURVE_WITH_KNOTS('',1,(#286,#287),.UNSPECIFIED.,.F.,.F.,
  (2,2),(3.99,8.5),.PIECEWISE_BEZIER_KNOTS.);
#286 = CARTESIAN_POINT('',(31.425,-6.49));
#287 = CARTESIAN_POINT('',(31.425,-11.));
#288 = ( GEOMETRIC_REPRESENTATION_CONTEXT(2) 
PARAMETRIC_REPRESENTATION_CONTEXT() REPRESENTATION_CONTEXT('2D SPACE',''
  ) );
#289 = PCURVE('',#290,#295);
#290 = PLANE('',#291);
#291 = AXIS2_PLACEMENT_3D('',#292,#293,#294);
#292 = CARTESIAN_POINT('',(-11.3,16.8,5.));
#293 = DIRECTION('',(-1.,-0.,-0.));
#294 = DIRECTION('',(0.,1.,0.));
#295 = DEFINITIONAL_REPRESENTATION('',(#296),#299);
#296 = B_SPLINE_CURVE_WITH_KNOTS('',1,(#297,#298),.UNSPECIFIED.,.F.,.F.,
  (2,2),(3.99,8.5),.PIECEWISE_BEZIER_KNOTS.);
#297 = CARTESIAN_POINT('',(-2.95,-1.49));
#298 = CARTESIAN_POINT('',(-2.95,-6.));
#299 = ( GEOMETRIC_REPRESENTATION_CONTEXT(2) 
PARAMETRIC_REPRESENTATION_CONTEXT() REPRESENTATION_CONTEXT('2D SPACE',''
  ) );
#300 = ORIENTED_EDGE('',*,*,#301,.F.);
#301 = EDGE_CURVE('',#302,#276,#304,.T.);
#302 = VERTEX_POINT('',#303);
#303 = CARTESIAN_POINT('',(-12.79,13.85,5.));
#304 = SURFACE_CURVE('',#305,(#310,#317),.PCURVE_S1.);
#305 = CIRCLE('',#306,1.49);
#306 = AXIS2_PLACEMENT_3D('',#307,#308,#309);
#307 = CARTESIAN_POINT('',(-12.79,13.85,6.49));
#308 = DIRECTION('',(0.,-1.,-0.));
#309 = DIRECTION('',(0.,0.,-1.));
#310 = PCURVE('',#32,#311);
#311 = DEFINITIONAL_REPRESENTATION('',(#312),#316);
#312 = CIRCLE('',#313,1.49);
#313 = AXIS2_PLACEMENT_2D('',#314,#315);
#314 = CARTESIAN_POINT('',(32.915,-6.49));
#315 = DIRECTION('',(0.,1.));
#316 = ( GEOMETRIC_REPRESENTATION_CONTEXT(2) 
PARAMETRIC_REPRESENTATION_CONTEXT() REPRESENTATION_CONTEXT('2D SPACE',''
  ) );
#317 = PCURVE('',#318,#323);
#318 = CYLINDRICAL_SURFACE('',#319,1.49);
#319 = AXIS2_PLACEMENT_3D('',#320,#321,#322);
#320 = CARTESIAN_POINT('',(-12.79,16.8,6.49));
#321 = DIRECTION('',(-0.,-1.,-0.));
#322 = DIRECTION('',(0.,-0.,-1.));
#323 = DEFINITIONAL_REPRESENTATION('',(#324),#328);
#324 = LINE('',#325,#326);
#325 = CARTESIAN_POINT('',(0.,2.95));
#326 = VECTOR('',#327,1.);
#327 = DIRECTION('',(1.,0.));
#328 = ( GEOMETRIC_REPRESENTATION_CONTEXT(2) 
PARAMETRIC_REPRESENTATION_CONTEXT() REPRESENTATION_CONTEXT('2D SPACE',''
  ) );
#329 = ORIENTED_EDGE('',*,*,#330,.F.);
#330 = EDGE_CURVE('',#331,#302,#333,.T.);
#331 = VERTEX_POINT('',#332);
#332 = CARTESIAN_POINT('',(-12.81,13.85,5.));
#333 = SURFACE_CURVE('',#334,(#338,#344),.PCURVE_S1.);
#334 = LINE('',#335,#336);
#335 = CARTESIAN_POINT('',(1.733928571429,13.85,5.));
#336 = VECTOR('',#337,1.);
#337 = DIRECTION('',(1.,0.,0.));
#338 = PCURVE('',#32,#339);
#339 = DEFINITIONAL_REPRESENTATION('',(#340),#343);
#340 = B_SPLINE_CURVE_WITH_KNOTS('',1,(#341,#342),.UNSPECIFIED.,.F.,.F.,
  (2,2),(-17.85892857142,-14.52392857142),.PIECEWISE_BEZIER_KNOTS.);
#341 = CARTESIAN_POINT('',(36.250000000001,-5.));
#342 = CARTESIAN_POINT('',(32.915,-5.));
#343 = ( GEOMETRIC_REPRESENTATION_CONTEXT(2) 
PARAMETRIC_REPRESENTATION_CONTEXT() REPRESENTATION_CONTEXT('2D SPACE',''
  ) );
#344 = PCURVE('',#345,#350);
#345 = PLANE('',#346);
#346 = AXIS2_PLACEMENT_3D('',#347,#348,#349);
#347 = CARTESIAN_POINT('',(-16.65714285714,8.157142857143,5.));
#348 = DIRECTION('',(-0.,-0.,1.));
#349 = DIRECTION('',(1.,0.,0.));
#350 = DEFINITIONAL_REPRESENTATION('',(#351),#354);
#351 = B_SPLINE_CURVE_WITH_KNOTS('',1,(#352,#353),.UNSPECIFIED.,.F.,.F.,
  (2,2),(-17.85892857142,-14.52392857142),.PIECEWISE_BEZIER_KNOTS.);
#352 = CARTESIAN_POINT('',(0.532142857143,5.692857142857));
#353 = CARTESIAN_POINT('',(3.867142857143,5.692857142857));
#354 = ( GEOMETRIC_REPRESENTATION_CONTEXT(2) 
PARAMETRIC_REPRESENTATION_CONTEXT() REPRESENTATION_CONTEXT('2D SPACE',''
  ) );
#355 = ORIENTED_EDGE('',*,*,#356,.T.);
#356 = EDGE_CURVE('',#331,#357,#359,.T.);
#357 = VERTEX_POINT('',#358);
#358 = CARTESIAN_POINT('',(-14.3,13.85,6.49));
#359 = SURFACE_CURVE('',#360,(#365,#376),.PCURVE_S1.);
#360 = CIRCLE('',#361,1.49);
#361 = AXIS2_PLACEMENT_3D('',#362,#363,#364);
#362 = CARTESIAN_POINT('',(-12.81,13.85,6.49));
#363 = DIRECTION('',(-0.,1.,-0.));
#364 = DIRECTION('',(0.,-0.,-1.));
#365 = PCURVE('',#32,#366);
#366 = DEFINITIONAL_REPRESENTATION('',(#367),#375);
#367 = ( BOUNDED_CURVE() B_SPLINE_CURVE(2,(#368,#369,#370,#371,#372,#373
,#374),.UNSPECIFIED.,.T.,.F.) B_SPLINE_CURVE_WITH_KNOTS((1,2,2,2,2,1),(
    -2.094395102393,0.,2.094395102393,4.188790204786,6.28318530718,
8.377580409573),.UNSPECIFIED.) CURVE() GEOMETRIC_REPRESENTATION_ITEM() 
RATIONAL_B_SPLINE_CURVE((1.,0.5,1.,0.5,1.,0.5,1.)) REPRESENTATION_ITEM(
  '') );
#368 = CARTESIAN_POINT('',(32.935,-5.));
#369 = CARTESIAN_POINT('',(35.515755703278,-5.));
#370 = CARTESIAN_POINT('',(34.225377851639,-7.235));
#371 = CARTESIAN_POINT('',(32.935,-9.47));
#372 = CARTESIAN_POINT('',(31.644622148361,-7.235));
#373 = CARTESIAN_POINT('',(30.354244296723,-5.));
#374 = CARTESIAN_POINT('',(32.935,-5.));
#375 = ( GEOMETRIC_REPRESENTATION_CONTEXT(2) 
PARAMETRIC_REPRESENTATION_CONTEXT() REPRESENTATION_CONTEXT('2D SPACE',''
  ) );
#376 = PCURVE('',#377,#382);
#377 = CYLINDRICAL_SURFACE('',#378,1.49);
#378 = AXIS2_PLACEMENT_3D('',#379,#380,#381);
#379 = CARTESIAN_POINT('',(-12.81,9.3,6.49));
#380 = DIRECTION('',(-0.,1.,-0.));
#381 = DIRECTION('',(-0.,-0.,-1.));
#382 = DEFINITIONAL_REPRESENTATION('',(#383),#387);
#383 = LINE('',#384,#385);
#384 = CARTESIAN_POINT('',(0.,4.55));
#385 = VECTOR('',#386,1.);
#386 = DIRECTION('',(1.,0.));
#387 = ( GEOMETRIC_REPRESENTATION_CONTEXT(2) 
PARAMETRIC_REPRESENTATION_CONTEXT() REPRESENTATION_CONTEXT('2D SPACE',''
  ) );
#388 = ORIENTED_EDGE('',*,*,#389,.F.);
#389 = EDGE_CURVE('',#390,#357,#392,.T.);
#390 = VERTEX_POINT('',#391);
#391 = CARTESIAN_POINT('',(-14.3,13.85,11.));
#392 = SURFACE_CURVE('',#393,(#397,#403),.PCURVE_S1.);
#393 = LINE('',#394,#395);
#394 = CARTESIAN_POINT('',(-14.3,13.85,2.5));
#395 = VECTOR('',#396,1.);
#396 = DIRECTION('',(-0.,-0.,-1.));
#397 = PCURVE('',#32,#398);
#398 = DEFINITIONAL_REPRESENTATION('',(#399),#402);
#399 = B_SPLINE_CURVE_WITH_KNOTS('',1,(#400,#401),.UNSPECIFIED.,.F.,.F.,
  (2,2),(-8.5,-3.99),.PIECEWISE_BEZIER_KNOTS.);
#400 = CARTESIAN_POINT('',(34.425,-11.));
#401 = CARTESIAN_POINT('',(34.425,-6.49));
#402 = ( GEOMETRIC_REPRESENTATION_CONTEXT(2) 
PARAMETRIC_REPRESENTATION_CONTEXT() REPRESENTATION_CONTEXT('2D SPACE',''
  ) );
#403 = PCURVE('',#404,#409);
#404 = PLANE('',#405);
#405 = AXIS2_PLACEMENT_3D('',#406,#407,#408);
#406 = CARTESIAN_POINT('',(-14.3,6.8,5.));
#407 = DIRECTION('',(1.,-0.,-0.));
#408 = DIRECTION('',(0.,-1.,0.));
#409 = DEFINITIONAL_REPRESENTATION('',(#410),#413);
#410 = B_SPLINE_CURVE_WITH_KNOTS('',1,(#411,#412),.UNSPECIFIED.,.F.,.F.,
  (2,2),(-8.5,-3.99),.PIECEWISE_BEZIER_KNOTS.);
#411 = CARTESIAN_POINT('',(-7.05,-6.));
#412 = CARTESIAN_POINT('',(-7.05,-1.49));
#413 = ( GEOMETRIC_REPRESENTATION_CONTEXT(2) 
PARAMETRIC_REPRESENTATION_CONTEXT() REPRESENTATION_CONTEXT('2D SPACE',''
  ) );
#414 = ORIENTED_EDGE('',*,*,#415,.T.);
#415 = EDGE_CURVE('',#390,#416,#418,.T.);
#416 = VERTEX_POINT('',#417);
#417 = CARTESIAN_POINT('',(-16.125,13.85,11.));
#418 = SURFACE_CURVE('',#419,(#423,#429),.PCURVE_S1.);
#419 = LINE('',#420,#421);
#420 = CARTESIAN_POINT('',(10.0625,13.85,11.));
#421 = VECTOR('',#422,1.);
#422 = DIRECTION('',(-1.,0.,0.));
#423 = PCURVE('',#32,#424);
#424 = DEFINITIONAL_REPRESENTATION('',(#425),#428);
#425 = B_SPLINE_CURVE_WITH_KNOTS('',1,(#426,#427),.UNSPECIFIED.,.F.,.F.,
  (2,2),(-6.0625,26.1875),.PIECEWISE_BEZIER_KNOTS.);
#426 = CARTESIAN_POINT('',(4.,-11.));
#427 = CARTESIAN_POINT('',(36.250000000001,-11.));
#428 = ( GEOMETRIC_REPRESENTATION_CONTEXT(2) 
PARAMETRIC_REPRESENTATION_CONTEXT() REPRESENTATION_CONTEXT('2D SPACE',''
  ) );
#429 = PCURVE('',#430,#435);
#430 = PLANE('',#431);
#431 = AXIS2_PLACEMENT_3D('',#432,#433,#434);
#432 = CARTESIAN_POINT('',(0.,0.,11.));
#433 = DIRECTION('',(0.,0.,1.));
#434 = DIRECTION('',(1.,0.,-0.));
#435 = DEFINITIONAL_REPRESENTATION('',(#436),#439);
#436 = B_SPLINE_CURVE_WITH_KNOTS('',1,(#437,#438),.UNSPECIFIED.,.F.,.F.,
  (2,2),(-6.0625,26.1875),.PIECEWISE_BEZIER_KNOTS.);
#437 = CARTESIAN_POINT('',(16.125,13.85));
#438 = CARTESIAN_POINT('',(-16.125,13.85));
#439 = ( GEOMETRIC_REPRESENTATION_CONTEXT(2) 
PARAMETRIC_REPRESENTATION_CONTEXT() REPRESENTATION_CONTEXT('2D SPACE',''
  ) );
#440 = ORIENTED_EDGE('',*,*,#441,.F.);
#441 = EDGE_CURVE('',#442,#416,#444,.T.);
#442 = VERTEX_POINT('',#443);
#443 = CARTESIAN_POINT('',(-16.125,13.85,4.));
#444 = SURFACE_CURVE('',#445,(#449,#456),.PCURVE_S1.);
#445 = LINE('',#446,#447);
#446 = CARTESIAN_POINT('',(-16.125,13.85,0.));
#447 = VECTOR('',#448,1.);
#448 = DIRECTION('',(0.,0.,1.));
#449 = PCURVE('',#32,#450);
#450 = DEFINITIONAL_REPRESENTATION('',(#451),#455);
#451 = LINE('',#452,#453);
#452 = CARTESIAN_POINT('',(36.250000000001,0.));
#453 = VECTOR('',#454,1.);
#454 = DIRECTION('',(0.,-1.));
#455 = ( GEOMETRIC_REPRESENTATION_CONTEXT(2) 
PARAMETRIC_REPRESENTATION_CONTEXT() REPRESENTATION_CONTEXT('2D SPACE',''
  ) );
#456 = PCURVE('',#457,#462);
#457 = CYLINDRICAL_SURFACE('',#458,4.);
#458 = AXIS2_PLACEMENT_3D('',#459,#460,#461);
#459 = CARTESIAN_POINT('',(-16.125,9.85,0.));
#460 = DIRECTION('',(0.,0.,1.));
#461 = DIRECTION('',(-1.,0.,0.));
#462 = DEFINITIONAL_REPRESENTATION('',(#463),#467);
#463 = LINE('',#464,#465);
#464 = CARTESIAN_POINT('',(-1.570796326795,0.));
#465 = VECTOR('',#466,1.);
#466 = DIRECTION('',(-0.,1.));
#467 = ( GEOMETRIC_REPRESENTATION_CONTEXT(2) 
PARAMETRIC_REPRESENTATION_CONTEXT() REPRESENTATION_CONTEXT('2D SPACE',''
  ) );
#468 = ORIENTED_EDGE('',*,*,#469,.F.);
#469 = EDGE_CURVE('',#470,#442,#472,.T.);
#470 = VERTEX_POINT('',#471);
#471 = CARTESIAN_POINT('',(-7.45,13.85,4.));
#472 = SURFACE_CURVE('',#473,(#477,#483),.PCURVE_S1.);
#473 = LINE('',#474,#475);
#474 = CARTESIAN_POINT('',(10.0625,13.85,4.));
#475 = VECTOR('',#476,1.);
#476 = DIRECTION('',(-1.,0.,0.));
#477 = PCURVE('',#32,#478);
#478 = DEFINITIONAL_REPRESENTATION('',(#479),#482);
#479 = B_SPLINE_CURVE_WITH_KNOTS('',1,(#480,#481),.UNSPECIFIED.,.F.,.F.,
  (2,2),(-6.0625,26.1875),.PIECEWISE_BEZIER_KNOTS.);
#480 = CARTESIAN_POINT('',(4.,-4.));
#481 = CARTESIAN_POINT('',(36.250000000001,-4.));
#482 = ( GEOMETRIC_REPRESENTATION_CONTEXT(2) 
PARAMETRIC_REPRESENTATION_CONTEXT() REPRESENTATION_CONTEXT('2D SPACE',''
  ) );
#483 = PCURVE('',#43,#484);
#484 = DEFINITIONAL_REPRESENTATION('',(#485),#489);
#485 = LINE('',#486,#487);
#486 = CARTESIAN_POINT('',(10.0625,13.85));
#487 = VECTOR('',#488,1.);
#488 = DIRECTION('',(-1.,0.));
#489 = ( GEOMETRIC_REPRESENTATION_CONTEXT(2) 
PARAMETRIC_REPRESENTATION_CONTEXT() REPRESENTATION_CONTEXT('2D SPACE',''
  ) );
#490 = ORIENTED_EDGE('',*,*,#491,.T.);
#491 = EDGE_CURVE('',#470,#492,#494,.T.);
#492 = VERTEX_POINT('',#493);
#493 = CARTESIAN_POINT('',(-7.45,13.85,5.));
#494 = SURFACE_CURVE('',#495,(#499,#505),.PCURVE_S1.);
#495 = LINE('',#496,#497);
#496 = CARTESIAN_POINT('',(-7.45,13.85,2.));
#497 = VECTOR('',#498,1.);
#498 = DIRECTION('',(0.,0.,1.));
#499 = PCURVE('',#32,#500);
#500 = DEFINITIONAL_REPRESENTATION('',(#501),#504);
#501 = B_SPLINE_CURVE_WITH_KNOTS('',1,(#502,#503),.UNSPECIFIED.,.F.,.F.,
  (2,2),(2.,3.),.PIECEWISE_BEZIER_KNOTS.);
#502 = CARTESIAN_POINT('',(27.575,-4.));
#503 = CARTESIAN_POINT('',(27.575,-5.));
#504 = ( GEOMETRIC_REPRESENTATION_CONTEXT(2) 
PARAMETRIC_REPRESENTATION_CONTEXT() REPRESENTATION_CONTEXT('2D SPACE',''
  ) );
#505 = PCURVE('',#506,#511);
#506 = PLANE('',#507);
#507 = AXIS2_PLACEMENT_3D('',#508,#509,#510);
#508 = CARTESIAN_POINT('',(-7.45,9.123618653648E-16,4.));
#509 = DIRECTION('',(1.,-1.224646799147E-16,0.));
#510 = DIRECTION('',(0.,0.,1.));
#511 = DEFINITIONAL_REPRESENTATION('',(#512),#515);
#512 = B_SPLINE_CURVE_WITH_KNOTS('',1,(#513,#514),.UNSPECIFIED.,.F.,.F.,
  (2,2),(2.,3.),.PIECEWISE_BEZIER_KNOTS.);
#513 = CARTESIAN_POINT('',(0.,-13.85));
#514 = CARTESIAN_POINT('',(1.,-13.85));
#515 = ( GEOMETRIC_REPRESENTATION_CONTEXT(2) 
PARAMETRIC_REPRESENTATION_CONTEXT() REPRESENTATION_CONTEXT('2D SPACE',''
  ) );
#516 = ORIENTED_EDGE('',*,*,#517,.T.);
#517 = EDGE_CURVE('',#492,#518,#520,.T.);
#518 = VERTEX_POINT('',#519);
#519 = CARTESIAN_POINT('',(-6.95,13.85,5.5));
#520 = SURFACE_CURVE('',#521,(#525,#531),.PCURVE_S1.);
#521 = LINE('',#522,#523);
#522 = CARTESIAN_POINT('',(-1.68125,13.85,10.76875));
#523 = VECTOR('',#524,1.);
#524 = DIRECTION('',(0.707106781187,0.,0.707106781187));
#525 = PCURVE('',#32,#526);
#526 = DEFINITIONAL_REPRESENTATION('',(#527),#530);
#527 = B_SPLINE_CURVE_WITH_KNOTS('',1,(#528,#529),.UNSPECIFIED.,.F.,.F.,
  (2,2),(-8.15824448794,-7.451137706753),.PIECEWISE_BEZIER_KNOTS.);
#528 = CARTESIAN_POINT('',(27.575,-5.));
#529 = CARTESIAN_POINT('',(27.075,-5.5));
#530 = ( GEOMETRIC_REPRESENTATION_CONTEXT(2) 
PARAMETRIC_REPRESENTATION_CONTEXT() REPRESENTATION_CONTEXT('2D SPACE',''
  ) );
#531 = PCURVE('',#532,#537);
#532 = PLANE('',#533);
#533 = AXIS2_PLACEMENT_3D('',#534,#535,#536);
#534 = CARTESIAN_POINT('',(-7.2,8.817456953861E-16,5.25));
#535 = DIRECTION('',(-0.707106781187,8.659560562355E-17,0.707106781187)
  );
#536 = DIRECTION('',(-1.224646799147E-16,-1.,-0.));
#537 = DEFINITIONAL_REPRESENTATION('',(#538),#541);
#538 = B_SPLINE_CURVE_WITH_KNOTS('',1,(#539,#540),.UNSPECIFIED.,.F.,.F.,
  (2,2),(-8.15824448794,-7.451137706753),.PIECEWISE_BEZIER_KNOTS.);
#539 = CARTESIAN_POINT('',(-13.85,-0.353553390593));
#540 = CARTESIAN_POINT('',(-13.85,0.353553390593));
#541 = ( GEOMETRIC_REPRESENTATION_CONTEXT(2) 
PARAMETRIC_REPRESENTATION_CONTEXT() REPRESENTATION_CONTEXT('2D SPACE',''
  ) );
#542 = ORIENTED_EDGE('',*,*,#543,.T.);
#543 = EDGE_CURVE('',#518,#544,#546,.T.);
#544 = VERTEX_POINT('',#545);
#545 = CARTESIAN_POINT('',(-6.45,13.85,5.5));
#546 = SURFACE_CURVE('',#547,(#551,#557),.PCURVE_S1.);
#547 = LINE('',#548,#549);
#548 = CARTESIAN_POINT('',(6.3375,13.85,5.5));
#549 = VECTOR('',#550,1.);
#550 = DIRECTION('',(1.,0.,0.));
#551 = PCURVE('',#32,#552);
#552 = DEFINITIONAL_REPRESENTATION('',(#553),#556);
#553 = B_SPLINE_CURVE_WITH_KNOTS('',1,(#554,#555),.UNSPECIFIED.,.F.,.F.,
  (2,2),(-13.2875,-12.7875),.PIECEWISE_BEZIER_KNOTS.);
#554 = CARTESIAN_POINT('',(27.075,-5.5));
#555 = CARTESIAN_POINT('',(26.575,-5.5));
#556 = ( GEOMETRIC_REPRESENTATION_CONTEXT(2) 
PARAMETRIC_REPRESENTATION_CONTEXT() REPRESENTATION_CONTEXT('2D SPACE',''
  ) );
#557 = PCURVE('',#558,#563);
#558 = PLANE('',#559);
#559 = AXIS2_PLACEMENT_3D('',#560,#561,#562);
#560 = CARTESIAN_POINT('',(-7.45,9.123618653648E-16,5.5));
#561 = DIRECTION('',(0.,0.,-1.));
#562 = DIRECTION('',(1.,-1.224646799147E-16,0.));
#563 = DEFINITIONAL_REPRESENTATION('',(#564),#567);
#564 = B_SPLINE_CURVE_WITH_KNOTS('',1,(#565,#566),.UNSPECIFIED.,.F.,.F.,
  (2,2),(-13.2875,-12.7875),.PIECEWISE_BEZIER_KNOTS.);
#565 = CARTESIAN_POINT('',(0.5,-13.85));
#566 = CARTESIAN_POINT('',(1.,-13.85));
#567 = ( GEOMETRIC_REPRESENTATION_CONTEXT(2) 
PARAMETRIC_REPRESENTATION_CONTEXT() REPRESENTATION_CONTEXT('2D SPACE',''
  ) );
#568 = ORIENTED_EDGE('',*,*,#569,.T.);
#569 = EDGE_CURVE('',#544,#570,#572,.T.);
#570 = VERTEX_POINT('',#571);
#571 = CARTESIAN_POINT('',(-5.95,13.85,5.));
#572 = SURFACE_CURVE('',#573,(#577,#583),.PCURVE_S1.);
#573 = LINE('',#574,#575);
#574 = CARTESIAN_POINT('',(1.69375,13.85,-2.64375));
#575 = VECTOR('',#576,1.);
#576 = DIRECTION('',(0.707106781187,0.,-0.707106781187));
#577 = PCURVE('',#32,#578);
#578 = DEFINITIONAL_REPRESENTATION('',(#579),#582);
#579 = B_SPLINE_CURVE_WITH_KNOTS('',1,(#580,#581),.UNSPECIFIED.,.F.,.F.,
  (2,2),(-11.51700169857,-10.80989491738),.PIECEWISE_BEZIER_KNOTS.);
#580 = CARTESIAN_POINT('',(26.575,-5.5));
#581 = CARTESIAN_POINT('',(26.075,-5.));
#582 = ( GEOMETRIC_REPRESENTATION_CONTEXT(2) 
PARAMETRIC_REPRESENTATION_CONTEXT() REPRESENTATION_CONTEXT('2D SPACE',''
  ) );
#583 = PCURVE('',#584,#589);
#584 = PLANE('',#585);
#585 = AXIS2_PLACEMENT_3D('',#586,#587,#588);
#586 = CARTESIAN_POINT('',(-6.2,7.592810154714E-16,5.25));
#587 = DIRECTION('',(0.707106781187,-8.659560562355E-17,0.707106781187)
  );
#588 = DIRECTION('',(-1.224646799147E-16,-1.,-0.));
#589 = DEFINITIONAL_REPRESENTATION('',(#590),#593);
#590 = B_SPLINE_CURVE_WITH_KNOTS('',1,(#591,#592),.UNSPECIFIED.,.F.,.F.,
  (2,2),(-11.51700169857,-10.80989491738),.PIECEWISE_BEZIER_KNOTS.);
#591 = CARTESIAN_POINT('',(-13.85,-0.353553390593));
#592 = CARTESIAN_POINT('',(-13.85,0.353553390593));
#593 = ( GEOMETRIC_REPRESENTATION_CONTEXT(2) 
PARAMETRIC_REPRESENTATION_CONTEXT() REPRESENTATION_CONTEXT('2D SPACE',''
  ) );
#594 = ORIENTED_EDGE('',*,*,#595,.T.);
#595 = EDGE_CURVE('',#570,#596,#598,.T.);
#596 = VERTEX_POINT('',#597);
#597 = CARTESIAN_POINT('',(-5.95,13.85,4.));
#598 = SURFACE_CURVE('',#599,(#603,#609),.PCURVE_S1.);
#599 = LINE('',#600,#601);
#600 = CARTESIAN_POINT('',(-5.95,13.85,2.75));
#601 = VECTOR('',#602,1.);
#602 = DIRECTION('',(-0.,-0.,-1.));
#603 = PCURVE('',#32,#604);
#604 = DEFINITIONAL_REPRESENTATION('',(#605),#608);
#605 = B_SPLINE_CURVE_WITH_KNOTS('',1,(#606,#607),.UNSPECIFIED.,.F.,.F.,
  (2,2),(-2.25,-1.25),.PIECEWISE_BEZIER_KNOTS.);
#606 = CARTESIAN_POINT('',(26.075,-5.));
#607 = CARTESIAN_POINT('',(26.075,-4.));
#608 = ( GEOMETRIC_REPRESENTATION_CONTEXT(2) 
PARAMETRIC_REPRESENTATION_CONTEXT() REPRESENTATION_CONTEXT('2D SPACE',''
  ) );
#609 = PCURVE('',#610,#615);
#610 = PLANE('',#611);
#611 = AXIS2_PLACEMENT_3D('',#612,#613,#614);
#612 = CARTESIAN_POINT('',(-5.95,7.286648454927E-16,5.5));
#613 = DIRECTION('',(-1.,1.224646799147E-16,0.));
#614 = DIRECTION('',(-0.,0.,-1.));
#615 = DEFINITIONAL_REPRESENTATION('',(#616),#619);
#616 = B_SPLINE_CURVE_WITH_KNOTS('',1,(#617,#618),.UNSPECIFIED.,.F.,.F.,
  (2,2),(-2.25,-1.25),.PIECEWISE_BEZIER_KNOTS.);
#617 = CARTESIAN_POINT('',(0.5,-13.85));
#618 = CARTESIAN_POINT('',(1.5,-13.85));
#619 = ( GEOMETRIC_REPRESENTATION_CONTEXT(2) 
PARAMETRIC_REPRESENTATION_CONTEXT() REPRESENTATION_CONTEXT('2D SPACE',''
  ) );
#620 = ORIENTED_EDGE('',*,*,#621,.F.);
#621 = EDGE_CURVE('',#622,#596,#624,.T.);
#622 = VERTEX_POINT('',#623);
#623 = CARTESIAN_POINT('',(-4.,13.85,4.));
#624 = SURFACE_CURVE('',#625,(#629,#635),.PCURVE_S1.);
#625 = LINE('',#626,#627);
#626 = CARTESIAN_POINT('',(10.0625,13.85,4.));
#627 = VECTOR('',#628,1.);
#628 = DIRECTION('',(-1.,0.,0.));
#629 = PCURVE('',#32,#630);
#630 = DEFINITIONAL_REPRESENTATION('',(#631),#634);
#631 = B_SPLINE_CURVE_WITH_KNOTS('',1,(#632,#633),.UNSPECIFIED.,.F.,.F.,
  (2,2),(-6.0625,26.1875),.PIECEWISE_BEZIER_KNOTS.);
#632 = CARTESIAN_POINT('',(4.,-4.));
#633 = CARTESIAN_POINT('',(36.250000000001,-4.));
#634 = ( GEOMETRIC_REPRESENTATION_CONTEXT(2) 
PARAMETRIC_REPRESENTATION_CONTEXT() REPRESENTATION_CONTEXT('2D SPACE',''
  ) );
#635 = PCURVE('',#636,#641);
#636 = PLANE('',#637);
#637 = AXIS2_PLACEMENT_3D('',#638,#639,#640);
#638 = CARTESIAN_POINT('',(0.,0.,4.));
#639 = DIRECTION('',(0.,0.,1.));
#640 = DIRECTION('',(1.,0.,-0.));
#641 = DEFINITIONAL_REPRESENTATION('',(#642),#646);
#642 = LINE('',#643,#644);
#643 = CARTESIAN_POINT('',(10.0625,13.85));
#644 = VECTOR('',#645,1.);
#645 = DIRECTION('',(-1.,0.));
#646 = ( GEOMETRIC_REPRESENTATION_CONTEXT(2) 
PARAMETRIC_REPRESENTATION_CONTEXT() REPRESENTATION_CONTEXT('2D SPACE',''
  ) );
#647 = ORIENTED_EDGE('',*,*,#648,.T.);
#648 = EDGE_CURVE('',#622,#649,#651,.T.);
#649 = VERTEX_POINT('',#650);
#650 = CARTESIAN_POINT('',(-4.,13.85,6.6));
#651 = SURFACE_CURVE('',#652,(#656,#662),.PCURVE_S1.);
#652 = LINE('',#653,#654);
#653 = CARTESIAN_POINT('',(-4.,13.85,2.));
#654 = VECTOR('',#655,1.);
#655 = DIRECTION('',(0.,0.,1.));
#656 = PCURVE('',#32,#657);
#657 = DEFINITIONAL_REPRESENTATION('',(#658),#661);
#658 = B_SPLINE_CURVE_WITH_KNOTS('',1,(#659,#660),.UNSPECIFIED.,.F.,.F.,
  (2,2),(2.,4.6),.PIECEWISE_BEZIER_KNOTS.);
#659 = CARTESIAN_POINT('',(24.125,-4.));
#660 = CARTESIAN_POINT('',(24.125,-6.6));
#661 = ( GEOMETRIC_REPRESENTATION_CONTEXT(2) 
PARAMETRIC_REPRESENTATION_CONTEXT() REPRESENTATION_CONTEXT('2D SPACE',''
  ) );
#662 = PCURVE('',#663,#668);
#663 = PLANE('',#664);
#664 = AXIS2_PLACEMENT_3D('',#665,#666,#667);
#665 = CARTESIAN_POINT('',(-4.,4.898587196589E-16,4.));
#666 = DIRECTION('',(1.,-1.224646799147E-16,0.));
#667 = DIRECTION('',(0.,0.,1.));
#668 = DEFINITIONAL_REPRESENTATION('',(#669),#672);
#669 = B_SPLINE_CURVE_WITH_KNOTS('',1,(#670,#671),.UNSPECIFIED.,.F.,.F.,
  (2,2),(2.,4.6),.PIECEWISE_BEZIER_KNOTS.);
#670 = CARTESIAN_POINT('',(0.,-13.85));
#671 = CARTESIAN_POINT('',(2.6,-13.85));
#672 = ( GEOMETRIC_REPRESENTATION_CONTEXT(2) 
PARAMETRIC_REPRESENTATION_CONTEXT() REPRESENTATION_CONTEXT('2D SPACE',''
  ) );
#673 = ORIENTED_EDGE('',*,*,#674,.T.);
#674 = EDGE_CURVE('',#649,#675,#677,.T.);
#675 = VERTEX_POINT('',#676);
#676 = CARTESIAN_POINT('',(-3.,13.85,7.6));
#677 = SURFACE_CURVE('',#678,(#682,#688),.PCURVE_S1.);
#678 = LINE('',#679,#680);
#679 = CARTESIAN_POINT('',(0.63125,13.85,11.23125));
#680 = VECTOR('',#681,1.);
#681 = DIRECTION('',(0.707106781187,0.,0.707106781187));
#682 = PCURVE('',#32,#683);
#683 = DEFINITIONAL_REPRESENTATION('',(#684),#687);
#684 = B_SPLINE_CURVE_WITH_KNOTS('',1,(#685,#686),.UNSPECIFIED.,.F.,.F.,
  (2,2),(-6.54957656074,-5.135362998367),.PIECEWISE_BEZIER_KNOTS.);
#685 = CARTESIAN_POINT('',(24.125,-6.6));
#686 = CARTESIAN_POINT('',(23.125,-7.6));
#687 = ( GEOMETRIC_REPRESENTATION_CONTEXT(2) 
PARAMETRIC_REPRESENTATION_CONTEXT() REPRESENTATION_CONTEXT('2D SPACE',''
  ) );
#688 = PCURVE('',#689,#694);
#689 = PLANE('',#690);
#690 = AXIS2_PLACEMENT_3D('',#691,#692,#693);
#691 = CARTESIAN_POINT('',(-3.5,4.286263797016E-16,7.1));
#692 = DIRECTION('',(-0.707106781187,8.659560562355E-17,0.707106781187)
  );
#693 = DIRECTION('',(-1.224646799147E-16,-1.,-0.));
#694 = DEFINITIONAL_REPRESENTATION('',(#695),#698);
#695 = B_SPLINE_CURVE_WITH_KNOTS('',1,(#696,#697),.UNSPECIFIED.,.F.,.F.,
  (2,2),(-6.54957656074,-5.135362998367),.PIECEWISE_BEZIER_KNOTS.);
#696 = CARTESIAN_POINT('',(-13.85,-0.707106781187));
#697 = CARTESIAN_POINT('',(-13.85,0.707106781187));
#698 = ( GEOMETRIC_REPRESENTATION_CONTEXT(2) 
PARAMETRIC_REPRESENTATION_CONTEXT() REPRESENTATION_CONTEXT('2D SPACE',''
  ) );
#699 = ORIENTED_EDGE('',*,*,#700,.T.);
#700 = EDGE_CURVE('',#675,#701,#703,.T.);
#701 = VERTEX_POINT('',#702);
#702 = CARTESIAN_POINT('',(4.,13.85,7.6));
#703 = SURFACE_CURVE('',#704,(#708,#714),.PCURVE_S1.);
#704 = LINE('',#705,#706);
#705 = CARTESIAN_POINT('',(8.0625,13.85,7.6));
#706 = VECTOR('',#707,1.);
#707 = DIRECTION('',(1.,0.,0.));
#708 = PCURVE('',#32,#709);
#709 = DEFINITIONAL_REPRESENTATION('',(#710),#713);
#710 = B_SPLINE_CURVE_WITH_KNOTS('',1,(#711,#712),.UNSPECIFIED.,.F.,.F.,
  (2,2),(-11.0625,-4.0625),.PIECEWISE_BEZIER_KNOTS.);
#711 = CARTESIAN_POINT('',(23.125,-7.6));
#712 = CARTESIAN_POINT('',(16.125,-7.6));
#713 = ( GEOMETRIC_REPRESENTATION_CONTEXT(2) 
PARAMETRIC_REPRESENTATION_CONTEXT() REPRESENTATION_CONTEXT('2D SPACE',''
  ) );
#714 = PCURVE('',#715,#720);
#715 = PLANE('',#716);
#716 = AXIS2_PLACEMENT_3D('',#717,#718,#719);
#717 = CARTESIAN_POINT('',(-4.,4.898587196589E-16,7.6));
#718 = DIRECTION('',(0.,0.,-1.));
#719 = DIRECTION('',(1.,-1.224646799147E-16,0.));
#720 = DEFINITIONAL_REPRESENTATION('',(#721),#724);
#721 = B_SPLINE_CURVE_WITH_KNOTS('',1,(#722,#723),.UNSPECIFIED.,.F.,.F.,
  (2,2),(-11.0625,-4.0625),.PIECEWISE_BEZIER_KNOTS.);
#722 = CARTESIAN_POINT('',(1.,-13.85));
#723 = CARTESIAN_POINT('',(8.,-13.85));
#724 = ( GEOMETRIC_REPRESENTATION_CONTEXT(2) 
PARAMETRIC_REPRESENTATION_CONTEXT() REPRESENTATION_CONTEXT('2D SPACE',''
  ) );
#725 = ORIENTED_EDGE('',*,*,#726,.T.);
#726 = EDGE_CURVE('',#701,#727,#729,.T.);
#727 = VERTEX_POINT('',#728);
#728 = CARTESIAN_POINT('',(5.,13.85,6.6));
#729 = SURFACE_CURVE('',#730,(#734,#740),.PCURVE_S1.);
#730 = LINE('',#731,#732);
#731 = CARTESIAN_POINT('',(10.18125,13.85,1.41875));
#732 = VECTOR('',#733,1.);
#733 = DIRECTION('',(0.707106781187,0.,-0.707106781187));
#734 = PCURVE('',#32,#735);
#735 = DEFINITIONAL_REPRESENTATION('',(#736),#739);
#736 = B_SPLINE_CURVE_WITH_KNOTS('',1,(#737,#738),.UNSPECIFIED.,.F.,.F.,
  (2,2),(-8.741607582419,-7.327394020046),.PIECEWISE_BEZIER_KNOTS.);
#737 = CARTESIAN_POINT('',(16.125,-7.6));
#738 = CARTESIAN_POINT('',(15.125,-6.6));
#739 = ( GEOMETRIC_REPRESENTATION_CONTEXT(2) 
PARAMETRIC_REPRESENTATION_CONTEXT() REPRESENTATION_CONTEXT('2D SPACE',''
  ) );
#740 = PCURVE('',#741,#746);
#741 = PLANE('',#742);
#742 = AXIS2_PLACEMENT_3D('',#743,#744,#745);
#743 = CARTESIAN_POINT('',(4.5,-5.510910596163E-16,7.1));
#744 = DIRECTION('',(0.707106781187,-8.659560562355E-17,0.707106781187)
  );
#745 = DIRECTION('',(-1.224646799147E-16,-1.,-0.));
#746 = DEFINITIONAL_REPRESENTATION('',(#747),#750);
#747 = B_SPLINE_CURVE_WITH_KNOTS('',1,(#748,#749),.UNSPECIFIED.,.F.,.F.,
  (2,2),(-8.741607582419,-7.327394020046),.PIECEWISE_BEZIER_KNOTS.);
#748 = CARTESIAN_POINT('',(-13.85,-0.707106781187));
#749 = CARTESIAN_POINT('',(-13.85,0.707106781187));
#750 = ( GEOMETRIC_REPRESENTATION_CONTEXT(2) 
PARAMETRIC_REPRESENTATION_CONTEXT() REPRESENTATION_CONTEXT('2D SPACE',''
  ) );
#751 = ORIENTED_EDGE('',*,*,#752,.T.);
#752 = EDGE_CURVE('',#727,#24,#753,.T.);
#753 = SURFACE_CURVE('',#754,(#758,#764),.PCURVE_S1.);
#754 = LINE('',#755,#756);
#755 = CARTESIAN_POINT('',(5.,13.85,3.8));
#756 = VECTOR('',#757,1.);
#757 = DIRECTION('',(-0.,-0.,-1.));
#758 = PCURVE('',#32,#759);
#759 = DEFINITIONAL_REPRESENTATION('',(#760),#763);
#760 = B_SPLINE_CURVE_WITH_KNOTS('',1,(#761,#762),.UNSPECIFIED.,.F.,.F.,
  (2,2),(-2.8,-0.2),.PIECEWISE_BEZIER_KNOTS.);
#761 = CARTESIAN_POINT('',(15.125,-6.6));
#762 = CARTESIAN_POINT('',(15.125,-4.));
#763 = ( GEOMETRIC_REPRESENTATION_CONTEXT(2) 
PARAMETRIC_REPRESENTATION_CONTEXT() REPRESENTATION_CONTEXT('2D SPACE',''
  ) );
#764 = PCURVE('',#765,#770);
#765 = PLANE('',#766);
#766 = AXIS2_PLACEMENT_3D('',#767,#768,#769);
#767 = CARTESIAN_POINT('',(5.,-6.123233995737E-16,7.6));
#768 = DIRECTION('',(-1.,1.224646799147E-16,0.));
#769 = DIRECTION('',(-0.,0.,-1.));
#770 = DEFINITIONAL_REPRESENTATION('',(#771),#774);
#771 = B_SPLINE_CURVE_WITH_KNOTS('',1,(#772,#773),.UNSPECIFIED.,.F.,.F.,
  (2,2),(-2.8,-0.2),.PIECEWISE_BEZIER_KNOTS.);
#772 = CARTESIAN_POINT('',(1.,-13.85));
#773 = CARTESIAN_POINT('',(3.6,-13.85));
#774 = ( GEOMETRIC_REPRESENTATION_CONTEXT(2) 
PARAMETRIC_REPRESENTATION_CONTEXT() REPRESENTATION_CONTEXT('2D SPACE',''
  ) );
#775 = ADVANCED_FACE('',(#776,#1938,#1969,#2000,#2031),#43,.F.);
#776 = FACE_BOUND('',#777,.F.);
#777 = EDGE_LOOP('',(#778,#807,#829,#830,#853,#880,#913,#946,#973,#1006,
    #1033,#1066,#1099,#1126,#1159,#1186,#1219,#1246,#1279,#1312,#1339,
    #1372,#1399,#1432,#1454,#1475,#1476,#1500,#1527,#1635,#1664,#1691,
    #1720,#1747,#1776,#1803,#1832));
#778 = ORIENTED_EDGE('',*,*,#779,.T.);
#779 = EDGE_CURVE('',#780,#782,#784,.T.);
#780 = VERTEX_POINT('',#781);
#781 = CARTESIAN_POINT('',(20.125,-13.81943954598,4.));
#782 = VERTEX_POINT('',#783);
#783 = CARTESIAN_POINT('',(20.125,9.85,4.));
#784 = SURFACE_CURVE('',#785,(#789,#796),.PCURVE_S1.);
#785 = LINE('',#786,#787);
#786 = CARTESIAN_POINT('',(20.125,-8.925,4.));
#787 = VECTOR('',#788,1.);
#788 = DIRECTION('',(0.,1.,-0.));
#789 = PCURVE('',#43,#790);
#790 = DEFINITIONAL_REPRESENTATION('',(#791),#795);
#791 = LINE('',#792,#793);
#792 = CARTESIAN_POINT('',(20.125,-8.925));
#793 = VECTOR('',#794,1.);
#794 = DIRECTION('',(0.,1.));
#795 = ( GEOMETRIC_REPRESENTATION_CONTEXT(2) 
PARAMETRIC_REPRESENTATION_CONTEXT() REPRESENTATION_CONTEXT('2D SPACE',''
  ) );
#796 = PCURVE('',#797,#802);
#797 = PLANE('',#798);
#798 = AXIS2_PLACEMENT_3D('',#799,#800,#801);
#799 = CARTESIAN_POINT('',(20.125,-17.85,0.));
#800 = DIRECTION('',(-1.,0.,0.));
#801 = DIRECTION('',(0.,1.,0.));
#802 = DEFINITIONAL_REPRESENTATION('',(#803),#806);
#803 = B_SPLINE_CURVE_WITH_KNOTS('',1,(#804,#805),.UNSPECIFIED.,.F.,.F.,
  (2,2),(-4.894439545989,18.775),.PIECEWISE_BEZIER_KNOTS.);
#804 = CARTESIAN_POINT('',(4.030560454011,-4.));
#805 = CARTESIAN_POINT('',(27.700000000001,-4.));
#806 = ( GEOMETRIC_REPRESENTATION_CONTEXT(2) 
PARAMETRIC_REPRESENTATION_CONTEXT() REPRESENTATION_CONTEXT('2D SPACE',''
  ) );
#807 = ORIENTED_EDGE('',*,*,#808,.T.);
#808 = EDGE_CURVE('',#782,#22,#809,.T.);
#809 = SURFACE_CURVE('',#810,(#815,#822),.PCURVE_S1.);
#810 = CIRCLE('',#811,4.);
#811 = AXIS2_PLACEMENT_3D('',#812,#813,#814);
#812 = CARTESIAN_POINT('',(16.125,9.85,4.));
#813 = DIRECTION('',(0.,0.,1.));
#814 = DIRECTION('',(-0.,1.,0.));
#815 = PCURVE('',#43,#816);
#816 = DEFINITIONAL_REPRESENTATION('',(#817),#821);
#817 = CIRCLE('',#818,4.);
#818 = AXIS2_PLACEMENT_2D('',#819,#820);
#819 = CARTESIAN_POINT('',(16.125,9.85));
#820 = DIRECTION('',(0.,1.));
#821 = ( GEOMETRIC_REPRESENTATION_CONTEXT(2) 
PARAMETRIC_REPRESENTATION_CONTEXT() REPRESENTATION_CONTEXT('2D SPACE',''
  ) );
#822 = PCURVE('',#71,#823);
#823 = DEFINITIONAL_REPRESENTATION('',(#824),#828);
#824 = LINE('',#825,#826);
#825 = CARTESIAN_POINT('',(-6.28318530718,4.));
#826 = VECTOR('',#827,1.);
#827 = DIRECTION('',(1.,-0.));
#828 = ( GEOMETRIC_REPRESENTATION_CONTEXT(2) 
PARAMETRIC_REPRESENTATION_CONTEXT() REPRESENTATION_CONTEXT('2D SPACE',''
  ) );
#829 = ORIENTED_EDGE('',*,*,#21,.T.);
#830 = ORIENTED_EDGE('',*,*,#831,.F.);
#831 = EDGE_CURVE('',#832,#24,#834,.T.);
#832 = VERTEX_POINT('',#833);
#833 = CARTESIAN_POINT('',(5.,11.849226437686,4.));
#834 = SURFACE_CURVE('',#835,(#839,#846),.PCURVE_S1.);
#835 = LINE('',#836,#837);
#836 = CARTESIAN_POINT('',(5.,-6.123233995737E-16,4.));
#837 = VECTOR('',#838,1.);
#838 = DIRECTION('',(1.224646799147E-16,1.,0.));
#839 = PCURVE('',#43,#840);
#840 = DEFINITIONAL_REPRESENTATION('',(#841),#845);
#841 = LINE('',#842,#843);
#842 = CARTESIAN_POINT('',(5.,-6.123233995737E-16));
#843 = VECTOR('',#844,1.);
#844 = DIRECTION('',(1.224646799147E-16,1.));
#845 = ( GEOMETRIC_REPRESENTATION_CONTEXT(2) 
PARAMETRIC_REPRESENTATION_CONTEXT() REPRESENTATION_CONTEXT('2D SPACE',''
  ) );
#846 = PCURVE('',#765,#847);
#847 = DEFINITIONAL_REPRESENTATION('',(#848),#852);
#848 = LINE('',#849,#850);
#849 = CARTESIAN_POINT('',(3.6,-0.));
#850 = VECTOR('',#851,1.);
#851 = DIRECTION('',(0.,-1.));
#852 = ( GEOMETRIC_REPRESENTATION_CONTEXT(2) 
PARAMETRIC_REPRESENTATION_CONTEXT() REPRESENTATION_CONTEXT('2D SPACE',''
  ) );
#853 = ORIENTED_EDGE('',*,*,#854,.T.);
#854 = EDGE_CURVE('',#832,#855,#857,.T.);
#855 = VERTEX_POINT('',#856);
#856 = CARTESIAN_POINT('',(9.324992205188,11.848993000291,4.));
#857 = SURFACE_CURVE('',#858,(#862,#869),.PCURVE_S1.);
#858 = LINE('',#859,#860);
#859 = CARTESIAN_POINT('',(4.662815885313,11.849244636882,4.));
#860 = VECTOR('',#861,1.);
#861 = DIRECTION('',(0.999999998543,-5.397406128484E-05,0.));
#862 = PCURVE('',#43,#863);
#863 = DEFINITIONAL_REPRESENTATION('',(#864),#868);
#864 = LINE('',#865,#866);
#865 = CARTESIAN_POINT('',(4.662815885313,11.849244636882));
#866 = VECTOR('',#867,1.);
#867 = DIRECTION('',(0.999999998543,-5.397406128484E-05));
#868 = ( GEOMETRIC_REPRESENTATION_CONTEXT(2) 
PARAMETRIC_REPRESENTATION_CONTEXT() REPRESENTATION_CONTEXT('2D SPACE',''
  ) );
#869 = PCURVE('',#870,#875);
#870 = PLANE('',#871);
#871 = AXIS2_PLACEMENT_3D('',#872,#873,#874);
#872 = CARTESIAN_POINT('',(9.324992205188,11.848993000291,-29.25001));
#873 = DIRECTION('',(-5.397406128484E-05,-0.999999998543,0.));
#874 = DIRECTION('',(-0.999999998543,5.397406128484E-05,0.));
#875 = DEFINITIONAL_REPRESENTATION('',(#876),#879);
#876 = B_SPLINE_CURVE_WITH_KNOTS('',1,(#877,#878),.UNSPECIFIED.,.F.,.F.,
  (2,2),(-13.99488047356,4.662176326665),.PIECEWISE_BEZIER_KNOTS.);
#877 = CARTESIAN_POINT('',(18.65705680023,-33.25001));
#878 = CARTESIAN_POINT('',(0.,-33.25001));
#879 = ( GEOMETRIC_REPRESENTATION_CONTEXT(2) 
PARAMETRIC_REPRESENTATION_CONTEXT() REPRESENTATION_CONTEXT('2D SPACE',''
  ) );
#880 = ORIENTED_EDGE('',*,*,#881,.F.);
#881 = EDGE_CURVE('',#882,#855,#884,.T.);
#882 = VERTEX_POINT('',#883);
#883 = CARTESIAN_POINT('',(9.325003149415,11.848993,4.));
#884 = SURFACE_CURVE('',#885,(#890,#901),.PCURVE_S1.);
#885 = CIRCLE('',#886,0.2);
#886 = AXIS2_PLACEMENT_3D('',#887,#888,#889);
#887 = CARTESIAN_POINT('',(9.325003,12.048993,4.));
#888 = DIRECTION('',(0.,0.,-1.));
#889 = DIRECTION('',(1.,7.470757631669E-07,0.));
#890 = PCURVE('',#43,#891);
#891 = DEFINITIONAL_REPRESENTATION('',(#892),#900);
#892 = ( BOUNDED_CURVE() B_SPLINE_CURVE(2,(#893,#894,#895,#896,#897,#898
,#899),.UNSPECIFIED.,.T.,.F.) B_SPLINE_CURVE_WITH_KNOTS((1,2,2,2,2,1),(
    -2.094395102393,0.,2.094395102393,4.188790204786,6.28318530718,
8.377580409573),.UNSPECIFIED.) CURVE() GEOMETRIC_REPRESENTATION_ITEM() 
RATIONAL_B_SPLINE_CURVE((1.,0.5,1.,0.5,1.,0.5,1.)) REPRESENTATION_ITEM(
  '') );
#893 = CARTESIAN_POINT('',(9.525003,12.048993149415));
#894 = CARTESIAN_POINT('',(9.525003258795,11.702582987901));
#895 = CARTESIAN_POINT('',(9.225003129397,11.875787844536));
#896 = CARTESIAN_POINT('',(8.925003,12.04899270117));
#897 = CARTESIAN_POINT('',(9.225002870603,12.222198006049));
#898 = CARTESIAN_POINT('',(9.525002741205,12.395403310929));
#899 = CARTESIAN_POINT('',(9.525003,12.048993149415));
#900 = ( GEOMETRIC_REPRESENTATION_CONTEXT(2) 
PARAMETRIC_REPRESENTATION_CONTEXT() REPRESENTATION_CONTEXT('2D SPACE',''
  ) );
#901 = PCURVE('',#902,#907);
#902 = CYLINDRICAL_SURFACE('',#903,0.2);
#903 = AXIS2_PLACEMENT_3D('',#904,#905,#906);
#904 = CARTESIAN_POINT('',(9.325003,12.048993,-29.25001));
#905 = DIRECTION('',(0.,0.,-1.));
#906 = DIRECTION('',(1.,7.470757631669E-07,0.));
#907 = DEFINITIONAL_REPRESENTATION('',(#908),#912);
#908 = LINE('',#909,#910);
#909 = CARTESIAN_POINT('',(0.,-33.25001));
#910 = VECTOR('',#911,1.);
#911 = DIRECTION('',(1.,0.));
#912 = ( GEOMETRIC_REPRESENTATION_CONTEXT(2) 
PARAMETRIC_REPRESENTATION_CONTEXT() REPRESENTATION_CONTEXT('2D SPACE',''
  ) );
#913 = ORIENTED_EDGE('',*,*,#914,.T.);
#914 = EDGE_CURVE('',#882,#915,#917,.T.);
#915 = VERTEX_POINT('',#916);
#916 = CARTESIAN_POINT('',(10.125003,11.048993074708,4.));
#917 = SURFACE_CURVE('',#918,(#923,#934),.PCURVE_S1.);
#918 = CIRCLE('',#919,0.799999252925);
#919 = AXIS2_PLACEMENT_3D('',#920,#921,#922);
#920 = CARTESIAN_POINT('',(9.325003747075,11.048993747075,4.));
#921 = DIRECTION('',(0.,0.,-1.));
#922 = DIRECTION('',(1.,-7.470757634981E-07,0.));
#923 = PCURVE('',#43,#924);
#924 = DEFINITIONAL_REPRESENTATION('',(#925),#933);
#925 = ( BOUNDED_CURVE() B_SPLINE_CURVE(2,(#926,#927,#928,#929,#930,#931
,#932),.UNSPECIFIED.,.T.,.F.) B_SPLINE_CURVE_WITH_KNOTS((1,2,2,2,2,1),(
    -2.094395102393,0.,2.094395102393,4.188790204786,6.28318530718,
8.377580409573),.UNSPECIFIED.) CURVE() GEOMETRIC_REPRESENTATION_ITEM() 
RATIONAL_B_SPLINE_CURVE((1.,0.5,1.,0.5,1.,0.5,1.)) REPRESENTATION_ITEM(
  '') );
#926 = CARTESIAN_POINT('',(10.125003,11.048993149415));
#927 = CARTESIAN_POINT('',(10.125001964822,9.663353797332));
#928 = CARTESIAN_POINT('',(8.925003603024,10.356174369864));
#929 = CARTESIAN_POINT('',(7.725005241226,11.048994942395));
#930 = CARTESIAN_POINT('',(8.925004638202,11.741813721947));
#931 = CARTESIAN_POINT('',(10.125004035178,12.434632501498));
#932 = CARTESIAN_POINT('',(10.125003,11.048993149415));
#933 = ( GEOMETRIC_REPRESENTATION_CONTEXT(2) 
PARAMETRIC_REPRESENTATION_CONTEXT() REPRESENTATION_CONTEXT('2D SPACE',''
  ) );
#934 = PCURVE('',#935,#940);
#935 = CYLINDRICAL_SURFACE('',#936,0.799999252925);
#936 = AXIS2_PLACEMENT_3D('',#937,#938,#939);
#937 = CARTESIAN_POINT('',(9.325003747075,11.048993747075,-29.25001));
#938 = DIRECTION('',(0.,0.,-1.));
#939 = DIRECTION('',(1.,-7.470757634981E-07,0.));
#940 = DEFINITIONAL_REPRESENTATION('',(#941),#945);
#941 = LINE('',#942,#943);
#942 = CARTESIAN_POINT('',(-12.56637061435,-33.25001));
#943 = VECTOR('',#944,1.);
#944 = DIRECTION('',(1.,-0.));
#945 = ( GEOMETRIC_REPRESENTATION_CONTEXT(2) 
PARAMETRIC_REPRESENTATION_CONTEXT() REPRESENTATION_CONTEXT('2D SPACE',''
  ) );
#946 = ORIENTED_EDGE('',*,*,#947,.T.);
#947 = EDGE_CURVE('',#915,#948,#950,.T.);
#948 = VERTEX_POINT('',#949);
#949 = CARTESIAN_POINT('',(10.125003,3.456094252925,4.));
#950 = SURFACE_CURVE('',#951,(#955,#962),.PCURVE_S1.);
#951 = LINE('',#952,#953);
#952 = CARTESIAN_POINT('',(10.125003,1.728047126462,4.));
#953 = VECTOR('',#954,1.);
#954 = DIRECTION('',(-2.339497829946E-16,-1.,0.));
#955 = PCURVE('',#43,#956);
#956 = DEFINITIONAL_REPRESENTATION('',(#957),#961);
#957 = LINE('',#958,#959);
#958 = CARTESIAN_POINT('',(10.125003,1.728047126462));
#959 = VECTOR('',#960,1.);
#960 = DIRECTION('',(-2.339497829946E-16,-1.));
#961 = ( GEOMETRIC_REPRESENTATION_CONTEXT(2) 
PARAMETRIC_REPRESENTATION_CONTEXT() REPRESENTATION_CONTEXT('2D SPACE',''
  ) );
#962 = PCURVE('',#963,#968);
#963 = PLANE('',#964);
#964 = AXIS2_PLACEMENT_3D('',#965,#966,#967);
#965 = CARTESIAN_POINT('',(10.125003,3.456094252925,-29.25001));
#966 = DIRECTION('',(-1.,2.339497829946E-16,0.));
#967 = DIRECTION('',(2.339497829946E-16,1.,0.));
#968 = DEFINITIONAL_REPRESENTATION('',(#969),#972);
#969 = B_SPLINE_CURVE_WITH_KNOTS('',1,(#970,#971),.UNSPECIFIED.,.F.,.F.,
  (2,2),(-9.320945873538,-1.728047126462),.PIECEWISE_BEZIER_KNOTS.);
#970 = CARTESIAN_POINT('',(7.592898747075,-33.25001));
#971 = CARTESIAN_POINT('',(2.22044604925E-16,-33.25001));
#972 = ( GEOMETRIC_REPRESENTATION_CONTEXT(2) 
PARAMETRIC_REPRESENTATION_CONTEXT() REPRESENTATION_CONTEXT('2D SPACE',''
  ) );
#973 = ORIENTED_EDGE('',*,*,#974,.F.);
#974 = EDGE_CURVE('',#975,#948,#977,.T.);
#975 = VERTEX_POINT('',#976);
#976 = CARTESIAN_POINT('',(11.32489686094,2.256095004628,4.));
#977 = SURFACE_CURVE('',#978,(#983,#994),.PCURVE_S1.);
#978 = CIRCLE('',#979,1.199999252925);
#979 = AXIS2_PLACEMENT_3D('',#980,#981,#982);
#980 = CARTESIAN_POINT('',(11.325002252925,3.456094252925,4.));
#981 = DIRECTION('',(-0.,0.,-1.));
#982 = DIRECTION('',(-1.,7.470757634981E-07,0.));
#983 = PCURVE('',#43,#984);
#984 = DEFINITIONAL_REPRESENTATION('',(#985),#993);
#985 = ( BOUNDED_CURVE() B_SPLINE_CURVE(2,(#986,#987,#988,#989,#990,#991
,#992),.UNSPECIFIED.,.T.,.F.) B_SPLINE_CURVE_WITH_KNOTS((1,2,2,2,2,1),(
    -2.094395102393,0.,2.094395102393,4.188790204786,6.28318530718,
8.377580409573),.UNSPECIFIED.) CURVE() GEOMETRIC_REPRESENTATION_ITEM() 
RATIONAL_B_SPLINE_CURVE((1.,0.5,1.,0.5,1.,0.5,1.)) REPRESENTATION_ITEM(
  '') );
#986 = CARTESIAN_POINT('',(10.125003,3.456095149415));
#987 = CARTESIAN_POINT('',(10.125004552767,5.534554824525));
#988 = CARTESIAN_POINT('',(11.925002655771,4.495323642235));
#989 = CARTESIAN_POINT('',(13.725000758774,3.456092459944));
#990 = CARTESIAN_POINT('',(11.925001103004,2.416863967124));
#991 = CARTESIAN_POINT('',(10.125001447233,1.377635474305));
#992 = CARTESIAN_POINT('',(10.125003,3.456095149415));
#993 = ( GEOMETRIC_REPRESENTATION_CONTEXT(2) 
PARAMETRIC_REPRESENTATION_CONTEXT() REPRESENTATION_CONTEXT('2D SPACE',''
  ) );
#994 = PCURVE('',#995,#1000);
#995 = CYLINDRICAL_SURFACE('',#996,1.199999252925);
#996 = AXIS2_PLACEMENT_3D('',#997,#998,#999);
#997 = CARTESIAN_POINT('',(11.325002252925,3.456094252925,-29.25001));
#998 = DIRECTION('',(-0.,-0.,-1.));
#999 = DIRECTION('',(-1.,7.470757634981E-07,0.));
#1000 = DEFINITIONAL_REPRESENTATION('',(#1001),#1005);
#1001 = LINE('',#1002,#1003);
#1002 = CARTESIAN_POINT('',(-12.56637061435,-33.25001));
#1003 = VECTOR('',#1004,1.);
#1004 = DIRECTION('',(1.,-0.));
#1005 = ( GEOMETRIC_REPRESENTATION_CONTEXT(2) 
PARAMETRIC_REPRESENTATION_CONTEXT() REPRESENTATION_CONTEXT('2D SPACE',''
  ) );
#1006 = ORIENTED_EDGE('',*,*,#1007,.T.);
#1007 = EDGE_CURVE('',#975,#1008,#1010,.T.);
#1008 = VERTEX_POINT('',#1009);
#1009 = CARTESIAN_POINT('',(17.324796833337,2.250000103192,4.));
#1010 = SURFACE_CURVE('',#1011,(#1015,#1022),.PCURVE_S1.);
#1011 = LINE('',#1012,#1013);
#1012 = CARTESIAN_POINT('',(8.663550167492,2.258798490662,4.));
#1013 = VECTOR('',#1014,1.);
#1014 = DIRECTION('',(0.999999484041,-1.015833317122E-03,0.));
#1015 = PCURVE('',#43,#1016);
#1016 = DEFINITIONAL_REPRESENTATION('',(#1017),#1021);
#1017 = LINE('',#1018,#1019);
#1018 = CARTESIAN_POINT('',(8.663550167492,2.258798490662));
#1019 = VECTOR('',#1020,1.);
#1020 = DIRECTION('',(0.999999484041,-1.015833317122E-03));
#1021 = ( GEOMETRIC_REPRESENTATION_CONTEXT(2) 
PARAMETRIC_REPRESENTATION_CONTEXT() REPRESENTATION_CONTEXT('2D SPACE',''
  ) );
#1022 = PCURVE('',#1023,#1028);
#1023 = PLANE('',#1024);
#1024 = AXIS2_PLACEMENT_3D('',#1025,#1026,#1027);
#1025 = CARTESIAN_POINT('',(17.324796833337,2.250000103192,-29.25001));
#1026 = DIRECTION('',(-1.015833317122E-03,-0.999999484041,0.));
#1027 = DIRECTION('',(-0.999999484041,1.015833317122E-03,0.));
#1028 = DEFINITIONAL_REPRESENTATION('',(#1029),#1032);
#1029 = B_SPLINE_CURVE_WITH_KNOTS('',1,(#1030,#1031),.UNSPECIFIED.,.F.,
  .F.,(2,2),(2.661348066594,8.661251134693),.PIECEWISE_BEZIER_KNOTS.);
#1030 = CARTESIAN_POINT('',(5.999903068099,-33.25001));
#1031 = CARTESIAN_POINT('',(0.,-33.25001));
#1032 = ( GEOMETRIC_REPRESENTATION_CONTEXT(2) 
PARAMETRIC_REPRESENTATION_CONTEXT() REPRESENTATION_CONTEXT('2D SPACE',''
  ) );
#1033 = ORIENTED_EDGE('',*,*,#1034,.F.);
#1034 = EDGE_CURVE('',#1035,#1008,#1037,.T.);
#1035 = VERTEX_POINT('',#1036);
#1036 = CARTESIAN_POINT('',(17.325000149415,2.25,4.));
#1037 = SURFACE_CURVE('',#1038,(#1043,#1054),.PCURVE_S1.);
#1038 = CIRCLE('',#1039,0.2);
#1039 = AXIS2_PLACEMENT_3D('',#1040,#1041,#1042);
#1040 = CARTESIAN_POINT('',(17.325,2.45,4.));
#1041 = DIRECTION('',(0.,0.,-1.));
#1042 = DIRECTION('',(1.,7.470757489561E-07,0.));
#1043 = PCURVE('',#43,#1044);
#1044 = DEFINITIONAL_REPRESENTATION('',(#1045),#1053);
#1045 = ( BOUNDED_CURVE() B_SPLINE_CURVE(2,(#1046,#1047,#1048,#1049,
#1050,#1051,#1052),.UNSPECIFIED.,.T.,.F.) B_SPLINE_CURVE_WITH_KNOTS((1,2
    ,2,2,2,1),(-2.094395102393,0.,2.094395102393,4.188790204786,
6.28318530718,8.377580409573),.UNSPECIFIED.) CURVE() 
GEOMETRIC_REPRESENTATION_ITEM() RATIONAL_B_SPLINE_CURVE((1.,0.5,1.,0.5,
1.,0.5,1.)) REPRESENTATION_ITEM('') );
#1046 = CARTESIAN_POINT('',(17.525,2.450000149415));
#1047 = CARTESIAN_POINT('',(17.525000258795,2.103589987901));
#1048 = CARTESIAN_POINT('',(17.225000129397,2.276794844536));
#1049 = CARTESIAN_POINT('',(16.925,2.44999970117));
#1050 = CARTESIAN_POINT('',(17.224999870603,2.623205006049));
#1051 = CARTESIAN_POINT('',(17.524999741205,2.796410310929));
#1052 = CARTESIAN_POINT('',(17.525,2.450000149415));
#1053 = ( GEOMETRIC_REPRESENTATION_CONTEXT(2) 
PARAMETRIC_REPRESENTATION_CONTEXT() REPRESENTATION_CONTEXT('2D SPACE',''
  ) );
#1054 = PCURVE('',#1055,#1060);
#1055 = CYLINDRICAL_SURFACE('',#1056,0.2);
#1056 = AXIS2_PLACEMENT_3D('',#1057,#1058,#1059);
#1057 = CARTESIAN_POINT('',(17.325,2.45,-29.25001));
#1058 = DIRECTION('',(0.,0.,-1.));
#1059 = DIRECTION('',(1.,7.470757489561E-07,0.));
#1060 = DEFINITIONAL_REPRESENTATION('',(#1061),#1065);
#1061 = LINE('',#1062,#1063);
#1062 = CARTESIAN_POINT('',(0.,-33.25001));
#1063 = VECTOR('',#1064,1.);
#1064 = DIRECTION('',(1.,0.));
#1065 = ( GEOMETRIC_REPRESENTATION_CONTEXT(2) 
PARAMETRIC_REPRESENTATION_CONTEXT() REPRESENTATION_CONTEXT('2D SPACE',''
  ) );
#1066 = ORIENTED_EDGE('',*,*,#1067,.T.);
#1067 = EDGE_CURVE('',#1035,#1068,#1070,.T.);
#1068 = VERTEX_POINT('',#1069);
#1069 = CARTESIAN_POINT('',(18.125,1.450000074708,4.));
#1070 = SURFACE_CURVE('',#1071,(#1076,#1087),.PCURVE_S1.);
#1071 = CIRCLE('',#1072,0.799999252925);
#1072 = AXIS2_PLACEMENT_3D('',#1073,#1074,#1075);
#1073 = CARTESIAN_POINT('',(17.325000747075,1.450000747075,4.));
#1074 = DIRECTION('',(0.,0.,-1.));
#1075 = DIRECTION('',(1.,-7.470757492872E-07,0.));
#1076 = PCURVE('',#43,#1077);
#1077 = DEFINITIONAL_REPRESENTATION('',(#1078),#1086);
#1078 = ( BOUNDED_CURVE() B_SPLINE_CURVE(2,(#1079,#1080,#1081,#1082,
#1083,#1084,#1085),.UNSPECIFIED.,.T.,.F.) B_SPLINE_CURVE_WITH_KNOTS((1,2
    ,2,2,2,1),(-2.094395102393,0.,2.094395102393,4.188790204786,
6.28318530718,8.377580409573),.UNSPECIFIED.) CURVE() 
GEOMETRIC_REPRESENTATION_ITEM() RATIONAL_B_SPLINE_CURVE((1.,0.5,1.,0.5,
1.,0.5,1.)) REPRESENTATION_ITEM('') );
#1079 = CARTESIAN_POINT('',(18.125,1.450000149415));
#1080 = CARTESIAN_POINT('',(18.124998964822,6.436079733214E-02));
#1081 = CARTESIAN_POINT('',(16.925000603024,0.757181369864));
#1082 = CARTESIAN_POINT('',(15.725002241225,1.450001942395));
#1083 = CARTESIAN_POINT('',(16.925001638202,2.142820721947));
#1084 = CARTESIAN_POINT('',(18.125001035178,2.835639501498));
#1085 = CARTESIAN_POINT('',(18.125,1.450000149415));
#1086 = ( GEOMETRIC_REPRESENTATION_CONTEXT(2) 
PARAMETRIC_REPRESENTATION_CONTEXT() REPRESENTATION_CONTEXT('2D SPACE',''
  ) );
#1087 = PCURVE('',#1088,#1093);
#1088 = CYLINDRICAL_SURFACE('',#1089,0.799999252925);
#1089 = AXIS2_PLACEMENT_3D('',#1090,#1091,#1092);
#1090 = CARTESIAN_POINT('',(17.325000747075,1.450000747075,-29.25001));
#1091 = DIRECTION('',(0.,0.,-1.));
#1092 = DIRECTION('',(1.,-7.470757492872E-07,0.));
#1093 = DEFINITIONAL_REPRESENTATION('',(#1094),#1098);
#1094 = LINE('',#1095,#1096);
#1095 = CARTESIAN_POINT('',(-12.56637061435,-33.25001));
#1096 = VECTOR('',#1097,1.);
#1097 = DIRECTION('',(1.,-0.));
#1098 = ( GEOMETRIC_REPRESENTATION_CONTEXT(2) 
PARAMETRIC_REPRESENTATION_CONTEXT() REPRESENTATION_CONTEXT('2D SPACE',''
  ) );
#1099 = ORIENTED_EDGE('',*,*,#1100,.T.);
#1100 = EDGE_CURVE('',#1068,#1101,#1103,.T.);
#1101 = VERTEX_POINT('',#1102);
#1102 = CARTESIAN_POINT('',(18.125,-11.0500000747,4.));
#1103 = SURFACE_CURVE('',#1104,(#1108,#1115),.PCURVE_S1.);
#1104 = LINE('',#1105,#1106);
#1105 = CARTESIAN_POINT('',(18.125,-5.525,4.));
#1106 = VECTOR('',#1107,1.);
#1107 = DIRECTION('',(-1.224646799147E-16,-1.,0.));
#1108 = PCURVE('',#43,#1109);
#1109 = DEFINITIONAL_REPRESENTATION('',(#1110),#1114);
#1110 = LINE('',#1111,#1112);
#1111 = CARTESIAN_POINT('',(18.125,-5.525));
#1112 = VECTOR('',#1113,1.);
#1113 = DIRECTION('',(-1.224646799147E-16,-1.));
#1114 = ( GEOMETRIC_REPRESENTATION_CONTEXT(2) 
PARAMETRIC_REPRESENTATION_CONTEXT() REPRESENTATION_CONTEXT('2D SPACE',''
  ) );
#1115 = PCURVE('',#1116,#1121);
#1116 = PLANE('',#1117);
#1117 = AXIS2_PLACEMENT_3D('',#1118,#1119,#1120);
#1118 = CARTESIAN_POINT('',(18.125,-11.05,-29.25001));
#1119 = DIRECTION('',(-1.,1.224646799147E-16,0.));
#1120 = DIRECTION('',(1.224646799147E-16,1.,0.));
#1121 = DEFINITIONAL_REPRESENTATION('',(#1122),#1125);
#1122 = B_SPLINE_CURVE_WITH_KNOTS('',1,(#1123,#1124),.UNSPECIFIED.,.F.,
  .F.,(2,2),(-6.975,5.525),.PIECEWISE_BEZIER_KNOTS.);
#1123 = CARTESIAN_POINT('',(12.5,-33.25001));
#1124 = CARTESIAN_POINT('',(0.,-33.25001));
#1125 = ( GEOMETRIC_REPRESENTATION_CONTEXT(2) 
PARAMETRIC_REPRESENTATION_CONTEXT() REPRESENTATION_CONTEXT('2D SPACE',''
  ) );
#1126 = ORIENTED_EDGE('',*,*,#1127,.T.);
#1127 = EDGE_CURVE('',#1101,#1128,#1130,.T.);
#1128 = VERTEX_POINT('',#1129);
#1129 = CARTESIAN_POINT('',(17.325000074708,-11.85,4.));
#1130 = SURFACE_CURVE('',#1131,(#1136,#1147),.PCURVE_S1.);
#1131 = CIRCLE('',#1132,0.799999252925);
#1132 = AXIS2_PLACEMENT_3D('',#1133,#1134,#1135);
#1133 = CARTESIAN_POINT('',(17.325000747075,-11.05000074707,4.));
#1134 = DIRECTION('',(-0.,0.,-1.));
#1135 = DIRECTION('',(-7.470757634981E-07,-1.,0.));
#1136 = PCURVE('',#43,#1137);
#1137 = DEFINITIONAL_REPRESENTATION('',(#1138),#1146);
#1138 = ( BOUNDED_CURVE() B_SPLINE_CURVE(2,(#1139,#1140,#1141,#1142,
#1143,#1144,#1145),.UNSPECIFIED.,.T.,.F.) B_SPLINE_CURVE_WITH_KNOTS((1,2
    ,2,2,2,1),(-2.094395102393,0.,2.094395102393,4.188790204786,
6.28318530718,8.377580409573),.UNSPECIFIED.) CURVE() 
GEOMETRIC_REPRESENTATION_ITEM() RATIONAL_B_SPLINE_CURVE((1.,0.5,1.,0.5,
1.,0.5,1.)) REPRESENTATION_ITEM('') );
#1139 = CARTESIAN_POINT('',(17.325000149415,-11.85));
#1140 = CARTESIAN_POINT('',(15.939360797332,-11.84999896482));
#1141 = CARTESIAN_POINT('',(16.632181369864,-10.65000060302));
#1142 = CARTESIAN_POINT('',(17.325001942395,-9.450002241226));
#1143 = CARTESIAN_POINT('',(18.017820721947,-10.6500016382));
#1144 = CARTESIAN_POINT('',(18.710639501498,-11.85000103517));
#1145 = CARTESIAN_POINT('',(17.325000149415,-11.85));
#1146 = ( GEOMETRIC_REPRESENTATION_CONTEXT(2) 
PARAMETRIC_REPRESENTATION_CONTEXT() REPRESENTATION_CONTEXT('2D SPACE',''
  ) );
#1147 = PCURVE('',#1148,#1153);
#1148 = CYLINDRICAL_SURFACE('',#1149,0.799999252925);
#1149 = AXIS2_PLACEMENT_3D('',#1150,#1151,#1152);
#1150 = CARTESIAN_POINT('',(17.325000747075,-11.05000074707,-29.25001));
#1151 = DIRECTION('',(-0.,-0.,-1.));
#1152 = DIRECTION('',(-7.470757634981E-07,-1.,0.));
#1153 = DEFINITIONAL_REPRESENTATION('',(#1154),#1158);
#1154 = LINE('',#1155,#1156);
#1155 = CARTESIAN_POINT('',(-12.56637061435,-33.25001));
#1156 = VECTOR('',#1157,1.);
#1157 = DIRECTION('',(1.,-0.));
#1158 = ( GEOMETRIC_REPRESENTATION_CONTEXT(2) 
PARAMETRIC_REPRESENTATION_CONTEXT() REPRESENTATION_CONTEXT('2D SPACE',''
  ) );
#1159 = ORIENTED_EDGE('',*,*,#1160,.T.);
#1160 = EDGE_CURVE('',#1128,#1161,#1163,.T.);
#1161 = VERTEX_POINT('',#1162);
#1162 = CARTESIAN_POINT('',(-17.3250000747,-11.85,4.));
#1163 = SURFACE_CURVE('',#1164,(#1168,#1175),.PCURVE_S1.);
#1164 = LINE('',#1165,#1166);
#1165 = CARTESIAN_POINT('',(-8.6625,-11.85,4.));
#1166 = VECTOR('',#1167,1.);
#1167 = DIRECTION('',(-1.,1.224646799147E-16,0.));
#1168 = PCURVE('',#43,#1169);
#1169 = DEFINITIONAL_REPRESENTATION('',(#1170),#1174);
#1170 = LINE('',#1171,#1172);
#1171 = CARTESIAN_POINT('',(-8.6625,-11.85));
#1172 = VECTOR('',#1173,1.);
#1173 = DIRECTION('',(-1.,1.224646799147E-16));
#1174 = ( GEOMETRIC_REPRESENTATION_CONTEXT(2) 
PARAMETRIC_REPRESENTATION_CONTEXT() REPRESENTATION_CONTEXT('2D SPACE',''
  ) );
#1175 = PCURVE('',#1176,#1181);
#1176 = PLANE('',#1177);
#1177 = AXIS2_PLACEMENT_3D('',#1178,#1179,#1180);
#1178 = CARTESIAN_POINT('',(-17.325,-11.85,-29.25001));
#1179 = DIRECTION('',(1.224646799147E-16,1.,0.));
#1180 = DIRECTION('',(1.,-1.224646799147E-16,0.));
#1181 = DEFINITIONAL_REPRESENTATION('',(#1182),#1185);
#1182 = B_SPLINE_CURVE_WITH_KNOTS('',1,(#1183,#1184),.UNSPECIFIED.,.F.,
  .F.,(2,2),(-25.9875,8.6625),.PIECEWISE_BEZIER_KNOTS.);
#1183 = CARTESIAN_POINT('',(34.65,-33.25001));
#1184 = CARTESIAN_POINT('',(0.,-33.25001));
#1185 = ( GEOMETRIC_REPRESENTATION_CONTEXT(2) 
PARAMETRIC_REPRESENTATION_CONTEXT() REPRESENTATION_CONTEXT('2D SPACE',''
  ) );
#1186 = ORIENTED_EDGE('',*,*,#1187,.T.);
#1187 = EDGE_CURVE('',#1161,#1188,#1190,.T.);
#1188 = VERTEX_POINT('',#1189);
#1189 = CARTESIAN_POINT('',(-18.125,-11.0500000747,4.));
#1190 = SURFACE_CURVE('',#1191,(#1196,#1207),.PCURVE_S1.);
#1191 = CIRCLE('',#1192,0.799999252925);
#1192 = AXIS2_PLACEMENT_3D('',#1193,#1194,#1195);
#1193 = CARTESIAN_POINT('',(-17.32500074707,-11.05000074707,4.));
#1194 = DIRECTION('',(-0.,0.,-1.));
#1195 = DIRECTION('',(-1.,7.470757634981E-07,0.));
#1196 = PCURVE('',#43,#1197);
#1197 = DEFINITIONAL_REPRESENTATION('',(#1198),#1206);
#1198 = ( BOUNDED_CURVE() B_SPLINE_CURVE(2,(#1199,#1200,#1201,#1202,
#1203,#1204,#1205),.UNSPECIFIED.,.T.,.F.) B_SPLINE_CURVE_WITH_KNOTS((1,2
    ,2,2,2,1),(-2.094395102393,0.,2.094395102393,4.188790204786,
6.28318530718,8.377580409573),.UNSPECIFIED.) CURVE() 
GEOMETRIC_REPRESENTATION_ITEM() RATIONAL_B_SPLINE_CURVE((1.,0.5,1.,0.5,
1.,0.5,1.)) REPRESENTATION_ITEM('') );
#1199 = CARTESIAN_POINT('',(-18.125,-11.05000014941));
#1200 = CARTESIAN_POINT('',(-18.12499896482,-9.664360797332));
#1201 = CARTESIAN_POINT('',(-16.92500060302,-10.35718136986));
#1202 = CARTESIAN_POINT('',(-15.72500224122,-11.05000194239));
#1203 = CARTESIAN_POINT('',(-16.9250016382,-11.74282072194));
#1204 = CARTESIAN_POINT('',(-18.12500103517,-12.43563950149));
#1205 = CARTESIAN_POINT('',(-18.125,-11.05000014941));
#1206 = ( GEOMETRIC_REPRESENTATION_CONTEXT(2) 
PARAMETRIC_REPRESENTATION_CONTEXT() REPRESENTATION_CONTEXT('2D SPACE',''
  ) );
#1207 = PCURVE('',#1208,#1213);
#1208 = CYLINDRICAL_SURFACE('',#1209,0.799999252925);
#1209 = AXIS2_PLACEMENT_3D('',#1210,#1211,#1212);
#1210 = CARTESIAN_POINT('',(-17.32500074707,-11.05000074707,-29.25001));
#1211 = DIRECTION('',(-0.,-0.,-1.));
#1212 = DIRECTION('',(-1.,7.470757634981E-07,0.));
#1213 = DEFINITIONAL_REPRESENTATION('',(#1214),#1218);
#1214 = LINE('',#1215,#1216);
#1215 = CARTESIAN_POINT('',(-12.56637061435,-33.25001));
#1216 = VECTOR('',#1217,1.);
#1217 = DIRECTION('',(1.,-0.));
#1218 = ( GEOMETRIC_REPRESENTATION_CONTEXT(2) 
PARAMETRIC_REPRESENTATION_CONTEXT() REPRESENTATION_CONTEXT('2D SPACE',''
  ) );
#1219 = ORIENTED_EDGE('',*,*,#1220,.T.);
#1220 = EDGE_CURVE('',#1188,#1221,#1223,.T.);
#1221 = VERTEX_POINT('',#1222);
#1222 = CARTESIAN_POINT('',(-18.125,1.450000074708,4.));
#1223 = SURFACE_CURVE('',#1224,(#1228,#1235),.PCURVE_S1.);
#1224 = LINE('',#1225,#1226);
#1225 = CARTESIAN_POINT('',(-18.125,0.725,4.));
#1226 = VECTOR('',#1227,1.);
#1227 = DIRECTION('',(1.224646799147E-16,1.,-0.));
#1228 = PCURVE('',#43,#1229);
#1229 = DEFINITIONAL_REPRESENTATION('',(#1230),#1234);
#1230 = LINE('',#1231,#1232);
#1231 = CARTESIAN_POINT('',(-18.125,0.725));
#1232 = VECTOR('',#1233,1.);
#1233 = DIRECTION('',(1.224646799147E-16,1.));
#1234 = ( GEOMETRIC_REPRESENTATION_CONTEXT(2) 
PARAMETRIC_REPRESENTATION_CONTEXT() REPRESENTATION_CONTEXT('2D SPACE',''
  ) );
#1235 = PCURVE('',#1236,#1241);
#1236 = PLANE('',#1237);
#1237 = AXIS2_PLACEMENT_3D('',#1238,#1239,#1240);
#1238 = CARTESIAN_POINT('',(-18.125,1.45,-29.25001));
#1239 = DIRECTION('',(1.,-1.224646799147E-16,0.));
#1240 = DIRECTION('',(-1.224646799147E-16,-1.,0.));
#1241 = DEFINITIONAL_REPRESENTATION('',(#1242),#1245);
#1242 = B_SPLINE_CURVE_WITH_KNOTS('',1,(#1243,#1244),.UNSPECIFIED.,.F.,
  .F.,(2,2),(-11.775,0.725),.PIECEWISE_BEZIER_KNOTS.);
#1243 = CARTESIAN_POINT('',(12.5,-33.25001));
#1244 = CARTESIAN_POINT('',(0.,-33.25001));
#1245 = ( GEOMETRIC_REPRESENTATION_CONTEXT(2) 
PARAMETRIC_REPRESENTATION_CONTEXT() REPRESENTATION_CONTEXT('2D SPACE',''
  ) );
#1246 = ORIENTED_EDGE('',*,*,#1247,.T.);
#1247 = EDGE_CURVE('',#1221,#1248,#1250,.T.);
#1248 = VERTEX_POINT('',#1249);
#1249 = CARTESIAN_POINT('',(-17.32500014941,2.25,4.));
#1250 = SURFACE_CURVE('',#1251,(#1256,#1267),.PCURVE_S1.);
#1251 = CIRCLE('',#1252,0.799999252925);
#1252 = AXIS2_PLACEMENT_3D('',#1253,#1254,#1255);
#1253 = CARTESIAN_POINT('',(-17.32500074707,1.450000747075,4.));
#1254 = DIRECTION('',(0.,0.,-1.));
#1255 = DIRECTION('',(7.470757350764E-07,1.,0.));
#1256 = PCURVE('',#43,#1257);
#1257 = DEFINITIONAL_REPRESENTATION('',(#1258),#1266);
#1258 = ( BOUNDED_CURVE() B_SPLINE_CURVE(2,(#1259,#1260,#1261,#1262,
#1263,#1264,#1265),.UNSPECIFIED.,.T.,.F.) B_SPLINE_CURVE_WITH_KNOTS((1,2
    ,2,2,2,1),(-2.094395102393,0.,2.094395102393,4.188790204786,
6.28318530718,8.377580409573),.UNSPECIFIED.) CURVE() 
GEOMETRIC_REPRESENTATION_ITEM() RATIONAL_B_SPLINE_CURVE((1.,0.5,1.,0.5,
1.,0.5,1.)) REPRESENTATION_ITEM('') );
#1259 = CARTESIAN_POINT('',(-17.32500014941,2.25));
#1260 = CARTESIAN_POINT('',(-15.93936079733,2.249998964823));
#1261 = CARTESIAN_POINT('',(-16.63218136986,1.050000603024));
#1262 = CARTESIAN_POINT('',(-17.32500194239,-0.149997758775));
#1263 = CARTESIAN_POINT('',(-18.01782072194,1.050001638202));
#1264 = CARTESIAN_POINT('',(-18.71063950149,2.250001035178));
#1265 = CARTESIAN_POINT('',(-17.32500014941,2.25));
#1266 = ( GEOMETRIC_REPRESENTATION_CONTEXT(2) 
PARAMETRIC_REPRESENTATION_CONTEXT() REPRESENTATION_CONTEXT('2D SPACE',''
  ) );
#1267 = PCURVE('',#1268,#1273);
#1268 = CYLINDRICAL_SURFACE('',#1269,0.799999252925);
#1269 = AXIS2_PLACEMENT_3D('',#1270,#1271,#1272);
#1270 = CARTESIAN_POINT('',(-17.32500074707,1.450000747075,-29.25001));
#1271 = DIRECTION('',(0.,0.,-1.));
#1272 = DIRECTION('',(7.470757350764E-07,1.,0.));
#1273 = DEFINITIONAL_REPRESENTATION('',(#1274),#1278);
#1274 = LINE('',#1275,#1276);
#1275 = CARTESIAN_POINT('',(-12.56637061435,-33.25001));
#1276 = VECTOR('',#1277,1.);
#1277 = DIRECTION('',(1.,-0.));
#1278 = ( GEOMETRIC_REPRESENTATION_CONTEXT(2) 
PARAMETRIC_REPRESENTATION_CONTEXT() REPRESENTATION_CONTEXT('2D SPACE',''
  ) );
#1279 = ORIENTED_EDGE('',*,*,#1280,.F.);
#1280 = EDGE_CURVE('',#1281,#1248,#1283,.T.);
#1281 = VERTEX_POINT('',#1282);
#1282 = CARTESIAN_POINT('',(-17.32497660562,2.250000001368,4.));
#1283 = SURFACE_CURVE('',#1284,(#1289,#1300),.PCURVE_S1.);
#1284 = CIRCLE('',#1285,0.2);
#1285 = AXIS2_PLACEMENT_3D('',#1286,#1287,#1288);
#1286 = CARTESIAN_POINT('',(-17.325,2.45,4.));
#1287 = DIRECTION('',(0.,0.,-1.));
#1288 = DIRECTION('',(0.999999993159,1.169718857316E-04,0.));
#1289 = PCURVE('',#43,#1290);
#1290 = DEFINITIONAL_REPRESENTATION('',(#1291),#1299);
#1291 = ( BOUNDED_CURVE() B_SPLINE_CURVE(2,(#1292,#1293,#1294,#1295,
#1296,#1297,#1298),.UNSPECIFIED.,.T.,.F.) B_SPLINE_CURVE_WITH_KNOTS((1,2
    ,2,2,2,1),(-2.094395102393,0.,2.094395102393,4.188790204786,
6.28318530718,8.377580409573),.UNSPECIFIED.) CURVE() 
GEOMETRIC_REPRESENTATION_ITEM() RATIONAL_B_SPLINE_CURVE((1.,0.5,1.,0.5,
1.,0.5,1.)) REPRESENTATION_ITEM('') );
#1292 = CARTESIAN_POINT('',(-17.12500000136,2.450023394377));
#1293 = CARTESIAN_POINT('',(-17.12495948111,2.103613235233));
#1294 = CARTESIAN_POINT('',(-17.42497973919,2.276783223239));
#1295 = CARTESIAN_POINT('',(-17.72499999726,2.449953211246));
#1296 = CARTESIAN_POINT('',(-17.42502025944,2.623193382383));
#1297 = CARTESIAN_POINT('',(-17.12504052161,2.796433553521));
#1298 = CARTESIAN_POINT('',(-17.12500000136,2.450023394377));
#1299 = ( GEOMETRIC_REPRESENTATION_CONTEXT(2) 
PARAMETRIC_REPRESENTATION_CONTEXT() REPRESENTATION_CONTEXT('2D SPACE',''
  ) );
#1300 = PCURVE('',#1301,#1306);
#1301 = CYLINDRICAL_SURFACE('',#1302,0.2);
#1302 = AXIS2_PLACEMENT_3D('',#1303,#1304,#1305);
#1303 = CARTESIAN_POINT('',(-17.325,2.45,-29.25001));
#1304 = DIRECTION('',(0.,0.,-1.));
#1305 = DIRECTION('',(0.999999993159,1.169718857316E-04,0.));
#1306 = DEFINITIONAL_REPRESENTATION('',(#1307),#1311);
#1307 = LINE('',#1308,#1309);
#1308 = CARTESIAN_POINT('',(0.,-33.25001));
#1309 = VECTOR('',#1310,1.);
#1310 = DIRECTION('',(1.,0.));
#1311 = ( GEOMETRIC_REPRESENTATION_CONTEXT(2) 
PARAMETRIC_REPRESENTATION_CONTEXT() REPRESENTATION_CONTEXT('2D SPACE',''
  ) );
#1312 = ORIENTED_EDGE('',*,*,#1313,.T.);
#1313 = EDGE_CURVE('',#1281,#1314,#1316,.T.);
#1314 = VERTEX_POINT('',#1315);
#1315 = CARTESIAN_POINT('',(-11.33196588675,2.250701015138,4.));
#1316 = SURFACE_CURVE('',#1317,(#1321,#1328),.PCURVE_S1.);
#1317 = LINE('',#1318,#1319);
#1318 = CARTESIAN_POINT('',(-5.66611465527,2.251363760445,4.));
#1319 = VECTOR('',#1320,1.);
#1320 = DIRECTION('',(0.999999993159,1.169718857316E-04,-0.));
#1321 = PCURVE('',#43,#1322);
#1322 = DEFINITIONAL_REPRESENTATION('',(#1323),#1327);
#1323 = LINE('',#1324,#1325);
#1324 = CARTESIAN_POINT('',(-5.66611465527,2.251363760445));
#1325 = VECTOR('',#1326,1.);
#1326 = DIRECTION('',(0.999999993159,1.169718857316E-04));
#1327 = ( GEOMETRIC_REPRESENTATION_CONTEXT(2) 
PARAMETRIC_REPRESENTATION_CONTEXT() REPRESENTATION_CONTEXT('2D SPACE',''
  ) );
#1328 = PCURVE('',#1329,#1334);
#1329 = PLANE('',#1330);
#1330 = AXIS2_PLACEMENT_3D('',#1331,#1332,#1333);
#1331 = CARTESIAN_POINT('',(-11.33196588675,2.250701015138,-29.25001));
#1332 = DIRECTION('',(1.169718857316E-04,-0.999999993159,0.));
#1333 = DIRECTION('',(-0.999999993159,-1.169718857316E-04,0.));
#1334 = DEFINITIONAL_REPRESENTATION('',(#1335),#1338);
#1335 = B_SPLINE_CURVE_WITH_KNOTS('',1,(#1336,#1337),.UNSPECIFIED.,.F.,
  .F.,(2,2),(-11.65886203011,-5.665851270242),.PIECEWISE_BEZIER_KNOTS.);
#1336 = CARTESIAN_POINT('',(5.993010759872,-33.25001));
#1337 = CARTESIAN_POINT('',(0.,-33.25001));
#1338 = ( GEOMETRIC_REPRESENTATION_CONTEXT(2) 
PARAMETRIC_REPRESENTATION_CONTEXT() REPRESENTATION_CONTEXT('2D SPACE',''
  ) );
#1339 = ORIENTED_EDGE('',*,*,#1340,.F.);
#1340 = EDGE_CURVE('',#1341,#1314,#1343,.T.);
#1341 = VERTEX_POINT('',#1342);
#1342 = CARTESIAN_POINT('',(-10.132107,3.450700252925,4.));
#1343 = SURFACE_CURVE('',#1344,(#1349,#1360),.PCURVE_S1.);
#1344 = CIRCLE('',#1345,1.199999252925);
#1345 = AXIS2_PLACEMENT_3D('',#1346,#1347,#1348);
#1346 = CARTESIAN_POINT('',(-11.33210625292,3.450700252925,4.));
#1347 = DIRECTION('',(-0.,0.,-1.));
#1348 = DIRECTION('',(-7.470757066546E-07,-1.,0.));
#1349 = PCURVE('',#43,#1350);
#1350 = DEFINITIONAL_REPRESENTATION('',(#1351),#1359);
#1351 = ( BOUNDED_CURVE() B_SPLINE_CURVE(2,(#1352,#1353,#1354,#1355,
#1356,#1357,#1358),.UNSPECIFIED.,.T.,.F.) B_SPLINE_CURVE_WITH_KNOTS((1,2
    ,2,2,2,1),(-2.094395102393,0.,2.094395102393,4.188790204786,
6.28318530718,8.377580409573),.UNSPECIFIED.) CURVE() 
GEOMETRIC_REPRESENTATION_ITEM() RATIONAL_B_SPLINE_CURVE((1.,0.5,1.,0.5,
1.,0.5,1.)) REPRESENTATION_ITEM('') );
#1352 = CARTESIAN_POINT('',(-11.33210714941,2.250701));
#1353 = CARTESIAN_POINT('',(-13.41056682452,2.250702552767));
#1354 = CARTESIAN_POINT('',(-12.37133564223,4.050700655771));
#1355 = CARTESIAN_POINT('',(-11.33210445994,5.850698758774));
#1356 = CARTESIAN_POINT('',(-10.29287596712,4.050699103004));
#1357 = CARTESIAN_POINT('',(-9.253647474305,2.250699447233));
#1358 = CARTESIAN_POINT('',(-11.33210714941,2.250701));
#1359 = ( GEOMETRIC_REPRESENTATION_CONTEXT(2) 
PARAMETRIC_REPRESENTATION_CONTEXT() REPRESENTATION_CONTEXT('2D SPACE',''
  ) );
#1360 = PCURVE('',#1361,#1366);
#1361 = CYLINDRICAL_SURFACE('',#1362,1.199999252925);
#1362 = AXIS2_PLACEMENT_3D('',#1363,#1364,#1365);
#1363 = CARTESIAN_POINT('',(-11.33210625292,3.450700252925,-29.25001));
#1364 = DIRECTION('',(-0.,-0.,-1.));
#1365 = DIRECTION('',(-7.470757066546E-07,-1.,0.));
#1366 = DEFINITIONAL_REPRESENTATION('',(#1367),#1371);
#1367 = LINE('',#1368,#1369);
#1368 = CARTESIAN_POINT('',(-12.56637061435,-33.25001));
#1369 = VECTOR('',#1370,1.);
#1370 = DIRECTION('',(1.,-0.));
#1371 = ( GEOMETRIC_REPRESENTATION_CONTEXT(2) 
PARAMETRIC_REPRESENTATION_CONTEXT() REPRESENTATION_CONTEXT('2D SPACE',''
  ) );
#1372 = ORIENTED_EDGE('',*,*,#1373,.T.);
#1373 = EDGE_CURVE('',#1341,#1374,#1376,.T.);
#1374 = VERTEX_POINT('',#1375);
#1375 = CARTESIAN_POINT('',(-10.132107,11.050000074708,4.));
#1376 = SURFACE_CURVE('',#1377,(#1381,#1388),.PCURVE_S1.);
#1377 = LINE('',#1378,#1379);
#1378 = CARTESIAN_POINT('',(-10.132107,5.525,4.));
#1379 = VECTOR('',#1380,1.);
#1380 = DIRECTION('',(1.224646799147E-16,1.,-0.));
#1381 = PCURVE('',#43,#1382);
#1382 = DEFINITIONAL_REPRESENTATION('',(#1383),#1387);
#1383 = LINE('',#1384,#1385);
#1384 = CARTESIAN_POINT('',(-10.132107,5.525));
#1385 = VECTOR('',#1386,1.);
#1386 = DIRECTION('',(1.224646799147E-16,1.));
#1387 = ( GEOMETRIC_REPRESENTATION_CONTEXT(2) 
PARAMETRIC_REPRESENTATION_CONTEXT() REPRESENTATION_CONTEXT('2D SPACE',''
  ) );
#1388 = PCURVE('',#1389,#1394);
#1389 = PLANE('',#1390);
#1390 = AXIS2_PLACEMENT_3D('',#1391,#1392,#1393);
#1391 = CARTESIAN_POINT('',(-10.132107,11.05,-29.25001));
#1392 = DIRECTION('',(1.,-1.224646799147E-16,0.));
#1393 = DIRECTION('',(-1.224646799147E-16,-1.,0.));
#1394 = DEFINITIONAL_REPRESENTATION('',(#1395),#1398);
#1395 = B_SPLINE_CURVE_WITH_KNOTS('',1,(#1396,#1397),.UNSPECIFIED.,.F.,
  .F.,(2,2),(-2.074299747075,5.525),.PIECEWISE_BEZIER_KNOTS.);
#1396 = CARTESIAN_POINT('',(7.599299747075,-33.25001));
#1397 = CARTESIAN_POINT('',(0.,-33.25001));
#1398 = ( GEOMETRIC_REPRESENTATION_CONTEXT(2) 
PARAMETRIC_REPRESENTATION_CONTEXT() REPRESENTATION_CONTEXT('2D SPACE',''
  ) );
#1399 = ORIENTED_EDGE('',*,*,#1400,.T.);
#1400 = EDGE_CURVE('',#1374,#1401,#1403,.T.);
#1401 = VERTEX_POINT('',#1402);
#1402 = CARTESIAN_POINT('',(-9.332064567867,11.849999997418,4.));
#1403 = SURFACE_CURVE('',#1404,(#1409,#1420),.PCURVE_S1.);
#1404 = CIRCLE('',#1405,0.799999252925);
#1405 = AXIS2_PLACEMENT_3D('',#1406,#1407,#1408);
#1406 = CARTESIAN_POINT('',(-9.332107747075,11.050000747075,4.));
#1407 = DIRECTION('',(0.,0.,-1.));
#1408 = DIRECTION('',(7.470757634981E-07,1.,0.));
#1409 = PCURVE('',#43,#1410);
#1410 = DEFINITIONAL_REPRESENTATION('',(#1411),#1419);
#1411 = ( BOUNDED_CURVE() B_SPLINE_CURVE(2,(#1412,#1413,#1414,#1415,
#1416,#1417,#1418),.UNSPECIFIED.,.T.,.F.) B_SPLINE_CURVE_WITH_KNOTS((1,2
    ,2,2,2,1),(-2.094395102393,0.,2.094395102393,4.188790204786,
6.28318530718,8.377580409573),.UNSPECIFIED.) CURVE() 
GEOMETRIC_REPRESENTATION_ITEM() RATIONAL_B_SPLINE_CURVE((1.,0.5,1.,0.5,
1.,0.5,1.)) REPRESENTATION_ITEM('') );
#1412 = CARTESIAN_POINT('',(-9.332107149415,11.85));
#1413 = CARTESIAN_POINT('',(-7.946467797332,11.849998964822));
#1414 = CARTESIAN_POINT('',(-8.639288369864,10.650000603024));
#1415 = CARTESIAN_POINT('',(-9.332108942395,9.450002241226));
#1416 = CARTESIAN_POINT('',(-10.02492772194,10.650001638202));
#1417 = CARTESIAN_POINT('',(-10.71774650149,11.850001035178));
#1418 = CARTESIAN_POINT('',(-9.332107149415,11.85));
#1419 = ( GEOMETRIC_REPRESENTATION_CONTEXT(2) 
PARAMETRIC_REPRESENTATION_CONTEXT() REPRESENTATION_CONTEXT('2D SPACE',''
  ) );
#1420 = PCURVE('',#1421,#1426);
#1421 = CYLINDRICAL_SURFACE('',#1422,0.799999252925);
#1422 = AXIS2_PLACEMENT_3D('',#1423,#1424,#1425);
#1423 = CARTESIAN_POINT('',(-9.332107747075,11.050000747075,-29.25001));
#1424 = DIRECTION('',(0.,0.,-1.));
#1425 = DIRECTION('',(7.470757634981E-07,1.,0.));
#1426 = DEFINITIONAL_REPRESENTATION('',(#1427),#1431);
#1427 = LINE('',#1428,#1429);
#1428 = CARTESIAN_POINT('',(-12.56637061435,-33.25001));
#1429 = VECTOR('',#1430,1.);
#1430 = DIRECTION('',(1.,-0.));
#1431 = ( GEOMETRIC_REPRESENTATION_CONTEXT(2) 
PARAMETRIC_REPRESENTATION_CONTEXT() REPRESENTATION_CONTEXT('2D SPACE',''
  ) );
#1432 = ORIENTED_EDGE('',*,*,#1433,.T.);
#1433 = EDGE_CURVE('',#1401,#1434,#1436,.T.);
#1434 = VERTEX_POINT('',#1435);
#1435 = CARTESIAN_POINT('',(-7.45,11.84989841475,4.));
#1436 = SURFACE_CURVE('',#1437,(#1441,#1448),.PCURVE_S1.);
#1437 = LINE('',#1438,#1439);
#1438 = CARTESIAN_POINT('',(4.662815885313,11.849244636882,4.));
#1439 = VECTOR('',#1440,1.);
#1440 = DIRECTION('',(0.999999998543,-5.397406128484E-05,0.));
#1441 = PCURVE('',#43,#1442);
#1442 = DEFINITIONAL_REPRESENTATION('',(#1443),#1447);
#1443 = LINE('',#1444,#1445);
#1444 = CARTESIAN_POINT('',(4.662815885313,11.849244636882));
#1445 = VECTOR('',#1446,1.);
#1446 = DIRECTION('',(0.999999998543,-5.397406128484E-05));
#1447 = ( GEOMETRIC_REPRESENTATION_CONTEXT(2) 
PARAMETRIC_REPRESENTATION_CONTEXT() REPRESENTATION_CONTEXT('2D SPACE',''
  ) );
#1448 = PCURVE('',#870,#1449);
#1449 = DEFINITIONAL_REPRESENTATION('',(#1450),#1453);
#1450 = B_SPLINE_CURVE_WITH_KNOTS('',1,(#1451,#1452),.UNSPECIFIED.,.F.,
  .F.,(2,2),(-13.99488047356,4.662176326665),.PIECEWISE_BEZIER_KNOTS.);
#1451 = CARTESIAN_POINT('',(18.65705680023,-33.25001));
#1452 = CARTESIAN_POINT('',(0.,-33.25001));
#1453 = ( GEOMETRIC_REPRESENTATION_CONTEXT(2) 
PARAMETRIC_REPRESENTATION_CONTEXT() REPRESENTATION_CONTEXT('2D SPACE',''
  ) );
#1454 = ORIENTED_EDGE('',*,*,#1455,.T.);
#1455 = EDGE_CURVE('',#1434,#470,#1456,.T.);
#1456 = SURFACE_CURVE('',#1457,(#1461,#1468),.PCURVE_S1.);
#1457 = LINE('',#1458,#1459);
#1458 = CARTESIAN_POINT('',(-7.45,9.123618653648E-16,4.));
#1459 = VECTOR('',#1460,1.);
#1460 = DIRECTION('',(1.224646799147E-16,1.,0.));
#1461 = PCURVE('',#43,#1462);
#1462 = DEFINITIONAL_REPRESENTATION('',(#1463),#1467);
#1463 = LINE('',#1464,#1465);
#1464 = CARTESIAN_POINT('',(-7.45,9.123618653648E-16));
#1465 = VECTOR('',#1466,1.);
#1466 = DIRECTION('',(1.224646799147E-16,1.));
#1467 = ( GEOMETRIC_REPRESENTATION_CONTEXT(2) 
PARAMETRIC_REPRESENTATION_CONTEXT() REPRESENTATION_CONTEXT('2D SPACE',''
  ) );
#1468 = PCURVE('',#506,#1469);
#1469 = DEFINITIONAL_REPRESENTATION('',(#1470),#1474);
#1470 = LINE('',#1471,#1472);
#1471 = CARTESIAN_POINT('',(0.,0.));
#1472 = VECTOR('',#1473,1.);
#1473 = DIRECTION('',(0.,-1.));
#1474 = ( GEOMETRIC_REPRESENTATION_CONTEXT(2) 
PARAMETRIC_REPRESENTATION_CONTEXT() REPRESENTATION_CONTEXT('2D SPACE',''
  ) );
#1475 = ORIENTED_EDGE('',*,*,#469,.T.);
#1476 = ORIENTED_EDGE('',*,*,#1477,.T.);
#1477 = EDGE_CURVE('',#442,#1478,#1480,.T.);
#1478 = VERTEX_POINT('',#1479);
#1479 = CARTESIAN_POINT('',(-20.125,9.85,4.));
#1480 = SURFACE_CURVE('',#1481,(#1486,#1493),.PCURVE_S1.);
#1481 = CIRCLE('',#1482,4.);
#1482 = AXIS2_PLACEMENT_3D('',#1483,#1484,#1485);
#1483 = CARTESIAN_POINT('',(-16.125,9.85,4.));
#1484 = DIRECTION('',(0.,0.,1.));
#1485 = DIRECTION('',(-1.,0.,0.));
#1486 = PCURVE('',#43,#1487);
#1487 = DEFINITIONAL_REPRESENTATION('',(#1488),#1492);
#1488 = CIRCLE('',#1489,4.);
#1489 = AXIS2_PLACEMENT_2D('',#1490,#1491);
#1490 = CARTESIAN_POINT('',(-16.125,9.85));
#1491 = DIRECTION('',(-1.,0.));
#1492 = ( GEOMETRIC_REPRESENTATION_CONTEXT(2) 
PARAMETRIC_REPRESENTATION_CONTEXT() REPRESENTATION_CONTEXT('2D SPACE',''
  ) );
#1493 = PCURVE('',#457,#1494);
#1494 = DEFINITIONAL_REPRESENTATION('',(#1495),#1499);
#1495 = LINE('',#1496,#1497);
#1496 = CARTESIAN_POINT('',(-6.28318530718,4.));
#1497 = VECTOR('',#1498,1.);
#1498 = DIRECTION('',(1.,-0.));
#1499 = ( GEOMETRIC_REPRESENTATION_CONTEXT(2) 
PARAMETRIC_REPRESENTATION_CONTEXT() REPRESENTATION_CONTEXT('2D SPACE',''
  ) );
#1500 = ORIENTED_EDGE('',*,*,#1501,.T.);
#1501 = EDGE_CURVE('',#1478,#1502,#1504,.T.);
#1502 = VERTEX_POINT('',#1503);
#1503 = CARTESIAN_POINT('',(-20.125,-13.81943954598,4.));
#1504 = SURFACE_CURVE('',#1505,(#1509,#1516),.PCURVE_S1.);
#1505 = LINE('',#1506,#1507);
#1506 = CARTESIAN_POINT('',(-20.125,6.925,4.));
#1507 = VECTOR('',#1508,1.);
#1508 = DIRECTION('',(0.,-1.,0.));
#1509 = PCURVE('',#43,#1510);
#1510 = DEFINITIONAL_REPRESENTATION('',(#1511),#1515);
#1511 = LINE('',#1512,#1513);
#1512 = CARTESIAN_POINT('',(-20.125,6.925));
#1513 = VECTOR('',#1514,1.);
#1514 = DIRECTION('',(0.,-1.));
#1515 = ( GEOMETRIC_REPRESENTATION_CONTEXT(2) 
PARAMETRIC_REPRESENTATION_CONTEXT() REPRESENTATION_CONTEXT('2D SPACE',''
  ) );
#1516 = PCURVE('',#1517,#1522);
#1517 = PLANE('',#1518);
#1518 = AXIS2_PLACEMENT_3D('',#1519,#1520,#1521);
#1519 = CARTESIAN_POINT('',(-20.125,13.85,0.));
#1520 = DIRECTION('',(1.,0.,-0.));
#1521 = DIRECTION('',(0.,-1.,0.));
#1522 = DEFINITIONAL_REPRESENTATION('',(#1523),#1526);
#1523 = B_SPLINE_CURVE_WITH_KNOTS('',1,(#1524,#1525),.UNSPECIFIED.,.F.,
  .F.,(2,2),(-2.925,20.74443954599),.PIECEWISE_BEZIER_KNOTS.);
#1524 = CARTESIAN_POINT('',(4.,-4.));
#1525 = CARTESIAN_POINT('',(27.66943954599,-4.));
#1526 = ( GEOMETRIC_REPRESENTATION_CONTEXT(2) 
PARAMETRIC_REPRESENTATION_CONTEXT() REPRESENTATION_CONTEXT('2D SPACE',''
  ) );
#1527 = ORIENTED_EDGE('',*,*,#1528,.F.);
#1528 = EDGE_CURVE('',#1529,#1502,#1531,.T.);
#1529 = VERTEX_POINT('',#1530);
#1530 = CARTESIAN_POINT('',(-15.14367871379,-17.69719772994,4.));
#1531 = SURFACE_CURVE('',#1532,(#1559,#1589),.PCURVE_S1.);
#1532 = B_SPLINE_CURVE_WITH_KNOTS('',7,(#1533,#1534,#1535,#1536,#1537,
    #1538,#1539,#1540,#1541,#1542,#1543,#1544,#1545,#1546,#1547,#1548,
    #1549,#1550,#1551,#1552,#1553,#1554,#1555,#1556,#1557,#1558),
  .UNSPECIFIED.,.F.,.F.,(8,6,6,6,8),(0.,0.163278718394,0.5,
    0.836721281606,1.),.UNSPECIFIED.);
#1533 = CARTESIAN_POINT('',(-15.14367871379,-17.69719772994,4.));
#1534 = CARTESIAN_POINT('',(-15.29036346209,-17.73431837002,4.));
#1535 = CARTESIAN_POINT('',(-15.44131769632,-17.76563142379,4.));
#1536 = CARTESIAN_POINT('',(-15.59621591821,-17.79060980314,4.));
#1537 = CARTESIAN_POINT('',(-15.75465229926,-17.80874285208,4.));
#1538 = CARTESIAN_POINT('',(-15.91613808075,-17.81955511142,4.));
#1539 = CARTESIAN_POINT('',(-16.08010528713,-17.82262615835,4.));
#1540 = CARTESIAN_POINT('',(-16.58786118772,-17.80727009188,4.));
#1541 = CARTESIAN_POINT('',(-16.93778446427,-17.762537277,4.));
#1542 = CARTESIAN_POINT('',(-17.2899258223,-17.68034670533,4.));
#1543 = CARTESIAN_POINT('',(-17.63747465757,-17.55909714123,4.));
#1544 = CARTESIAN_POINT('',(-17.97313306786,-17.39919219589,4.));
#1545 = CARTESIAN_POINT('',(-18.28993652822,-17.20324515391,4.));
#1546 = CARTESIAN_POINT('',(-18.87427039765,-16.74836474886,4.));
#1547 = CARTESIAN_POINT('',(-19.14195070387,-16.4893146969,4.));
#1548 = CARTESIAN_POINT('',(-19.37931606721,-16.20314369168,4.));
#1549 = CARTESIAN_POINT('',(-19.58212445709,-15.89596230115,4.));
#1550 = CARTESIAN_POINT('',(-19.74819420017,-15.57474638228,4.));
#1551 = CARTESIAN_POINT('',(-19.87740674988,-15.24649123578,4.));
#1552 = CARTESIAN_POINT('',(-20.01686144634,-14.75801989477,4.));
#1553 = CARTESIAN_POINT('',(-20.05411037947,-14.59831017972,4.));
#1554 = CARTESIAN_POINT('',(-20.08324590637,-14.43910690197,4.));
#1555 = CARTESIAN_POINT('',(-20.10453625995,-14.28106382194,4.));
#1556 = CARTESIAN_POINT('',(-20.1183224618,-14.12477140619,4.));
#1557 = CARTESIAN_POINT('',(-20.125,-13.97074836034,4.));
#1558 = CARTESIAN_POINT('',(-20.125,-13.81943954598,4.));
#1559 = PCURVE('',#43,#1560);
#1560 = DEFINITIONAL_REPRESENTATION('',(#1561),#1588);
#1561 = B_SPLINE_CURVE_WITH_KNOTS('',7,(#1562,#1563,#1564,#1565,#1566,
    #1567,#1568,#1569,#1570,#1571,#1572,#1573,#1574,#1575,#1576,#1577,
    #1578,#1579,#1580,#1581,#1582,#1583,#1584,#1585,#1586,#1587),
  .UNSPECIFIED.,.F.,.F.,(8,6,6,6,8),(0.,0.163278718394,0.5,
    0.836721281606,1.),.UNSPECIFIED.);
#1562 = CARTESIAN_POINT('',(-15.14367871379,-17.69719772994));
#1563 = CARTESIAN_POINT('',(-15.29036346209,-17.73431837002));
#1564 = CARTESIAN_POINT('',(-15.44131769632,-17.76563142379));
#1565 = CARTESIAN_POINT('',(-15.59621591821,-17.79060980314));
#1566 = CARTESIAN_POINT('',(-15.75465229926,-17.80874285208));
#1567 = CARTESIAN_POINT('',(-15.91613808075,-17.81955511142));
#1568 = CARTESIAN_POINT('',(-16.08010528713,-17.82262615835));
#1569 = CARTESIAN_POINT('',(-16.58786118772,-17.80727009188));
#1570 = CARTESIAN_POINT('',(-16.93778446427,-17.762537277));
#1571 = CARTESIAN_POINT('',(-17.2899258223,-17.68034670533));
#1572 = CARTESIAN_POINT('',(-17.63747465757,-17.55909714123));
#1573 = CARTESIAN_POINT('',(-17.97313306786,-17.39919219589));
#1574 = CARTESIAN_POINT('',(-18.28993652822,-17.20324515391));
#1575 = CARTESIAN_POINT('',(-18.87427039765,-16.74836474886));
#1576 = CARTESIAN_POINT('',(-19.14195070387,-16.4893146969));
#1577 = CARTESIAN_POINT('',(-19.37931606721,-16.20314369168));
#1578 = CARTESIAN_POINT('',(-19.58212445709,-15.89596230115));
#1579 = CARTESIAN_POINT('',(-19.74819420017,-15.57474638228));
#1580 = CARTESIAN_POINT('',(-19.87740674988,-15.24649123578));
#1581 = CARTESIAN_POINT('',(-20.01686144634,-14.75801989477));
#1582 = CARTESIAN_POINT('',(-20.05411037947,-14.59831017972));
#1583 = CARTESIAN_POINT('',(-20.08324590637,-14.43910690197));
#1584 = CARTESIAN_POINT('',(-20.10453625995,-14.28106382194));
#1585 = CARTESIAN_POINT('',(-20.1183224618,-14.12477140619));
#1586 = CARTESIAN_POINT('',(-20.125,-13.97074836034));
#1587 = CARTESIAN_POINT('',(-20.125,-13.81943954598));
#1588 = ( GEOMETRIC_REPRESENTATION_CONTEXT(2) 
PARAMETRIC_REPRESENTATION_CONTEXT() REPRESENTATION_CONTEXT('2D SPACE',''
  ) );
#1589 = PCURVE('',#1590,#1606);
#1590 = ( BOUNDED_SURFACE() B_SPLINE_SURFACE(2,2,(
    (#1591,#1592,#1593,#1594,#1595)
    ,(#1596,#1597,#1598,#1599,#1600)
    ,(#1601,#1602,#1603,#1604,#1605
)),.UNSPECIFIED.,.F.,.F.,.F.) B_SPLINE_SURFACE_WITH_KNOTS((3,3),(3,1,1,3
    ),(0.,14.),(-0.8568,6.227006757453E-14,14.,14.8568),.UNSPECIFIED.) 
GEOMETRIC_REPRESENTATION_ITEM() RATIONAL_B_SPLINE_SURFACE((
    (1.,1.,1.,1.,1.)
    ,(0.614275865735,0.614275865735,0.614275865735,0.614275865735
      ,0.614275865735)
,(1.,1.,1.,1.,1.))) REPRESENTATION_ITEM('') SURFACE() );
#1591 = CARTESIAN_POINT('',(-20.125,-13.81943954598,-0.8568));
#1592 = CARTESIAN_POINT('',(-20.125,-13.81943954598,-0.4284));
#1593 = CARTESIAN_POINT('',(-20.125,-13.81943954598,7.));
#1594 = CARTESIAN_POINT('',(-20.125,-13.81943954598,14.4284));
#1595 = CARTESIAN_POINT('',(-20.125,-13.81943954598,14.8568));
#1596 = CARTESIAN_POINT('',(-20.125,-18.95779119134,-0.8568));
#1597 = CARTESIAN_POINT('',(-20.125,-18.95779119134,-0.4284));
#1598 = CARTESIAN_POINT('',(-20.125,-18.95779119134,7.));
#1599 = CARTESIAN_POINT('',(-20.125,-18.95779119134,14.4284));
#1600 = CARTESIAN_POINT('',(-20.125,-18.95779119134,14.8568));
#1601 = CARTESIAN_POINT('',(-15.14367871379,-17.69719772994,-0.8568));
#1602 = CARTESIAN_POINT('',(-15.14367871379,-17.69719772994,-0.4284));
#1603 = CARTESIAN_POINT('',(-15.14367871379,-17.69719772994,7.));
#1604 = CARTESIAN_POINT('',(-15.14367871379,-17.69719772994,14.4284));
#1605 = CARTESIAN_POINT('',(-15.14367871379,-17.69719772994,14.8568));
#1606 = DEFINITIONAL_REPRESENTATION('',(#1607),#1634);
#1607 = B_SPLINE_CURVE_WITH_KNOTS('',7,(#1608,#1609,#1610,#1611,#1612,
    #1613,#1614,#1615,#1616,#1617,#1618,#1619,#1620,#1621,#1622,#1623,
    #1624,#1625,#1626,#1627,#1628,#1629,#1630,#1631,#1632,#1633),
  .UNSPECIFIED.,.F.,.F.,(8,6,6,6,8),(0.,0.163278718394,0.5,
    0.836721281606,1.),.UNSPECIFIED.);
#1608 = CARTESIAN_POINT('',(14.,4.));
#1609 = CARTESIAN_POINT('',(13.664436285261,4.));
#1610 = CARTESIAN_POINT('',(13.330092069686,4.));
#1611 = CARTESIAN_POINT('',(12.99696387677,4.));
#1612 = CARTESIAN_POINT('',(12.665032260757,4.));
#1613 = CARTESIAN_POINT('',(12.334261582962,4.));
#1614 = CARTESIAN_POINT('',(12.004602905153,4.));
#1615 = CARTESIAN_POINT('',(10.998339172852,4.));
#1616 = CARTESIAN_POINT('',(10.324899750109,4.));
#1617 = CARTESIAN_POINT('',(9.655562262587,4.));
#1618 = CARTESIAN_POINT('',(8.989563407551,4.));
#1619 = CARTESIAN_POINT('',(8.325708059014,4.));
#1620 = CARTESIAN_POINT('',(7.662769179225,4.));
#1621 = CARTESIAN_POINT('',(6.337230820777,4.));
#1622 = CARTESIAN_POINT('',(5.674291940983,4.));
#1623 = CARTESIAN_POINT('',(5.010436592456,4.));
#1624 = CARTESIAN_POINT('',(4.344437737407,4.));
#1625 = CARTESIAN_POINT('',(3.675100249895,4.));
#1626 = CARTESIAN_POINT('',(3.001660827147,4.));
#1627 = CARTESIAN_POINT('',(1.995397094848,4.));
#1628 = CARTESIAN_POINT('',(1.665738417037,4.));
#1629 = CARTESIAN_POINT('',(1.334967739244,4.));
#1630 = CARTESIAN_POINT('',(1.003036123231,4.));
#1631 = CARTESIAN_POINT('',(0.669907930313,4.));
#1632 = CARTESIAN_POINT('',(0.33556371474,4.));
#1633 = CARTESIAN_POINT('',(0.,4.));
#1634 = ( GEOMETRIC_REPRESENTATION_CONTEXT(2) 
PARAMETRIC_REPRESENTATION_CONTEXT() REPRESENTATION_CONTEXT('2D SPACE',''
  ) );
#1635 = ORIENTED_EDGE('',*,*,#1636,.T.);
#1636 = EDGE_CURVE('',#1529,#1637,#1639,.T.);
#1637 = VERTEX_POINT('',#1638);
#1638 = CARTESIAN_POINT('',(-12.63328372813,-16.17181919415,4.));
#1639 = SURFACE_CURVE('',#1640,(#1645,#1652),.PCURVE_S1.);
#1640 = CIRCLE('',#1641,5.);
#1641 = AXIS2_PLACEMENT_3D('',#1642,#1643,#1644);
#1642 = CARTESIAN_POINT('',(-16.37033032155,-12.85,4.));
#1643 = DIRECTION('',(-0.,0.,1.));
#1644 = DIRECTION('',(0.747409318684,-0.66436383883,0.));
#1645 = PCURVE('',#43,#1646);
#1646 = DEFINITIONAL_REPRESENTATION('',(#1647),#1651);
#1647 = CIRCLE('',#1648,5.);
#1648 = AXIS2_PLACEMENT_2D('',#1649,#1650);
#1649 = CARTESIAN_POINT('',(-16.37033032155,-12.85));
#1650 = DIRECTION('',(0.747409318684,-0.66436383883));
#1651 = ( GEOMETRIC_REPRESENTATION_CONTEXT(2) 
PARAMETRIC_REPRESENTATION_CONTEXT() REPRESENTATION_CONTEXT('2D SPACE',''
  ) );
#1652 = PCURVE('',#1653,#1658);
#1653 = CYLINDRICAL_SURFACE('',#1654,5.);
#1654 = AXIS2_PLACEMENT_3D('',#1655,#1656,#1657);
#1655 = CARTESIAN_POINT('',(-16.37033032155,-12.85,0.));
#1656 = DIRECTION('',(-0.,-0.,1.));
#1657 = DIRECTION('',(0.747409318684,-0.66436383883,0.));
#1658 = DEFINITIONAL_REPRESENTATION('',(#1659),#1663);
#1659 = LINE('',#1660,#1661);
#1660 = CARTESIAN_POINT('',(-6.28318530718,4.));
#1661 = VECTOR('',#1662,1.);
#1662 = DIRECTION('',(1.,-0.));
#1663 = ( GEOMETRIC_REPRESENTATION_CONTEXT(2) 
PARAMETRIC_REPRESENTATION_CONTEXT() REPRESENTATION_CONTEXT('2D SPACE',''
  ) );
#1664 = ORIENTED_EDGE('',*,*,#1665,.F.);
#1665 = EDGE_CURVE('',#1666,#1637,#1668,.T.);
#1666 = VERTEX_POINT('',#1667);
#1667 = CARTESIAN_POINT('',(-11.61671627186,-15.02818080585,4.));
#1668 = SURFACE_CURVE('',#1669,(#1673,#1680),.PCURVE_S1.);
#1669 = LINE('',#1670,#1671);
#1670 = CARTESIAN_POINT('',(-4.576034482759,-7.107413793104,4.));
#1671 = VECTOR('',#1672,1.);
#1672 = DIRECTION('',(-0.66436383883,-0.747409318684,0.));
#1673 = PCURVE('',#43,#1674);
#1674 = DEFINITIONAL_REPRESENTATION('',(#1675),#1679);
#1675 = LINE('',#1676,#1677);
#1676 = CARTESIAN_POINT('',(-4.576034482759,-7.107413793104));
#1677 = VECTOR('',#1678,1.);
#1678 = DIRECTION('',(-0.66436383883,-0.747409318684));
#1679 = ( GEOMETRIC_REPRESENTATION_CONTEXT(2) 
PARAMETRIC_REPRESENTATION_CONTEXT() REPRESENTATION_CONTEXT('2D SPACE',''
  ) );
#1680 = PCURVE('',#1681,#1686);
#1681 = PLANE('',#1682);
#1682 = AXIS2_PLACEMENT_3D('',#1683,#1684,#1685);
#1683 = CARTESIAN_POINT('',(-10.125,-13.35,0.));
#1684 = DIRECTION('',(-0.747409318684,0.66436383883,-0.));
#1685 = DIRECTION('',(0.66436383883,0.747409318684,0.));
#1686 = DEFINITIONAL_REPRESENTATION('',(#1687),#1690);
#1687 = B_SPLINE_CURVE_WITH_KNOTS('',1,(#1688,#1689),.UNSPECIFIED.,.F.,
  .F.,(2,2),(10.597629457841,12.127766104135),.PIECEWISE_BEZIER_KNOTS.);
#1688 = CARTESIAN_POINT('',(-2.245330321551,-4.));
#1689 = CARTESIAN_POINT('',(-3.775466967845,-4.));
#1690 = ( GEOMETRIC_REPRESENTATION_CONTEXT(2) 
PARAMETRIC_REPRESENTATION_CONTEXT() REPRESENTATION_CONTEXT('2D SPACE',''
  ) );
#1691 = ORIENTED_EDGE('',*,*,#1692,.F.);
#1692 = EDGE_CURVE('',#1693,#1666,#1695,.T.);
#1693 = VERTEX_POINT('',#1694);
#1694 = CARTESIAN_POINT('',(-7.879669678449,-13.35,4.));
#1695 = SURFACE_CURVE('',#1696,(#1701,#1708),.PCURVE_S1.);
#1696 = CIRCLE('',#1697,5.);
#1697 = AXIS2_PLACEMENT_3D('',#1698,#1699,#1700);
#1698 = CARTESIAN_POINT('',(-7.879669678449,-18.35,4.));
#1699 = DIRECTION('',(-0.,-0.,1.));
#1700 = DIRECTION('',(-0.,1.,0.));
#1701 = PCURVE('',#43,#1702);
#1702 = DEFINITIONAL_REPRESENTATION('',(#1703),#1707);
#1703 = CIRCLE('',#1704,5.);
#1704 = AXIS2_PLACEMENT_2D('',#1705,#1706);
#1705 = CARTESIAN_POINT('',(-7.879669678449,-18.35));
#1706 = DIRECTION('',(0.,1.));
#1707 = ( GEOMETRIC_REPRESENTATION_CONTEXT(2) 
PARAMETRIC_REPRESENTATION_CONTEXT() REPRESENTATION_CONTEXT('2D SPACE',''
  ) );
#1708 = PCURVE('',#1709,#1714);
#1709 = CYLINDRICAL_SURFACE('',#1710,5.);
#1710 = AXIS2_PLACEMENT_3D('',#1711,#1712,#1713);
#1711 = CARTESIAN_POINT('',(-7.879669678449,-18.35,0.));
#1712 = DIRECTION('',(-0.,-0.,1.));
#1713 = DIRECTION('',(-0.,1.,-0.));
#1714 = DEFINITIONAL_REPRESENTATION('',(#1715),#1719);
#1715 = LINE('',#1716,#1717);
#1716 = CARTESIAN_POINT('',(0.,4.));
#1717 = VECTOR('',#1718,1.);
#1718 = DIRECTION('',(1.,0.));
#1719 = ( GEOMETRIC_REPRESENTATION_CONTEXT(2) 
PARAMETRIC_REPRESENTATION_CONTEXT() REPRESENTATION_CONTEXT('2D SPACE',''
  ) );
#1720 = ORIENTED_EDGE('',*,*,#1721,.T.);
#1721 = EDGE_CURVE('',#1693,#1722,#1724,.T.);
#1722 = VERTEX_POINT('',#1723);
#1723 = CARTESIAN_POINT('',(7.879669678449,-13.35,4.));
#1724 = SURFACE_CURVE('',#1725,(#1729,#1736),.PCURVE_S1.);
#1725 = LINE('',#1726,#1727);
#1726 = CARTESIAN_POINT('',(0.,-13.35,4.));
#1727 = VECTOR('',#1728,1.);
#1728 = DIRECTION('',(1.,0.,0.));
#1729 = PCURVE('',#43,#1730);
#1730 = DEFINITIONAL_REPRESENTATION('',(#1731),#1735);
#1731 = LINE('',#1732,#1733);
#1732 = CARTESIAN_POINT('',(0.,-13.35));
#1733 = VECTOR('',#1734,1.);
#1734 = DIRECTION('',(1.,0.));
#1735 = ( GEOMETRIC_REPRESENTATION_CONTEXT(2) 
PARAMETRIC_REPRESENTATION_CONTEXT() REPRESENTATION_CONTEXT('2D SPACE',''
  ) );
#1736 = PCURVE('',#1737,#1742);
#1737 = PLANE('',#1738);
#1738 = AXIS2_PLACEMENT_3D('',#1739,#1740,#1741);
#1739 = CARTESIAN_POINT('',(0.,-13.35,0.));
#1740 = DIRECTION('',(0.,1.,0.));
#1741 = DIRECTION('',(1.,0.,0.));
#1742 = DEFINITIONAL_REPRESENTATION('',(#1743),#1746);
#1743 = B_SPLINE_CURVE_WITH_KNOTS('',1,(#1744,#1745),.UNSPECIFIED.,.F.,
  .F.,(2,2),(-7.879669678449,7.879669678449),.PIECEWISE_BEZIER_KNOTS.);
#1744 = CARTESIAN_POINT('',(-7.879669678449,-4.));
#1745 = CARTESIAN_POINT('',(7.879669678449,-4.));
#1746 = ( GEOMETRIC_REPRESENTATION_CONTEXT(2) 
PARAMETRIC_REPRESENTATION_CONTEXT() REPRESENTATION_CONTEXT('2D SPACE',''
  ) );
#1747 = ORIENTED_EDGE('',*,*,#1748,.F.);
#1748 = EDGE_CURVE('',#1749,#1722,#1751,.T.);
#1749 = VERTEX_POINT('',#1750);
#1750 = CARTESIAN_POINT('',(11.616716271867,-15.02818080585,4.));
#1751 = SURFACE_CURVE('',#1752,(#1757,#1764),.PCURVE_S1.);
#1752 = CIRCLE('',#1753,5.);
#1753 = AXIS2_PLACEMENT_3D('',#1754,#1755,#1756);
#1754 = CARTESIAN_POINT('',(7.879669678449,-18.35,4.));
#1755 = DIRECTION('',(0.,0.,1.));
#1756 = DIRECTION('',(-0.,1.,0.));
#1757 = PCURVE('',#43,#1758);
#1758 = DEFINITIONAL_REPRESENTATION('',(#1759),#1763);
#1759 = CIRCLE('',#1760,5.);
#1760 = AXIS2_PLACEMENT_2D('',#1761,#1762);
#1761 = CARTESIAN_POINT('',(7.879669678449,-18.35));
#1762 = DIRECTION('',(0.,1.));
#1763 = ( GEOMETRIC_REPRESENTATION_CONTEXT(2) 
PARAMETRIC_REPRESENTATION_CONTEXT() REPRESENTATION_CONTEXT('2D SPACE',''
  ) );
#1764 = PCURVE('',#1765,#1770);
#1765 = CYLINDRICAL_SURFACE('',#1766,5.);
#1766 = AXIS2_PLACEMENT_3D('',#1767,#1768,#1769);
#1767 = CARTESIAN_POINT('',(7.879669678449,-18.35,0.));
#1768 = DIRECTION('',(0.,0.,1.));
#1769 = DIRECTION('',(-0.,1.,0.));
#1770 = DEFINITIONAL_REPRESENTATION('',(#1771),#1775);
#1771 = LINE('',#1772,#1773);
#1772 = CARTESIAN_POINT('',(-6.28318530718,4.));
#1773 = VECTOR('',#1774,1.);
#1774 = DIRECTION('',(1.,-0.));
#1775 = ( GEOMETRIC_REPRESENTATION_CONTEXT(2) 
PARAMETRIC_REPRESENTATION_CONTEXT() REPRESENTATION_CONTEXT('2D SPACE',''
  ) );
#1776 = ORIENTED_EDGE('',*,*,#1777,.T.);
#1777 = EDGE_CURVE('',#1749,#1778,#1780,.T.);
#1778 = VERTEX_POINT('',#1779);
#1779 = CARTESIAN_POINT('',(12.633283728133,-16.17181919415,4.));
#1780 = SURFACE_CURVE('',#1781,(#1785,#1792),.PCURVE_S1.);
#1781 = LINE('',#1782,#1783);
#1782 = CARTESIAN_POINT('',(4.576034482759,-7.107413793104,4.));
#1783 = VECTOR('',#1784,1.);
#1784 = DIRECTION('',(0.66436383883,-0.747409318684,0.));
#1785 = PCURVE('',#43,#1786);
#1786 = DEFINITIONAL_REPRESENTATION('',(#1787),#1791);
#1787 = LINE('',#1788,#1789);
#1788 = CARTESIAN_POINT('',(4.576034482759,-7.107413793104));
#1789 = VECTOR('',#1790,1.);
#1790 = DIRECTION('',(0.66436383883,-0.747409318684));
#1791 = ( GEOMETRIC_REPRESENTATION_CONTEXT(2) 
PARAMETRIC_REPRESENTATION_CONTEXT() REPRESENTATION_CONTEXT('2D SPACE',''
  ) );
#1792 = PCURVE('',#1793,#1798);
#1793 = PLANE('',#1794);
#1794 = AXIS2_PLACEMENT_3D('',#1795,#1796,#1797);
#1795 = CARTESIAN_POINT('',(10.125,-13.35,0.));
#1796 = DIRECTION('',(0.747409318684,0.66436383883,-0.));
#1797 = DIRECTION('',(0.66436383883,-0.747409318684,0.));
#1798 = DEFINITIONAL_REPRESENTATION('',(#1799),#1802);
#1799 = B_SPLINE_CURVE_WITH_KNOTS('',1,(#1800,#1801),.UNSPECIFIED.,.F.,
  .F.,(2,2),(10.597629457841,12.127766104135),.PIECEWISE_BEZIER_KNOTS.);
#1800 = CARTESIAN_POINT('',(2.245330321551,-4.));
#1801 = CARTESIAN_POINT('',(3.775466967845,-4.));
#1802 = ( GEOMETRIC_REPRESENTATION_CONTEXT(2) 
PARAMETRIC_REPRESENTATION_CONTEXT() REPRESENTATION_CONTEXT('2D SPACE',''
  ) );
#1803 = ORIENTED_EDGE('',*,*,#1804,.T.);
#1804 = EDGE_CURVE('',#1778,#1805,#1807,.T.);
#1805 = VERTEX_POINT('',#1806);
#1806 = CARTESIAN_POINT('',(15.143678713795,-17.69719772994,4.));
#1807 = SURFACE_CURVE('',#1808,(#1813,#1820),.PCURVE_S1.);
#1808 = CIRCLE('',#1809,5.);
#1809 = AXIS2_PLACEMENT_3D('',#1810,#1811,#1812);
#1810 = CARTESIAN_POINT('',(16.370330321552,-12.85,4.));
#1811 = DIRECTION('',(0.,0.,1.));
#1812 = DIRECTION('',(-0.747409318684,-0.66436383883,0.));
#1813 = PCURVE('',#43,#1814);
#1814 = DEFINITIONAL_REPRESENTATION('',(#1815),#1819);
#1815 = CIRCLE('',#1816,5.);
#1816 = AXIS2_PLACEMENT_2D('',#1817,#1818);
#1817 = CARTESIAN_POINT('',(16.370330321552,-12.85));
#1818 = DIRECTION('',(-0.747409318684,-0.66436383883));
#1819 = ( GEOMETRIC_REPRESENTATION_CONTEXT(2) 
PARAMETRIC_REPRESENTATION_CONTEXT() REPRESENTATION_CONTEXT('2D SPACE',''
  ) );
#1820 = PCURVE('',#1821,#1826);
#1821 = CYLINDRICAL_SURFACE('',#1822,5.);
#1822 = AXIS2_PLACEMENT_3D('',#1823,#1824,#1825);
#1823 = CARTESIAN_POINT('',(16.370330321552,-12.85,0.));
#1824 = DIRECTION('',(0.,0.,1.));
#1825 = DIRECTION('',(-0.747409318684,-0.66436383883,0.));
#1826 = DEFINITIONAL_REPRESENTATION('',(#1827),#1831);
#1827 = LINE('',#1828,#1829);
#1828 = CARTESIAN_POINT('',(0.,4.));
#1829 = VECTOR('',#1830,1.);
#1830 = DIRECTION('',(1.,0.));
#1831 = ( GEOMETRIC_REPRESENTATION_CONTEXT(2) 
PARAMETRIC_REPRESENTATION_CONTEXT() REPRESENTATION_CONTEXT('2D SPACE',''
  ) );
#1832 = ORIENTED_EDGE('',*,*,#1833,.T.);
#1833 = EDGE_CURVE('',#1805,#780,#1834,.T.);
#1834 = SURFACE_CURVE('',#1835,(#1862,#1892),.PCURVE_S1.);
#1835 = B_SPLINE_CURVE_WITH_KNOTS('',7,(#1836,#1837,#1838,#1839,#1840,
    #1841,#1842,#1843,#1844,#1845,#1846,#1847,#1848,#1849,#1850,#1851,
    #1852,#1853,#1854,#1855,#1856,#1857,#1858,#1859,#1860,#1861),
  .UNSPECIFIED.,.F.,.F.,(8,6,6,6,8),(0.,0.163278718394,0.5,
    0.836721281606,1.),.UNSPECIFIED.);
#1836 = CARTESIAN_POINT('',(15.143678713795,-17.69719772994,4.));
#1837 = CARTESIAN_POINT('',(15.290363462091,-17.73431837002,4.));
#1838 = CARTESIAN_POINT('',(15.441317696319,-17.76563142379,4.));
#1839 = CARTESIAN_POINT('',(15.596215918219,-17.79060980314,4.));
#1840 = CARTESIAN_POINT('',(15.754652299261,-17.80874285208,4.));
#1841 = CARTESIAN_POINT('',(15.91613808075,-17.81955511142,4.));
#1842 = CARTESIAN_POINT('',(16.080105287139,-17.82262615835,4.));
#1843 = CARTESIAN_POINT('',(16.587861187721,-17.80727009188,4.));
#1844 = CARTESIAN_POINT('',(16.937784464273,-17.762537277,4.));
#1845 = CARTESIAN_POINT('',(17.2899258223,-17.68034670533,4.));
#1846 = CARTESIAN_POINT('',(17.637474657575,-17.55909714123,4.));
#1847 = CARTESIAN_POINT('',(17.973133067867,-17.3991921959,4.));
#1848 = CARTESIAN_POINT('',(18.289936528227,-17.20324515391,4.));
#1849 = CARTESIAN_POINT('',(18.874270397652,-16.74836474886,4.));
#1850 = CARTESIAN_POINT('',(19.141950703874,-16.4893146969,4.));
#1851 = CARTESIAN_POINT('',(19.37931606721,-16.20314369168,4.));
#1852 = CARTESIAN_POINT('',(19.582124457092,-15.89596230114,4.));
#1853 = CARTESIAN_POINT('',(19.748194200177,-15.57474638228,4.));
#1854 = CARTESIAN_POINT('',(19.87740674988,-15.24649123578,4.));
#1855 = CARTESIAN_POINT('',(20.016861446342,-14.75801989477,4.));
#1856 = CARTESIAN_POINT('',(20.054110379472,-14.59831017972,4.));
#1857 = CARTESIAN_POINT('',(20.083245906379,-14.43910690197,4.));
#1858 = CARTESIAN_POINT('',(20.10453625996,-14.28106382194,4.));
#1859 = CARTESIAN_POINT('',(20.118322461807,-14.12477140619,4.));
#1860 = CARTESIAN_POINT('',(20.125,-13.97074836034,4.));
#1861 = CARTESIAN_POINT('',(20.125,-13.81943954598,4.));
#1862 = PCURVE('',#43,#1863);
#1863 = DEFINITIONAL_REPRESENTATION('',(#1864),#1891);
#1864 = B_SPLINE_CURVE_WITH_KNOTS('',7,(#1865,#1866,#1867,#1868,#1869,
    #1870,#1871,#1872,#1873,#1874,#1875,#1876,#1877,#1878,#1879,#1880,
    #1881,#1882,#1883,#1884,#1885,#1886,#1887,#1888,#1889,#1890),
  .UNSPECIFIED.,.F.,.F.,(8,6,6,6,8),(0.,0.163278718394,0.5,
    0.836721281606,1.),.UNSPECIFIED.);
#1865 = CARTESIAN_POINT('',(15.143678713795,-17.69719772994));
#1866 = CARTESIAN_POINT('',(15.290363462091,-17.73431837002));
#1867 = CARTESIAN_POINT('',(15.441317696319,-17.76563142379));
#1868 = CARTESIAN_POINT('',(15.596215918219,-17.79060980314));
#1869 = CARTESIAN_POINT('',(15.754652299261,-17.80874285208));
#1870 = CARTESIAN_POINT('',(15.91613808075,-17.81955511142));
#1871 = CARTESIAN_POINT('',(16.080105287139,-17.82262615835));
#1872 = CARTESIAN_POINT('',(16.587861187721,-17.80727009188));
#1873 = CARTESIAN_POINT('',(16.937784464273,-17.762537277));
#1874 = CARTESIAN_POINT('',(17.2899258223,-17.68034670533));
#1875 = CARTESIAN_POINT('',(17.637474657575,-17.55909714123));
#1876 = CARTESIAN_POINT('',(17.973133067867,-17.3991921959));
#1877 = CARTESIAN_POINT('',(18.289936528227,-17.20324515391));
#1878 = CARTESIAN_POINT('',(18.874270397652,-16.74836474886));
#1879 = CARTESIAN_POINT('',(19.141950703874,-16.4893146969));
#1880 = CARTESIAN_POINT('',(19.37931606721,-16.20314369168));
#1881 = CARTESIAN_POINT('',(19.582124457092,-15.89596230114));
#1882 = CARTESIAN_POINT('',(19.748194200177,-15.57474638228));
#1883 = CARTESIAN_POINT('',(19.87740674988,-15.24649123578));
#1884 = CARTESIAN_POINT('',(20.016861446342,-14.75801989477));
#1885 = CARTESIAN_POINT('',(20.054110379472,-14.59831017972));
#1886 = CARTESIAN_POINT('',(20.083245906379,-14.43910690197));
#1887 = CARTESIAN_POINT('',(20.10453625996,-14.28106382194));
#1888 = CARTESIAN_POINT('',(20.118322461807,-14.12477140619));
#1889 = CARTESIAN_POINT('',(20.125,-13.97074836034));
#1890 = CARTESIAN_POINT('',(20.125,-13.81943954598));
#1891 = ( GEOMETRIC_REPRESENTATION_CONTEXT(2) 
PARAMETRIC_REPRESENTATION_CONTEXT() REPRESENTATION_CONTEXT('2D SPACE',''
  ) );
#1892 = PCURVE('',#1893,#1909);
#1893 = ( BOUNDED_SURFACE() B_SPLINE_SURFACE(2,2,(
    (#1894,#1895,#1896,#1897,#1898)
    ,(#1899,#1900,#1901,#1902,#1903)
    ,(#1904,#1905,#1906,#1907,#1908
)),.UNSPECIFIED.,.F.,.F.,.F.) B_SPLINE_SURFACE_WITH_KNOTS((3,3),(3,1,1,3
    ),(0.,14.),(-0.8568,6.170714980658E-14,14.,14.8568),.UNSPECIFIED.) 
GEOMETRIC_REPRESENTATION_ITEM() RATIONAL_B_SPLINE_SURFACE((
    (1.,1.,1.,1.,1.)
    ,(0.614275865735,0.614275865735,0.614275865735,0.614275865735
      ,0.614275865735)
,(1.,1.,1.,1.,1.))) REPRESENTATION_ITEM('') SURFACE() );
#1894 = CARTESIAN_POINT('',(20.125,-13.81943954598,-0.8568));
#1895 = CARTESIAN_POINT('',(20.125,-13.81943954598,-0.4284));
#1896 = CARTESIAN_POINT('',(20.125,-13.81943954598,7.));
#1897 = CARTESIAN_POINT('',(20.125,-13.81943954598,14.4284));
#1898 = CARTESIAN_POINT('',(20.125,-13.81943954598,14.8568));
#1899 = CARTESIAN_POINT('',(20.125,-18.95779119134,-0.8568));
#1900 = CARTESIAN_POINT('',(20.125,-18.95779119134,-0.4284));
#1901 = CARTESIAN_POINT('',(20.125,-18.95779119134,7.));
#1902 = CARTESIAN_POINT('',(20.125,-18.95779119134,14.4284));
#1903 = CARTESIAN_POINT('',(20.125,-18.95779119134,14.8568));
#1904 = CARTESIAN_POINT('',(15.143678713795,-17.69719772994,-0.8568));
#1905 = CARTESIAN_POINT('',(15.143678713795,-17.69719772994,-0.4284));
#1906 = CARTESIAN_POINT('',(15.143678713795,-17.69719772994,7.));
#1907 = CARTESIAN_POINT('',(15.143678713795,-17.69719772994,14.4284));
#1908 = CARTESIAN_POINT('',(15.143678713795,-17.69719772994,14.8568));
#1909 = DEFINITIONAL_REPRESENTATION('',(#1910),#1937);
#1910 = B_SPLINE_CURVE_WITH_KNOTS('',7,(#1911,#1912,#1913,#1914,#1915,
    #1916,#1917,#1918,#1919,#1920,#1921,#1922,#1923,#1924,#1925,#1926,
    #1927,#1928,#1929,#1930,#1931,#1932,#1933,#1934,#1935,#1936),
  .UNSPECIFIED.,.F.,.F.,(8,6,6,6,8),(0.,0.163278718394,0.5,
    0.836721281606,1.),.UNSPECIFIED.);
#1911 = CARTESIAN_POINT('',(14.,4.));
#1912 = CARTESIAN_POINT('',(13.664436285261,4.));
#1913 = CARTESIAN_POINT('',(13.330092069687,4.));
#1914 = CARTESIAN_POINT('',(12.996963876769,4.));
#1915 = CARTESIAN_POINT('',(12.665032260757,4.));
#1916 = CARTESIAN_POINT('',(12.334261582963,4.));
#1917 = CARTESIAN_POINT('',(12.004602905153,4.));
#1918 = CARTESIAN_POINT('',(10.998339172853,4.));
#1919 = CARTESIAN_POINT('',(10.324899750106,4.));
#1920 = CARTESIAN_POINT('',(9.655562262594,4.));
#1921 = CARTESIAN_POINT('',(8.989563407543,4.));
#1922 = CARTESIAN_POINT('',(8.32570805902,4.));
#1923 = CARTESIAN_POINT('',(7.662769179224,4.));
#1924 = CARTESIAN_POINT('',(6.337230820777,4.));
#1925 = CARTESIAN_POINT('',(5.674291940979,4.));
#1926 = CARTESIAN_POINT('',(5.010436592463,4.));
#1927 = CARTESIAN_POINT('',(4.3444377374,4.));
#1928 = CARTESIAN_POINT('',(3.675100249899,4.));
#1929 = CARTESIAN_POINT('',(3.001660827146,4.));
#1930 = CARTESIAN_POINT('',(1.995397094848,4.));
#1931 = CARTESIAN_POINT('',(1.665738417037,4.));
#1932 = CARTESIAN_POINT('',(1.334967739244,4.));
#1933 = CARTESIAN_POINT('',(1.003036123231,4.));
#1934 = CARTESIAN_POINT('',(0.669907930313,4.));
#1935 = CARTESIAN_POINT('',(0.33556371474,4.));
#1936 = CARTESIAN_POINT('',(0.,4.));
#1937 = ( GEOMETRIC_REPRESENTATION_CONTEXT(2) 
PARAMETRIC_REPRESENTATION_CONTEXT() REPRESENTATION_CONTEXT('2D SPACE',''
  ) );
#1938 = FACE_BOUND('',#1939,.F.);
#1939 = EDGE_LOOP('',(#1940));
#1940 = ORIENTED_EDGE('',*,*,#1941,.F.);
#1941 = EDGE_CURVE('',#1942,#1942,#1944,.T.);
#1942 = VERTEX_POINT('',#1943);
#1943 = CARTESIAN_POINT('',(-15.3,-14.5,4.));
#1944 = SURFACE_CURVE('',#1945,(#1950,#1957),.PCURVE_S1.);
#1945 = CIRCLE('',#1946,1.2);
#1946 = AXIS2_PLACEMENT_3D('',#1947,#1948,#1949);
#1947 = CARTESIAN_POINT('',(-16.5,-14.5,4.));
#1948 = DIRECTION('',(0.,0.,1.));
#1949 = DIRECTION('',(1.,0.,-0.));
#1950 = PCURVE('',#43,#1951);
#1951 = DEFINITIONAL_REPRESENTATION('',(#1952),#1956);
#1952 = CIRCLE('',#1953,1.2);
#1953 = AXIS2_PLACEMENT_2D('',#1954,#1955);
#1954 = CARTESIAN_POINT('',(-16.5,-14.5));
#1955 = DIRECTION('',(1.,0.));
#1956 = ( GEOMETRIC_REPRESENTATION_CONTEXT(2) 
PARAMETRIC_REPRESENTATION_CONTEXT() REPRESENTATION_CONTEXT('2D SPACE',''
  ) );
#1957 = PCURVE('',#1958,#1963);
#1958 = CYLINDRICAL_SURFACE('',#1959,1.2);
#1959 = AXIS2_PLACEMENT_3D('',#1960,#1961,#1962);
#1960 = CARTESIAN_POINT('',(-16.5,-14.5,14.));
#1961 = DIRECTION('',(0.,0.,1.));
#1962 = DIRECTION('',(1.,0.,0.));
#1963 = DEFINITIONAL_REPRESENTATION('',(#1964),#1968);
#1964 = LINE('',#1965,#1966);
#1965 = CARTESIAN_POINT('',(0.,-10.));
#1966 = VECTOR('',#1967,1.);
#1967 = DIRECTION('',(1.,0.));
#1968 = ( GEOMETRIC_REPRESENTATION_CONTEXT(2) 
PARAMETRIC_REPRESENTATION_CONTEXT() REPRESENTATION_CONTEXT('2D SPACE',''
  ) );
#1969 = FACE_BOUND('',#1970,.F.);
#1970 = EDGE_LOOP('',(#1971));
#1971 = ORIENTED_EDGE('',*,*,#1972,.F.);
#1972 = EDGE_CURVE('',#1973,#1973,#1975,.T.);
#1973 = VERTEX_POINT('',#1974);
#1974 = CARTESIAN_POINT('',(17.7,-14.5,4.));
#1975 = SURFACE_CURVE('',#1976,(#1981,#1988),.PCURVE_S1.);
#1976 = CIRCLE('',#1977,1.2);
#1977 = AXIS2_PLACEMENT_3D('',#1978,#1979,#1980);
#1978 = CARTESIAN_POINT('',(16.5,-14.5,4.));
#1979 = DIRECTION('',(0.,0.,1.));
#1980 = DIRECTION('',(1.,0.,-0.));
#1981 = PCURVE('',#43,#1982);
#1982 = DEFINITIONAL_REPRESENTATION('',(#1983),#1987);
#1983 = CIRCLE('',#1984,1.2);
#1984 = AXIS2_PLACEMENT_2D('',#1985,#1986);
#1985 = CARTESIAN_POINT('',(16.5,-14.5));
#1986 = DIRECTION('',(1.,0.));
#1987 = ( GEOMETRIC_REPRESENTATION_CONTEXT(2) 
PARAMETRIC_REPRESENTATION_CONTEXT() REPRESENTATION_CONTEXT('2D SPACE',''
  ) );
#1988 = PCURVE('',#1989,#1994);
#1989 = CYLINDRICAL_SURFACE('',#1990,1.2);
#1990 = AXIS2_PLACEMENT_3D('',#1991,#1992,#1993);
#1991 = CARTESIAN_POINT('',(16.5,-14.5,14.));
#1992 = DIRECTION('',(0.,0.,1.));
#1993 = DIRECTION('',(1.,0.,0.));
#1994 = DEFINITIONAL_REPRESENTATION('',(#1995),#1999);
#1995 = LINE('',#1996,#1997);
#1996 = CARTESIAN_POINT('',(0.,-10.));
#1997 = VECTOR('',#1998,1.);
#1998 = DIRECTION('',(1.,0.));
#1999 = ( GEOMETRIC_REPRESENTATION_CONTEXT(2) 
PARAMETRIC_REPRESENTATION_CONTEXT() REPRESENTATION_CONTEXT('2D SPACE',''
  ) );
#2000 = FACE_BOUND('',#2001,.F.);
#2001 = EDGE_LOOP('',(#2002));
#2002 = ORIENTED_EDGE('',*,*,#2003,.F.);
#2003 = EDGE_CURVE('',#2004,#2004,#2006,.T.);
#2004 = VERTEX_POINT('',#2005);
#2005 = CARTESIAN_POINT('',(-15.3,10.,4.));
#2006 = SURFACE_CURVE('',#2007,(#2012,#2019),.PCURVE_S1.);
#2007 = CIRCLE('',#2008,1.2);
#2008 = AXIS2_PLACEMENT_3D('',#2009,#2010,#2011);
#2009 = CARTESIAN_POINT('',(-16.5,10.,4.));
#2010 = DIRECTION('',(0.,0.,1.));
#2011 = DIRECTION('',(1.,0.,-0.));
#2012 = PCURVE('',#43,#2013);
#2013 = DEFINITIONAL_REPRESENTATION('',(#2014),#2018);
#2014 = CIRCLE('',#2015,1.2);
#2015 = AXIS2_PLACEMENT_2D('',#2016,#2017);
#2016 = CARTESIAN_POINT('',(-16.5,10.));
#2017 = DIRECTION('',(1.,0.));
#2018 = ( GEOMETRIC_REPRESENTATION_CONTEXT(2) 
PARAMETRIC_REPRESENTATION_CONTEXT() REPRESENTATION_CONTEXT('2D SPACE',''
  ) );
#2019 = PCURVE('',#2020,#2025);
#2020 = CYLINDRICAL_SURFACE('',#2021,1.2);
#2021 = AXIS2_PLACEMENT_3D('',#2022,#2023,#2024);
#2022 = CARTESIAN_POINT('',(-16.5,10.,14.));
#2023 = DIRECTION('',(0.,0.,1.));
#2024 = DIRECTION('',(1.,0.,0.));
#2025 = DEFINITIONAL_REPRESENTATION('',(#2026),#2030);
#2026 = LINE('',#2027,#2028);
#2027 = CARTESIAN_POINT('',(0.,-10.));
#2028 = VECTOR('',#2029,1.);
#2029 = DIRECTION('',(1.,0.));
#2030 = ( GEOMETRIC_REPRESENTATION_CONTEXT(2) 
PARAMETRIC_REPRESENTATION_CONTEXT() REPRESENTATION_CONTEXT('2D SPACE',''
  ) );
#2031 = FACE_BOUND('',#2032,.F.);
#2032 = EDGE_LOOP('',(#2033));
#2033 = ORIENTED_EDGE('',*,*,#2034,.F.);
#2034 = EDGE_CURVE('',#2035,#2035,#2037,.T.);
#2035 = VERTEX_POINT('',#2036);
#2036 = CARTESIAN_POINT('',(17.7,10.,4.));
#2037 = SURFACE_CURVE('',#2038,(#2043,#2050),.PCURVE_S1.);
#2038 = CIRCLE('',#2039,1.2);
#2039 = AXIS2_PLACEMENT_3D('',#2040,#2041,#2042);
#2040 = CARTESIAN_POINT('',(16.5,10.,4.));
#2041 = DIRECTION('',(0.,0.,1.));
#2042 = DIRECTION('',(1.,0.,-0.));
#2043 = PCURVE('',#43,#2044);
#2044 = DEFINITIONAL_REPRESENTATION('',(#2045),#2049);
#2045 = CIRCLE('',#2046,1.2);
#2046 = AXIS2_PLACEMENT_2D('',#2047,#2048);
#2047 = CARTESIAN_POINT('',(16.5,10.));
#2048 = DIRECTION('',(1.,0.));
#2049 = ( GEOMETRIC_REPRESENTATION_CONTEXT(2) 
PARAMETRIC_REPRESENTATION_CONTEXT() REPRESENTATION_CONTEXT('2D SPACE',''
  ) );
#2050 = PCURVE('',#2051,#2056);
#2051 = CYLINDRICAL_SURFACE('',#2052,1.2);
#2052 = AXIS2_PLACEMENT_3D('',#2053,#2054,#2055);
#2053 = CARTESIAN_POINT('',(16.5,10.,14.));
#2054 = DIRECTION('',(0.,0.,1.));
#2055 = DIRECTION('',(1.,0.,0.));
#2056 = DEFINITIONAL_REPRESENTATION('',(#2057),#2061);
#2057 = LINE('',#2058,#2059);
#2058 = CARTESIAN_POINT('',(0.,-10.));
#2059 = VECTOR('',#2060,1.);
#2060 = DIRECTION('',(1.,0.));
#2061 = ( GEOMETRIC_REPRESENTATION_CONTEXT(2) 
PARAMETRIC_REPRESENTATION_CONTEXT() REPRESENTATION_CONTEXT('2D SPACE',''
  ) );
#2062 = ADVANCED_FACE('',(#2063),#765,.T.);
#2063 = FACE_BOUND('',#2064,.T.);
#2064 = EDGE_LOOP('',(#2065,#2086,#2107,#2108));
#2065 = ORIENTED_EDGE('',*,*,#2066,.F.);
#2066 = EDGE_CURVE('',#2067,#832,#2069,.T.);
#2067 = VERTEX_POINT('',#2068);
#2068 = CARTESIAN_POINT('',(5.,11.849226437686,6.6));
#2069 = SURFACE_CURVE('',#2070,(#2074,#2080),.PCURVE_S1.);
#2070 = LINE('',#2071,#2072);
#2071 = CARTESIAN_POINT('',(5.,11.849226437686,-10.825005));
#2072 = VECTOR('',#2073,1.);
#2073 = DIRECTION('',(-0.,0.,-1.));
#2074 = PCURVE('',#765,#2075);
#2075 = DEFINITIONAL_REPRESENTATION('',(#2076),#2079);
#2076 = B_SPLINE_CURVE_WITH_KNOTS('',1,(#2077,#2078),.UNSPECIFIED.,.F.,
  .F.,(2,2),(-17.425005,-14.825005),.PIECEWISE_BEZIER_KNOTS.);
#2077 = CARTESIAN_POINT('',(1.,-11.84922643768));
#2078 = CARTESIAN_POINT('',(3.6,-11.84922643768));
#2079 = ( GEOMETRIC_REPRESENTATION_CONTEXT(2) 
PARAMETRIC_REPRESENTATION_CONTEXT() REPRESENTATION_CONTEXT('2D SPACE',''
  ) );
#2080 = PCURVE('',#870,#2081);
#2081 = DEFINITIONAL_REPRESENTATION('',(#2082),#2085);
#2082 = B_SPLINE_CURVE_WITH_KNOTS('',1,(#2083,#2084),.UNSPECIFIED.,.F.,
  .F.,(2,2),(-17.425005,-14.825005),.PIECEWISE_BEZIER_KNOTS.);
#2083 = CARTESIAN_POINT('',(4.324992211488,-35.85001));
#2084 = CARTESIAN_POINT('',(4.324992211488,-33.25001));
#2085 = ( GEOMETRIC_REPRESENTATION_CONTEXT(2) 
PARAMETRIC_REPRESENTATION_CONTEXT() REPRESENTATION_CONTEXT('2D SPACE',''
  ) );
#2086 = ORIENTED_EDGE('',*,*,#2087,.T.);
#2087 = EDGE_CURVE('',#2067,#727,#2088,.T.);
#2088 = SURFACE_CURVE('',#2089,(#2093,#2100),.PCURVE_S1.);
#2089 = LINE('',#2090,#2091);
#2090 = CARTESIAN_POINT('',(5.,-6.123233995737E-16,6.6));
#2091 = VECTOR('',#2092,1.);
#2092 = DIRECTION('',(1.224646799147E-16,1.,0.));
#2093 = PCURVE('',#765,#2094);
#2094 = DEFINITIONAL_REPRESENTATION('',(#2095),#2099);
#2095 = LINE('',#2096,#2097);
#2096 = CARTESIAN_POINT('',(1.,-0.));
#2097 = VECTOR('',#2098,1.);
#2098 = DIRECTION('',(0.,-1.));
#2099 = ( GEOMETRIC_REPRESENTATION_CONTEXT(2) 
PARAMETRIC_REPRESENTATION_CONTEXT() REPRESENTATION_CONTEXT('2D SPACE',''
  ) );
#2100 = PCURVE('',#741,#2101);
#2101 = DEFINITIONAL_REPRESENTATION('',(#2102),#2106);
#2102 = LINE('',#2103,#2104);
#2103 = CARTESIAN_POINT('',(1.232595164408E-32,0.707106781187));
#2104 = VECTOR('',#2105,1.);
#2105 = DIRECTION('',(-1.,6.162975822039E-33));
#2106 = ( GEOMETRIC_REPRESENTATION_CONTEXT(2) 
PARAMETRIC_REPRESENTATION_CONTEXT() REPRESENTATION_CONTEXT('2D SPACE',''
  ) );
#2107 = ORIENTED_EDGE('',*,*,#752,.T.);
#2108 = ORIENTED_EDGE('',*,*,#831,.F.);
#2109 = ADVANCED_FACE('',(#2110),#741,.F.);
#2110 = FACE_BOUND('',#2111,.T.);
#2111 = EDGE_LOOP('',(#2112,#2133,#2154,#2155));
#2112 = ORIENTED_EDGE('',*,*,#2113,.F.);
#2113 = EDGE_CURVE('',#2114,#2067,#2116,.T.);
#2114 = VERTEX_POINT('',#2115);
#2115 = CARTESIAN_POINT('',(4.,11.849280411747,7.6));
#2116 = SURFACE_CURVE('',#2117,(#2121,#2127),.PCURVE_S1.);
#2117 = LINE('',#2118,#2119);
#2118 = CARTESIAN_POINT('',(14.7939104279,11.848697820564,-3.1939104279)
  );
#2119 = VECTOR('',#2120,1.);
#2120 = DIRECTION('',(0.707106780672,-3.816542477049E-05,-0.707106780672
    ));
#2121 = PCURVE('',#741,#2122);
#2122 = DEFINITIONAL_REPRESENTATION('',(#2123),#2126);
#2123 = B_SPLINE_CURVE_WITH_KNOTS('',1,(#2124,#2125),.UNSPECIFIED.,.F.,
  .F.,(2,2),(-15.26489452929,-13.85068096589),.PIECEWISE_BEZIER_KNOTS.);
#2124 = CARTESIAN_POINT('',(-11.84928041174,-0.707106781187));
#2125 = CARTESIAN_POINT('',(-11.84922643768,0.707106781187));
#2126 = ( GEOMETRIC_REPRESENTATION_CONTEXT(2) 
PARAMETRIC_REPRESENTATION_CONTEXT() REPRESENTATION_CONTEXT('2D SPACE',''
  ) );
#2127 = PCURVE('',#870,#2128);
#2128 = DEFINITIONAL_REPRESENTATION('',(#2129),#2132);
#2129 = B_SPLINE_CURVE_WITH_KNOTS('',1,(#2130,#2131),.UNSPECIFIED.,.F.,
  .F.,(2,2),(-15.26489452929,-13.85068096589),.PIECEWISE_BEZIER_KNOTS.);
#2130 = CARTESIAN_POINT('',(5.324992212944,-36.85001));
#2131 = CARTESIAN_POINT('',(4.324992211488,-35.85001));
#2132 = ( GEOMETRIC_REPRESENTATION_CONTEXT(2) 
PARAMETRIC_REPRESENTATION_CONTEXT() REPRESENTATION_CONTEXT('2D SPACE',''
  ) );
#2133 = ORIENTED_EDGE('',*,*,#2134,.T.);
#2134 = EDGE_CURVE('',#2114,#701,#2135,.T.);
#2135 = SURFACE_CURVE('',#2136,(#2140,#2147),.PCURVE_S1.);
#2136 = LINE('',#2137,#2138);
#2137 = CARTESIAN_POINT('',(4.,-4.898587196589E-16,7.6));
#2138 = VECTOR('',#2139,1.);
#2139 = DIRECTION('',(1.224646799147E-16,1.,0.));
#2140 = PCURVE('',#741,#2141);
#2141 = DEFINITIONAL_REPRESENTATION('',(#2142),#2146);
#2142 = LINE('',#2143,#2144);
#2143 = CARTESIAN_POINT('',(-1.232595164408E-32,-0.707106781187));
#2144 = VECTOR('',#2145,1.);
#2145 = DIRECTION('',(-1.,6.162975822039E-33));
#2146 = ( GEOMETRIC_REPRESENTATION_CONTEXT(2) 
PARAMETRIC_REPRESENTATION_CONTEXT() REPRESENTATION_CONTEXT('2D SPACE',''
  ) );
#2147 = PCURVE('',#715,#2148);
#2148 = DEFINITIONAL_REPRESENTATION('',(#2149),#2153);
#2149 = LINE('',#2150,#2151);
#2150 = CARTESIAN_POINT('',(8.,0.));
#2151 = VECTOR('',#2152,1.);
#2152 = DIRECTION('',(0.,-1.));
#2153 = ( GEOMETRIC_REPRESENTATION_CONTEXT(2) 
PARAMETRIC_REPRESENTATION_CONTEXT() REPRESENTATION_CONTEXT('2D SPACE',''
  ) );
#2154 = ORIENTED_EDGE('',*,*,#726,.T.);
#2155 = ORIENTED_EDGE('',*,*,#2087,.F.);
#2156 = ADVANCED_FACE('',(#2157),#715,.T.);
#2157 = FACE_BOUND('',#2158,.T.);
#2158 = EDGE_LOOP('',(#2159,#2180,#2201,#2202));
#2159 = ORIENTED_EDGE('',*,*,#2160,.F.);
#2160 = EDGE_CURVE('',#2161,#2114,#2163,.T.);
#2161 = VERTEX_POINT('',#2162);
#2162 = CARTESIAN_POINT('',(-3.,11.849658230177,7.6));
#2163 = SURFACE_CURVE('',#2164,(#2168,#2174),.PCURVE_S1.);
#2164 = LINE('',#2165,#2166);
#2165 = CARTESIAN_POINT('',(2.66281589114,11.849352585005,7.6));
#2166 = VECTOR('',#2167,1.);
#2167 = DIRECTION('',(0.999999998543,-5.397406128484E-05,0.));
#2168 = PCURVE('',#715,#2169);
#2169 = DEFINITIONAL_REPRESENTATION('',(#2170),#2173);
#2170 = B_SPLINE_CURVE_WITH_KNOTS('',1,(#2171,#2172),.UNSPECIFIED.,.F.,
  .F.,(2,2),(-5.662815899388,1.337184110808),.PIECEWISE_BEZIER_KNOTS.);
#2171 = CARTESIAN_POINT('',(1.,-11.84965823017));
#2172 = CARTESIAN_POINT('',(8.,-11.84928041174));
#2173 = ( GEOMETRIC_REPRESENTATION_CONTEXT(2) 
PARAMETRIC_REPRESENTATION_CONTEXT() REPRESENTATION_CONTEXT('2D SPACE',''
  ) );
#2174 = PCURVE('',#870,#2175);
#2175 = DEFINITIONAL_REPRESENTATION('',(#2176),#2179);
#2176 = B_SPLINE_CURVE_WITH_KNOTS('',1,(#2177,#2178),.UNSPECIFIED.,.F.,
  .F.,(2,2),(-5.662815899388,1.337184110808),.PIECEWISE_BEZIER_KNOTS.);
#2177 = CARTESIAN_POINT('',(12.32499222314,-36.85001));
#2178 = CARTESIAN_POINT('',(5.324992212944,-36.85001));
#2179 = ( GEOMETRIC_REPRESENTATION_CONTEXT(2) 
PARAMETRIC_REPRESENTATION_CONTEXT() REPRESENTATION_CONTEXT('2D SPACE',''
  ) );
#2180 = ORIENTED_EDGE('',*,*,#2181,.T.);
#2181 = EDGE_CURVE('',#2161,#675,#2182,.T.);
#2182 = SURFACE_CURVE('',#2183,(#2187,#2194),.PCURVE_S1.);
#2183 = LINE('',#2184,#2185);
#2184 = CARTESIAN_POINT('',(-3.,3.673940397442E-16,7.6));
#2185 = VECTOR('',#2186,1.);
#2186 = DIRECTION('',(1.224646799147E-16,1.,0.));
#2187 = PCURVE('',#715,#2188);
#2188 = DEFINITIONAL_REPRESENTATION('',(#2189),#2193);
#2189 = LINE('',#2190,#2191);
#2190 = CARTESIAN_POINT('',(1.,2.465190328816E-32));
#2191 = VECTOR('',#2192,1.);
#2192 = DIRECTION('',(0.,-1.));
#2193 = ( GEOMETRIC_REPRESENTATION_CONTEXT(2) 
PARAMETRIC_REPRESENTATION_CONTEXT() REPRESENTATION_CONTEXT('2D SPACE',''
  ) );
#2194 = PCURVE('',#689,#2195);
#2195 = DEFINITIONAL_REPRESENTATION('',(#2196),#2200);
#2196 = LINE('',#2197,#2198);
#2197 = CARTESIAN_POINT('',(1.232595164408E-32,0.707106781187));
#2198 = VECTOR('',#2199,1.);
#2199 = DIRECTION('',(-1.,6.162975822039E-33));
#2200 = ( GEOMETRIC_REPRESENTATION_CONTEXT(2) 
PARAMETRIC_REPRESENTATION_CONTEXT() REPRESENTATION_CONTEXT('2D SPACE',''
  ) );
#2201 = ORIENTED_EDGE('',*,*,#700,.T.);
#2202 = ORIENTED_EDGE('',*,*,#2134,.F.);
#2203 = ADVANCED_FACE('',(#2204),#689,.F.);
#2204 = FACE_BOUND('',#2205,.T.);
#2205 = EDGE_LOOP('',(#2206,#2227,#2248,#2249));
#2206 = ORIENTED_EDGE('',*,*,#2207,.F.);
#2207 = EDGE_CURVE('',#2208,#2161,#2210,.T.);
#2208 = VERTEX_POINT('',#2209);
#2209 = CARTESIAN_POINT('',(-4.,11.849712204238,6.6));
#2210 = SURFACE_CURVE('',#2211,(#2215,#2221),.PCURVE_S1.);
#2211 = LINE('',#2212,#2213);
#2212 = CARTESIAN_POINT('',(-9.381094536887,11.850002643765,
    1.218905463113));
#2213 = VECTOR('',#2214,1.);
#2214 = DIRECTION('',(0.707106780672,-3.816542477049E-05,0.707106780672)
  );
#2215 = PCURVE('',#689,#2216);
#2216 = DEFINITIONAL_REPRESENTATION('',(#2217),#2220);
#2217 = B_SPLINE_CURVE_WITH_KNOTS('',1,(#2218,#2219),.UNSPECIFIED.,.F.,
  .F.,(2,2),(7.61001688002,9.024230443423),.PIECEWISE_BEZIER_KNOTS.);
#2218 = CARTESIAN_POINT('',(-11.84971220423,-0.707106781187));
#2219 = CARTESIAN_POINT('',(-11.84965823017,0.707106781187));
#2220 = ( GEOMETRIC_REPRESENTATION_CONTEXT(2) 
PARAMETRIC_REPRESENTATION_CONTEXT() REPRESENTATION_CONTEXT('2D SPACE',''
  ) );
#2221 = PCURVE('',#870,#2222);
#2222 = DEFINITIONAL_REPRESENTATION('',(#2223),#2226);
#2223 = B_SPLINE_CURVE_WITH_KNOTS('',1,(#2224,#2225),.UNSPECIFIED.,.F.,
  .F.,(2,2),(7.61001688002,9.024230443423),.PIECEWISE_BEZIER_KNOTS.);
#2224 = CARTESIAN_POINT('',(13.324992224597,-35.85001));
#2225 = CARTESIAN_POINT('',(12.32499222314,-36.85001));
#2226 = ( GEOMETRIC_REPRESENTATION_CONTEXT(2) 
PARAMETRIC_REPRESENTATION_CONTEXT() REPRESENTATION_CONTEXT('2D SPACE',''
  ) );
#2227 = ORIENTED_EDGE('',*,*,#2228,.T.);
#2228 = EDGE_CURVE('',#2208,#649,#2229,.T.);
#2229 = SURFACE_CURVE('',#2230,(#2234,#2241),.PCURVE_S1.);
#2230 = LINE('',#2231,#2232);
#2231 = CARTESIAN_POINT('',(-4.,4.898587196589E-16,6.6));
#2232 = VECTOR('',#2233,1.);
#2233 = DIRECTION('',(1.224646799147E-16,1.,0.));
#2234 = PCURVE('',#689,#2235);
#2235 = DEFINITIONAL_REPRESENTATION('',(#2236),#2240);
#2236 = LINE('',#2237,#2238);
#2237 = CARTESIAN_POINT('',(-1.232595164408E-32,-0.707106781187));
#2238 = VECTOR('',#2239,1.);
#2239 = DIRECTION('',(-1.,6.162975822039E-33));
#2240 = ( GEOMETRIC_REPRESENTATION_CONTEXT(2) 
PARAMETRIC_REPRESENTATION_CONTEXT() REPRESENTATION_CONTEXT('2D SPACE',''
  ) );
#2241 = PCURVE('',#663,#2242);
#2242 = DEFINITIONAL_REPRESENTATION('',(#2243),#2247);
#2243 = LINE('',#2244,#2245);
#2244 = CARTESIAN_POINT('',(2.6,0.));
#2245 = VECTOR('',#2246,1.);
#2246 = DIRECTION('',(0.,-1.));
#2247 = ( GEOMETRIC_REPRESENTATION_CONTEXT(2) 
PARAMETRIC_REPRESENTATION_CONTEXT() REPRESENTATION_CONTEXT('2D SPACE',''
  ) );
#2248 = ORIENTED_EDGE('',*,*,#674,.T.);
#2249 = ORIENTED_EDGE('',*,*,#2181,.F.);
#2250 = ADVANCED_FACE('',(#2251),#663,.T.);
#2251 = FACE_BOUND('',#2252,.T.);
#2252 = EDGE_LOOP('',(#2253,#2254,#2275,#2296));
#2253 = ORIENTED_EDGE('',*,*,#2228,.F.);
#2254 = ORIENTED_EDGE('',*,*,#2255,.F.);
#2255 = EDGE_CURVE('',#2256,#2208,#2258,.T.);
#2256 = VERTEX_POINT('',#2257);
#2257 = CARTESIAN_POINT('',(-4.,11.849712204238,4.));
#2258 = SURFACE_CURVE('',#2259,(#2263,#2269),.PCURVE_S1.);
#2259 = LINE('',#2260,#2261);
#2260 = CARTESIAN_POINT('',(-4.,11.849712204238,-12.625005));
#2261 = VECTOR('',#2262,1.);
#2262 = DIRECTION('',(0.,0.,1.));
#2263 = PCURVE('',#663,#2264);
#2264 = DEFINITIONAL_REPRESENTATION('',(#2265),#2268);
#2265 = B_SPLINE_CURVE_WITH_KNOTS('',1,(#2266,#2267),.UNSPECIFIED.,.F.,
  .F.,(2,2),(16.625005,19.225005),.PIECEWISE_BEZIER_KNOTS.);
#2266 = CARTESIAN_POINT('',(0.,-11.84971220423));
#2267 = CARTESIAN_POINT('',(2.6,-11.84971220423));
#2268 = ( GEOMETRIC_REPRESENTATION_CONTEXT(2) 
PARAMETRIC_REPRESENTATION_CONTEXT() REPRESENTATION_CONTEXT('2D SPACE',''
  ) );
#2269 = PCURVE('',#870,#2270);
#2270 = DEFINITIONAL_REPRESENTATION('',(#2271),#2274);
#2271 = B_SPLINE_CURVE_WITH_KNOTS('',1,(#2272,#2273),.UNSPECIFIED.,.F.,
  .F.,(2,2),(16.625005,19.225005),.PIECEWISE_BEZIER_KNOTS.);
#2272 = CARTESIAN_POINT('',(13.324992224597,-33.25001));
#2273 = CARTESIAN_POINT('',(13.324992224597,-35.85001));
#2274 = ( GEOMETRIC_REPRESENTATION_CONTEXT(2) 
PARAMETRIC_REPRESENTATION_CONTEXT() REPRESENTATION_CONTEXT('2D SPACE',''
  ) );
#2275 = ORIENTED_EDGE('',*,*,#2276,.T.);
#2276 = EDGE_CURVE('',#2256,#622,#2277,.T.);
#2277 = SURFACE_CURVE('',#2278,(#2282,#2289),.PCURVE_S1.);
#2278 = LINE('',#2279,#2280);
#2279 = CARTESIAN_POINT('',(-4.,4.898587196589E-16,4.));
#2280 = VECTOR('',#2281,1.);
#2281 = DIRECTION('',(1.224646799147E-16,1.,0.));
#2282 = PCURVE('',#663,#2283);
#2283 = DEFINITIONAL_REPRESENTATION('',(#2284),#2288);
#2284 = LINE('',#2285,#2286);
#2285 = CARTESIAN_POINT('',(0.,0.));
#2286 = VECTOR('',#2287,1.);
#2287 = DIRECTION('',(0.,-1.));
#2288 = ( GEOMETRIC_REPRESENTATION_CONTEXT(2) 
PARAMETRIC_REPRESENTATION_CONTEXT() REPRESENTATION_CONTEXT('2D SPACE',''
  ) );
#2289 = PCURVE('',#636,#2290);
#2290 = DEFINITIONAL_REPRESENTATION('',(#2291),#2295);
#2291 = LINE('',#2292,#2293);
#2292 = CARTESIAN_POINT('',(-4.,4.898587196589E-16));
#2293 = VECTOR('',#2294,1.);
#2294 = DIRECTION('',(1.224646799147E-16,1.));
#2295 = ( GEOMETRIC_REPRESENTATION_CONTEXT(2) 
PARAMETRIC_REPRESENTATION_CONTEXT() REPRESENTATION_CONTEXT('2D SPACE',''
  ) );
#2296 = ORIENTED_EDGE('',*,*,#648,.T.);
#2297 = ADVANCED_FACE('',(#2298),#636,.F.);
#2298 = FACE_BOUND('',#2299,.F.);
#2299 = EDGE_LOOP('',(#2300,#2301,#2302,#2325));
#2300 = ORIENTED_EDGE('',*,*,#2276,.T.);
#2301 = ORIENTED_EDGE('',*,*,#621,.T.);
#2302 = ORIENTED_EDGE('',*,*,#2303,.F.);
#2303 = EDGE_CURVE('',#2304,#596,#2306,.T.);
#2304 = VERTEX_POINT('',#2305);
#2305 = CARTESIAN_POINT('',(-5.95,11.849817453658,4.));
#2306 = SURFACE_CURVE('',#2307,(#2311,#2318),.PCURVE_S1.);
#2307 = LINE('',#2308,#2309);
#2308 = CARTESIAN_POINT('',(-5.95,7.286648454927E-16,4.));
#2309 = VECTOR('',#2310,1.);
#2310 = DIRECTION('',(1.224646799147E-16,1.,0.));
#2311 = PCURVE('',#636,#2312);
#2312 = DEFINITIONAL_REPRESENTATION('',(#2313),#2317);
#2313 = LINE('',#2314,#2315);
#2314 = CARTESIAN_POINT('',(-5.95,7.286648454927E-16));
#2315 = VECTOR('',#2316,1.);
#2316 = DIRECTION('',(1.224646799147E-16,1.));
#2317 = ( GEOMETRIC_REPRESENTATION_CONTEXT(2) 
PARAMETRIC_REPRESENTATION_CONTEXT() REPRESENTATION_CONTEXT('2D SPACE',''
  ) );
#2318 = PCURVE('',#610,#2319);
#2319 = DEFINITIONAL_REPRESENTATION('',(#2320),#2324);
#2320 = LINE('',#2321,#2322);
#2321 = CARTESIAN_POINT('',(1.5,-0.));
#2322 = VECTOR('',#2323,1.);
#2323 = DIRECTION('',(0.,-1.));
#2324 = ( GEOMETRIC_REPRESENTATION_CONTEXT(2) 
PARAMETRIC_REPRESENTATION_CONTEXT() REPRESENTATION_CONTEXT('2D SPACE',''
  ) );
#2325 = ORIENTED_EDGE('',*,*,#2326,.T.);
#2326 = EDGE_CURVE('',#2304,#2256,#2327,.T.);
#2327 = SURFACE_CURVE('',#2328,(#2332,#2339),.PCURVE_S1.);
#2328 = LINE('',#2329,#2330);
#2329 = CARTESIAN_POINT('',(4.662815885313,11.849244636882,4.));
#2330 = VECTOR('',#2331,1.);
#2331 = DIRECTION('',(0.999999998543,-5.397406128484E-05,0.));
#2332 = PCURVE('',#636,#2333);
#2333 = DEFINITIONAL_REPRESENTATION('',(#2334),#2338);
#2334 = LINE('',#2335,#2336);
#2335 = CARTESIAN_POINT('',(4.662815885313,11.849244636882));
#2336 = VECTOR('',#2337,1.);
#2337 = DIRECTION('',(0.999999998543,-5.397406128484E-05));
#2338 = ( GEOMETRIC_REPRESENTATION_CONTEXT(2) 
PARAMETRIC_REPRESENTATION_CONTEXT() REPRESENTATION_CONTEXT('2D SPACE',''
  ) );
#2339 = PCURVE('',#870,#2340);
#2340 = DEFINITIONAL_REPRESENTATION('',(#2341),#2344);
#2341 = B_SPLINE_CURVE_WITH_KNOTS('',1,(#2342,#2343),.UNSPECIFIED.,.F.,
  .F.,(2,2),(-13.99488047356,4.662176326665),.PIECEWISE_BEZIER_KNOTS.);
#2342 = CARTESIAN_POINT('',(18.65705680023,-33.25001));
#2343 = CARTESIAN_POINT('',(0.,-33.25001));
#2344 = ( GEOMETRIC_REPRESENTATION_CONTEXT(2) 
PARAMETRIC_REPRESENTATION_CONTEXT() REPRESENTATION_CONTEXT('2D SPACE',''
  ) );
#2345 = ADVANCED_FACE('',(#2346),#610,.T.);
#2346 = FACE_BOUND('',#2347,.T.);
#2347 = EDGE_LOOP('',(#2348,#2369,#2390,#2391));
#2348 = ORIENTED_EDGE('',*,*,#2349,.F.);
#2349 = EDGE_CURVE('',#2350,#2304,#2352,.T.);
#2350 = VERTEX_POINT('',#2351);
#2351 = CARTESIAN_POINT('',(-5.95,11.849817453658,5.));
#2352 = SURFACE_CURVE('',#2353,(#2357,#2363),.PCURVE_S1.);
#2353 = LINE('',#2354,#2355);
#2354 = CARTESIAN_POINT('',(-5.95,11.849817453658,-11.875005));
#2355 = VECTOR('',#2356,1.);
#2356 = DIRECTION('',(-0.,0.,-1.));
#2357 = PCURVE('',#610,#2358);
#2358 = DEFINITIONAL_REPRESENTATION('',(#2359),#2362);
#2359 = B_SPLINE_CURVE_WITH_KNOTS('',1,(#2360,#2361),.UNSPECIFIED.,.F.,
  .F.,(2,2),(-16.875005,-15.875005),.PIECEWISE_BEZIER_KNOTS.);
#2360 = CARTESIAN_POINT('',(0.5,-11.84981745365));
#2361 = CARTESIAN_POINT('',(1.5,-11.84981745365));
#2362 = ( GEOMETRIC_REPRESENTATION_CONTEXT(2) 
PARAMETRIC_REPRESENTATION_CONTEXT() REPRESENTATION_CONTEXT('2D SPACE',''
  ) );
#2363 = PCURVE('',#870,#2364);
#2364 = DEFINITIONAL_REPRESENTATION('',(#2365),#2368);
#2365 = B_SPLINE_CURVE_WITH_KNOTS('',1,(#2366,#2367),.UNSPECIFIED.,.F.,
  .F.,(2,2),(-16.875005,-15.875005),.PIECEWISE_BEZIER_KNOTS.);
#2366 = CARTESIAN_POINT('',(15.274992227437,-34.25001));
#2367 = CARTESIAN_POINT('',(15.274992227437,-33.25001));
#2368 = ( GEOMETRIC_REPRESENTATION_CONTEXT(2) 
PARAMETRIC_REPRESENTATION_CONTEXT() REPRESENTATION_CONTEXT('2D SPACE',''
  ) );
#2369 = ORIENTED_EDGE('',*,*,#2370,.T.);
#2370 = EDGE_CURVE('',#2350,#570,#2371,.T.);
#2371 = SURFACE_CURVE('',#2372,(#2376,#2383),.PCURVE_S1.);
#2372 = LINE('',#2373,#2374);
#2373 = CARTESIAN_POINT('',(-5.95,7.286648454927E-16,5.));
#2374 = VECTOR('',#2375,1.);
#2375 = DIRECTION('',(1.224646799147E-16,1.,0.));
#2376 = PCURVE('',#610,#2377);
#2377 = DEFINITIONAL_REPRESENTATION('',(#2378),#2382);
#2378 = LINE('',#2379,#2380);
#2379 = CARTESIAN_POINT('',(0.5,-0.));
#2380 = VECTOR('',#2381,1.);
#2381 = DIRECTION('',(0.,-1.));
#2382 = ( GEOMETRIC_REPRESENTATION_CONTEXT(2) 
PARAMETRIC_REPRESENTATION_CONTEXT() REPRESENTATION_CONTEXT('2D SPACE',''
  ) );
#2383 = PCURVE('',#584,#2384);
#2384 = DEFINITIONAL_REPRESENTATION('',(#2385),#2389);
#2385 = LINE('',#2386,#2387);
#2386 = CARTESIAN_POINT('',(-4.314083075427E-32,0.353553390593));
#2387 = VECTOR('',#2388,1.);
#2388 = DIRECTION('',(-1.,6.162975822039E-33));
#2389 = ( GEOMETRIC_REPRESENTATION_CONTEXT(2) 
PARAMETRIC_REPRESENTATION_CONTEXT() REPRESENTATION_CONTEXT('2D SPACE',''
  ) );
#2390 = ORIENTED_EDGE('',*,*,#595,.T.);
#2391 = ORIENTED_EDGE('',*,*,#2303,.F.);
#2392 = ADVANCED_FACE('',(#2393),#584,.F.);
#2393 = FACE_BOUND('',#2394,.T.);
#2394 = EDGE_LOOP('',(#2395,#2416,#2437,#2438));
#2395 = ORIENTED_EDGE('',*,*,#2396,.F.);
#2396 = EDGE_CURVE('',#2397,#2350,#2399,.T.);
#2397 = VERTEX_POINT('',#2398);
#2398 = CARTESIAN_POINT('',(-6.45,11.849844440689,5.5));
#2399 = SURFACE_CURVE('',#2400,(#2404,#2410),.PCURVE_S1.);
#2400 = LINE('',#2401,#2402);
#2401 = CARTESIAN_POINT('',(6.306410440263,11.849155925409,
    -7.256410440263));
#2402 = VECTOR('',#2403,1.);
#2403 = DIRECTION('',(0.707106780672,-3.816542477049E-05,-0.707106780672
    ));
#2404 = PCURVE('',#584,#2405);
#2405 = DEFINITIONAL_REPRESENTATION('',(#2406),#2409);
#2406 = B_SPLINE_CURVE_WITH_KNOTS('',1,(#2407,#2408),.UNSPECIFIED.,.F.,
  .F.,(2,2),(-18.04028866495,-17.33318188325),.PIECEWISE_BEZIER_KNOTS.);
#2407 = CARTESIAN_POINT('',(-11.84984444068,-0.353553390593));
#2408 = CARTESIAN_POINT('',(-11.84981745365,0.353553390593));
#2409 = ( GEOMETRIC_REPRESENTATION_CONTEXT(2) 
PARAMETRIC_REPRESENTATION_CONTEXT() REPRESENTATION_CONTEXT('2D SPACE',''
  ) );
#2410 = PCURVE('',#870,#2411);
#2411 = DEFINITIONAL_REPRESENTATION('',(#2412),#2415);
#2412 = B_SPLINE_CURVE_WITH_KNOTS('',1,(#2413,#2414),.UNSPECIFIED.,.F.,
  .F.,(2,2),(-18.04028866495,-17.33318188325),.PIECEWISE_BEZIER_KNOTS.);
#2413 = CARTESIAN_POINT('',(15.774992228166,-34.75001));
#2414 = CARTESIAN_POINT('',(15.274992227437,-34.25001));
#2415 = ( GEOMETRIC_REPRESENTATION_CONTEXT(2) 
PARAMETRIC_REPRESENTATION_CONTEXT() REPRESENTATION_CONTEXT('2D SPACE',''
  ) );
#2416 = ORIENTED_EDGE('',*,*,#2417,.T.);
#2417 = EDGE_CURVE('',#2397,#544,#2418,.T.);
#2418 = SURFACE_CURVE('',#2419,(#2423,#2430),.PCURVE_S1.);
#2419 = LINE('',#2420,#2421);
#2420 = CARTESIAN_POINT('',(-6.45,7.8989718545E-16,5.5));
#2421 = VECTOR('',#2422,1.);
#2422 = DIRECTION('',(1.224646799147E-16,1.,0.));
#2423 = PCURVE('',#584,#2424);
#2424 = DEFINITIONAL_REPRESENTATION('',(#2425),#2429);
#2425 = LINE('',#2426,#2427);
#2426 = CARTESIAN_POINT('',(-5.546678239835E-32,-0.353553390593));
#2427 = VECTOR('',#2428,1.);
#2428 = DIRECTION('',(-1.,6.162975822039E-33));
#2429 = ( GEOMETRIC_REPRESENTATION_CONTEXT(2) 
PARAMETRIC_REPRESENTATION_CONTEXT() REPRESENTATION_CONTEXT('2D SPACE',''
  ) );
#2430 = PCURVE('',#558,#2431);
#2431 = DEFINITIONAL_REPRESENTATION('',(#2432),#2436);
#2432 = LINE('',#2433,#2434);
#2433 = CARTESIAN_POINT('',(1.,-7.395570986447E-32));
#2434 = VECTOR('',#2435,1.);
#2435 = DIRECTION('',(0.,-1.));
#2436 = ( GEOMETRIC_REPRESENTATION_CONTEXT(2) 
PARAMETRIC_REPRESENTATION_CONTEXT() REPRESENTATION_CONTEXT('2D SPACE',''
  ) );
#2437 = ORIENTED_EDGE('',*,*,#569,.T.);
#2438 = ORIENTED_EDGE('',*,*,#2370,.F.);
#2439 = ADVANCED_FACE('',(#2440),#558,.T.);
#2440 = FACE_BOUND('',#2441,.T.);
#2441 = EDGE_LOOP('',(#2442,#2463,#2484,#2485));
#2442 = ORIENTED_EDGE('',*,*,#2443,.F.);
#2443 = EDGE_CURVE('',#2444,#2397,#2446,.T.);
#2444 = VERTEX_POINT('',#2445);
#2445 = CARTESIAN_POINT('',(-6.95,11.849871427719,5.5));
#2446 = SURFACE_CURVE('',#2447,(#2451,#2457),.PCURVE_S1.);
#2447 = LINE('',#2448,#2449);
#2448 = CARTESIAN_POINT('',(0.937815896165,11.84944569026,5.5));
#2449 = VECTOR('',#2450,1.);
#2450 = DIRECTION('',(0.999999998543,-5.397406128484E-05,0.));
#2451 = PCURVE('',#558,#2452);
#2452 = DEFINITIONAL_REPRESENTATION('',(#2453),#2456);
#2453 = B_SPLINE_CURVE_WITH_KNOTS('',1,(#2454,#2455),.UNSPECIFIED.,.F.,
  .F.,(2,2),(-7.887815907654,-7.387815906926),.PIECEWISE_BEZIER_KNOTS.);
#2454 = CARTESIAN_POINT('',(0.5,-11.84987142771));
#2455 = CARTESIAN_POINT('',(1.,-11.84984444068));
#2456 = ( GEOMETRIC_REPRESENTATION_CONTEXT(2) 
PARAMETRIC_REPRESENTATION_CONTEXT() REPRESENTATION_CONTEXT('2D SPACE',''
  ) );
#2457 = PCURVE('',#870,#2458);
#2458 = DEFINITIONAL_REPRESENTATION('',(#2459),#2462);
#2459 = B_SPLINE_CURVE_WITH_KNOTS('',1,(#2460,#2461),.UNSPECIFIED.,.F.,
  .F.,(2,2),(-7.887815907654,-7.387815906926),.PIECEWISE_BEZIER_KNOTS.);
#2460 = CARTESIAN_POINT('',(16.274992228894,-34.75001));
#2461 = CARTESIAN_POINT('',(15.774992228166,-34.75001));
#2462 = ( GEOMETRIC_REPRESENTATION_CONTEXT(2) 
PARAMETRIC_REPRESENTATION_CONTEXT() REPRESENTATION_CONTEXT('2D SPACE',''
  ) );
#2463 = ORIENTED_EDGE('',*,*,#2464,.T.);
#2464 = EDGE_CURVE('',#2444,#518,#2465,.T.);
#2465 = SURFACE_CURVE('',#2466,(#2470,#2477),.PCURVE_S1.);
#2466 = LINE('',#2467,#2468);
#2467 = CARTESIAN_POINT('',(-6.95,8.511295254074E-16,5.5));
#2468 = VECTOR('',#2469,1.);
#2469 = DIRECTION('',(1.224646799147E-16,1.,0.));
#2470 = PCURVE('',#558,#2471);
#2471 = DEFINITIONAL_REPRESENTATION('',(#2472),#2476);
#2472 = LINE('',#2473,#2474);
#2473 = CARTESIAN_POINT('',(0.5,-8.628166150855E-32));
#2474 = VECTOR('',#2475,1.);
#2475 = DIRECTION('',(0.,-1.));
#2476 = ( GEOMETRIC_REPRESENTATION_CONTEXT(2) 
PARAMETRIC_REPRESENTATION_CONTEXT() REPRESENTATION_CONTEXT('2D SPACE',''
  ) );
#2477 = PCURVE('',#532,#2478);
#2478 = DEFINITIONAL_REPRESENTATION('',(#2479),#2483);
#2479 = LINE('',#2480,#2481);
#2480 = CARTESIAN_POINT('',(-4.314083075427E-32,0.353553390593));
#2481 = VECTOR('',#2482,1.);
#2482 = DIRECTION('',(-1.,6.162975822039E-33));
#2483 = ( GEOMETRIC_REPRESENTATION_CONTEXT(2) 
PARAMETRIC_REPRESENTATION_CONTEXT() REPRESENTATION_CONTEXT('2D SPACE',''
  ) );
#2484 = ORIENTED_EDGE('',*,*,#543,.T.);
#2485 = ORIENTED_EDGE('',*,*,#2417,.F.);
#2486 = ADVANCED_FACE('',(#2487),#532,.F.);
#2487 = FACE_BOUND('',#2488,.T.);
#2488 = EDGE_LOOP('',(#2489,#2510,#2531,#2532));
#2489 = ORIENTED_EDGE('',*,*,#2490,.F.);
#2490 = EDGE_CURVE('',#2491,#2444,#2493,.T.);
#2491 = VERTEX_POINT('',#2492);
#2492 = CARTESIAN_POINT('',(-7.45,11.84989841475,5.));
#2493 = SURFACE_CURVE('',#2494,(#2498,#2504),.PCURVE_S1.);
#2494 = LINE('',#2495,#2496);
#2495 = CARTESIAN_POINT('',(-11.69359453351,11.850127458782,
    0.756405466481));
#2496 = VECTOR('',#2497,1.);
#2497 = DIRECTION('',(0.707106780672,-3.816542477049E-05,0.707106780672)
  );
#2498 = PCURVE('',#532,#2499);
#2499 = DEFINITIONAL_REPRESENTATION('',(#2500),#2503);
#2500 = B_SPLINE_CURVE_WITH_KNOTS('',1,(#2501,#2502),.UNSPECIFIED.,.F.,
  .F.,(2,2),(6.001348946885,6.708455728587),.PIECEWISE_BEZIER_KNOTS.);
#2501 = CARTESIAN_POINT('',(-11.84989841475,-0.353553390593));
#2502 = CARTESIAN_POINT('',(-11.84987142771,0.353553390593));
#2503 = ( GEOMETRIC_REPRESENTATION_CONTEXT(2) 
PARAMETRIC_REPRESENTATION_CONTEXT() REPRESENTATION_CONTEXT('2D SPACE',''
  ) );
#2504 = PCURVE('',#870,#2505);
#2505 = DEFINITIONAL_REPRESENTATION('',(#2506),#2509);
#2506 = B_SPLINE_CURVE_WITH_KNOTS('',1,(#2507,#2508),.UNSPECIFIED.,.F.,
  .F.,(2,2),(6.001348946885,6.708455728587),.PIECEWISE_BEZIER_KNOTS.);
#2507 = CARTESIAN_POINT('',(16.774992229622,-34.25001));
#2508 = CARTESIAN_POINT('',(16.274992228894,-34.75001));
#2509 = ( GEOMETRIC_REPRESENTATION_CONTEXT(2) 
PARAMETRIC_REPRESENTATION_CONTEXT() REPRESENTATION_CONTEXT('2D SPACE',''
  ) );
#2510 = ORIENTED_EDGE('',*,*,#2511,.T.);
#2511 = EDGE_CURVE('',#2491,#492,#2512,.T.);
#2512 = SURFACE_CURVE('',#2513,(#2517,#2524),.PCURVE_S1.);
#2513 = LINE('',#2514,#2515);
#2514 = CARTESIAN_POINT('',(-7.45,9.123618653648E-16,5.));
#2515 = VECTOR('',#2516,1.);
#2516 = DIRECTION('',(1.224646799147E-16,1.,0.));
#2517 = PCURVE('',#532,#2518);
#2518 = DEFINITIONAL_REPRESENTATION('',(#2519),#2523);
#2519 = LINE('',#2520,#2521);
#2520 = CARTESIAN_POINT('',(4.314083075427E-32,-0.353553390593));
#2521 = VECTOR('',#2522,1.);
#2522 = DIRECTION('',(-1.,6.162975822039E-33));
#2523 = ( GEOMETRIC_REPRESENTATION_CONTEXT(2) 
PARAMETRIC_REPRESENTATION_CONTEXT() REPRESENTATION_CONTEXT('2D SPACE',''
  ) );
#2524 = PCURVE('',#506,#2525);
#2525 = DEFINITIONAL_REPRESENTATION('',(#2526),#2530);
#2526 = LINE('',#2527,#2528);
#2527 = CARTESIAN_POINT('',(1.,0.));
#2528 = VECTOR('',#2529,1.);
#2529 = DIRECTION('',(0.,-1.));
#2530 = ( GEOMETRIC_REPRESENTATION_CONTEXT(2) 
PARAMETRIC_REPRESENTATION_CONTEXT() REPRESENTATION_CONTEXT('2D SPACE',''
  ) );
#2531 = ORIENTED_EDGE('',*,*,#517,.T.);
#2532 = ORIENTED_EDGE('',*,*,#2464,.F.);
#2533 = ADVANCED_FACE('',(#2534),#506,.T.);
#2534 = FACE_BOUND('',#2535,.T.);
#2535 = EDGE_LOOP('',(#2536,#2537,#2556,#2557));
#2536 = ORIENTED_EDGE('',*,*,#2511,.F.);
#2537 = ORIENTED_EDGE('',*,*,#2538,.F.);
#2538 = EDGE_CURVE('',#1434,#2491,#2539,.T.);
#2539 = SURFACE_CURVE('',#2540,(#2544,#2550),.PCURVE_S1.);
#2540 = LINE('',#2541,#2542);
#2541 = CARTESIAN_POINT('',(-7.45,11.84989841475,-12.625005));
#2542 = VECTOR('',#2543,1.);
#2543 = DIRECTION('',(0.,0.,1.));
#2544 = PCURVE('',#506,#2545);
#2545 = DEFINITIONAL_REPRESENTATION('',(#2546),#2549);
#2546 = B_SPLINE_CURVE_WITH_KNOTS('',1,(#2547,#2548),.UNSPECIFIED.,.F.,
  .F.,(2,2),(16.625005,17.625005),.PIECEWISE_BEZIER_KNOTS.);
#2547 = CARTESIAN_POINT('',(0.,-11.84989841475));
#2548 = CARTESIAN_POINT('',(1.,-11.84989841475));
#2549 = ( GEOMETRIC_REPRESENTATION_CONTEXT(2) 
PARAMETRIC_REPRESENTATION_CONTEXT() REPRESENTATION_CONTEXT('2D SPACE',''
  ) );
#2550 = PCURVE('',#870,#2551);
#2551 = DEFINITIONAL_REPRESENTATION('',(#2552),#2555);
#2552 = B_SPLINE_CURVE_WITH_KNOTS('',1,(#2553,#2554),.UNSPECIFIED.,.F.,
  .F.,(2,2),(16.625005,17.625005),.PIECEWISE_BEZIER_KNOTS.);
#2553 = CARTESIAN_POINT('',(16.774992229622,-33.25001));
#2554 = CARTESIAN_POINT('',(16.774992229622,-34.25001));
#2555 = ( GEOMETRIC_REPRESENTATION_CONTEXT(2) 
PARAMETRIC_REPRESENTATION_CONTEXT() REPRESENTATION_CONTEXT('2D SPACE',''
  ) );
#2556 = ORIENTED_EDGE('',*,*,#1455,.T.);
#2557 = ORIENTED_EDGE('',*,*,#491,.T.);
#2558 = ADVANCED_FACE('',(#2559),#457,.T.);
#2559 = FACE_BOUND('',#2560,.F.);
#2560 = EDGE_LOOP('',(#2561,#2584,#2585,#2586));
#2561 = ORIENTED_EDGE('',*,*,#2562,.F.);
#2562 = EDGE_CURVE('',#1478,#2563,#2565,.T.);
#2563 = VERTEX_POINT('',#2564);
#2564 = CARTESIAN_POINT('',(-20.125,9.85,11.));
#2565 = SURFACE_CURVE('',#2566,(#2570,#2577),.PCURVE_S1.);
#2566 = LINE('',#2567,#2568);
#2567 = CARTESIAN_POINT('',(-20.125,9.85,0.));
#2568 = VECTOR('',#2569,1.);
#2569 = DIRECTION('',(0.,0.,1.));
#2570 = PCURVE('',#457,#2571);
#2571 = DEFINITIONAL_REPRESENTATION('',(#2572),#2576);
#2572 = LINE('',#2573,#2574);
#2573 = CARTESIAN_POINT('',(-0.,0.));
#2574 = VECTOR('',#2575,1.);
#2575 = DIRECTION('',(-0.,1.));
#2576 = ( GEOMETRIC_REPRESENTATION_CONTEXT(2) 
PARAMETRIC_REPRESENTATION_CONTEXT() REPRESENTATION_CONTEXT('2D SPACE',''
  ) );
#2577 = PCURVE('',#1517,#2578);
#2578 = DEFINITIONAL_REPRESENTATION('',(#2579),#2583);
#2579 = LINE('',#2580,#2581);
#2580 = CARTESIAN_POINT('',(4.,0.));
#2581 = VECTOR('',#2582,1.);
#2582 = DIRECTION('',(0.,-1.));
#2583 = ( GEOMETRIC_REPRESENTATION_CONTEXT(2) 
PARAMETRIC_REPRESENTATION_CONTEXT() REPRESENTATION_CONTEXT('2D SPACE',''
  ) );
#2584 = ORIENTED_EDGE('',*,*,#1477,.F.);
#2585 = ORIENTED_EDGE('',*,*,#441,.T.);
#2586 = ORIENTED_EDGE('',*,*,#2587,.T.);
#2587 = EDGE_CURVE('',#416,#2563,#2588,.T.);
#2588 = SURFACE_CURVE('',#2589,(#2594,#2601),.PCURVE_S1.);
#2589 = CIRCLE('',#2590,4.);
#2590 = AXIS2_PLACEMENT_3D('',#2591,#2592,#2593);
#2591 = CARTESIAN_POINT('',(-16.125,9.85,11.));
#2592 = DIRECTION('',(0.,0.,1.));
#2593 = DIRECTION('',(-1.,0.,0.));
#2594 = PCURVE('',#457,#2595);
#2595 = DEFINITIONAL_REPRESENTATION('',(#2596),#2600);
#2596 = LINE('',#2597,#2598);
#2597 = CARTESIAN_POINT('',(-6.28318530718,11.));
#2598 = VECTOR('',#2599,1.);
#2599 = DIRECTION('',(1.,-0.));
#2600 = ( GEOMETRIC_REPRESENTATION_CONTEXT(2) 
PARAMETRIC_REPRESENTATION_CONTEXT() REPRESENTATION_CONTEXT('2D SPACE',''
  ) );
#2601 = PCURVE('',#430,#2602);
#2602 = DEFINITIONAL_REPRESENTATION('',(#2603),#2607);
#2603 = CIRCLE('',#2604,4.);
#2604 = AXIS2_PLACEMENT_2D('',#2605,#2606);
#2605 = CARTESIAN_POINT('',(-16.125,9.85));
#2606 = DIRECTION('',(-1.,0.));
#2607 = ( GEOMETRIC_REPRESENTATION_CONTEXT(2) 
PARAMETRIC_REPRESENTATION_CONTEXT() REPRESENTATION_CONTEXT('2D SPACE',''
  ) );
#2608 = ADVANCED_FACE('',(#2609,#2708),#430,.T.);
#2609 = FACE_BOUND('',#2610,.T.);
#2610 = EDGE_LOOP('',(#2611,#2632,#2633,#2634,#2655,#2681));
#2611 = ORIENTED_EDGE('',*,*,#2612,.F.);
#2612 = EDGE_CURVE('',#390,#2613,#2615,.T.);
#2613 = VERTEX_POINT('',#2614);
#2614 = CARTESIAN_POINT('',(-14.3,9.3,11.));
#2615 = SURFACE_CURVE('',#2616,(#2620,#2626),.PCURVE_S1.);
#2616 = LINE('',#2617,#2618);
#2617 = CARTESIAN_POINT('',(-14.3,3.4,11.));
#2618 = VECTOR('',#2619,1.);
#2619 = DIRECTION('',(0.,-1.,0.));
#2620 = PCURVE('',#430,#2621);
#2621 = DEFINITIONAL_REPRESENTATION('',(#2622),#2625);
#2622 = B_SPLINE_CURVE_WITH_KNOTS('',1,(#2623,#2624),.UNSPECIFIED.,.F.,
  .F.,(2,2),(-10.45,-5.9),.PIECEWISE_BEZIER_KNOTS.);
#2623 = CARTESIAN_POINT('',(-14.3,13.85));
#2624 = CARTESIAN_POINT('',(-14.3,9.3));
#2625 = ( GEOMETRIC_REPRESENTATION_CONTEXT(2) 
PARAMETRIC_REPRESENTATION_CONTEXT() REPRESENTATION_CONTEXT('2D SPACE',''
  ) );
#2626 = PCURVE('',#404,#2627);
#2627 = DEFINITIONAL_REPRESENTATION('',(#2628),#2631);
#2628 = B_SPLINE_CURVE_WITH_KNOTS('',1,(#2629,#2630),.UNSPECIFIED.,.F.,
  .F.,(2,2),(-10.45,-5.9),.PIECEWISE_BEZIER_KNOTS.);
#2629 = CARTESIAN_POINT('',(-7.05,-6.));
#2630 = CARTESIAN_POINT('',(-2.5,-6.));
#2631 = ( GEOMETRIC_REPRESENTATION_CONTEXT(2) 
PARAMETRIC_REPRESENTATION_CONTEXT() REPRESENTATION_CONTEXT('2D SPACE',''
  ) );
#2632 = ORIENTED_EDGE('',*,*,#415,.T.);
#2633 = ORIENTED_EDGE('',*,*,#2587,.T.);
#2634 = ORIENTED_EDGE('',*,*,#2635,.T.);
#2635 = EDGE_CURVE('',#2563,#2636,#2638,.T.);
#2636 = VERTEX_POINT('',#2637);
#2637 = CARTESIAN_POINT('',(-20.125,6.8,11.));
#2638 = SURFACE_CURVE('',#2639,(#2643,#2649),.PCURVE_S1.);
#2639 = LINE('',#2640,#2641);
#2640 = CARTESIAN_POINT('',(-20.125,6.925,11.));
#2641 = VECTOR('',#2642,1.);
#2642 = DIRECTION('',(0.,-1.,0.));
#2643 = PCURVE('',#430,#2644);
#2644 = DEFINITIONAL_REPRESENTATION('',(#2645),#2648);
#2645 = B_SPLINE_CURVE_WITH_KNOTS('',1,(#2646,#2647),.UNSPECIFIED.,.F.,
  .F.,(2,2),(-2.925,20.74443954599),.PIECEWISE_BEZIER_KNOTS.);
#2646 = CARTESIAN_POINT('',(-20.125,9.85));
#2647 = CARTESIAN_POINT('',(-20.125,-13.81943954598));
#2648 = ( GEOMETRIC_REPRESENTATION_CONTEXT(2) 
PARAMETRIC_REPRESENTATION_CONTEXT() REPRESENTATION_CONTEXT('2D SPACE',''
  ) );
#2649 = PCURVE('',#1517,#2650);
#2650 = DEFINITIONAL_REPRESENTATION('',(#2651),#2654);
#2651 = B_SPLINE_CURVE_WITH_KNOTS('',1,(#2652,#2653),.UNSPECIFIED.,.F.,
  .F.,(2,2),(-2.925,20.74443954599),.PIECEWISE_BEZIER_KNOTS.);
#2652 = CARTESIAN_POINT('',(4.,-11.));
#2653 = CARTESIAN_POINT('',(27.66943954599,-11.));
#2654 = ( GEOMETRIC_REPRESENTATION_CONTEXT(2) 
PARAMETRIC_REPRESENTATION_CONTEXT() REPRESENTATION_CONTEXT('2D SPACE',''
  ) );
#2655 = ORIENTED_EDGE('',*,*,#2656,.F.);
#2656 = EDGE_CURVE('',#2657,#2636,#2659,.T.);
#2657 = VERTEX_POINT('',#2658);
#2658 = CARTESIAN_POINT('',(-16.8,6.8,11.));
#2659 = SURFACE_CURVE('',#2660,(#2664,#2670),.PCURVE_S1.);
#2660 = LINE('',#2661,#2662);
#2661 = CARTESIAN_POINT('',(-13.15,6.8,11.));
#2662 = VECTOR('',#2663,1.);
#2663 = DIRECTION('',(-1.,0.,0.));
#2664 = PCURVE('',#430,#2665);
#2665 = DEFINITIONAL_REPRESENTATION('',(#2666),#2669);
#2666 = B_SPLINE_CURVE_WITH_KNOTS('',1,(#2667,#2668),.UNSPECIFIED.,.F.,
  .F.,(2,2),(3.65,6.975),.PIECEWISE_BEZIER_KNOTS.);
#2667 = CARTESIAN_POINT('',(-16.8,6.8));
#2668 = CARTESIAN_POINT('',(-20.125,6.8));
#2669 = ( GEOMETRIC_REPRESENTATION_CONTEXT(2) 
PARAMETRIC_REPRESENTATION_CONTEXT() REPRESENTATION_CONTEXT('2D SPACE',''
  ) );
#2670 = PCURVE('',#2671,#2676);
#2671 = PLANE('',#2672);
#2672 = AXIS2_PLACEMENT_3D('',#2673,#2674,#2675);
#2673 = CARTESIAN_POINT('',(-26.3,6.8,5.));
#2674 = DIRECTION('',(-0.,-1.,-0.));
#2675 = DIRECTION('',(-1.,0.,0.));
#2676 = DEFINITIONAL_REPRESENTATION('',(#2677),#2680);
#2677 = B_SPLINE_CURVE_WITH_KNOTS('',1,(#2678,#2679),.UNSPECIFIED.,.F.,
  .F.,(2,2),(3.65,6.975),.PIECEWISE_BEZIER_KNOTS.);
#2678 = CARTESIAN_POINT('',(-9.5,-6.));
#2679 = CARTESIAN_POINT('',(-6.175,-6.));
#2680 = ( GEOMETRIC_REPRESENTATION_CONTEXT(2) 
PARAMETRIC_REPRESENTATION_CONTEXT() REPRESENTATION_CONTEXT('2D SPACE',''
  ) );
#2681 = ORIENTED_EDGE('',*,*,#2682,.T.);
#2682 = EDGE_CURVE('',#2657,#2613,#2683,.T.);
#2683 = SURFACE_CURVE('',#2684,(#2689,#2696),.PCURVE_S1.);
#2684 = CIRCLE('',#2685,2.5);
#2685 = AXIS2_PLACEMENT_3D('',#2686,#2687,#2688);
#2686 = CARTESIAN_POINT('',(-16.8,9.3,11.));
#2687 = DIRECTION('',(-0.,0.,1.));
#2688 = DIRECTION('',(1.,-0.,0.));
#2689 = PCURVE('',#430,#2690);
#2690 = DEFINITIONAL_REPRESENTATION('',(#2691),#2695);
#2691 = CIRCLE('',#2692,2.5);
#2692 = AXIS2_PLACEMENT_2D('',#2693,#2694);
#2693 = CARTESIAN_POINT('',(-16.8,9.3));
#2694 = DIRECTION('',(1.,0.));
#2695 = ( GEOMETRIC_REPRESENTATION_CONTEXT(2) 
PARAMETRIC_REPRESENTATION_CONTEXT() REPRESENTATION_CONTEXT('2D SPACE',''
  ) );
#2696 = PCURVE('',#2697,#2702);
#2697 = CYLINDRICAL_SURFACE('',#2698,2.5);
#2698 = AXIS2_PLACEMENT_3D('',#2699,#2700,#2701);
#2699 = CARTESIAN_POINT('',(-16.8,9.3,5.));
#2700 = DIRECTION('',(-0.,-0.,1.));
#2701 = DIRECTION('',(1.,-0.,-0.));
#2702 = DEFINITIONAL_REPRESENTATION('',(#2703),#2707);
#2703 = LINE('',#2704,#2705);
#2704 = CARTESIAN_POINT('',(-6.28318530718,6.));
#2705 = VECTOR('',#2706,1.);
#2706 = DIRECTION('',(1.,-0.));
#2707 = ( GEOMETRIC_REPRESENTATION_CONTEXT(2) 
PARAMETRIC_REPRESENTATION_CONTEXT() REPRESENTATION_CONTEXT('2D SPACE',''
  ) );
#2708 = FACE_BOUND('',#2709,.T.);
#2709 = EDGE_LOOP('',(#2710));
#2710 = ORIENTED_EDGE('',*,*,#2711,.F.);
#2711 = EDGE_CURVE('',#2712,#2712,#2714,.T.);
#2712 = VERTEX_POINT('',#2713);
#2713 = CARTESIAN_POINT('',(-15.3,10.,11.));
#2714 = SURFACE_CURVE('',#2715,(#2720,#2727),.PCURVE_S1.);
#2715 = CIRCLE('',#2716,1.2);
#2716 = AXIS2_PLACEMENT_3D('',#2717,#2718,#2719);
#2717 = CARTESIAN_POINT('',(-16.5,10.,11.));
#2718 = DIRECTION('',(0.,0.,1.));
#2719 = DIRECTION('',(1.,0.,-0.));
#2720 = PCURVE('',#430,#2721);
#2721 = DEFINITIONAL_REPRESENTATION('',(#2722),#2726);
#2722 = CIRCLE('',#2723,1.2);
#2723 = AXIS2_PLACEMENT_2D('',#2724,#2725);
#2724 = CARTESIAN_POINT('',(-16.5,10.));
#2725 = DIRECTION('',(1.,0.));
#2726 = ( GEOMETRIC_REPRESENTATION_CONTEXT(2) 
PARAMETRIC_REPRESENTATION_CONTEXT() REPRESENTATION_CONTEXT('2D SPACE',''
  ) );
#2727 = PCURVE('',#2020,#2728);
#2728 = DEFINITIONAL_REPRESENTATION('',(#2729),#2733);
#2729 = LINE('',#2730,#2731);
#2730 = CARTESIAN_POINT('',(0.,-3.));
#2731 = VECTOR('',#2732,1.);
#2732 = DIRECTION('',(1.,0.));
#2733 = ( GEOMETRIC_REPRESENTATION_CONTEXT(2) 
PARAMETRIC_REPRESENTATION_CONTEXT() REPRESENTATION_CONTEXT('2D SPACE',''
  ) );
#2734 = ADVANCED_FACE('',(#2735),#404,.T.);
#2735 = FACE_BOUND('',#2736,.F.);
#2736 = EDGE_LOOP('',(#2737,#2760,#2781,#2782));
#2737 = ORIENTED_EDGE('',*,*,#2738,.F.);
#2738 = EDGE_CURVE('',#2739,#357,#2741,.T.);
#2739 = VERTEX_POINT('',#2740);
#2740 = CARTESIAN_POINT('',(-14.3,9.3,6.49));
#2741 = SURFACE_CURVE('',#2742,(#2746,#2753),.PCURVE_S1.);
#2742 = LINE('',#2743,#2744);
#2743 = CARTESIAN_POINT('',(-14.3,9.3,6.49));
#2744 = VECTOR('',#2745,1.);
#2745 = DIRECTION('',(-0.,1.,-0.));
#2746 = PCURVE('',#404,#2747);
#2747 = DEFINITIONAL_REPRESENTATION('',(#2748),#2752);
#2748 = LINE('',#2749,#2750);
#2749 = CARTESIAN_POINT('',(-2.5,-1.49));
#2750 = VECTOR('',#2751,1.);
#2751 = DIRECTION('',(-1.,0.));
#2752 = ( GEOMETRIC_REPRESENTATION_CONTEXT(2) 
PARAMETRIC_REPRESENTATION_CONTEXT() REPRESENTATION_CONTEXT('2D SPACE',''
  ) );
#2753 = PCURVE('',#377,#2754);
#2754 = DEFINITIONAL_REPRESENTATION('',(#2755),#2759);
#2755 = LINE('',#2756,#2757);
#2756 = CARTESIAN_POINT('',(1.570796326795,0.));
#2757 = VECTOR('',#2758,1.);
#2758 = DIRECTION('',(0.,1.));
#2759 = ( GEOMETRIC_REPRESENTATION_CONTEXT(2) 
PARAMETRIC_REPRESENTATION_CONTEXT() REPRESENTATION_CONTEXT('2D SPACE',''
  ) );
#2760 = ORIENTED_EDGE('',*,*,#2761,.T.);
#2761 = EDGE_CURVE('',#2739,#2613,#2762,.T.);
#2762 = SURFACE_CURVE('',#2763,(#2767,#2774),.PCURVE_S1.);
#2763 = LINE('',#2764,#2765);
#2764 = CARTESIAN_POINT('',(-14.3,9.3,5.));
#2765 = VECTOR('',#2766,1.);
#2766 = DIRECTION('',(-0.,-0.,1.));
#2767 = PCURVE('',#404,#2768);
#2768 = DEFINITIONAL_REPRESENTATION('',(#2769),#2773);
#2769 = LINE('',#2770,#2771);
#2770 = CARTESIAN_POINT('',(-2.5,-0.));
#2771 = VECTOR('',#2772,1.);
#2772 = DIRECTION('',(-0.,-1.));
#2773 = ( GEOMETRIC_REPRESENTATION_CONTEXT(2) 
PARAMETRIC_REPRESENTATION_CONTEXT() REPRESENTATION_CONTEXT('2D SPACE',''
  ) );
#2774 = PCURVE('',#2697,#2775);
#2775 = DEFINITIONAL_REPRESENTATION('',(#2776),#2780);
#2776 = LINE('',#2777,#2778);
#2777 = CARTESIAN_POINT('',(-0.,0.));
#2778 = VECTOR('',#2779,1.);
#2779 = DIRECTION('',(-0.,1.));
#2780 = ( GEOMETRIC_REPRESENTATION_CONTEXT(2) 
PARAMETRIC_REPRESENTATION_CONTEXT() REPRESENTATION_CONTEXT('2D SPACE',''
  ) );
#2781 = ORIENTED_EDGE('',*,*,#2612,.F.);
#2782 = ORIENTED_EDGE('',*,*,#389,.T.);
#2783 = ADVANCED_FACE('',(#2784),#377,.F.);
#2784 = FACE_BOUND('',#2785,.F.);
#2785 = EDGE_LOOP('',(#2786,#2809,#2836,#2837));
#2786 = ORIENTED_EDGE('',*,*,#2787,.F.);
#2787 = EDGE_CURVE('',#2788,#331,#2790,.T.);
#2788 = VERTEX_POINT('',#2789);
#2789 = CARTESIAN_POINT('',(-12.81,9.3,5.));
#2790 = SURFACE_CURVE('',#2791,(#2795,#2802),.PCURVE_S1.);
#2791 = LINE('',#2792,#2793);
#2792 = CARTESIAN_POINT('',(-12.81,9.3,5.));
#2793 = VECTOR('',#2794,1.);
#2794 = DIRECTION('',(-0.,1.,-0.));
#2795 = PCURVE('',#377,#2796);
#2796 = DEFINITIONAL_REPRESENTATION('',(#2797),#2801);
#2797 = LINE('',#2798,#2799);
#2798 = CARTESIAN_POINT('',(0.,0.));
#2799 = VECTOR('',#2800,1.);
#2800 = DIRECTION('',(0.,1.));
#2801 = ( GEOMETRIC_REPRESENTATION_CONTEXT(2) 
PARAMETRIC_REPRESENTATION_CONTEXT() REPRESENTATION_CONTEXT('2D SPACE',''
  ) );
#2802 = PCURVE('',#345,#2803);
#2803 = DEFINITIONAL_REPRESENTATION('',(#2804),#2808);
#2804 = LINE('',#2805,#2806);
#2805 = CARTESIAN_POINT('',(3.847142857143,1.142857142857));
#2806 = VECTOR('',#2807,1.);
#2807 = DIRECTION('',(-0.,1.));
#2808 = ( GEOMETRIC_REPRESENTATION_CONTEXT(2) 
PARAMETRIC_REPRESENTATION_CONTEXT() REPRESENTATION_CONTEXT('2D SPACE',''
  ) );
#2809 = ORIENTED_EDGE('',*,*,#2810,.T.);
#2810 = EDGE_CURVE('',#2788,#2739,#2811,.T.);
#2811 = SURFACE_CURVE('',#2812,(#2817,#2824),.PCURVE_S1.);
#2812 = CIRCLE('',#2813,1.49);
#2813 = AXIS2_PLACEMENT_3D('',#2814,#2815,#2816);
#2814 = CARTESIAN_POINT('',(-12.81,9.3,6.49));
#2815 = DIRECTION('',(1.056412609424E-16,1.,-0.));
#2816 = DIRECTION('',(1.,-1.056412609424E-16,0.));
#2817 = PCURVE('',#377,#2818);
#2818 = DEFINITIONAL_REPRESENTATION('',(#2819),#2823);
#2819 = LINE('',#2820,#2821);
#2820 = CARTESIAN_POINT('',(-1.570796326795,0.));
#2821 = VECTOR('',#2822,1.);
#2822 = DIRECTION('',(1.,0.));
#2823 = ( GEOMETRIC_REPRESENTATION_CONTEXT(2) 
PARAMETRIC_REPRESENTATION_CONTEXT() REPRESENTATION_CONTEXT('2D SPACE',''
  ) );
#2824 = PCURVE('',#2825,#2830);
#2825 = TOROIDAL_SURFACE('',#2826,3.99,1.49);
#2826 = AXIS2_PLACEMENT_3D('',#2827,#2828,#2829);
#2827 = CARTESIAN_POINT('',(-16.8,9.3,6.49));
#2828 = DIRECTION('',(0.,-0.,-1.));
#2829 = DIRECTION('',(1.7763568394E-16,-1.,0.));
#2830 = DEFINITIONAL_REPRESENTATION('',(#2831),#2835);
#2831 = LINE('',#2832,#2833);
#2832 = CARTESIAN_POINT('',(-1.570796326795,0.));
#2833 = VECTOR('',#2834,1.);
#2834 = DIRECTION('',(-0.,1.));
#2835 = ( GEOMETRIC_REPRESENTATION_CONTEXT(2) 
PARAMETRIC_REPRESENTATION_CONTEXT() REPRESENTATION_CONTEXT('2D SPACE',''
  ) );
#2836 = ORIENTED_EDGE('',*,*,#2738,.T.);
#2837 = ORIENTED_EDGE('',*,*,#356,.F.);
#2838 = ADVANCED_FACE('',(#2839),#345,.T.);
#2839 = FACE_BOUND('',#2840,.F.);
#2840 = EDGE_LOOP('',(#2841,#2864,#2892,#2914,#2915,#2916,#2939,#2972));
#2841 = ORIENTED_EDGE('',*,*,#2842,.T.);
#2842 = EDGE_CURVE('',#2843,#2845,#2847,.T.);
#2843 = VERTEX_POINT('',#2844);
#2844 = CARTESIAN_POINT('',(-20.125,5.29,5.));
#2845 = VERTEX_POINT('',#2846);
#2846 = CARTESIAN_POINT('',(-20.125,5.31,5.));
#2847 = SURFACE_CURVE('',#2848,(#2852,#2858),.PCURVE_S1.);
#2848 = LINE('',#2849,#2850);
#2849 = CARTESIAN_POINT('',(-20.125,11.003571428572,5.));
#2850 = VECTOR('',#2851,1.);
#2851 = DIRECTION('',(0.,1.,0.));
#2852 = PCURVE('',#345,#2853);
#2853 = DEFINITIONAL_REPRESENTATION('',(#2854),#2857);
#2854 = B_SPLINE_CURVE_WITH_KNOTS('',1,(#2855,#2856),.UNSPECIFIED.,.F.,
  .F.,(2,2),(-5.713571428572,-1.153571428571),.PIECEWISE_BEZIER_KNOTS.);
#2855 = CARTESIAN_POINT('',(-3.467857142857,-2.867142857143));
#2856 = CARTESIAN_POINT('',(-3.467857142857,1.692857142857));
#2857 = ( GEOMETRIC_REPRESENTATION_CONTEXT(2) 
PARAMETRIC_REPRESENTATION_CONTEXT() REPRESENTATION_CONTEXT('2D SPACE',''
  ) );
#2858 = PCURVE('',#1517,#2859);
#2859 = DEFINITIONAL_REPRESENTATION('',(#2860),#2863);
#2860 = B_SPLINE_CURVE_WITH_KNOTS('',1,(#2861,#2862),.UNSPECIFIED.,.F.,
  .F.,(2,2),(-5.713571428572,-1.153571428571),.PIECEWISE_BEZIER_KNOTS.);
#2861 = CARTESIAN_POINT('',(8.56,-5.));
#2862 = CARTESIAN_POINT('',(4.,-5.));
#2863 = ( GEOMETRIC_REPRESENTATION_CONTEXT(2) 
PARAMETRIC_REPRESENTATION_CONTEXT() REPRESENTATION_CONTEXT('2D SPACE',''
  ) );
#2864 = ORIENTED_EDGE('',*,*,#2865,.T.);
#2865 = EDGE_CURVE('',#2845,#2866,#2868,.T.);
#2866 = VERTEX_POINT('',#2867);
#2867 = CARTESIAN_POINT('',(-16.8,5.31,5.));
#2868 = SURFACE_CURVE('',#2869,(#2873,#2880),.PCURVE_S1.);
#2869 = LINE('',#2870,#2871);
#2870 = CARTESIAN_POINT('',(-26.3,5.31,5.));
#2871 = VECTOR('',#2872,1.);
#2872 = DIRECTION('',(1.,-0.,-0.));
#2873 = PCURVE('',#345,#2874);
#2874 = DEFINITIONAL_REPRESENTATION('',(#2875),#2879);
#2875 = LINE('',#2876,#2877);
#2876 = CARTESIAN_POINT('',(-9.642857142857,-2.847142857143));
#2877 = VECTOR('',#2878,1.);
#2878 = DIRECTION('',(1.,-0.));
#2879 = ( GEOMETRIC_REPRESENTATION_CONTEXT(2) 
PARAMETRIC_REPRESENTATION_CONTEXT() REPRESENTATION_CONTEXT('2D SPACE',''
  ) );
#2880 = PCURVE('',#2881,#2886);
#2881 = CYLINDRICAL_SURFACE('',#2882,1.49);
#2882 = AXIS2_PLACEMENT_3D('',#2883,#2884,#2885);
#2883 = CARTESIAN_POINT('',(-26.3,5.31,6.49));
#2884 = DIRECTION('',(1.,-0.,-0.));
#2885 = DIRECTION('',(-0.,0.,-1.));
#2886 = DEFINITIONAL_REPRESENTATION('',(#2887),#2891);
#2887 = LINE('',#2888,#2889);
#2888 = CARTESIAN_POINT('',(0.,0.));
#2889 = VECTOR('',#2890,1.);
#2890 = DIRECTION('',(0.,1.));
#2891 = ( GEOMETRIC_REPRESENTATION_CONTEXT(2) 
PARAMETRIC_REPRESENTATION_CONTEXT() REPRESENTATION_CONTEXT('2D SPACE',''
  ) );
#2892 = ORIENTED_EDGE('',*,*,#2893,.T.);
#2893 = EDGE_CURVE('',#2866,#2788,#2894,.T.);
#2894 = SURFACE_CURVE('',#2895,(#2900,#2907),.PCURVE_S1.);
#2895 = CIRCLE('',#2896,3.99);
#2896 = AXIS2_PLACEMENT_3D('',#2897,#2898,#2899);
#2897 = CARTESIAN_POINT('',(-16.8,9.3,5.));
#2898 = DIRECTION('',(0.,0.,1.));
#2899 = DIRECTION('',(1.7763568394E-16,-1.,0.));
#2900 = PCURVE('',#345,#2901);
#2901 = DEFINITIONAL_REPRESENTATION('',(#2902),#2906);
#2902 = CIRCLE('',#2903,3.99);
#2903 = AXIS2_PLACEMENT_2D('',#2904,#2905);
#2904 = CARTESIAN_POINT('',(-0.142857142857,1.142857142857));
#2905 = DIRECTION('',(1.7763568394E-16,-1.));
#2906 = ( GEOMETRIC_REPRESENTATION_CONTEXT(2) 
PARAMETRIC_REPRESENTATION_CONTEXT() REPRESENTATION_CONTEXT('2D SPACE',''
  ) );
#2907 = PCURVE('',#2825,#2908);
#2908 = DEFINITIONAL_REPRESENTATION('',(#2909),#2913);
#2909 = LINE('',#2910,#2911);
#2910 = CARTESIAN_POINT('',(-0.,1.570796326795));
#2911 = VECTOR('',#2912,1.);
#2912 = DIRECTION('',(-1.,0.));
#2913 = ( GEOMETRIC_REPRESENTATION_CONTEXT(2) 
PARAMETRIC_REPRESENTATION_CONTEXT() REPRESENTATION_CONTEXT('2D SPACE',''
  ) );
#2914 = ORIENTED_EDGE('',*,*,#2787,.T.);
#2915 = ORIENTED_EDGE('',*,*,#330,.T.);
#2916 = ORIENTED_EDGE('',*,*,#2917,.T.);
#2917 = EDGE_CURVE('',#302,#2918,#2920,.T.);
#2918 = VERTEX_POINT('',#2919);
#2919 = CARTESIAN_POINT('',(-12.79,8.8,5.));
#2920 = SURFACE_CURVE('',#2921,(#2925,#2932),.PCURVE_S1.);
#2921 = LINE('',#2922,#2923);
#2922 = CARTESIAN_POINT('',(-12.79,16.8,5.));
#2923 = VECTOR('',#2924,1.);
#2924 = DIRECTION('',(-0.,-1.,-0.));
#2925 = PCURVE('',#345,#2926);
#2926 = DEFINITIONAL_REPRESENTATION('',(#2927),#2931);
#2927 = LINE('',#2928,#2929);
#2928 = CARTESIAN_POINT('',(3.867142857143,8.642857142857));
#2929 = VECTOR('',#2930,1.);
#2930 = DIRECTION('',(-0.,-1.));
#2931 = ( GEOMETRIC_REPRESENTATION_CONTEXT(2) 
PARAMETRIC_REPRESENTATION_CONTEXT() REPRESENTATION_CONTEXT('2D SPACE',''
  ) );
#2932 = PCURVE('',#318,#2933);
#2933 = DEFINITIONAL_REPRESENTATION('',(#2934),#2938);
#2934 = LINE('',#2935,#2936);
#2935 = CARTESIAN_POINT('',(0.,0.));
#2936 = VECTOR('',#2937,1.);
#2937 = DIRECTION('',(0.,1.));
#2938 = ( GEOMETRIC_REPRESENTATION_CONTEXT(2) 
PARAMETRIC_REPRESENTATION_CONTEXT() REPRESENTATION_CONTEXT('2D SPACE',''
  ) );
#2939 = ORIENTED_EDGE('',*,*,#2940,.T.);
#2940 = EDGE_CURVE('',#2918,#2941,#2943,.T.);
#2941 = VERTEX_POINT('',#2942);
#2942 = CARTESIAN_POINT('',(-16.3,5.29,5.));
#2943 = SURFACE_CURVE('',#2944,(#2949,#2960),.PCURVE_S1.);
#2944 = CIRCLE('',#2945,3.51);
#2945 = AXIS2_PLACEMENT_3D('',#2946,#2947,#2948);
#2946 = CARTESIAN_POINT('',(-16.3,8.8,5.));
#2947 = DIRECTION('',(0.,0.,-1.));
#2948 = DIRECTION('',(1.,-0.,-0.));
#2949 = PCURVE('',#345,#2950);
#2950 = DEFINITIONAL_REPRESENTATION('',(#2951),#2959);
#2951 = ( BOUNDED_CURVE() B_SPLINE_CURVE(2,(#2952,#2953,#2954,#2955,
#2956,#2957,#2958),.UNSPECIFIED.,.T.,.F.) B_SPLINE_CURVE_WITH_KNOTS((1,2
    ,2,2,2,1),(-2.094395102393,0.,2.094395102393,4.188790204786,
6.28318530718,8.377580409573),.UNSPECIFIED.) CURVE() 
GEOMETRIC_REPRESENTATION_ITEM() RATIONAL_B_SPLINE_CURVE((1.,0.5,1.,0.5,
1.,0.5,1.)) REPRESENTATION_ITEM('') );
#2952 = CARTESIAN_POINT('',(3.867142857143,0.642857142857));
#2953 = CARTESIAN_POINT('',(3.867142857143,-5.43664119171));
#2954 = CARTESIAN_POINT('',(-1.397857142857,-2.396892024426));
#2955 = CARTESIAN_POINT('',(-6.662857142857,0.642857142857));
#2956 = CARTESIAN_POINT('',(-1.397857142857,3.682606310141));
#2957 = CARTESIAN_POINT('',(3.867142857143,6.722355477424));
#2958 = CARTESIAN_POINT('',(3.867142857143,0.642857142857));
#2959 = ( GEOMETRIC_REPRESENTATION_CONTEXT(2) 
PARAMETRIC_REPRESENTATION_CONTEXT() REPRESENTATION_CONTEXT('2D SPACE',''
  ) );
#2960 = PCURVE('',#2961,#2966);
#2961 = TOROIDAL_SURFACE('',#2962,3.51,1.49);
#2962 = AXIS2_PLACEMENT_3D('',#2963,#2964,#2965);
#2963 = CARTESIAN_POINT('',(-16.3,8.8,6.49));
#2964 = DIRECTION('',(-0.,-0.,1.));
#2965 = DIRECTION('',(1.,-0.,-0.));
#2966 = DEFINITIONAL_REPRESENTATION('',(#2967),#2971);
#2967 = LINE('',#2968,#2969);
#2968 = CARTESIAN_POINT('',(-0.,4.712388980385));
#2969 = VECTOR('',#2970,1.);
#2970 = DIRECTION('',(-1.,0.));
#2971 = ( GEOMETRIC_REPRESENTATION_CONTEXT(2) 
PARAMETRIC_REPRESENTATION_CONTEXT() REPRESENTATION_CONTEXT('2D SPACE',''
  ) );
#2972 = ORIENTED_EDGE('',*,*,#2973,.T.);
#2973 = EDGE_CURVE('',#2941,#2843,#2974,.T.);
#2974 = SURFACE_CURVE('',#2975,(#2979,#2986),.PCURVE_S1.);
#2975 = LINE('',#2976,#2977);
#2976 = CARTESIAN_POINT('',(-16.3,5.29,5.));
#2977 = VECTOR('',#2978,1.);
#2978 = DIRECTION('',(-1.,-0.,-0.));
#2979 = PCURVE('',#345,#2980);
#2980 = DEFINITIONAL_REPRESENTATION('',(#2981),#2985);
#2981 = LINE('',#2982,#2983);
#2982 = CARTESIAN_POINT('',(0.357142857143,-2.867142857143));
#2983 = VECTOR('',#2984,1.);
#2984 = DIRECTION('',(-1.,0.));
#2985 = ( GEOMETRIC_REPRESENTATION_CONTEXT(2) 
PARAMETRIC_REPRESENTATION_CONTEXT() REPRESENTATION_CONTEXT('2D SPACE',''
  ) );
#2986 = PCURVE('',#2987,#2992);
#2987 = CYLINDRICAL_SURFACE('',#2988,1.49);
#2988 = AXIS2_PLACEMENT_3D('',#2989,#2990,#2991);
#2989 = CARTESIAN_POINT('',(-16.3,5.29,6.49));
#2990 = DIRECTION('',(-1.,-0.,-0.));
#2991 = DIRECTION('',(-0.,-0.,-1.));
#2992 = DEFINITIONAL_REPRESENTATION('',(#2993),#2997);
#2993 = LINE('',#2994,#2995);
#2994 = CARTESIAN_POINT('',(0.,0.));
#2995 = VECTOR('',#2996,1.);
#2996 = DIRECTION('',(0.,1.));
#2997 = ( GEOMETRIC_REPRESENTATION_CONTEXT(2) 
PARAMETRIC_REPRESENTATION_CONTEXT() REPRESENTATION_CONTEXT('2D SPACE',''
  ) );
#2998 = ADVANCED_FACE('',(#2999),#318,.F.);
#2999 = FACE_BOUND('',#3000,.F.);
#3000 = EDGE_LOOP('',(#3001,#3002,#3003,#3026));
#3001 = ORIENTED_EDGE('',*,*,#2917,.F.);
#3002 = ORIENTED_EDGE('',*,*,#301,.T.);
#3003 = ORIENTED_EDGE('',*,*,#3004,.T.);
#3004 = EDGE_CURVE('',#276,#3005,#3007,.T.);
#3005 = VERTEX_POINT('',#3006);
#3006 = CARTESIAN_POINT('',(-11.3,8.8,6.49));
#3007 = SURFACE_CURVE('',#3008,(#3012,#3019),.PCURVE_S1.);
#3008 = LINE('',#3009,#3010);
#3009 = CARTESIAN_POINT('',(-11.3,16.8,6.49));
#3010 = VECTOR('',#3011,1.);
#3011 = DIRECTION('',(-0.,-1.,-0.));
#3012 = PCURVE('',#318,#3013);
#3013 = DEFINITIONAL_REPRESENTATION('',(#3014),#3018);
#3014 = LINE('',#3015,#3016);
#3015 = CARTESIAN_POINT('',(1.570796326795,0.));
#3016 = VECTOR('',#3017,1.);
#3017 = DIRECTION('',(0.,1.));
#3018 = ( GEOMETRIC_REPRESENTATION_CONTEXT(2) 
PARAMETRIC_REPRESENTATION_CONTEXT() REPRESENTATION_CONTEXT('2D SPACE',''
  ) );
#3019 = PCURVE('',#290,#3020);
#3020 = DEFINITIONAL_REPRESENTATION('',(#3021),#3025);
#3021 = LINE('',#3022,#3023);
#3022 = CARTESIAN_POINT('',(-0.,-1.49));
#3023 = VECTOR('',#3024,1.);
#3024 = DIRECTION('',(-1.,0.));
#3025 = ( GEOMETRIC_REPRESENTATION_CONTEXT(2) 
PARAMETRIC_REPRESENTATION_CONTEXT() REPRESENTATION_CONTEXT('2D SPACE',''
  ) );
#3026 = ORIENTED_EDGE('',*,*,#3027,.F.);
#3027 = EDGE_CURVE('',#2918,#3005,#3028,.T.);
#3028 = SURFACE_CURVE('',#3029,(#3034,#3041),.PCURVE_S1.);
#3029 = CIRCLE('',#3030,1.49);
#3030 = AXIS2_PLACEMENT_3D('',#3031,#3032,#3033);
#3031 = CARTESIAN_POINT('',(-12.79,8.8,6.49));
#3032 = DIRECTION('',(-0.,-1.,0.));
#3033 = DIRECTION('',(-0.,-0.,-1.));
#3034 = PCURVE('',#318,#3035);
#3035 = DEFINITIONAL_REPRESENTATION('',(#3036),#3040);
#3036 = LINE('',#3037,#3038);
#3037 = CARTESIAN_POINT('',(0.,8.));
#3038 = VECTOR('',#3039,1.);
#3039 = DIRECTION('',(1.,0.));
#3040 = ( GEOMETRIC_REPRESENTATION_CONTEXT(2) 
PARAMETRIC_REPRESENTATION_CONTEXT() REPRESENTATION_CONTEXT('2D SPACE',''
  ) );
#3041 = PCURVE('',#2961,#3042);
#3042 = DEFINITIONAL_REPRESENTATION('',(#3043),#3047);
#3043 = LINE('',#3044,#3045);
#3044 = CARTESIAN_POINT('',(-0.,4.712388980385));
#3045 = VECTOR('',#3046,1.);
#3046 = DIRECTION('',(-0.,1.));
#3047 = ( GEOMETRIC_REPRESENTATION_CONTEXT(2) 
PARAMETRIC_REPRESENTATION_CONTEXT() REPRESENTATION_CONTEXT('2D SPACE',''
  ) );
#3048 = ADVANCED_FACE('',(#3049),#290,.T.);
#3049 = FACE_BOUND('',#3050,.F.);
#3050 = EDGE_LOOP('',(#3051,#3079,#3080,#3081));
#3051 = ORIENTED_EDGE('',*,*,#3052,.F.);
#3052 = EDGE_CURVE('',#3005,#3053,#3055,.T.);
#3053 = VERTEX_POINT('',#3054);
#3054 = CARTESIAN_POINT('',(-11.3,8.8,11.));
#3055 = SURFACE_CURVE('',#3056,(#3060,#3067),.PCURVE_S1.);
#3056 = LINE('',#3057,#3058);
#3057 = CARTESIAN_POINT('',(-11.3,8.8,5.));
#3058 = VECTOR('',#3059,1.);
#3059 = DIRECTION('',(-0.,-0.,1.));
#3060 = PCURVE('',#290,#3061);
#3061 = DEFINITIONAL_REPRESENTATION('',(#3062),#3066);
#3062 = LINE('',#3063,#3064);
#3063 = CARTESIAN_POINT('',(-8.,0.));
#3064 = VECTOR('',#3065,1.);
#3065 = DIRECTION('',(-0.,-1.));
#3066 = ( GEOMETRIC_REPRESENTATION_CONTEXT(2) 
PARAMETRIC_REPRESENTATION_CONTEXT() REPRESENTATION_CONTEXT('2D SPACE',''
  ) );
#3067 = PCURVE('',#3068,#3073);
#3068 = CYLINDRICAL_SURFACE('',#3069,5.);
#3069 = AXIS2_PLACEMENT_3D('',#3070,#3071,#3072);
#3070 = CARTESIAN_POINT('',(-16.3,8.8,5.));
#3071 = DIRECTION('',(-0.,-0.,1.));
#3072 = DIRECTION('',(1.,-0.,-0.));
#3073 = DEFINITIONAL_REPRESENTATION('',(#3074),#3078);
#3074 = LINE('',#3075,#3076);
#3075 = CARTESIAN_POINT('',(-0.,0.));
#3076 = VECTOR('',#3077,1.);
#3077 = DIRECTION('',(-0.,1.));
#3078 = ( GEOMETRIC_REPRESENTATION_CONTEXT(2) 
PARAMETRIC_REPRESENTATION_CONTEXT() REPRESENTATION_CONTEXT('2D SPACE',''
  ) );
#3079 = ORIENTED_EDGE('',*,*,#3004,.F.);
#3080 = ORIENTED_EDGE('',*,*,#275,.T.);
#3081 = ORIENTED_EDGE('',*,*,#3082,.F.);
#3082 = EDGE_CURVE('',#3053,#250,#3083,.T.);
#3083 = SURFACE_CURVE('',#3084,(#3088,#3094),.PCURVE_S1.);
#3084 = LINE('',#3085,#3086);
#3085 = CARTESIAN_POINT('',(-11.3,8.4,11.));
#3086 = VECTOR('',#3087,1.);
#3087 = DIRECTION('',(0.,1.,0.));
#3088 = PCURVE('',#290,#3089);
#3089 = DEFINITIONAL_REPRESENTATION('',(#3090),#3093);
#3090 = B_SPLINE_CURVE_WITH_KNOTS('',1,(#3091,#3092),.UNSPECIFIED.,.F.,
  .F.,(2,2),(0.4,5.45),.PIECEWISE_BEZIER_KNOTS.);
#3091 = CARTESIAN_POINT('',(-8.,-6.));
#3092 = CARTESIAN_POINT('',(-2.95,-6.));
#3093 = ( GEOMETRIC_REPRESENTATION_CONTEXT(2) 
PARAMETRIC_REPRESENTATION_CONTEXT() REPRESENTATION_CONTEXT('2D SPACE',''
  ) );
#3094 = PCURVE('',#264,#3095);
#3095 = DEFINITIONAL_REPRESENTATION('',(#3096),#3099);
#3096 = B_SPLINE_CURVE_WITH_KNOTS('',1,(#3097,#3098),.UNSPECIFIED.,.F.,
  .F.,(2,2),(0.4,5.45),.PIECEWISE_BEZIER_KNOTS.);
#3097 = CARTESIAN_POINT('',(-11.3,8.8));
#3098 = CARTESIAN_POINT('',(-11.3,13.85));
#3099 = ( GEOMETRIC_REPRESENTATION_CONTEXT(2) 
PARAMETRIC_REPRESENTATION_CONTEXT() REPRESENTATION_CONTEXT('2D SPACE',''
  ) );
#3100 = ADVANCED_FACE('',(#3101,#3614,#3640,#3666),#264,.T.);
#3101 = FACE_BOUND('',#3102,.T.);
#3102 = EDGE_LOOP('',(#3103,#3197,#3218,#3244,#3273,#3292,#3293,#3294,
    #3318,#3344,#3365,#3457,#3481,#3502,#3526,#3547,#3571,#3592));
#3103 = ORIENTED_EDGE('',*,*,#3104,.T.);
#3104 = EDGE_CURVE('',#3105,#3107,#3109,.T.);
#3105 = VERTEX_POINT('',#3106);
#3106 = CARTESIAN_POINT('',(15.143678713795,-17.69719772994,11.));
#3107 = VERTEX_POINT('',#3108);
#3108 = CARTESIAN_POINT('',(20.125,-13.81943954598,11.));
#3109 = SURFACE_CURVE('',#3110,(#3137,#3167),.PCURVE_S1.);
#3110 = B_SPLINE_CURVE_WITH_KNOTS('',7,(#3111,#3112,#3113,#3114,#3115,
    #3116,#3117,#3118,#3119,#3120,#3121,#3122,#3123,#3124,#3125,#3126,
    #3127,#3128,#3129,#3130,#3131,#3132,#3133,#3134,#3135,#3136),
  .UNSPECIFIED.,.F.,.F.,(8,6,6,6,8),(0.,0.163278718394,0.5,
    0.836721281606,1.),.UNSPECIFIED.);
#3111 = CARTESIAN_POINT('',(15.143678713795,-17.69719772994,11.));
#3112 = CARTESIAN_POINT('',(15.290363462092,-17.73431837002,11.));
#3113 = CARTESIAN_POINT('',(15.441317696318,-17.76563142379,11.));
#3114 = CARTESIAN_POINT('',(15.59621591822,-17.79060980314,11.));
#3115 = CARTESIAN_POINT('',(15.754652299262,-17.80874285208,11.));
#3116 = CARTESIAN_POINT('',(15.916138080749,-17.81955511142,11.));
#3117 = CARTESIAN_POINT('',(16.08010528714,-17.82262615835,11.));
#3118 = CARTESIAN_POINT('',(16.587861187721,-17.80727009188,11.));
#3119 = CARTESIAN_POINT('',(16.937784464273,-17.762537277,11.));
#3120 = CARTESIAN_POINT('',(17.2899258223,-17.68034670533,11.));
#3121 = CARTESIAN_POINT('',(17.637474657575,-17.55909714123,11.));
#3122 = CARTESIAN_POINT('',(17.973133067867,-17.3991921959,11.));
#3123 = CARTESIAN_POINT('',(18.289936528227,-17.20324515391,11.));
#3124 = CARTESIAN_POINT('',(18.874270397652,-16.74836474886,11.));
#3125 = CARTESIAN_POINT('',(19.141950703874,-16.4893146969,11.));
#3126 = CARTESIAN_POINT('',(19.37931606721,-16.20314369168,11.));
#3127 = CARTESIAN_POINT('',(19.582124457092,-15.89596230114,11.));
#3128 = CARTESIAN_POINT('',(19.748194200177,-15.57474638228,11.));
#3129 = CARTESIAN_POINT('',(19.87740674988,-15.24649123578,11.));
#3130 = CARTESIAN_POINT('',(20.016861446342,-14.75801989477,11.));
#3131 = CARTESIAN_POINT('',(20.054110379472,-14.59831017972,11.));
#3132 = CARTESIAN_POINT('',(20.083245906379,-14.43910690197,11.));
#3133 = CARTESIAN_POINT('',(20.10453625996,-14.28106382194,11.));
#3134 = CARTESIAN_POINT('',(20.118322461807,-14.12477140619,11.));
#3135 = CARTESIAN_POINT('',(20.125,-13.97074836034,11.));
#3136 = CARTESIAN_POINT('',(20.125,-13.81943954598,11.));
#3137 = PCURVE('',#264,#3138);
#3138 = DEFINITIONAL_REPRESENTATION('',(#3139),#3166);
#3139 = B_SPLINE_CURVE_WITH_KNOTS('',7,(#3140,#3141,#3142,#3143,#3144,
    #3145,#3146,#3147,#3148,#3149,#3150,#3151,#3152,#3153,#3154,#3155,
    #3156,#3157,#3158,#3159,#3160,#3161,#3162,#3163,#3164,#3165),
  .UNSPECIFIED.,.F.,.F.,(8,6,6,6,8),(0.,0.163278718394,0.5,
    0.836721281606,1.),.UNSPECIFIED.);
#3140 = CARTESIAN_POINT('',(15.143678713795,-17.69719772994));
#3141 = CARTESIAN_POINT('',(15.290363462092,-17.73431837002));
#3142 = CARTESIAN_POINT('',(15.441317696318,-17.76563142379));
#3143 = CARTESIAN_POINT('',(15.59621591822,-17.79060980314));
#3144 = CARTESIAN_POINT('',(15.754652299262,-17.80874285208));
#3145 = CARTESIAN_POINT('',(15.916138080749,-17.81955511142));
#3146 = CARTESIAN_POINT('',(16.08010528714,-17.82262615835));
#3147 = CARTESIAN_POINT('',(16.587861187721,-17.80727009188));
#3148 = CARTESIAN_POINT('',(16.937784464273,-17.762537277));
#3149 = CARTESIAN_POINT('',(17.2899258223,-17.68034670533));
#3150 = CARTESIAN_POINT('',(17.637474657575,-17.55909714123));
#3151 = CARTESIAN_POINT('',(17.973133067867,-17.3991921959));
#3152 = CARTESIAN_POINT('',(18.289936528227,-17.20324515391));
#3153 = CARTESIAN_POINT('',(18.874270397652,-16.74836474886));
#3154 = CARTESIAN_POINT('',(19.141950703874,-16.4893146969));
#3155 = CARTESIAN_POINT('',(19.37931606721,-16.20314369168));
#3156 = CARTESIAN_POINT('',(19.582124457092,-15.89596230114));
#3157 = CARTESIAN_POINT('',(19.748194200177,-15.57474638228));
#3158 = CARTESIAN_POINT('',(19.87740674988,-15.24649123578));
#3159 = CARTESIAN_POINT('',(20.016861446342,-14.75801989477));
#3160 = CARTESIAN_POINT('',(20.054110379472,-14.59831017972));
#3161 = CARTESIAN_POINT('',(20.083245906379,-14.43910690197));
#3162 = CARTESIAN_POINT('',(20.10453625996,-14.28106382194));
#3163 = CARTESIAN_POINT('',(20.118322461807,-14.12477140619));
#3164 = CARTESIAN_POINT('',(20.125,-13.97074836034));
#3165 = CARTESIAN_POINT('',(20.125,-13.81943954598));
#3166 = ( GEOMETRIC_REPRESENTATION_CONTEXT(2) 
PARAMETRIC_REPRESENTATION_CONTEXT() REPRESENTATION_CONTEXT('2D SPACE',''
  ) );
#3167 = PCURVE('',#1893,#3168);
#3168 = DEFINITIONAL_REPRESENTATION('',(#3169),#3196);
#3169 = B_SPLINE_CURVE_WITH_KNOTS('',7,(#3170,#3171,#3172,#3173,#3174,
    #3175,#3176,#3177,#3178,#3179,#3180,#3181,#3182,#3183,#3184,#3185,
    #3186,#3187,#3188,#3189,#3190,#3191,#3192,#3193,#3194,#3195),
  .UNSPECIFIED.,.F.,.F.,(8,6,6,6,8),(0.,0.163278718394,0.5,
    0.836721281606,1.),.UNSPECIFIED.);
#3170 = CARTESIAN_POINT('',(14.,11.));
#3171 = CARTESIAN_POINT('',(13.66443628526,11.));
#3172 = CARTESIAN_POINT('',(13.330092069689,11.));
#3173 = CARTESIAN_POINT('',(12.996963876768,11.));
#3174 = CARTESIAN_POINT('',(12.665032260755,11.));
#3175 = CARTESIAN_POINT('',(12.334261582966,11.));
#3176 = CARTESIAN_POINT('',(12.004602905152,11.));
#3177 = CARTESIAN_POINT('',(10.998339172853,11.));
#3178 = CARTESIAN_POINT('',(10.324899750106,11.));
#3179 = CARTESIAN_POINT('',(9.655562262594,11.));
#3180 = CARTESIAN_POINT('',(8.989563407543,11.));
#3181 = CARTESIAN_POINT('',(8.32570805902,11.));
#3182 = CARTESIAN_POINT('',(7.662769179224,11.));
#3183 = CARTESIAN_POINT('',(6.337230820777,11.));
#3184 = CARTESIAN_POINT('',(5.674291940979,11.));
#3185 = CARTESIAN_POINT('',(5.010436592463,11.));
#3186 = CARTESIAN_POINT('',(4.3444377374,11.));
#3187 = CARTESIAN_POINT('',(3.675100249899,11.));
#3188 = CARTESIAN_POINT('',(3.001660827146,11.));
#3189 = CARTESIAN_POINT('',(1.995397094848,11.));
#3190 = CARTESIAN_POINT('',(1.665738417037,11.));
#3191 = CARTESIAN_POINT('',(1.334967739244,11.));
#3192 = CARTESIAN_POINT('',(1.003036123231,11.));
#3193 = CARTESIAN_POINT('',(0.669907930313,11.));
#3194 = CARTESIAN_POINT('',(0.33556371474,11.));
#3195 = CARTESIAN_POINT('',(0.,11.));
#3196 = ( GEOMETRIC_REPRESENTATION_CONTEXT(2) 
PARAMETRIC_REPRESENTATION_CONTEXT() REPRESENTATION_CONTEXT('2D SPACE',''
  ) );
#3197 = ORIENTED_EDGE('',*,*,#3198,.T.);
#3198 = EDGE_CURVE('',#3107,#3199,#3201,.T.);
#3199 = VERTEX_POINT('',#3200);
#3200 = CARTESIAN_POINT('',(20.125,3.8,11.));
#3201 = SURFACE_CURVE('',#3202,(#3206,#3212),.PCURVE_S1.);
#3202 = LINE('',#3203,#3204);
#3203 = CARTESIAN_POINT('',(20.125,-8.925,11.));
#3204 = VECTOR('',#3205,1.);
#3205 = DIRECTION('',(0.,1.,-0.));
#3206 = PCURVE('',#264,#3207);
#3207 = DEFINITIONAL_REPRESENTATION('',(#3208),#3211);
#3208 = B_SPLINE_CURVE_WITH_KNOTS('',1,(#3209,#3210),.UNSPECIFIED.,.F.,
  .F.,(2,2),(-4.894439545989,18.775),.PIECEWISE_BEZIER_KNOTS.);
#3209 = CARTESIAN_POINT('',(20.125,-13.81943954598));
#3210 = CARTESIAN_POINT('',(20.125,9.85));
#3211 = ( GEOMETRIC_REPRESENTATION_CONTEXT(2) 
PARAMETRIC_REPRESENTATION_CONTEXT() REPRESENTATION_CONTEXT('2D SPACE',''
  ) );
#3212 = PCURVE('',#797,#3213);
#3213 = DEFINITIONAL_REPRESENTATION('',(#3214),#3217);
#3214 = B_SPLINE_CURVE_WITH_KNOTS('',1,(#3215,#3216),.UNSPECIFIED.,.F.,
  .F.,(2,2),(-4.894439545989,18.775),.PIECEWISE_BEZIER_KNOTS.);
#3215 = CARTESIAN_POINT('',(4.030560454011,-11.));
#3216 = CARTESIAN_POINT('',(27.700000000001,-11.));
#3217 = ( GEOMETRIC_REPRESENTATION_CONTEXT(2) 
PARAMETRIC_REPRESENTATION_CONTEXT() REPRESENTATION_CONTEXT('2D SPACE',''
  ) );
#3218 = ORIENTED_EDGE('',*,*,#3219,.T.);
#3219 = EDGE_CURVE('',#3199,#3220,#3222,.T.);
#3220 = VERTEX_POINT('',#3221);
#3221 = CARTESIAN_POINT('',(16.3,3.8,11.));
#3222 = SURFACE_CURVE('',#3223,(#3227,#3233),.PCURVE_S1.);
#3223 = LINE('',#3224,#3225);
#3224 = CARTESIAN_POINT('',(5.65,3.8,11.));
#3225 = VECTOR('',#3226,1.);
#3226 = DIRECTION('',(-1.,0.,0.));
#3227 = PCURVE('',#264,#3228);
#3228 = DEFINITIONAL_REPRESENTATION('',(#3229),#3232);
#3229 = B_SPLINE_CURVE_WITH_KNOTS('',1,(#3230,#3231),.UNSPECIFIED.,.F.,
  .F.,(2,2),(-14.475,-10.65),.PIECEWISE_BEZIER_KNOTS.);
#3230 = CARTESIAN_POINT('',(20.125,3.8));
#3231 = CARTESIAN_POINT('',(16.3,3.8));
#3232 = ( GEOMETRIC_REPRESENTATION_CONTEXT(2) 
PARAMETRIC_REPRESENTATION_CONTEXT() REPRESENTATION_CONTEXT('2D SPACE',''
  ) );
#3233 = PCURVE('',#3234,#3239);
#3234 = PLANE('',#3235);
#3235 = AXIS2_PLACEMENT_3D('',#3236,#3237,#3238);
#3236 = CARTESIAN_POINT('',(11.3,3.8,5.));
#3237 = DIRECTION('',(0.,1.,0.));
#3238 = DIRECTION('',(1.,0.,0.));
#3239 = DEFINITIONAL_REPRESENTATION('',(#3240),#3243);
#3240 = B_SPLINE_CURVE_WITH_KNOTS('',1,(#3241,#3242),.UNSPECIFIED.,.F.,
  .F.,(2,2),(-14.475,-10.65),.PIECEWISE_BEZIER_KNOTS.);
#3241 = CARTESIAN_POINT('',(8.825,-6.));
#3242 = CARTESIAN_POINT('',(5.,-6.));
#3243 = ( GEOMETRIC_REPRESENTATION_CONTEXT(2) 
PARAMETRIC_REPRESENTATION_CONTEXT() REPRESENTATION_CONTEXT('2D SPACE',''
  ) );
#3244 = ORIENTED_EDGE('',*,*,#3245,.F.);
#3245 = EDGE_CURVE('',#3246,#3220,#3248,.T.);
#3246 = VERTEX_POINT('',#3247);
#3247 = CARTESIAN_POINT('',(11.3,8.8,11.));
#3248 = SURFACE_CURVE('',#3249,(#3254,#3261),.PCURVE_S1.);
#3249 = CIRCLE('',#3250,5.);
#3250 = AXIS2_PLACEMENT_3D('',#3251,#3252,#3253);
#3251 = CARTESIAN_POINT('',(16.3,8.8,11.));
#3252 = DIRECTION('',(0.,0.,1.));
#3253 = DIRECTION('',(-1.,0.,0.));
#3254 = PCURVE('',#264,#3255);
#3255 = DEFINITIONAL_REPRESENTATION('',(#3256),#3260);
#3256 = CIRCLE('',#3257,5.);
#3257 = AXIS2_PLACEMENT_2D('',#3258,#3259);
#3258 = CARTESIAN_POINT('',(16.3,8.8));
#3259 = DIRECTION('',(-1.,0.));
#3260 = ( GEOMETRIC_REPRESENTATION_CONTEXT(2) 
PARAMETRIC_REPRESENTATION_CONTEXT() REPRESENTATION_CONTEXT('2D SPACE',''
  ) );
#3261 = PCURVE('',#3262,#3267);
#3262 = CYLINDRICAL_SURFACE('',#3263,5.);
#3263 = AXIS2_PLACEMENT_3D('',#3264,#3265,#3266);
#3264 = CARTESIAN_POINT('',(16.3,8.8,5.));
#3265 = DIRECTION('',(0.,0.,1.));
#3266 = DIRECTION('',(-1.,0.,0.));
#3267 = DEFINITIONAL_REPRESENTATION('',(#3268),#3272);
#3268 = LINE('',#3269,#3270);
#3269 = CARTESIAN_POINT('',(0.,6.));
#3270 = VECTOR('',#3271,1.);
#3271 = DIRECTION('',(1.,0.));
#3272 = ( GEOMETRIC_REPRESENTATION_CONTEXT(2) 
PARAMETRIC_REPRESENTATION_CONTEXT() REPRESENTATION_CONTEXT('2D SPACE',''
  ) );
#3273 = ORIENTED_EDGE('',*,*,#3274,.T.);
#3274 = EDGE_CURVE('',#3246,#224,#3275,.T.);
#3275 = SURFACE_CURVE('',#3276,(#3280,#3286),.PCURVE_S1.);
#3276 = LINE('',#3277,#3278);
#3277 = CARTESIAN_POINT('',(11.3,8.4,11.));
#3278 = VECTOR('',#3279,1.);
#3279 = DIRECTION('',(-0.,1.,0.));
#3280 = PCURVE('',#264,#3281);
#3281 = DEFINITIONAL_REPRESENTATION('',(#3282),#3285);
#3282 = B_SPLINE_CURVE_WITH_KNOTS('',1,(#3283,#3284),.UNSPECIFIED.,.F.,
  .F.,(2,2),(0.4,5.45),.PIECEWISE_BEZIER_KNOTS.);
#3283 = CARTESIAN_POINT('',(11.3,8.8));
#3284 = CARTESIAN_POINT('',(11.3,13.85));
#3285 = ( GEOMETRIC_REPRESENTATION_CONTEXT(2) 
PARAMETRIC_REPRESENTATION_CONTEXT() REPRESENTATION_CONTEXT('2D SPACE',''
  ) );
#3286 = PCURVE('',#238,#3287);
#3287 = DEFINITIONAL_REPRESENTATION('',(#3288),#3291);
#3288 = B_SPLINE_CURVE_WITH_KNOTS('',1,(#3289,#3290),.UNSPECIFIED.,.F.,
  .F.,(2,2),(0.4,5.45),.PIECEWISE_BEZIER_KNOTS.);
#3289 = CARTESIAN_POINT('',(8.,-6.));
#3290 = CARTESIAN_POINT('',(2.95,-6.));
#3291 = ( GEOMETRIC_REPRESENTATION_CONTEXT(2) 
PARAMETRIC_REPRESENTATION_CONTEXT() REPRESENTATION_CONTEXT('2D SPACE',''
  ) );
#3292 = ORIENTED_EDGE('',*,*,#249,.T.);
#3293 = ORIENTED_EDGE('',*,*,#3082,.F.);
#3294 = ORIENTED_EDGE('',*,*,#3295,.F.);
#3295 = EDGE_CURVE('',#3296,#3053,#3298,.T.);
#3296 = VERTEX_POINT('',#3297);
#3297 = CARTESIAN_POINT('',(-16.3,3.8,11.));
#3298 = SURFACE_CURVE('',#3299,(#3304,#3311),.PCURVE_S1.);
#3299 = CIRCLE('',#3300,5.);
#3300 = AXIS2_PLACEMENT_3D('',#3301,#3302,#3303);
#3301 = CARTESIAN_POINT('',(-16.3,8.8,11.));
#3302 = DIRECTION('',(-0.,0.,1.));
#3303 = DIRECTION('',(1.,-0.,0.));
#3304 = PCURVE('',#264,#3305);
#3305 = DEFINITIONAL_REPRESENTATION('',(#3306),#3310);
#3306 = CIRCLE('',#3307,5.);
#3307 = AXIS2_PLACEMENT_2D('',#3308,#3309);
#3308 = CARTESIAN_POINT('',(-16.3,8.8));
#3309 = DIRECTION('',(1.,0.));
#3310 = ( GEOMETRIC_REPRESENTATION_CONTEXT(2) 
PARAMETRIC_REPRESENTATION_CONTEXT() REPRESENTATION_CONTEXT('2D SPACE',''
  ) );
#3311 = PCURVE('',#3068,#3312);
#3312 = DEFINITIONAL_REPRESENTATION('',(#3313),#3317);
#3313 = LINE('',#3314,#3315);
#3314 = CARTESIAN_POINT('',(-6.28318530718,6.));
#3315 = VECTOR('',#3316,1.);
#3316 = DIRECTION('',(1.,-0.));
#3317 = ( GEOMETRIC_REPRESENTATION_CONTEXT(2) 
PARAMETRIC_REPRESENTATION_CONTEXT() REPRESENTATION_CONTEXT('2D SPACE',''
  ) );
#3318 = ORIENTED_EDGE('',*,*,#3319,.F.);
#3319 = EDGE_CURVE('',#3320,#3296,#3322,.T.);
#3320 = VERTEX_POINT('',#3321);
#3321 = CARTESIAN_POINT('',(-20.125,3.8,11.));
#3322 = SURFACE_CURVE('',#3323,(#3327,#3333),.PCURVE_S1.);
#3323 = LINE('',#3324,#3325);
#3324 = CARTESIAN_POINT('',(-5.65,3.8,11.));
#3325 = VECTOR('',#3326,1.);
#3326 = DIRECTION('',(1.,0.,-0.));
#3327 = PCURVE('',#264,#3328);
#3328 = DEFINITIONAL_REPRESENTATION('',(#3329),#3332);
#3329 = B_SPLINE_CURVE_WITH_KNOTS('',1,(#3330,#3331),.UNSPECIFIED.,.F.,
  .F.,(2,2),(-14.475,-10.65),.PIECEWISE_BEZIER_KNOTS.);
#3330 = CARTESIAN_POINT('',(-20.125,3.8));
#3331 = CARTESIAN_POINT('',(-16.3,3.8));
#3332 = ( GEOMETRIC_REPRESENTATION_CONTEXT(2) 
PARAMETRIC_REPRESENTATION_CONTEXT() REPRESENTATION_CONTEXT('2D SPACE',''
  ) );
#3333 = PCURVE('',#3334,#3339);
#3334 = PLANE('',#3335);
#3335 = AXIS2_PLACEMENT_3D('',#3336,#3337,#3338);
#3336 = CARTESIAN_POINT('',(-11.3,3.8,5.));
#3337 = DIRECTION('',(-0.,1.,-0.));
#3338 = DIRECTION('',(1.,0.,0.));
#3339 = DEFINITIONAL_REPRESENTATION('',(#3340),#3343);
#3340 = B_SPLINE_CURVE_WITH_KNOTS('',1,(#3341,#3342),.UNSPECIFIED.,.F.,
  .F.,(2,2),(-14.475,-10.65),.PIECEWISE_BEZIER_KNOTS.);
#3341 = CARTESIAN_POINT('',(-8.825,-6.));
#3342 = CARTESIAN_POINT('',(-5.,-6.));
#3343 = ( GEOMETRIC_REPRESENTATION_CONTEXT(2) 
PARAMETRIC_REPRESENTATION_CONTEXT() REPRESENTATION_CONTEXT('2D SPACE',''
  ) );
#3344 = ORIENTED_EDGE('',*,*,#3345,.T.);
#3345 = EDGE_CURVE('',#3320,#3346,#3348,.T.);
#3346 = VERTEX_POINT('',#3347);
#3347 = CARTESIAN_POINT('',(-20.125,-13.81943954598,11.));
#3348 = SURFACE_CURVE('',#3349,(#3353,#3359),.PCURVE_S1.);
#3349 = LINE('',#3350,#3351);
#3350 = CARTESIAN_POINT('',(-20.125,6.925,11.));
#3351 = VECTOR('',#3352,1.);
#3352 = DIRECTION('',(0.,-1.,0.));
#3353 = PCURVE('',#264,#3354);
#3354 = DEFINITIONAL_REPRESENTATION('',(#3355),#3358);
#3355 = B_SPLINE_CURVE_WITH_KNOTS('',1,(#3356,#3357),.UNSPECIFIED.,.F.,
  .F.,(2,2),(-2.925,20.74443954599),.PIECEWISE_BEZIER_KNOTS.);
#3356 = CARTESIAN_POINT('',(-20.125,9.85));
#3357 = CARTESIAN_POINT('',(-20.125,-13.81943954598));
#3358 = ( GEOMETRIC_REPRESENTATION_CONTEXT(2) 
PARAMETRIC_REPRESENTATION_CONTEXT() REPRESENTATION_CONTEXT('2D SPACE',''
  ) );
#3359 = PCURVE('',#1517,#3360);
#3360 = DEFINITIONAL_REPRESENTATION('',(#3361),#3364);
#3361 = B_SPLINE_CURVE_WITH_KNOTS('',1,(#3362,#3363),.UNSPECIFIED.,.F.,
  .F.,(2,2),(-2.925,20.74443954599),.PIECEWISE_BEZIER_KNOTS.);
#3362 = CARTESIAN_POINT('',(4.,-11.));
#3363 = CARTESIAN_POINT('',(27.66943954599,-11.));
#3364 = ( GEOMETRIC_REPRESENTATION_CONTEXT(2) 
PARAMETRIC_REPRESENTATION_CONTEXT() REPRESENTATION_CONTEXT('2D SPACE',''
  ) );
#3365 = ORIENTED_EDGE('',*,*,#3366,.F.);
#3366 = EDGE_CURVE('',#3367,#3346,#3369,.T.);
#3367 = VERTEX_POINT('',#3368);
#3368 = CARTESIAN_POINT('',(-15.14367871379,-17.69719772994,11.));
#3369 = SURFACE_CURVE('',#3370,(#3397,#3427),.PCURVE_S1.);
#3370 = B_SPLINE_CURVE_WITH_KNOTS('',7,(#3371,#3372,#3373,#3374,#3375,
    #3376,#3377,#3378,#3379,#3380,#3381,#3382,#3383,#3384,#3385,#3386,
    #3387,#3388,#3389,#3390,#3391,#3392,#3393,#3394,#3395,#3396),
  .UNSPECIFIED.,.F.,.F.,(8,6,6,6,8),(0.,0.163278718394,0.5,
    0.836721281606,1.),.UNSPECIFIED.);
#3371 = CARTESIAN_POINT('',(-15.14367871379,-17.69719772994,11.));
#3372 = CARTESIAN_POINT('',(-15.29036346209,-17.73431837002,11.));
#3373 = CARTESIAN_POINT('',(-15.44131769631,-17.76563142379,11.));
#3374 = CARTESIAN_POINT('',(-15.59621591822,-17.79060980314,11.));
#3375 = CARTESIAN_POINT('',(-15.75465229926,-17.80874285208,11.));
#3376 = CARTESIAN_POINT('',(-15.91613808074,-17.81955511142,11.));
#3377 = CARTESIAN_POINT('',(-16.08010528714,-17.82262615835,11.));
#3378 = CARTESIAN_POINT('',(-16.58786118772,-17.80727009188,11.));
#3379 = CARTESIAN_POINT('',(-16.93778446427,-17.762537277,11.));
#3380 = CARTESIAN_POINT('',(-17.2899258223,-17.68034670533,11.));
#3381 = CARTESIAN_POINT('',(-17.63747465757,-17.55909714123,11.));
#3382 = CARTESIAN_POINT('',(-17.97313306786,-17.39919219589,11.));
#3383 = CARTESIAN_POINT('',(-18.28993652822,-17.20324515391,11.));
#3384 = CARTESIAN_POINT('',(-18.87427039765,-16.74836474886,11.));
#3385 = CARTESIAN_POINT('',(-19.14195070387,-16.4893146969,11.));
#3386 = CARTESIAN_POINT('',(-19.37931606721,-16.20314369168,11.));
#3387 = CARTESIAN_POINT('',(-19.58212445709,-15.89596230115,11.));
#3388 = CARTESIAN_POINT('',(-19.74819420017,-15.57474638228,11.));
#3389 = CARTESIAN_POINT('',(-19.87740674988,-15.24649123578,11.));
#3390 = CARTESIAN_POINT('',(-20.01686144634,-14.75801989477,11.));
#3391 = CARTESIAN_POINT('',(-20.05411037947,-14.59831017972,11.));
#3392 = CARTESIAN_POINT('',(-20.08324590637,-14.43910690197,11.));
#3393 = CARTESIAN_POINT('',(-20.10453625995,-14.28106382194,11.));
#3394 = CARTESIAN_POINT('',(-20.1183224618,-14.12477140619,11.));
#3395 = CARTESIAN_POINT('',(-20.125,-13.97074836034,11.));
#3396 = CARTESIAN_POINT('',(-20.125,-13.81943954598,11.));
#3397 = PCURVE('',#264,#3398);
#3398 = DEFINITIONAL_REPRESENTATION('',(#3399),#3426);
#3399 = B_SPLINE_CURVE_WITH_KNOTS('',7,(#3400,#3401,#3402,#3403,#3404,
    #3405,#3406,#3407,#3408,#3409,#3410,#3411,#3412,#3413,#3414,#3415,
    #3416,#3417,#3418,#3419,#3420,#3421,#3422,#3423,#3424,#3425),
  .UNSPECIFIED.,.F.,.F.,(8,6,6,6,8),(0.,0.163278718394,0.5,
    0.836721281606,1.),.UNSPECIFIED.);
#3400 = CARTESIAN_POINT('',(-15.14367871379,-17.69719772994));
#3401 = CARTESIAN_POINT('',(-15.29036346209,-17.73431837002));
#3402 = CARTESIAN_POINT('',(-15.44131769631,-17.76563142379));
#3403 = CARTESIAN_POINT('',(-15.59621591822,-17.79060980314));
#3404 = CARTESIAN_POINT('',(-15.75465229926,-17.80874285208));
#3405 = CARTESIAN_POINT('',(-15.91613808074,-17.81955511142));
#3406 = CARTESIAN_POINT('',(-16.08010528714,-17.82262615835));
#3407 = CARTESIAN_POINT('',(-16.58786118772,-17.80727009188));
#3408 = CARTESIAN_POINT('',(-16.93778446427,-17.762537277));
#3409 = CARTESIAN_POINT('',(-17.2899258223,-17.68034670533));
#3410 = CARTESIAN_POINT('',(-17.63747465757,-17.55909714123));
#3411 = CARTESIAN_POINT('',(-17.97313306786,-17.39919219589));
#3412 = CARTESIAN_POINT('',(-18.28993652822,-17.20324515391));
#3413 = CARTESIAN_POINT('',(-18.87427039765,-16.74836474886));
#3414 = CARTESIAN_POINT('',(-19.14195070387,-16.4893146969));
#3415 = CARTESIAN_POINT('',(-19.37931606721,-16.20314369168));
#3416 = CARTESIAN_POINT('',(-19.58212445709,-15.89596230115));
#3417 = CARTESIAN_POINT('',(-19.74819420017,-15.57474638228));
#3418 = CARTESIAN_POINT('',(-19.87740674988,-15.24649123578));
#3419 = CARTESIAN_POINT('',(-20.01686144634,-14.75801989477));
#3420 = CARTESIAN_POINT('',(-20.05411037947,-14.59831017972));
#3421 = CARTESIAN_POINT('',(-20.08324590637,-14.43910690197));
#3422 = CARTESIAN_POINT('',(-20.10453625995,-14.28106382194));
#3423 = CARTESIAN_POINT('',(-20.1183224618,-14.12477140619));
#3424 = CARTESIAN_POINT('',(-20.125,-13.97074836034));
#3425 = CARTESIAN_POINT('',(-20.125,-13.81943954598));
#3426 = ( GEOMETRIC_REPRESENTATION_CONTEXT(2) 
PARAMETRIC_REPRESENTATION_CONTEXT() REPRESENTATION_CONTEXT('2D SPACE',''
  ) );
#3427 = PCURVE('',#1590,#3428);
#3428 = DEFINITIONAL_REPRESENTATION('',(#3429),#3456);
#3429 = B_SPLINE_CURVE_WITH_KNOTS('',7,(#3430,#3431,#3432,#3433,#3434,
    #3435,#3436,#3437,#3438,#3439,#3440,#3441,#3442,#3443,#3444,#3445,
    #3446,#3447,#3448,#3449,#3450,#3451,#3452,#3453,#3454,#3455),
  .UNSPECIFIED.,.F.,.F.,(8,6,6,6,8),(0.,0.163278718394,0.5,
    0.836721281606,1.),.UNSPECIFIED.);
#3430 = CARTESIAN_POINT('',(14.,11.));
#3431 = CARTESIAN_POINT('',(13.66443628526,11.));
#3432 = CARTESIAN_POINT('',(13.330092069689,11.));
#3433 = CARTESIAN_POINT('',(12.996963876768,11.));
#3434 = CARTESIAN_POINT('',(12.665032260755,11.));
#3435 = CARTESIAN_POINT('',(12.334261582966,11.));
#3436 = CARTESIAN_POINT('',(12.004602905152,11.));
#3437 = CARTESIAN_POINT('',(10.998339172852,11.));
#3438 = CARTESIAN_POINT('',(10.324899750109,11.));
#3439 = CARTESIAN_POINT('',(9.655562262587,11.));
#3440 = CARTESIAN_POINT('',(8.989563407551,11.));
#3441 = CARTESIAN_POINT('',(8.325708059014,11.));
#3442 = CARTESIAN_POINT('',(7.662769179225,11.));
#3443 = CARTESIAN_POINT('',(6.337230820777,11.));
#3444 = CARTESIAN_POINT('',(5.674291940983,11.));
#3445 = CARTESIAN_POINT('',(5.010436592456,11.));
#3446 = CARTESIAN_POINT('',(4.344437737407,11.));
#3447 = CARTESIAN_POINT('',(3.675100249895,11.));
#3448 = CARTESIAN_POINT('',(3.001660827147,11.));
#3449 = CARTESIAN_POINT('',(1.995397094848,11.));
#3450 = CARTESIAN_POINT('',(1.665738417037,11.));
#3451 = CARTESIAN_POINT('',(1.334967739244,11.));
#3452 = CARTESIAN_POINT('',(1.003036123231,11.));
#3453 = CARTESIAN_POINT('',(0.669907930313,11.));
#3454 = CARTESIAN_POINT('',(0.33556371474,11.));
#3455 = CARTESIAN_POINT('',(0.,11.));
#3456 = ( GEOMETRIC_REPRESENTATION_CONTEXT(2) 
PARAMETRIC_REPRESENTATION_CONTEXT() REPRESENTATION_CONTEXT('2D SPACE',''
  ) );
#3457 = ORIENTED_EDGE('',*,*,#3458,.T.);
#3458 = EDGE_CURVE('',#3367,#3459,#3461,.T.);
#3459 = VERTEX_POINT('',#3460);
#3460 = CARTESIAN_POINT('',(-12.63328372813,-16.17181919415,11.));
#3461 = SURFACE_CURVE('',#3462,(#3467,#3474),.PCURVE_S1.);
#3462 = CIRCLE('',#3463,5.);
#3463 = AXIS2_PLACEMENT_3D('',#3464,#3465,#3466);
#3464 = CARTESIAN_POINT('',(-16.37033032155,-12.85,11.));
#3465 = DIRECTION('',(-0.,0.,1.));
#3466 = DIRECTION('',(0.747409318684,-0.66436383883,0.));
#3467 = PCURVE('',#264,#3468);
#3468 = DEFINITIONAL_REPRESENTATION('',(#3469),#3473);
#3469 = CIRCLE('',#3470,5.);
#3470 = AXIS2_PLACEMENT_2D('',#3471,#3472);
#3471 = CARTESIAN_POINT('',(-16.37033032155,-12.85));
#3472 = DIRECTION('',(0.747409318684,-0.66436383883));
#3473 = ( GEOMETRIC_REPRESENTATION_CONTEXT(2) 
PARAMETRIC_REPRESENTATION_CONTEXT() REPRESENTATION_CONTEXT('2D SPACE',''
  ) );
#3474 = PCURVE('',#1653,#3475);
#3475 = DEFINITIONAL_REPRESENTATION('',(#3476),#3480);
#3476 = LINE('',#3477,#3478);
#3477 = CARTESIAN_POINT('',(-6.28318530718,11.));
#3478 = VECTOR('',#3479,1.);
#3479 = DIRECTION('',(1.,-0.));
#3480 = ( GEOMETRIC_REPRESENTATION_CONTEXT(2) 
PARAMETRIC_REPRESENTATION_CONTEXT() REPRESENTATION_CONTEXT('2D SPACE',''
  ) );
#3481 = ORIENTED_EDGE('',*,*,#3482,.F.);
#3482 = EDGE_CURVE('',#3483,#3459,#3485,.T.);
#3483 = VERTEX_POINT('',#3484);
#3484 = CARTESIAN_POINT('',(-11.61671627186,-15.02818080585,11.));
#3485 = SURFACE_CURVE('',#3486,(#3490,#3496),.PCURVE_S1.);
#3486 = LINE('',#3487,#3488);
#3487 = CARTESIAN_POINT('',(-4.576034482759,-7.107413793104,11.));
#3488 = VECTOR('',#3489,1.);
#3489 = DIRECTION('',(-0.66436383883,-0.747409318684,0.));
#3490 = PCURVE('',#264,#3491);
#3491 = DEFINITIONAL_REPRESENTATION('',(#3492),#3495);
#3492 = B_SPLINE_CURVE_WITH_KNOTS('',1,(#3493,#3494),.UNSPECIFIED.,.F.,
  .F.,(2,2),(10.597629457841,12.127766104135),.PIECEWISE_BEZIER_KNOTS.);
#3493 = CARTESIAN_POINT('',(-11.61671627186,-15.02818080585));
#3494 = CARTESIAN_POINT('',(-12.63328372813,-16.17181919415));
#3495 = ( GEOMETRIC_REPRESENTATION_CONTEXT(2) 
PARAMETRIC_REPRESENTATION_CONTEXT() REPRESENTATION_CONTEXT('2D SPACE',''
  ) );
#3496 = PCURVE('',#1681,#3497);
#3497 = DEFINITIONAL_REPRESENTATION('',(#3498),#3501);
#3498 = B_SPLINE_CURVE_WITH_KNOTS('',1,(#3499,#3500),.UNSPECIFIED.,.F.,
  .F.,(2,2),(10.597629457841,12.127766104135),.PIECEWISE_BEZIER_KNOTS.);
#3499 = CARTESIAN_POINT('',(-2.245330321551,-11.));
#3500 = CARTESIAN_POINT('',(-3.775466967845,-11.));
#3501 = ( GEOMETRIC_REPRESENTATION_CONTEXT(2) 
PARAMETRIC_REPRESENTATION_CONTEXT() REPRESENTATION_CONTEXT('2D SPACE',''
  ) );
#3502 = ORIENTED_EDGE('',*,*,#3503,.F.);
#3503 = EDGE_CURVE('',#3504,#3483,#3506,.T.);
#3504 = VERTEX_POINT('',#3505);
#3505 = CARTESIAN_POINT('',(-7.879669678449,-13.35,11.));
#3506 = SURFACE_CURVE('',#3507,(#3512,#3519),.PCURVE_S1.);
#3507 = CIRCLE('',#3508,5.);
#3508 = AXIS2_PLACEMENT_3D('',#3509,#3510,#3511);
#3509 = CARTESIAN_POINT('',(-7.879669678449,-18.35,11.));
#3510 = DIRECTION('',(-0.,-0.,1.));
#3511 = DIRECTION('',(-0.,1.,0.));
#3512 = PCURVE('',#264,#3513);
#3513 = DEFINITIONAL_REPRESENTATION('',(#3514),#3518);
#3514 = CIRCLE('',#3515,5.);
#3515 = AXIS2_PLACEMENT_2D('',#3516,#3517);
#3516 = CARTESIAN_POINT('',(-7.879669678449,-18.35));
#3517 = DIRECTION('',(0.,1.));
#3518 = ( GEOMETRIC_REPRESENTATION_CONTEXT(2) 
PARAMETRIC_REPRESENTATION_CONTEXT() REPRESENTATION_CONTEXT('2D SPACE',''
  ) );
#3519 = PCURVE('',#1709,#3520);
#3520 = DEFINITIONAL_REPRESENTATION('',(#3521),#3525);
#3521 = LINE('',#3522,#3523);
#3522 = CARTESIAN_POINT('',(0.,11.));
#3523 = VECTOR('',#3524,1.);
#3524 = DIRECTION('',(1.,0.));
#3525 = ( GEOMETRIC_REPRESENTATION_CONTEXT(2) 
PARAMETRIC_REPRESENTATION_CONTEXT() REPRESENTATION_CONTEXT('2D SPACE',''
  ) );
#3526 = ORIENTED_EDGE('',*,*,#3527,.T.);
#3527 = EDGE_CURVE('',#3504,#3528,#3530,.T.);
#3528 = VERTEX_POINT('',#3529);
#3529 = CARTESIAN_POINT('',(7.879669678449,-13.35,11.));
#3530 = SURFACE_CURVE('',#3531,(#3535,#3541),.PCURVE_S1.);
#3531 = LINE('',#3532,#3533);
#3532 = CARTESIAN_POINT('',(0.,-13.35,11.));
#3533 = VECTOR('',#3534,1.);
#3534 = DIRECTION('',(1.,0.,0.));
#3535 = PCURVE('',#264,#3536);
#3536 = DEFINITIONAL_REPRESENTATION('',(#3537),#3540);
#3537 = B_SPLINE_CURVE_WITH_KNOTS('',1,(#3538,#3539),.UNSPECIFIED.,.F.,
  .F.,(2,2),(-7.879669678449,7.879669678449),.PIECEWISE_BEZIER_KNOTS.);
#3538 = CARTESIAN_POINT('',(-7.879669678449,-13.35));
#3539 = CARTESIAN_POINT('',(7.879669678449,-13.35));
#3540 = ( GEOMETRIC_REPRESENTATION_CONTEXT(2) 
PARAMETRIC_REPRESENTATION_CONTEXT() REPRESENTATION_CONTEXT('2D SPACE',''
  ) );
#3541 = PCURVE('',#1737,#3542);
#3542 = DEFINITIONAL_REPRESENTATION('',(#3543),#3546);
#3543 = B_SPLINE_CURVE_WITH_KNOTS('',1,(#3544,#3545),.UNSPECIFIED.,.F.,
  .F.,(2,2),(-7.879669678449,7.879669678449),.PIECEWISE_BEZIER_KNOTS.);
#3544 = CARTESIAN_POINT('',(-7.879669678449,-11.));
#3545 = CARTESIAN_POINT('',(7.879669678449,-11.));
#3546 = ( GEOMETRIC_REPRESENTATION_CONTEXT(2) 
PARAMETRIC_REPRESENTATION_CONTEXT() REPRESENTATION_CONTEXT('2D SPACE',''
  ) );
#3547 = ORIENTED_EDGE('',*,*,#3548,.F.);
#3548 = EDGE_CURVE('',#3549,#3528,#3551,.T.);
#3549 = VERTEX_POINT('',#3550);
#3550 = CARTESIAN_POINT('',(11.616716271867,-15.02818080585,11.));
#3551 = SURFACE_CURVE('',#3552,(#3557,#3564),.PCURVE_S1.);
#3552 = CIRCLE('',#3553,5.);
#3553 = AXIS2_PLACEMENT_3D('',#3554,#3555,#3556);
#3554 = CARTESIAN_POINT('',(7.879669678449,-18.35,11.));
#3555 = DIRECTION('',(0.,0.,1.));
#3556 = DIRECTION('',(-0.,1.,0.));
#3557 = PCURVE('',#264,#3558);
#3558 = DEFINITIONAL_REPRESENTATION('',(#3559),#3563);
#3559 = CIRCLE('',#3560,5.);
#3560 = AXIS2_PLACEMENT_2D('',#3561,#3562);
#3561 = CARTESIAN_POINT('',(7.879669678449,-18.35));
#3562 = DIRECTION('',(0.,1.));
#3563 = ( GEOMETRIC_REPRESENTATION_CONTEXT(2) 
PARAMETRIC_REPRESENTATION_CONTEXT() REPRESENTATION_CONTEXT('2D SPACE',''
  ) );
#3564 = PCURVE('',#1765,#3565);
#3565 = DEFINITIONAL_REPRESENTATION('',(#3566),#3570);
#3566 = LINE('',#3567,#3568);
#3567 = CARTESIAN_POINT('',(-6.28318530718,11.));
#3568 = VECTOR('',#3569,1.);
#3569 = DIRECTION('',(1.,-0.));
#3570 = ( GEOMETRIC_REPRESENTATION_CONTEXT(2) 
PARAMETRIC_REPRESENTATION_CONTEXT() REPRESENTATION_CONTEXT('2D SPACE',''
  ) );
#3571 = ORIENTED_EDGE('',*,*,#3572,.T.);
#3572 = EDGE_CURVE('',#3549,#3573,#3575,.T.);
#3573 = VERTEX_POINT('',#3574);
#3574 = CARTESIAN_POINT('',(12.633283728133,-16.17181919415,11.));
#3575 = SURFACE_CURVE('',#3576,(#3580,#3586),.PCURVE_S1.);
#3576 = LINE('',#3577,#3578);
#3577 = CARTESIAN_POINT('',(4.576034482759,-7.107413793104,11.));
#3578 = VECTOR('',#3579,1.);
#3579 = DIRECTION('',(0.66436383883,-0.747409318684,0.));
#3580 = PCURVE('',#264,#3581);
#3581 = DEFINITIONAL_REPRESENTATION('',(#3582),#3585);
#3582 = B_SPLINE_CURVE_WITH_KNOTS('',1,(#3583,#3584),.UNSPECIFIED.,.F.,
  .F.,(2,2),(10.597629457841,12.127766104135),.PIECEWISE_BEZIER_KNOTS.);
#3583 = CARTESIAN_POINT('',(11.616716271867,-15.02818080585));
#3584 = CARTESIAN_POINT('',(12.633283728133,-16.17181919415));
#3585 = ( GEOMETRIC_REPRESENTATION_CONTEXT(2) 
PARAMETRIC_REPRESENTATION_CONTEXT() REPRESENTATION_CONTEXT('2D SPACE',''
  ) );
#3586 = PCURVE('',#1793,#3587);
#3587 = DEFINITIONAL_REPRESENTATION('',(#3588),#3591);
#3588 = B_SPLINE_CURVE_WITH_KNOTS('',1,(#3589,#3590),.UNSPECIFIED.,.F.,
  .F.,(2,2),(10.597629457841,12.127766104135),.PIECEWISE_BEZIER_KNOTS.);
#3589 = CARTESIAN_POINT('',(2.245330321551,-11.));
#3590 = CARTESIAN_POINT('',(3.775466967845,-11.));
#3591 = ( GEOMETRIC_REPRESENTATION_CONTEXT(2) 
PARAMETRIC_REPRESENTATION_CONTEXT() REPRESENTATION_CONTEXT('2D SPACE',''
  ) );
#3592 = ORIENTED_EDGE('',*,*,#3593,.T.);
#3593 = EDGE_CURVE('',#3573,#3105,#3594,.T.);
#3594 = SURFACE_CURVE('',#3595,(#3600,#3607),.PCURVE_S1.);
#3595 = CIRCLE('',#3596,5.);
#3596 = AXIS2_PLACEMENT_3D('',#3597,#3598,#3599);
#3597 = CARTESIAN_POINT('',(16.370330321552,-12.85,11.));
#3598 = DIRECTION('',(0.,0.,1.));
#3599 = DIRECTION('',(-0.747409318684,-0.66436383883,0.));
#3600 = PCURVE('',#264,#3601);
#3601 = DEFINITIONAL_REPRESENTATION('',(#3602),#3606);
#3602 = CIRCLE('',#3603,5.);
#3603 = AXIS2_PLACEMENT_2D('',#3604,#3605);
#3604 = CARTESIAN_POINT('',(16.370330321552,-12.85));
#3605 = DIRECTION('',(-0.747409318684,-0.66436383883));
#3606 = ( GEOMETRIC_REPRESENTATION_CONTEXT(2) 
PARAMETRIC_REPRESENTATION_CONTEXT() REPRESENTATION_CONTEXT('2D SPACE',''
  ) );
#3607 = PCURVE('',#1821,#3608);
#3608 = DEFINITIONAL_REPRESENTATION('',(#3609),#3613);
#3609 = LINE('',#3610,#3611);
#3610 = CARTESIAN_POINT('',(0.,11.));
#3611 = VECTOR('',#3612,1.);
#3612 = DIRECTION('',(1.,0.));
#3613 = ( GEOMETRIC_REPRESENTATION_CONTEXT(2) 
PARAMETRIC_REPRESENTATION_CONTEXT() REPRESENTATION_CONTEXT('2D SPACE',''
  ) );
#3614 = FACE_BOUND('',#3615,.T.);
#3615 = EDGE_LOOP('',(#3616));
#3616 = ORIENTED_EDGE('',*,*,#3617,.F.);
#3617 = EDGE_CURVE('',#3618,#3618,#3620,.T.);
#3618 = VERTEX_POINT('',#3619);
#3619 = CARTESIAN_POINT('',(-15.3,-14.5,11.));
#3620 = SURFACE_CURVE('',#3621,(#3626,#3633),.PCURVE_S1.);
#3621 = CIRCLE('',#3622,1.2);
#3622 = AXIS2_PLACEMENT_3D('',#3623,#3624,#3625);
#3623 = CARTESIAN_POINT('',(-16.5,-14.5,11.));
#3624 = DIRECTION('',(0.,0.,1.));
#3625 = DIRECTION('',(1.,0.,-0.));
#3626 = PCURVE('',#264,#3627);
#3627 = DEFINITIONAL_REPRESENTATION('',(#3628),#3632);
#3628 = CIRCLE('',#3629,1.2);
#3629 = AXIS2_PLACEMENT_2D('',#3630,#3631);
#3630 = CARTESIAN_POINT('',(-16.5,-14.5));
#3631 = DIRECTION('',(1.,0.));
#3632 = ( GEOMETRIC_REPRESENTATION_CONTEXT(2) 
PARAMETRIC_REPRESENTATION_CONTEXT() REPRESENTATION_CONTEXT('2D SPACE',''
  ) );
#3633 = PCURVE('',#1958,#3634);
#3634 = DEFINITIONAL_REPRESENTATION('',(#3635),#3639);
#3635 = LINE('',#3636,#3637);
#3636 = CARTESIAN_POINT('',(0.,-3.));
#3637 = VECTOR('',#3638,1.);
#3638 = DIRECTION('',(1.,0.));
#3639 = ( GEOMETRIC_REPRESENTATION_CONTEXT(2) 
PARAMETRIC_REPRESENTATION_CONTEXT() REPRESENTATION_CONTEXT('2D SPACE',''
  ) );
#3640 = FACE_BOUND('',#3641,.T.);
#3641 = EDGE_LOOP('',(#3642));
#3642 = ORIENTED_EDGE('',*,*,#3643,.F.);
#3643 = EDGE_CURVE('',#3644,#3644,#3646,.T.);
#3644 = VERTEX_POINT('',#3645);
#3645 = CARTESIAN_POINT('',(17.7,-14.5,11.));
#3646 = SURFACE_CURVE('',#3647,(#3652,#3659),.PCURVE_S1.);
#3647 = CIRCLE('',#3648,1.2);
#3648 = AXIS2_PLACEMENT_3D('',#3649,#3650,#3651);
#3649 = CARTESIAN_POINT('',(16.5,-14.5,11.));
#3650 = DIRECTION('',(0.,0.,1.));
#3651 = DIRECTION('',(1.,0.,-0.));
#3652 = PCURVE('',#264,#3653);
#3653 = DEFINITIONAL_REPRESENTATION('',(#3654),#3658);
#3654 = CIRCLE('',#3655,1.2);
#3655 = AXIS2_PLACEMENT_2D('',#3656,#3657);
#3656 = CARTESIAN_POINT('',(16.5,-14.5));
#3657 = DIRECTION('',(1.,0.));
#3658 = ( GEOMETRIC_REPRESENTATION_CONTEXT(2) 
PARAMETRIC_REPRESENTATION_CONTEXT() REPRESENTATION_CONTEXT('2D SPACE',''
  ) );
#3659 = PCURVE('',#1989,#3660);
#3660 = DEFINITIONAL_REPRESENTATION('',(#3661),#3665);
#3661 = LINE('',#3662,#3663);
#3662 = CARTESIAN_POINT('',(0.,-3.));
#3663 = VECTOR('',#3664,1.);
#3664 = DIRECTION('',(1.,0.));
#3665 = ( GEOMETRIC_REPRESENTATION_CONTEXT(2) 
PARAMETRIC_REPRESENTATION_CONTEXT() REPRESENTATION_CONTEXT('2D SPACE',''
  ) );
#3666 = FACE_BOUND('',#3667,.T.);
#3667 = EDGE_LOOP('',(#3668,#3698,#3731,#3760,#3793,#3821,#3850,#3883,
    #3911,#3940,#3968,#4001,#4030,#4063,#4091,#4120,#4148,#4177,#4205,
    #4234,#4262));
#3668 = ORIENTED_EDGE('',*,*,#3669,.F.);
#3669 = EDGE_CURVE('',#3670,#3672,#3674,.T.);
#3670 = VERTEX_POINT('',#3671);
#3671 = CARTESIAN_POINT('',(-11.33214209156,2.750700997948,11.));
#3672 = VERTEX_POINT('',#3673);
#3673 = CARTESIAN_POINT('',(-17.32515281043,2.749999984178,11.));
#3674 = SURFACE_CURVE('',#3675,(#3679,#3686),.PCURVE_S1.);
#3675 = LINE('',#3676,#3677);
#3676 = CARTESIAN_POINT('',(-17.32503509156,2.749999997948,11.));
#3677 = VECTOR('',#3678,1.);
#3678 = DIRECTION('',(-0.999999993159,-1.169718857316E-04,0.));
#3679 = PCURVE('',#264,#3680);
#3680 = DEFINITIONAL_REPRESENTATION('',(#3681),#3685);
#3681 = LINE('',#3682,#3683);
#3682 = CARTESIAN_POINT('',(-17.32503509156,2.749999997948));
#3683 = VECTOR('',#3684,1.);
#3684 = DIRECTION('',(-0.999999993159,-1.169718857316E-04));
#3685 = ( GEOMETRIC_REPRESENTATION_CONTEXT(2) 
PARAMETRIC_REPRESENTATION_CONTEXT() REPRESENTATION_CONTEXT('2D SPACE',''
  ) );
#3686 = PCURVE('',#3687,#3692);
#3687 = PLANE('',#3688);
#3688 = AXIS2_PLACEMENT_3D('',#3689,#3690,#3691);
#3689 = CARTESIAN_POINT('',(-11.33214209156,2.750700997948,11.));
#3690 = DIRECTION('',(-1.169718857316E-04,0.999999993159,0.));
#3691 = DIRECTION('',(-0.999999993159,-1.169718857316E-04,0.));
#3692 = DEFINITIONAL_REPRESENTATION('',(#3693),#3697);
#3693 = LINE('',#3694,#3695);
#3694 = CARTESIAN_POINT('',(5.992893040999,0.));
#3695 = VECTOR('',#3696,1.);
#3696 = DIRECTION('',(1.,0.));
#3697 = ( GEOMETRIC_REPRESENTATION_CONTEXT(2) 
PARAMETRIC_REPRESENTATION_CONTEXT() REPRESENTATION_CONTEXT('2D SPACE',''
  ) );
#3698 = ORIENTED_EDGE('',*,*,#3699,.T.);
#3699 = EDGE_CURVE('',#3670,#3700,#3702,.T.);
#3700 = VERTEX_POINT('',#3701);
#3701 = CARTESIAN_POINT('',(-11.33210677587,2.750701,11.));
#3702 = SURFACE_CURVE('',#3703,(#3708,#3719),.PCURVE_S1.);
#3703 = CIRCLE('',#3704,0.3);
#3704 = AXIS2_PLACEMENT_3D('',#3705,#3706,#3707);
#3705 = CARTESIAN_POINT('',(-11.332107,2.450701,11.));
#3706 = DIRECTION('',(-0.,0.,-1.));
#3707 = DIRECTION('',(-0.999999993159,-1.169718857316E-04,0.));
#3708 = PCURVE('',#264,#3709);
#3709 = DEFINITIONAL_REPRESENTATION('',(#3710),#3718);
#3710 = ( BOUNDED_CURVE() B_SPLINE_CURVE(2,(#3711,#3712,#3713,#3714,
#3715,#3716,#3717),.UNSPECIFIED.,.T.,.F.) B_SPLINE_CURVE_WITH_KNOTS((1,2
    ,2,2,2,1),(-2.094395102393,0.,2.094395102393,4.188790204786,
6.28318530718,8.377580409573),.UNSPECIFIED.) CURVE() 
GEOMETRIC_REPRESENTATION_ITEM() RATIONAL_B_SPLINE_CURVE((1.,0.5,1.,0.5,
1.,0.5,1.)) REPRESENTATION_ITEM('') );
#3711 = CARTESIAN_POINT('',(-11.63210699794,2.450665908434));
#3712 = CARTESIAN_POINT('',(-11.63216777832,2.97028114715));
#3713 = CARTESIAN_POINT('',(-11.18213739121,2.710526165141));
#3714 = CARTESIAN_POINT('',(-10.7321070041,2.450771183131));
#3715 = CARTESIAN_POINT('',(-11.18207661083,2.190910926425));
#3716 = CARTESIAN_POINT('',(-11.63204621757,1.931050669718));
#3717 = CARTESIAN_POINT('',(-11.63210699794,2.450665908434));
#3718 = ( GEOMETRIC_REPRESENTATION_CONTEXT(2) 
PARAMETRIC_REPRESENTATION_CONTEXT() REPRESENTATION_CONTEXT('2D SPACE',''
  ) );
#3719 = PCURVE('',#3720,#3725);
#3720 = CYLINDRICAL_SURFACE('',#3721,0.3);
#3721 = AXIS2_PLACEMENT_3D('',#3722,#3723,#3724);
#3722 = CARTESIAN_POINT('',(-11.332107,2.450701,11.));
#3723 = DIRECTION('',(0.,-0.,1.));
#3724 = DIRECTION('',(-0.999999993159,-1.169718857316E-04,0.));
#3725 = DEFINITIONAL_REPRESENTATION('',(#3726),#3730);
#3726 = LINE('',#3727,#3728);
#3727 = CARTESIAN_POINT('',(-0.,0.));
#3728 = VECTOR('',#3729,1.);
#3729 = DIRECTION('',(-1.,0.));
#3730 = ( GEOMETRIC_REPRESENTATION_CONTEXT(2) 
PARAMETRIC_REPRESENTATION_CONTEXT() REPRESENTATION_CONTEXT('2D SPACE',''
  ) );
#3731 = ORIENTED_EDGE('',*,*,#3732,.T.);
#3732 = EDGE_CURVE('',#3700,#3733,#3735,.T.);
#3733 = VERTEX_POINT('',#3734);
#3734 = CARTESIAN_POINT('',(-10.632107,3.450700775877,11.));
#3735 = SURFACE_CURVE('',#3736,(#3741,#3748),.PCURVE_S1.);
#3736 = CIRCLE('',#3737,0.699999252925);
#3737 = AXIS2_PLACEMENT_3D('',#3738,#3739,#3740);
#3738 = CARTESIAN_POINT('',(-11.33210625292,3.450700252925,11.));
#3739 = DIRECTION('',(0.,0.,1.));
#3740 = DIRECTION('',(-7.470757066546E-07,-1.,0.));
#3741 = PCURVE('',#264,#3742);
#3742 = DEFINITIONAL_REPRESENTATION('',(#3743),#3747);
#3743 = CIRCLE('',#3744,0.699999252925);
#3744 = AXIS2_PLACEMENT_2D('',#3745,#3746);
#3745 = CARTESIAN_POINT('',(-11.33210625292,3.450700252925));
#3746 = DIRECTION('',(-7.470757066546E-07,-1.));
#3747 = ( GEOMETRIC_REPRESENTATION_CONTEXT(2) 
PARAMETRIC_REPRESENTATION_CONTEXT() REPRESENTATION_CONTEXT('2D SPACE',''
  ) );
#3748 = PCURVE('',#3749,#3754);
#3749 = CYLINDRICAL_SURFACE('',#3750,0.699999252925);
#3750 = AXIS2_PLACEMENT_3D('',#3751,#3752,#3753);
#3751 = CARTESIAN_POINT('',(-11.33210625292,3.450700252925,11.));
#3752 = DIRECTION('',(0.,0.,1.));
#3753 = DIRECTION('',(-7.470757066546E-07,-1.,0.));
#3754 = DEFINITIONAL_REPRESENTATION('',(#3755),#3759);
#3755 = LINE('',#3756,#3757);
#3756 = CARTESIAN_POINT('',(0.,0.));
#3757 = VECTOR('',#3758,1.);
#3758 = DIRECTION('',(1.,0.));
#3759 = ( GEOMETRIC_REPRESENTATION_CONTEXT(2) 
PARAMETRIC_REPRESENTATION_CONTEXT() REPRESENTATION_CONTEXT('2D SPACE',''
  ) );
#3760 = ORIENTED_EDGE('',*,*,#3761,.T.);
#3761 = EDGE_CURVE('',#3733,#3762,#3764,.T.);
#3762 = VERTEX_POINT('',#3763);
#3763 = CARTESIAN_POINT('',(-10.632107,3.450701,11.));
#3764 = SURFACE_CURVE('',#3765,(#3770,#3781),.PCURVE_S1.);
#3765 = CIRCLE('',#3766,0.3);
#3766 = AXIS2_PLACEMENT_3D('',#3767,#3768,#3769);
#3767 = CARTESIAN_POINT('',(-10.332107,3.450701,11.));
#3768 = DIRECTION('',(-0.,0.,-1.));
#3769 = DIRECTION('',(7.470757063236E-07,-1.,-0.));
#3770 = PCURVE('',#264,#3771);
#3771 = DEFINITIONAL_REPRESENTATION('',(#3772),#3780);
#3772 = ( BOUNDED_CURVE() B_SPLINE_CURVE(2,(#3773,#3774,#3775,#3776,
#3777,#3778,#3779),.UNSPECIFIED.,.T.,.F.) B_SPLINE_CURVE_WITH_KNOTS((1,2
    ,2,2,2,1),(-2.094395102393,0.,2.094395102393,4.188790204786,
6.28318530718,8.377580409573),.UNSPECIFIED.) CURVE() 
GEOMETRIC_REPRESENTATION_ITEM() RATIONAL_B_SPLINE_CURVE((1.,0.5,1.,0.5,
1.,0.5,1.)) REPRESENTATION_ITEM('') );
#3773 = CARTESIAN_POINT('',(-10.33210677587,3.150701));
#3774 = CARTESIAN_POINT('',(-10.85172201814,3.150700611808));
#3775 = CARTESIAN_POINT('',(-10.59191473319,3.600700805904));
#3776 = CARTESIAN_POINT('',(-10.33210744824,4.050701));
#3777 = CARTESIAN_POINT('',(-10.07229949092,3.600701194096));
#3778 = CARTESIAN_POINT('',(-9.812491533607,3.150701388192));
#3779 = CARTESIAN_POINT('',(-10.33210677587,3.150701));
#3780 = ( GEOMETRIC_REPRESENTATION_CONTEXT(2) 
PARAMETRIC_REPRESENTATION_CONTEXT() REPRESENTATION_CONTEXT('2D SPACE',''
  ) );
#3781 = PCURVE('',#3782,#3787);
#3782 = CYLINDRICAL_SURFACE('',#3783,0.3);
#3783 = AXIS2_PLACEMENT_3D('',#3784,#3785,#3786);
#3784 = CARTESIAN_POINT('',(-10.332107,3.450701,11.));
#3785 = DIRECTION('',(0.,-0.,1.));
#3786 = DIRECTION('',(7.470757063236E-07,-1.,-0.));
#3787 = DEFINITIONAL_REPRESENTATION('',(#3788),#3792);
#3788 = LINE('',#3789,#3790);
#3789 = CARTESIAN_POINT('',(-0.,0.));
#3790 = VECTOR('',#3791,1.);
#3791 = DIRECTION('',(-1.,0.));
#3792 = ( GEOMETRIC_REPRESENTATION_CONTEXT(2) 
PARAMETRIC_REPRESENTATION_CONTEXT() REPRESENTATION_CONTEXT('2D SPACE',''
  ) );
#3793 = ORIENTED_EDGE('',*,*,#3794,.F.);
#3794 = EDGE_CURVE('',#3795,#3762,#3797,.T.);
#3795 = VERTEX_POINT('',#3796);
#3796 = CARTESIAN_POINT('',(-10.632107,11.050000747075,11.));
#3797 = SURFACE_CURVE('',#3798,(#3802,#3809),.PCURVE_S1.);
#3798 = LINE('',#3799,#3800);
#3799 = CARTESIAN_POINT('',(-10.632107,11.05,11.));
#3800 = VECTOR('',#3801,1.);
#3801 = DIRECTION('',(-1.224646799147E-16,-1.,0.));
#3802 = PCURVE('',#264,#3803);
#3803 = DEFINITIONAL_REPRESENTATION('',(#3804),#3808);
#3804 = LINE('',#3805,#3806);
#3805 = CARTESIAN_POINT('',(-10.632107,11.05));
#3806 = VECTOR('',#3807,1.);
#3807 = DIRECTION('',(-1.224646799147E-16,-1.));
#3808 = ( GEOMETRIC_REPRESENTATION_CONTEXT(2) 
PARAMETRIC_REPRESENTATION_CONTEXT() REPRESENTATION_CONTEXT('2D SPACE',''
  ) );
#3809 = PCURVE('',#3810,#3815);
#3810 = PLANE('',#3811);
#3811 = AXIS2_PLACEMENT_3D('',#3812,#3813,#3814);
#3812 = CARTESIAN_POINT('',(-10.632107,11.050000747075,11.));
#3813 = DIRECTION('',(-1.,1.224646799147E-16,0.));
#3814 = DIRECTION('',(-1.224646799147E-16,-1.,0.));
#3815 = DEFINITIONAL_REPRESENTATION('',(#3816),#3820);
#3816 = LINE('',#3817,#3818);
#3817 = CARTESIAN_POINT('',(7.470752052541E-07,0.));
#3818 = VECTOR('',#3819,1.);
#3819 = DIRECTION('',(1.,0.));
#3820 = ( GEOMETRIC_REPRESENTATION_CONTEXT(2) 
PARAMETRIC_REPRESENTATION_CONTEXT() REPRESENTATION_CONTEXT('2D SPACE',''
  ) );
#3821 = ORIENTED_EDGE('',*,*,#3822,.F.);
#3822 = EDGE_CURVE('',#3823,#3795,#3825,.T.);
#3823 = VERTEX_POINT('',#3824);
#3824 = CARTESIAN_POINT('',(-9.332106775877,12.35,11.));
#3825 = SURFACE_CURVE('',#3826,(#3831,#3838),.PCURVE_S1.);
#3826 = CIRCLE('',#3827,1.299999252925);
#3827 = AXIS2_PLACEMENT_3D('',#3828,#3829,#3830);
#3828 = CARTESIAN_POINT('',(-9.332107747075,11.050000747075,11.));
#3829 = DIRECTION('',(0.,-0.,1.));
#3830 = DIRECTION('',(7.470757634981E-07,1.,0.));
#3831 = PCURVE('',#264,#3832);
#3832 = DEFINITIONAL_REPRESENTATION('',(#3833),#3837);
#3833 = CIRCLE('',#3834,1.299999252925);
#3834 = AXIS2_PLACEMENT_2D('',#3835,#3836);
#3835 = CARTESIAN_POINT('',(-9.332107747075,11.050000747075));
#3836 = DIRECTION('',(7.470757634981E-07,1.));
#3837 = ( GEOMETRIC_REPRESENTATION_CONTEXT(2) 
PARAMETRIC_REPRESENTATION_CONTEXT() REPRESENTATION_CONTEXT('2D SPACE',''
  ) );
#3838 = PCURVE('',#3839,#3844);
#3839 = CYLINDRICAL_SURFACE('',#3840,1.299999252925);
#3840 = AXIS2_PLACEMENT_3D('',#3841,#3842,#3843);
#3841 = CARTESIAN_POINT('',(-9.332107747075,11.050000747075,11.));
#3842 = DIRECTION('',(0.,-0.,1.));
#3843 = DIRECTION('',(7.470757634981E-07,1.,0.));
#3844 = DEFINITIONAL_REPRESENTATION('',(#3845),#3849);
#3845 = LINE('',#3846,#3847);
#3846 = CARTESIAN_POINT('',(0.,0.));
#3847 = VECTOR('',#3848,1.);
#3848 = DIRECTION('',(1.,0.));
#3849 = ( GEOMETRIC_REPRESENTATION_CONTEXT(2) 
PARAMETRIC_REPRESENTATION_CONTEXT() REPRESENTATION_CONTEXT('2D SPACE',''
  ) );
#3850 = ORIENTED_EDGE('',*,*,#3851,.T.);
#3851 = EDGE_CURVE('',#3823,#3852,#3854,.T.);
#3852 = VERTEX_POINT('',#3853);
#3853 = CARTESIAN_POINT('',(-9.332090807782,12.349999999563,11.));
#3854 = SURFACE_CURVE('',#3855,(#3860,#3871),.PCURVE_S1.);
#3855 = CIRCLE('',#3856,0.3);
#3856 = AXIS2_PLACEMENT_3D('',#3857,#3858,#3859);
#3857 = CARTESIAN_POINT('',(-9.332107,12.05,11.));
#3858 = DIRECTION('',(0.,0.,-1.));
#3859 = DIRECTION('',(-1.,7.470757634981E-07,0.));
#3860 = PCURVE('',#264,#3861);
#3861 = DEFINITIONAL_REPRESENTATION('',(#3862),#3870);
#3862 = ( BOUNDED_CURVE() B_SPLINE_CURVE(2,(#3863,#3864,#3865,#3866,
#3867,#3868,#3869),.UNSPECIFIED.,.T.,.F.) B_SPLINE_CURVE_WITH_KNOTS((1,2
    ,2,2,2,1),(-2.094395102393,0.,2.094395102393,4.188790204786,
6.28318530718,8.377580409573),.UNSPECIFIED.) CURVE() 
GEOMETRIC_REPRESENTATION_ITEM() RATIONAL_B_SPLINE_CURVE((1.,0.5,1.,0.5,
1.,0.5,1.)) REPRESENTATION_ITEM('') );
#3863 = CARTESIAN_POINT('',(-9.632107,12.050000224123));
#3864 = CARTESIAN_POINT('',(-9.632106611808,12.569615466393));
#3865 = CARTESIAN_POINT('',(-9.182106805904,12.309807509074));
#3866 = CARTESIAN_POINT('',(-8.732107,12.049999551755));
#3867 = CARTESIAN_POINT('',(-9.182107194096,11.790192266803));
#3868 = CARTESIAN_POINT('',(-9.632107388192,11.530384981852));
#3869 = CARTESIAN_POINT('',(-9.632107,12.050000224123));
#3870 = ( GEOMETRIC_REPRESENTATION_CONTEXT(2) 
PARAMETRIC_REPRESENTATION_CONTEXT() REPRESENTATION_CONTEXT('2D SPACE',''
  ) );
#3871 = PCURVE('',#3872,#3877);
#3872 = CYLINDRICAL_SURFACE('',#3873,0.3);
#3873 = AXIS2_PLACEMENT_3D('',#3874,#3875,#3876);
#3874 = CARTESIAN_POINT('',(-9.332107,12.05,11.));
#3875 = DIRECTION('',(-0.,-0.,1.));
#3876 = DIRECTION('',(-1.,7.470757634981E-07,0.));
#3877 = DEFINITIONAL_REPRESENTATION('',(#3878),#3882);
#3878 = LINE('',#3879,#3880);
#3879 = CARTESIAN_POINT('',(-0.,0.));
#3880 = VECTOR('',#3881,1.);
#3881 = DIRECTION('',(-1.,0.));
#3882 = ( GEOMETRIC_REPRESENTATION_CONTEXT(2) 
PARAMETRIC_REPRESENTATION_CONTEXT() REPRESENTATION_CONTEXT('2D SPACE',''
  ) );
#3883 = ORIENTED_EDGE('',*,*,#3884,.F.);
#3884 = EDGE_CURVE('',#3885,#3852,#3887,.T.);
#3885 = VERTEX_POINT('',#3886);
#3886 = CARTESIAN_POINT('',(9.325073913315,12.348992998107,11.));
#3887 = SURFACE_CURVE('',#3888,(#3892,#3899),.PCURVE_S1.);
#3888 = LINE('',#3889,#3890);
#3889 = CARTESIAN_POINT('',(-9.332090807782,12.349999999563,11.));
#3890 = VECTOR('',#3891,1.);
#3891 = DIRECTION('',(-0.999999998543,5.397406128484E-05,0.));
#3892 = PCURVE('',#264,#3893);
#3893 = DEFINITIONAL_REPRESENTATION('',(#3894),#3898);
#3894 = LINE('',#3895,#3896);
#3895 = CARTESIAN_POINT('',(-9.332090807782,12.349999999563));
#3896 = VECTOR('',#3897,1.);
#3897 = DIRECTION('',(-0.999999998543,5.397406128484E-05));
#3898 = ( GEOMETRIC_REPRESENTATION_CONTEXT(2) 
PARAMETRIC_REPRESENTATION_CONTEXT() REPRESENTATION_CONTEXT('2D SPACE',''
  ) );
#3899 = PCURVE('',#3900,#3905);
#3900 = PLANE('',#3901);
#3901 = AXIS2_PLACEMENT_3D('',#3902,#3903,#3904);
#3902 = CARTESIAN_POINT('',(9.325073913314,12.348992996609,11.));
#3903 = DIRECTION('',(5.397406128484E-05,0.999999998543,-0.));
#3904 = DIRECTION('',(-0.999999998543,5.397406128484E-05,0.));
#3905 = DEFINITIONAL_REPRESENTATION('',(#3906),#3910);
#3906 = LINE('',#3907,#3908);
#3907 = CARTESIAN_POINT('',(18.657164748272,0.));
#3908 = VECTOR('',#3909,1.);
#3909 = DIRECTION('',(1.,0.));
#3910 = ( GEOMETRIC_REPRESENTATION_CONTEXT(2) 
PARAMETRIC_REPRESENTATION_CONTEXT() REPRESENTATION_CONTEXT('2D SPACE',''
  ) );
#3911 = ORIENTED_EDGE('',*,*,#3912,.F.);
#3912 = EDGE_CURVE('',#3913,#3885,#3915,.T.);
#3913 = VERTEX_POINT('',#3914);
#3914 = CARTESIAN_POINT('',(10.625003,11.048993747075,11.));
#3915 = SURFACE_CURVE('',#3916,(#3921,#3928),.PCURVE_S1.);
#3916 = CIRCLE('',#3917,1.299999252925);
#3917 = AXIS2_PLACEMENT_3D('',#3918,#3919,#3920);
#3918 = CARTESIAN_POINT('',(9.325003747075,11.048993747075,11.));
#3919 = DIRECTION('',(0.,-0.,1.));
#3920 = DIRECTION('',(1.,-7.470757634981E-07,-0.));
#3921 = PCURVE('',#264,#3922);
#3922 = DEFINITIONAL_REPRESENTATION('',(#3923),#3927);
#3923 = CIRCLE('',#3924,1.299999252925);
#3924 = AXIS2_PLACEMENT_2D('',#3925,#3926);
#3925 = CARTESIAN_POINT('',(9.325003747075,11.048993747075));
#3926 = DIRECTION('',(1.,-7.470757634981E-07));
#3927 = ( GEOMETRIC_REPRESENTATION_CONTEXT(2) 
PARAMETRIC_REPRESENTATION_CONTEXT() REPRESENTATION_CONTEXT('2D SPACE',''
  ) );
#3928 = PCURVE('',#3929,#3934);
#3929 = CYLINDRICAL_SURFACE('',#3930,1.299999252925);
#3930 = AXIS2_PLACEMENT_3D('',#3931,#3932,#3933);
#3931 = CARTESIAN_POINT('',(9.325003747075,11.048993747075,11.));
#3932 = DIRECTION('',(0.,-0.,1.));
#3933 = DIRECTION('',(1.,-7.470757634981E-07,-0.));
#3934 = DEFINITIONAL_REPRESENTATION('',(#3935),#3939);
#3935 = LINE('',#3936,#3937);
#3936 = CARTESIAN_POINT('',(0.,0.));
#3937 = VECTOR('',#3938,1.);
#3938 = DIRECTION('',(1.,0.));
#3939 = ( GEOMETRIC_REPRESENTATION_CONTEXT(2) 
PARAMETRIC_REPRESENTATION_CONTEXT() REPRESENTATION_CONTEXT('2D SPACE',''
  ) );
#3940 = ORIENTED_EDGE('',*,*,#3941,.F.);
#3941 = EDGE_CURVE('',#3942,#3913,#3944,.T.);
#3942 = VERTEX_POINT('',#3943);
#3943 = CARTESIAN_POINT('',(10.625003,3.456095,11.));
#3944 = SURFACE_CURVE('',#3945,(#3949,#3956),.PCURVE_S1.);
#3945 = LINE('',#3946,#3947);
#3946 = CARTESIAN_POINT('',(10.625003,11.048993,11.));
#3947 = VECTOR('',#3948,1.);
#3948 = DIRECTION('',(2.339497829946E-16,1.,0.));
#3949 = PCURVE('',#264,#3950);
#3950 = DEFINITIONAL_REPRESENTATION('',(#3951),#3955);
#3951 = LINE('',#3952,#3953);
#3952 = CARTESIAN_POINT('',(10.625003,11.048993));
#3953 = VECTOR('',#3954,1.);
#3954 = DIRECTION('',(2.339497829946E-16,1.));
#3955 = ( GEOMETRIC_REPRESENTATION_CONTEXT(2) 
PARAMETRIC_REPRESENTATION_CONTEXT() REPRESENTATION_CONTEXT('2D SPACE',''
  ) );
#3956 = PCURVE('',#3957,#3962);
#3957 = PLANE('',#3958);
#3958 = AXIS2_PLACEMENT_3D('',#3959,#3960,#3961);
#3959 = CARTESIAN_POINT('',(10.625003,3.456095,11.));
#3960 = DIRECTION('',(1.,-2.339497829946E-16,0.));
#3961 = DIRECTION('',(2.339497829946E-16,1.,0.));
#3962 = DEFINITIONAL_REPRESENTATION('',(#3963),#3967);
#3963 = LINE('',#3964,#3965);
#3964 = CARTESIAN_POINT('',(7.592898,0.));
#3965 = VECTOR('',#3966,1.);
#3966 = DIRECTION('',(1.,0.));
#3967 = ( GEOMETRIC_REPRESENTATION_CONTEXT(2) 
PARAMETRIC_REPRESENTATION_CONTEXT() REPRESENTATION_CONTEXT('2D SPACE',''
  ) );
#3968 = ORIENTED_EDGE('',*,*,#3969,.T.);
#3969 = EDGE_CURVE('',#3942,#3970,#3972,.T.);
#3970 = VERTEX_POINT('',#3971);
#3971 = CARTESIAN_POINT('',(10.625003,3.456094775877,11.));
#3972 = SURFACE_CURVE('',#3973,(#3978,#3989),.PCURVE_S1.);
#3973 = CIRCLE('',#3974,0.3);
#3974 = AXIS2_PLACEMENT_3D('',#3975,#3976,#3977);
#3975 = CARTESIAN_POINT('',(10.325003,3.456095,11.));
#3976 = DIRECTION('',(0.,0.,-1.));
#3977 = DIRECTION('',(2.339497829946E-16,1.,0.));
#3978 = PCURVE('',#264,#3979);
#3979 = DEFINITIONAL_REPRESENTATION('',(#3980),#3988);
#3980 = ( BOUNDED_CURVE() B_SPLINE_CURVE(2,(#3981,#3982,#3983,#3984,
#3985,#3986,#3987),.UNSPECIFIED.,.T.,.F.) B_SPLINE_CURVE_WITH_KNOTS((1,2
    ,2,2,2,1),(-2.094395102393,0.,2.094395102393,4.188790204786,
6.28318530718,8.377580409573),.UNSPECIFIED.) CURVE() 
GEOMETRIC_REPRESENTATION_ITEM() RATIONAL_B_SPLINE_CURVE((1.,0.5,1.,0.5,
1.,0.5,1.)) REPRESENTATION_ITEM('') );
#3981 = CARTESIAN_POINT('',(10.325003,3.756095));
#3982 = CARTESIAN_POINT('',(10.844618242271,3.756095));
#3983 = CARTESIAN_POINT('',(10.584810621135,3.306095));
#3984 = CARTESIAN_POINT('',(10.325003,2.856095));
#3985 = CARTESIAN_POINT('',(10.065195378865,3.306095));
#3986 = CARTESIAN_POINT('',(9.805387757729,3.756095));
#3987 = CARTESIAN_POINT('',(10.325003,3.756095));
#3988 = ( GEOMETRIC_REPRESENTATION_CONTEXT(2) 
PARAMETRIC_REPRESENTATION_CONTEXT() REPRESENTATION_CONTEXT('2D SPACE',''
  ) );
#3989 = PCURVE('',#3990,#3995);
#3990 = CYLINDRICAL_SURFACE('',#3991,0.3);
#3991 = AXIS2_PLACEMENT_3D('',#3992,#3993,#3994);
#3992 = CARTESIAN_POINT('',(10.325003,3.456095,11.));
#3993 = DIRECTION('',(-0.,-0.,1.));
#3994 = DIRECTION('',(2.339497829946E-16,1.,0.));
#3995 = DEFINITIONAL_REPRESENTATION('',(#3996),#4000);
#3996 = LINE('',#3997,#3998);
#3997 = CARTESIAN_POINT('',(-0.,0.));
#3998 = VECTOR('',#3999,1.);
#3999 = DIRECTION('',(-1.,0.));
#4000 = ( GEOMETRIC_REPRESENTATION_CONTEXT(2) 
PARAMETRIC_REPRESENTATION_CONTEXT() REPRESENTATION_CONTEXT('2D SPACE',''
  ) );
#4001 = ORIENTED_EDGE('',*,*,#4002,.T.);
#4002 = EDGE_CURVE('',#3970,#4003,#4005,.T.);
#4003 = VERTEX_POINT('',#4004);
#4004 = CARTESIAN_POINT('',(11.325002775877,2.756095,11.));
#4005 = SURFACE_CURVE('',#4006,(#4011,#4018),.PCURVE_S1.);
#4006 = CIRCLE('',#4007,0.699999252925);
#4007 = AXIS2_PLACEMENT_3D('',#4008,#4009,#4010);
#4008 = CARTESIAN_POINT('',(11.325002252925,3.456094252925,11.));
#4009 = DIRECTION('',(0.,0.,1.));
#4010 = DIRECTION('',(-1.,7.470757634981E-07,0.));
#4011 = PCURVE('',#264,#4012);
#4012 = DEFINITIONAL_REPRESENTATION('',(#4013),#4017);
#4013 = CIRCLE('',#4014,0.699999252925);
#4014 = AXIS2_PLACEMENT_2D('',#4015,#4016);
#4015 = CARTESIAN_POINT('',(11.325002252925,3.456094252925));
#4016 = DIRECTION('',(-1.,7.470757634981E-07));
#4017 = ( GEOMETRIC_REPRESENTATION_CONTEXT(2) 
PARAMETRIC_REPRESENTATION_CONTEXT() REPRESENTATION_CONTEXT('2D SPACE',''
  ) );
#4018 = PCURVE('',#4019,#4024);
#4019 = CYLINDRICAL_SURFACE('',#4020,0.699999252925);
#4020 = AXIS2_PLACEMENT_3D('',#4021,#4022,#4023);
#4021 = CARTESIAN_POINT('',(11.325002252925,3.456094252925,11.));
#4022 = DIRECTION('',(0.,0.,1.));
#4023 = DIRECTION('',(-1.,7.470757634981E-07,0.));
#4024 = DEFINITIONAL_REPRESENTATION('',(#4025),#4029);
#4025 = LINE('',#4026,#4027);
#4026 = CARTESIAN_POINT('',(0.,0.));
#4027 = VECTOR('',#4028,1.);
#4028 = DIRECTION('',(1.,0.));
#4029 = ( GEOMETRIC_REPRESENTATION_CONTEXT(2) 
PARAMETRIC_REPRESENTATION_CONTEXT() REPRESENTATION_CONTEXT('2D SPACE',''
  ) );
#4030 = ORIENTED_EDGE('',*,*,#4031,.T.);
#4031 = EDGE_CURVE('',#4003,#4032,#4034,.T.);
#4032 = VERTEX_POINT('',#4033);
#4033 = CARTESIAN_POINT('',(11.325307749995,2.756094845212,11.));
#4034 = SURFACE_CURVE('',#4035,(#4040,#4051),.PCURVE_S1.);
#4035 = CIRCLE('',#4036,0.3);
#4036 = AXIS2_PLACEMENT_3D('',#4037,#4038,#4039);
#4037 = CARTESIAN_POINT('',(11.325003,2.456095,11.));
#4038 = DIRECTION('',(-0.,0.,-1.));
#4039 = DIRECTION('',(-1.,-7.470757631669E-07,0.));
#4040 = PCURVE('',#264,#4041);
#4041 = DEFINITIONAL_REPRESENTATION('',(#4042),#4050);
#4042 = ( BOUNDED_CURVE() B_SPLINE_CURVE(2,(#4043,#4044,#4045,#4046,
#4047,#4048,#4049),.UNSPECIFIED.,.T.,.F.) B_SPLINE_CURVE_WITH_KNOTS((1,2
    ,2,2,2,1),(-2.094395102393,0.,2.094395102393,4.188790204786,
6.28318530718,8.377580409573),.UNSPECIFIED.) CURVE() 
GEOMETRIC_REPRESENTATION_ITEM() RATIONAL_B_SPLINE_CURVE((1.,0.5,1.,0.5,
1.,0.5,1.)) REPRESENTATION_ITEM('') );
#4043 = CARTESIAN_POINT('',(11.025003,2.456094775877));
#4044 = CARTESIAN_POINT('',(11.025002611808,2.975710018148));
#4045 = CARTESIAN_POINT('',(11.475002805904,2.715902733197));
#4046 = CARTESIAN_POINT('',(11.925003,2.456095448245));
#4047 = CARTESIAN_POINT('',(11.475003194096,2.196287490926));
#4048 = CARTESIAN_POINT('',(11.025003388192,1.936479533607));
#4049 = CARTESIAN_POINT('',(11.025003,2.456094775877));
#4050 = ( GEOMETRIC_REPRESENTATION_CONTEXT(2) 
PARAMETRIC_REPRESENTATION_CONTEXT() REPRESENTATION_CONTEXT('2D SPACE',''
  ) );
#4051 = PCURVE('',#4052,#4057);
#4052 = CYLINDRICAL_SURFACE('',#4053,0.3);
#4053 = AXIS2_PLACEMENT_3D('',#4054,#4055,#4056);
#4054 = CARTESIAN_POINT('',(11.325003,2.456095,11.));
#4055 = DIRECTION('',(0.,-0.,1.));
#4056 = DIRECTION('',(-1.,-7.470757631669E-07,0.));
#4057 = DEFINITIONAL_REPRESENTATION('',(#4058),#4062);
#4058 = LINE('',#4059,#4060);
#4059 = CARTESIAN_POINT('',(-0.,0.));
#4060 = VECTOR('',#4061,1.);
#4061 = DIRECTION('',(-1.,0.));
#4062 = ( GEOMETRIC_REPRESENTATION_CONTEXT(2) 
PARAMETRIC_REPRESENTATION_CONTEXT() REPRESENTATION_CONTEXT('2D SPACE',''
  ) );
#4063 = ORIENTED_EDGE('',*,*,#4064,.F.);
#4064 = EDGE_CURVE('',#4065,#4032,#4067,.T.);
#4065 = VERTEX_POINT('',#4066);
#4066 = CARTESIAN_POINT('',(17.325162250452,2.749999989968,11.));
#4067 = SURFACE_CURVE('',#4068,(#4072,#4079),.PCURVE_S1.);
#4068 = LINE('',#4069,#4070);
#4069 = CARTESIAN_POINT('',(17.325304749995,2.749999845212,11.));
#4070 = VECTOR('',#4071,1.);
#4071 = DIRECTION('',(-0.999999484041,1.015833317122E-03,0.));
#4072 = PCURVE('',#264,#4073);
#4073 = DEFINITIONAL_REPRESENTATION('',(#4074),#4078);
#4074 = LINE('',#4075,#4076);
#4075 = CARTESIAN_POINT('',(17.325304749995,2.749999845212));
#4076 = VECTOR('',#4077,1.);
#4077 = DIRECTION('',(-0.999999484041,1.015833317122E-03));
#4078 = ( GEOMETRIC_REPRESENTATION_CONTEXT(2) 
PARAMETRIC_REPRESENTATION_CONTEXT() REPRESENTATION_CONTEXT('2D SPACE',''
  ) );
#4079 = PCURVE('',#4080,#4085);
#4080 = PLANE('',#4081);
#4081 = AXIS2_PLACEMENT_3D('',#4082,#4083,#4084);
#4082 = CARTESIAN_POINT('',(17.325162250452,2.749999989968,11.));
#4083 = DIRECTION('',(1.015833317122E-03,0.999999484041,-0.));
#4084 = DIRECTION('',(-0.999999484041,1.015833317122E-03,0.));
#4085 = DEFINITIONAL_REPRESENTATION('',(#4086),#4090);
#4086 = LINE('',#4087,#4088);
#4087 = CARTESIAN_POINT('',(-1.42499616477E-04,0.));
#4088 = VECTOR('',#4089,1.);
#4089 = DIRECTION('',(1.,0.));
#4090 = ( GEOMETRIC_REPRESENTATION_CONTEXT(2) 
PARAMETRIC_REPRESENTATION_CONTEXT() REPRESENTATION_CONTEXT('2D SPACE',''
  ) );
#4091 = ORIENTED_EDGE('',*,*,#4092,.F.);
#4092 = EDGE_CURVE('',#4093,#4065,#4095,.T.);
#4093 = VERTEX_POINT('',#4094);
#4094 = CARTESIAN_POINT('',(18.625,1.450000747075,11.));
#4095 = SURFACE_CURVE('',#4096,(#4101,#4108),.PCURVE_S1.);
#4096 = CIRCLE('',#4097,1.299999252925);
#4097 = AXIS2_PLACEMENT_3D('',#4098,#4099,#4100);
#4098 = CARTESIAN_POINT('',(17.325000747075,1.450000747075,11.));
#4099 = DIRECTION('',(0.,-0.,1.));
#4100 = DIRECTION('',(1.,-7.470757492872E-07,-0.));
#4101 = PCURVE('',#264,#4102);
#4102 = DEFINITIONAL_REPRESENTATION('',(#4103),#4107);
#4103 = CIRCLE('',#4104,1.299999252925);
#4104 = AXIS2_PLACEMENT_2D('',#4105,#4106);
#4105 = CARTESIAN_POINT('',(17.325000747075,1.450000747075));
#4106 = DIRECTION('',(1.,-7.470757492872E-07));
#4107 = ( GEOMETRIC_REPRESENTATION_CONTEXT(2) 
PARAMETRIC_REPRESENTATION_CONTEXT() REPRESENTATION_CONTEXT('2D SPACE',''
  ) );
#4108 = PCURVE('',#4109,#4114);
#4109 = CYLINDRICAL_SURFACE('',#4110,1.299999252925);
#4110 = AXIS2_PLACEMENT_3D('',#4111,#4112,#4113);
#4111 = CARTESIAN_POINT('',(17.325000747075,1.450000747075,11.));
#4112 = DIRECTION('',(0.,-0.,1.));
#4113 = DIRECTION('',(1.,-7.470757492872E-07,-0.));
#4114 = DEFINITIONAL_REPRESENTATION('',(#4115),#4119);
#4115 = LINE('',#4116,#4117);
#4116 = CARTESIAN_POINT('',(0.,0.));
#4117 = VECTOR('',#4118,1.);
#4118 = DIRECTION('',(1.,0.));
#4119 = ( GEOMETRIC_REPRESENTATION_CONTEXT(2) 
PARAMETRIC_REPRESENTATION_CONTEXT() REPRESENTATION_CONTEXT('2D SPACE',''
  ) );
#4120 = ORIENTED_EDGE('',*,*,#4121,.F.);
#4121 = EDGE_CURVE('',#4122,#4093,#4124,.T.);
#4122 = VERTEX_POINT('',#4123);
#4123 = CARTESIAN_POINT('',(18.625,-11.05000074707,11.));
#4124 = SURFACE_CURVE('',#4125,(#4129,#4136),.PCURVE_S1.);
#4125 = LINE('',#4126,#4127);
#4126 = CARTESIAN_POINT('',(18.625,-11.05,11.));
#4127 = VECTOR('',#4128,1.);
#4128 = DIRECTION('',(1.224646799147E-16,1.,0.));
#4129 = PCURVE('',#264,#4130);
#4130 = DEFINITIONAL_REPRESENTATION('',(#4131),#4135);
#4131 = LINE('',#4132,#4133);
#4132 = CARTESIAN_POINT('',(18.625,-11.05));
#4133 = VECTOR('',#4134,1.);
#4134 = DIRECTION('',(1.224646799147E-16,1.));
#4135 = ( GEOMETRIC_REPRESENTATION_CONTEXT(2) 
PARAMETRIC_REPRESENTATION_CONTEXT() REPRESENTATION_CONTEXT('2D SPACE',''
  ) );
#4136 = PCURVE('',#4137,#4142);
#4137 = PLANE('',#4138);
#4138 = AXIS2_PLACEMENT_3D('',#4139,#4140,#4141);
#4139 = CARTESIAN_POINT('',(18.625,-11.05000074707,11.));
#4140 = DIRECTION('',(1.,-1.224646799147E-16,0.));
#4141 = DIRECTION('',(1.224646799147E-16,1.,0.));
#4142 = DEFINITIONAL_REPRESENTATION('',(#4143),#4147);
#4143 = LINE('',#4144,#4145);
#4144 = CARTESIAN_POINT('',(7.470752052541E-07,0.));
#4145 = VECTOR('',#4146,1.);
#4146 = DIRECTION('',(1.,0.));
#4147 = ( GEOMETRIC_REPRESENTATION_CONTEXT(2) 
PARAMETRIC_REPRESENTATION_CONTEXT() REPRESENTATION_CONTEXT('2D SPACE',''
  ) );
#4148 = ORIENTED_EDGE('',*,*,#4149,.F.);
#4149 = EDGE_CURVE('',#4150,#4122,#4152,.T.);
#4150 = VERTEX_POINT('',#4151);
#4151 = CARTESIAN_POINT('',(17.325000747075,-12.35,11.));
#4152 = SURFACE_CURVE('',#4153,(#4158,#4165),.PCURVE_S1.);
#4153 = CIRCLE('',#4154,1.299999252925);
#4154 = AXIS2_PLACEMENT_3D('',#4155,#4156,#4157);
#4155 = CARTESIAN_POINT('',(17.325000747075,-11.05000074707,11.));
#4156 = DIRECTION('',(0.,0.,1.));
#4157 = DIRECTION('',(-7.470757634981E-07,-1.,0.));
#4158 = PCURVE('',#264,#4159);
#4159 = DEFINITIONAL_REPRESENTATION('',(#4160),#4164);
#4160 = CIRCLE('',#4161,1.299999252925);
#4161 = AXIS2_PLACEMENT_2D('',#4162,#4163);
#4162 = CARTESIAN_POINT('',(17.325000747075,-11.05000074707));
#4163 = DIRECTION('',(-7.470757634981E-07,-1.));
#4164 = ( GEOMETRIC_REPRESENTATION_CONTEXT(2) 
PARAMETRIC_REPRESENTATION_CONTEXT() REPRESENTATION_CONTEXT('2D SPACE',''
  ) );
#4165 = PCURVE('',#4166,#4171);
#4166 = CYLINDRICAL_SURFACE('',#4167,1.299999252925);
#4167 = AXIS2_PLACEMENT_3D('',#4168,#4169,#4170);
#4168 = CARTESIAN_POINT('',(17.325000747075,-11.05000074707,11.));
#4169 = DIRECTION('',(0.,0.,1.));
#4170 = DIRECTION('',(-7.470757634981E-07,-1.,0.));
#4171 = DEFINITIONAL_REPRESENTATION('',(#4172),#4176);
#4172 = LINE('',#4173,#4174);
#4173 = CARTESIAN_POINT('',(0.,0.));
#4174 = VECTOR('',#4175,1.);
#4175 = DIRECTION('',(1.,0.));
#4176 = ( GEOMETRIC_REPRESENTATION_CONTEXT(2) 
PARAMETRIC_REPRESENTATION_CONTEXT() REPRESENTATION_CONTEXT('2D SPACE',''
  ) );
#4177 = ORIENTED_EDGE('',*,*,#4178,.F.);
#4178 = EDGE_CURVE('',#4179,#4150,#4181,.T.);
#4179 = VERTEX_POINT('',#4180);
#4180 = CARTESIAN_POINT('',(-17.32500074707,-12.35,11.));
#4181 = SURFACE_CURVE('',#4182,(#4186,#4193),.PCURVE_S1.);
#4182 = LINE('',#4183,#4184);
#4183 = CARTESIAN_POINT('',(-17.325,-12.35,11.));
#4184 = VECTOR('',#4185,1.);
#4185 = DIRECTION('',(1.,-1.224646799147E-16,-0.));
#4186 = PCURVE('',#264,#4187);
#4187 = DEFINITIONAL_REPRESENTATION('',(#4188),#4192);
#4188 = LINE('',#4189,#4190);
#4189 = CARTESIAN_POINT('',(-17.325,-12.35));
#4190 = VECTOR('',#4191,1.);
#4191 = DIRECTION('',(1.,-1.224646799147E-16));
#4192 = ( GEOMETRIC_REPRESENTATION_CONTEXT(2) 
PARAMETRIC_REPRESENTATION_CONTEXT() REPRESENTATION_CONTEXT('2D SPACE',''
  ) );
#4193 = PCURVE('',#4194,#4199);
#4194 = PLANE('',#4195);
#4195 = AXIS2_PLACEMENT_3D('',#4196,#4197,#4198);
#4196 = CARTESIAN_POINT('',(-17.32500074707,-12.35,11.));
#4197 = DIRECTION('',(-1.224646799147E-16,-1.,0.));
#4198 = DIRECTION('',(1.,-1.224646799147E-16,-0.));
#4199 = DEFINITIONAL_REPRESENTATION('',(#4200),#4204);
#4200 = LINE('',#4201,#4202);
#4201 = CARTESIAN_POINT('',(7.470752052541E-07,0.));
#4202 = VECTOR('',#4203,1.);
#4203 = DIRECTION('',(1.,0.));
#4204 = ( GEOMETRIC_REPRESENTATION_CONTEXT(2) 
PARAMETRIC_REPRESENTATION_CONTEXT() REPRESENTATION_CONTEXT('2D SPACE',''
  ) );
#4205 = ORIENTED_EDGE('',*,*,#4206,.F.);
#4206 = EDGE_CURVE('',#4207,#4179,#4209,.T.);
#4207 = VERTEX_POINT('',#4208);
#4208 = CARTESIAN_POINT('',(-18.625,-11.05000074707,11.));
#4209 = SURFACE_CURVE('',#4210,(#4215,#4222),.PCURVE_S1.);
#4210 = CIRCLE('',#4211,1.299999252925);
#4211 = AXIS2_PLACEMENT_3D('',#4212,#4213,#4214);
#4212 = CARTESIAN_POINT('',(-17.32500074707,-11.05000074707,11.));
#4213 = DIRECTION('',(0.,0.,1.));
#4214 = DIRECTION('',(-1.,7.470757634981E-07,0.));
#4215 = PCURVE('',#264,#4216);
#4216 = DEFINITIONAL_REPRESENTATION('',(#4217),#4221);
#4217 = CIRCLE('',#4218,1.299999252925);
#4218 = AXIS2_PLACEMENT_2D('',#4219,#4220);
#4219 = CARTESIAN_POINT('',(-17.32500074707,-11.05000074707));
#4220 = DIRECTION('',(-1.,7.470757634981E-07));
#4221 = ( GEOMETRIC_REPRESENTATION_CONTEXT(2) 
PARAMETRIC_REPRESENTATION_CONTEXT() REPRESENTATION_CONTEXT('2D SPACE',''
  ) );
#4222 = PCURVE('',#4223,#4228);
#4223 = CYLINDRICAL_SURFACE('',#4224,1.299999252925);
#4224 = AXIS2_PLACEMENT_3D('',#4225,#4226,#4227);
#4225 = CARTESIAN_POINT('',(-17.32500074707,-11.05000074707,11.));
#4226 = DIRECTION('',(0.,0.,1.));
#4227 = DIRECTION('',(-1.,7.470757634981E-07,0.));
#4228 = DEFINITIONAL_REPRESENTATION('',(#4229),#4233);
#4229 = LINE('',#4230,#4231);
#4230 = CARTESIAN_POINT('',(0.,0.));
#4231 = VECTOR('',#4232,1.);
#4232 = DIRECTION('',(1.,0.));
#4233 = ( GEOMETRIC_REPRESENTATION_CONTEXT(2) 
PARAMETRIC_REPRESENTATION_CONTEXT() REPRESENTATION_CONTEXT('2D SPACE',''
  ) );
#4234 = ORIENTED_EDGE('',*,*,#4235,.F.);
#4235 = EDGE_CURVE('',#4236,#4207,#4238,.T.);
#4236 = VERTEX_POINT('',#4237);
#4237 = CARTESIAN_POINT('',(-18.625,1.450000747075,11.));
#4238 = SURFACE_CURVE('',#4239,(#4243,#4250),.PCURVE_S1.);
#4239 = LINE('',#4240,#4241);
#4240 = CARTESIAN_POINT('',(-18.625,1.45,11.));
#4241 = VECTOR('',#4242,1.);
#4242 = DIRECTION('',(-1.224646799147E-16,-1.,0.));
#4243 = PCURVE('',#264,#4244);
#4244 = DEFINITIONAL_REPRESENTATION('',(#4245),#4249);
#4245 = LINE('',#4246,#4247);
#4246 = CARTESIAN_POINT('',(-18.625,1.45));
#4247 = VECTOR('',#4248,1.);
#4248 = DIRECTION('',(-1.224646799147E-16,-1.));
#4249 = ( GEOMETRIC_REPRESENTATION_CONTEXT(2) 
PARAMETRIC_REPRESENTATION_CONTEXT() REPRESENTATION_CONTEXT('2D SPACE',''
  ) );
#4250 = PCURVE('',#4251,#4256);
#4251 = PLANE('',#4252);
#4252 = AXIS2_PLACEMENT_3D('',#4253,#4254,#4255);
#4253 = CARTESIAN_POINT('',(-18.625,1.450000747075,11.));
#4254 = DIRECTION('',(-1.,1.224646799147E-16,0.));
#4255 = DIRECTION('',(-1.224646799147E-16,-1.,0.));
#4256 = DEFINITIONAL_REPRESENTATION('',(#4257),#4261);
#4257 = LINE('',#4258,#4259);
#4258 = CARTESIAN_POINT('',(7.470751912653E-07,0.));
#4259 = VECTOR('',#4260,1.);
#4260 = DIRECTION('',(1.,0.));
#4261 = ( GEOMETRIC_REPRESENTATION_CONTEXT(2) 
PARAMETRIC_REPRESENTATION_CONTEXT() REPRESENTATION_CONTEXT('2D SPACE',''
  ) );
#4262 = ORIENTED_EDGE('',*,*,#4263,.F.);
#4263 = EDGE_CURVE('',#3672,#4236,#4264,.T.);
#4264 = SURFACE_CURVE('',#4265,(#4270,#4277),.PCURVE_S1.);
#4265 = CIRCLE('',#4266,1.299999252925);
#4266 = AXIS2_PLACEMENT_3D('',#4267,#4268,#4269);
#4267 = CARTESIAN_POINT('',(-17.32500074707,1.450000747075,11.));
#4268 = DIRECTION('',(0.,-0.,1.));
#4269 = DIRECTION('',(7.470757350764E-07,1.,0.));
#4270 = PCURVE('',#264,#4271);
#4271 = DEFINITIONAL_REPRESENTATION('',(#4272),#4276);
#4272 = CIRCLE('',#4273,1.299999252925);
#4273 = AXIS2_PLACEMENT_2D('',#4274,#4275);
#4274 = CARTESIAN_POINT('',(-17.32500074707,1.450000747075));
#4275 = DIRECTION('',(7.470757350764E-07,1.));
#4276 = ( GEOMETRIC_REPRESENTATION_CONTEXT(2) 
PARAMETRIC_REPRESENTATION_CONTEXT() REPRESENTATION_CONTEXT('2D SPACE',''
  ) );
#4277 = PCURVE('',#4278,#4283);
#4278 = CYLINDRICAL_SURFACE('',#4279,1.299999252925);
#4279 = AXIS2_PLACEMENT_3D('',#4280,#4281,#4282);
#4280 = CARTESIAN_POINT('',(-17.32500074707,1.450000747075,11.));
#4281 = DIRECTION('',(0.,-0.,1.));
#4282 = DIRECTION('',(7.470757350764E-07,1.,0.));
#4283 = DEFINITIONAL_REPRESENTATION('',(#4284),#4288);
#4284 = LINE('',#4285,#4286);
#4285 = CARTESIAN_POINT('',(0.,0.));
#4286 = VECTOR('',#4287,1.);
#4287 = DIRECTION('',(1.,0.));
#4288 = ( GEOMETRIC_REPRESENTATION_CONTEXT(2) 
PARAMETRIC_REPRESENTATION_CONTEXT() REPRESENTATION_CONTEXT('2D SPACE',''
  ) );
#4289 = ADVANCED_FACE('',(#4290),#238,.T.);
#4290 = FACE_BOUND('',#4291,.T.);
#4291 = EDGE_LOOP('',(#4292,#4315,#4336,#4337));
#4292 = ORIENTED_EDGE('',*,*,#4293,.F.);
#4293 = EDGE_CURVE('',#4294,#3246,#4296,.T.);
#4294 = VERTEX_POINT('',#4295);
#4295 = CARTESIAN_POINT('',(11.3,8.8,6.49));
#4296 = SURFACE_CURVE('',#4297,(#4301,#4308),.PCURVE_S1.);
#4297 = LINE('',#4298,#4299);
#4298 = CARTESIAN_POINT('',(11.3,8.8,5.));
#4299 = VECTOR('',#4300,1.);
#4300 = DIRECTION('',(0.,0.,1.));
#4301 = PCURVE('',#238,#4302);
#4302 = DEFINITIONAL_REPRESENTATION('',(#4303),#4307);
#4303 = LINE('',#4304,#4305);
#4304 = CARTESIAN_POINT('',(8.,0.));
#4305 = VECTOR('',#4306,1.);
#4306 = DIRECTION('',(0.,-1.));
#4307 = ( GEOMETRIC_REPRESENTATION_CONTEXT(2) 
PARAMETRIC_REPRESENTATION_CONTEXT() REPRESENTATION_CONTEXT('2D SPACE',''
  ) );
#4308 = PCURVE('',#3262,#4309);
#4309 = DEFINITIONAL_REPRESENTATION('',(#4310),#4314);
#4310 = LINE('',#4311,#4312);
#4311 = CARTESIAN_POINT('',(0.,0.));
#4312 = VECTOR('',#4313,1.);
#4313 = DIRECTION('',(0.,1.));
#4314 = ( GEOMETRIC_REPRESENTATION_CONTEXT(2) 
PARAMETRIC_REPRESENTATION_CONTEXT() REPRESENTATION_CONTEXT('2D SPACE',''
  ) );
#4315 = ORIENTED_EDGE('',*,*,#4316,.F.);
#4316 = EDGE_CURVE('',#195,#4294,#4317,.T.);
#4317 = SURFACE_CURVE('',#4318,(#4322,#4329),.PCURVE_S1.);
#4318 = LINE('',#4319,#4320);
#4319 = CARTESIAN_POINT('',(11.3,16.8,6.49));
#4320 = VECTOR('',#4321,1.);
#4321 = DIRECTION('',(0.,-1.,0.));
#4322 = PCURVE('',#238,#4323);
#4323 = DEFINITIONAL_REPRESENTATION('',(#4324),#4328);
#4324 = LINE('',#4325,#4326);
#4325 = CARTESIAN_POINT('',(0.,-1.49));
#4326 = VECTOR('',#4327,1.);
#4327 = DIRECTION('',(1.,0.));
#4328 = ( GEOMETRIC_REPRESENTATION_CONTEXT(2) 
PARAMETRIC_REPRESENTATION_CONTEXT() REPRESENTATION_CONTEXT('2D SPACE',''
  ) );
#4329 = PCURVE('',#211,#4330);
#4330 = DEFINITIONAL_REPRESENTATION('',(#4331),#4335);
#4331 = LINE('',#4332,#4333);
#4332 = CARTESIAN_POINT('',(-1.570796326795,0.));
#4333 = VECTOR('',#4334,1.);
#4334 = DIRECTION('',(-0.,1.));
#4335 = ( GEOMETRIC_REPRESENTATION_CONTEXT(2) 
PARAMETRIC_REPRESENTATION_CONTEXT() REPRESENTATION_CONTEXT('2D SPACE',''
  ) );
#4336 = ORIENTED_EDGE('',*,*,#223,.T.);
#4337 = ORIENTED_EDGE('',*,*,#3274,.F.);
#4338 = ADVANCED_FACE('',(#4339),#211,.F.);
#4339 = FACE_BOUND('',#4340,.T.);
#4340 = EDGE_LOOP('',(#4341,#4364,#4365,#4366));
#4341 = ORIENTED_EDGE('',*,*,#4342,.F.);
#4342 = EDGE_CURVE('',#169,#4343,#4345,.T.);
#4343 = VERTEX_POINT('',#4344);
#4344 = CARTESIAN_POINT('',(12.79,8.8,5.));
#4345 = SURFACE_CURVE('',#4346,(#4350,#4357),.PCURVE_S1.);
#4346 = LINE('',#4347,#4348);
#4347 = CARTESIAN_POINT('',(12.79,16.8,5.));
#4348 = VECTOR('',#4349,1.);
#4349 = DIRECTION('',(0.,-1.,0.));
#4350 = PCURVE('',#211,#4351);
#4351 = DEFINITIONAL_REPRESENTATION('',(#4352),#4356);
#4352 = LINE('',#4353,#4354);
#4353 = CARTESIAN_POINT('',(-0.,0.));
#4354 = VECTOR('',#4355,1.);
#4355 = DIRECTION('',(-0.,1.));
#4356 = ( GEOMETRIC_REPRESENTATION_CONTEXT(2) 
PARAMETRIC_REPRESENTATION_CONTEXT() REPRESENTATION_CONTEXT('2D SPACE',''
  ) );
#4357 = PCURVE('',#183,#4358);
#4358 = DEFINITIONAL_REPRESENTATION('',(#4359),#4363);
#4359 = LINE('',#4360,#4361);
#4360 = CARTESIAN_POINT('',(-3.867142857143,8.642857142857));
#4361 = VECTOR('',#4362,1.);
#4362 = DIRECTION('',(0.,-1.));
#4363 = ( GEOMETRIC_REPRESENTATION_CONTEXT(2) 
PARAMETRIC_REPRESENTATION_CONTEXT() REPRESENTATION_CONTEXT('2D SPACE',''
  ) );
#4364 = ORIENTED_EDGE('',*,*,#194,.F.);
#4365 = ORIENTED_EDGE('',*,*,#4316,.T.);
#4366 = ORIENTED_EDGE('',*,*,#4367,.F.);
#4367 = EDGE_CURVE('',#4343,#4294,#4368,.T.);
#4368 = SURFACE_CURVE('',#4369,(#4374,#4381),.PCURVE_S1.);
#4369 = CIRCLE('',#4370,1.49);
#4370 = AXIS2_PLACEMENT_3D('',#4371,#4372,#4373);
#4371 = CARTESIAN_POINT('',(12.79,8.8,6.49));
#4372 = DIRECTION('',(-0.,1.,-0.));
#4373 = DIRECTION('',(0.,-0.,-1.));
#4374 = PCURVE('',#211,#4375);
#4375 = DEFINITIONAL_REPRESENTATION('',(#4376),#4380);
#4376 = LINE('',#4377,#4378);
#4377 = CARTESIAN_POINT('',(-0.,8.));
#4378 = VECTOR('',#4379,1.);
#4379 = DIRECTION('',(-1.,0.));
#4380 = ( GEOMETRIC_REPRESENTATION_CONTEXT(2) 
PARAMETRIC_REPRESENTATION_CONTEXT() REPRESENTATION_CONTEXT('2D SPACE',''
  ) );
#4381 = PCURVE('',#4382,#4387);
#4382 = TOROIDAL_SURFACE('',#4383,3.51,1.49);
#4383 = AXIS2_PLACEMENT_3D('',#4384,#4385,#4386);
#4384 = CARTESIAN_POINT('',(16.3,8.8,6.49));
#4385 = DIRECTION('',(0.,0.,1.));
#4386 = DIRECTION('',(-1.,0.,0.));
#4387 = DEFINITIONAL_REPRESENTATION('',(#4388),#4392);
#4388 = LINE('',#4389,#4390);
#4389 = CARTESIAN_POINT('',(0.,4.712388980385));
#4390 = VECTOR('',#4391,1.);
#4391 = DIRECTION('',(0.,1.));
#4392 = ( GEOMETRIC_REPRESENTATION_CONTEXT(2) 
PARAMETRIC_REPRESENTATION_CONTEXT() REPRESENTATION_CONTEXT('2D SPACE',''
  ) );
#4393 = ADVANCED_FACE('',(#4394),#183,.T.);
#4394 = FACE_BOUND('',#4395,.T.);
#4395 = EDGE_LOOP('',(#4396,#4419,#4447,#4480,#4501,#4502,#4503,#4527));
#4396 = ORIENTED_EDGE('',*,*,#4397,.T.);
#4397 = EDGE_CURVE('',#4398,#4400,#4402,.T.);
#4398 = VERTEX_POINT('',#4399);
#4399 = CARTESIAN_POINT('',(20.125,5.29,5.));
#4400 = VERTEX_POINT('',#4401);
#4401 = CARTESIAN_POINT('',(20.125,5.31,5.));
#4402 = SURFACE_CURVE('',#4403,(#4407,#4413),.PCURVE_S1.);
#4403 = LINE('',#4404,#4405);
#4404 = CARTESIAN_POINT('',(20.125,-4.846428571429,5.));
#4405 = VECTOR('',#4406,1.);
#4406 = DIRECTION('',(0.,1.,-0.));
#4407 = PCURVE('',#183,#4408);
#4408 = DEFINITIONAL_REPRESENTATION('',(#4409),#4412);
#4409 = B_SPLINE_CURVE_WITH_KNOTS('',1,(#4410,#4411),.UNSPECIFIED.,.F.,
  .F.,(2,2),(10.136428571429,14.696428571429),.PIECEWISE_BEZIER_KNOTS.);
#4410 = CARTESIAN_POINT('',(3.467857142857,-2.867142857143));
#4411 = CARTESIAN_POINT('',(3.467857142857,1.692857142857));
#4412 = ( GEOMETRIC_REPRESENTATION_CONTEXT(2) 
PARAMETRIC_REPRESENTATION_CONTEXT() REPRESENTATION_CONTEXT('2D SPACE',''
  ) );
#4413 = PCURVE('',#797,#4414);
#4414 = DEFINITIONAL_REPRESENTATION('',(#4415),#4418);
#4415 = B_SPLINE_CURVE_WITH_KNOTS('',1,(#4416,#4417),.UNSPECIFIED.,.F.,
  .F.,(2,2),(10.136428571429,14.696428571429),.PIECEWISE_BEZIER_KNOTS.);
#4416 = CARTESIAN_POINT('',(23.14,-5.));
#4417 = CARTESIAN_POINT('',(27.700000000001,-5.));
#4418 = ( GEOMETRIC_REPRESENTATION_CONTEXT(2) 
PARAMETRIC_REPRESENTATION_CONTEXT() REPRESENTATION_CONTEXT('2D SPACE',''
  ) );
#4419 = ORIENTED_EDGE('',*,*,#4420,.T.);
#4420 = EDGE_CURVE('',#4400,#4421,#4423,.T.);
#4421 = VERTEX_POINT('',#4422);
#4422 = CARTESIAN_POINT('',(16.8,5.31,5.));
#4423 = SURFACE_CURVE('',#4424,(#4428,#4435),.PCURVE_S1.);
#4424 = LINE('',#4425,#4426);
#4425 = CARTESIAN_POINT('',(26.3,5.31,5.));
#4426 = VECTOR('',#4427,1.);
#4427 = DIRECTION('',(-1.,0.,0.));
#4428 = PCURVE('',#183,#4429);
#4429 = DEFINITIONAL_REPRESENTATION('',(#4430),#4434);
#4430 = LINE('',#4431,#4432);
#4431 = CARTESIAN_POINT('',(9.642857142857,-2.847142857143));
#4432 = VECTOR('',#4433,1.);
#4433 = DIRECTION('',(-1.,0.));
#4434 = ( GEOMETRIC_REPRESENTATION_CONTEXT(2) 
PARAMETRIC_REPRESENTATION_CONTEXT() REPRESENTATION_CONTEXT('2D SPACE',''
  ) );
#4435 = PCURVE('',#4436,#4441);
#4436 = CYLINDRICAL_SURFACE('',#4437,1.49);
#4437 = AXIS2_PLACEMENT_3D('',#4438,#4439,#4440);
#4438 = CARTESIAN_POINT('',(26.3,5.31,6.49));
#4439 = DIRECTION('',(-1.,0.,0.));
#4440 = DIRECTION('',(-0.,0.,-1.));
#4441 = DEFINITIONAL_REPRESENTATION('',(#4442),#4446);
#4442 = LINE('',#4443,#4444);
#4443 = CARTESIAN_POINT('',(-0.,0.));
#4444 = VECTOR('',#4445,1.);
#4445 = DIRECTION('',(-0.,1.));
#4446 = ( GEOMETRIC_REPRESENTATION_CONTEXT(2) 
PARAMETRIC_REPRESENTATION_CONTEXT() REPRESENTATION_CONTEXT('2D SPACE',''
  ) );
#4447 = ORIENTED_EDGE('',*,*,#4448,.T.);
#4448 = EDGE_CURVE('',#4421,#4449,#4451,.T.);
#4449 = VERTEX_POINT('',#4450);
#4450 = CARTESIAN_POINT('',(12.81,9.3,5.));
#4451 = SURFACE_CURVE('',#4452,(#4457,#4468),.PCURVE_S1.);
#4452 = CIRCLE('',#4453,3.99);
#4453 = AXIS2_PLACEMENT_3D('',#4454,#4455,#4456);
#4454 = CARTESIAN_POINT('',(16.8,9.3,5.));
#4455 = DIRECTION('',(-0.,0.,-1.));
#4456 = DIRECTION('',(-1.7763568394E-16,-1.,0.));
#4457 = PCURVE('',#183,#4458);
#4458 = DEFINITIONAL_REPRESENTATION('',(#4459),#4467);
#4459 = ( BOUNDED_CURVE() B_SPLINE_CURVE(2,(#4460,#4461,#4462,#4463,
#4464,#4465,#4466),.UNSPECIFIED.,.T.,.F.) B_SPLINE_CURVE_WITH_KNOTS((1,2
    ,2,2,2,1),(-2.094395102393,0.,2.094395102393,4.188790204786,
6.28318530718,8.377580409573),.UNSPECIFIED.) CURVE() 
GEOMETRIC_REPRESENTATION_ITEM() RATIONAL_B_SPLINE_CURVE((1.,0.5,1.,0.5,
1.,0.5,1.)) REPRESENTATION_ITEM('') );
#4460 = CARTESIAN_POINT('',(0.142857142857,-2.847142857143));
#4461 = CARTESIAN_POINT('',(-6.768025579343,-2.847142857143));
#4462 = CARTESIAN_POINT('',(-3.312584218243,3.137857142857));
#4463 = CARTESIAN_POINT('',(0.142857142857,9.122857142857));
#4464 = CARTESIAN_POINT('',(3.598298503957,3.137857142857));
#4465 = CARTESIAN_POINT('',(7.053739865057,-2.847142857143));
#4466 = CARTESIAN_POINT('',(0.142857142857,-2.847142857143));
#4467 = ( GEOMETRIC_REPRESENTATION_CONTEXT(2) 
PARAMETRIC_REPRESENTATION_CONTEXT() REPRESENTATION_CONTEXT('2D SPACE',''
  ) );
#4468 = PCURVE('',#4469,#4474);
#4469 = TOROIDAL_SURFACE('',#4470,3.99,1.49);
#4470 = AXIS2_PLACEMENT_3D('',#4471,#4472,#4473);
#4471 = CARTESIAN_POINT('',(16.8,9.3,6.49));
#4472 = DIRECTION('',(-0.,-0.,-1.));
#4473 = DIRECTION('',(-1.7763568394E-16,-1.,0.));
#4474 = DEFINITIONAL_REPRESENTATION('',(#4475),#4479);
#4475 = LINE('',#4476,#4477);
#4476 = CARTESIAN_POINT('',(0.,1.570796326795));
#4477 = VECTOR('',#4478,1.);
#4478 = DIRECTION('',(1.,0.));
#4479 = ( GEOMETRIC_REPRESENTATION_CONTEXT(2) 
PARAMETRIC_REPRESENTATION_CONTEXT() REPRESENTATION_CONTEXT('2D SPACE',''
  ) );
#4480 = ORIENTED_EDGE('',*,*,#4481,.T.);
#4481 = EDGE_CURVE('',#4449,#136,#4482,.T.);
#4482 = SURFACE_CURVE('',#4483,(#4487,#4494),.PCURVE_S1.);
#4483 = LINE('',#4484,#4485);
#4484 = CARTESIAN_POINT('',(12.81,9.3,5.));
#4485 = VECTOR('',#4486,1.);
#4486 = DIRECTION('',(0.,1.,0.));
#4487 = PCURVE('',#183,#4488);
#4488 = DEFINITIONAL_REPRESENTATION('',(#4489),#4493);
#4489 = LINE('',#4490,#4491);
#4490 = CARTESIAN_POINT('',(-3.847142857143,1.142857142857));
#4491 = VECTOR('',#4492,1.);
#4492 = DIRECTION('',(0.,1.));
#4493 = ( GEOMETRIC_REPRESENTATION_CONTEXT(2) 
PARAMETRIC_REPRESENTATION_CONTEXT() REPRESENTATION_CONTEXT('2D SPACE',''
  ) );
#4494 = PCURVE('',#156,#4495);
#4495 = DEFINITIONAL_REPRESENTATION('',(#4496),#4500);
#4496 = LINE('',#4497,#4498);
#4497 = CARTESIAN_POINT('',(-0.,0.));
#4498 = VECTOR('',#4499,1.);
#4499 = DIRECTION('',(-0.,1.));
#4500 = ( GEOMETRIC_REPRESENTATION_CONTEXT(2) 
PARAMETRIC_REPRESENTATION_CONTEXT() REPRESENTATION_CONTEXT('2D SPACE',''
  ) );
#4501 = ORIENTED_EDGE('',*,*,#168,.T.);
#4502 = ORIENTED_EDGE('',*,*,#4342,.T.);
#4503 = ORIENTED_EDGE('',*,*,#4504,.T.);
#4504 = EDGE_CURVE('',#4343,#4505,#4507,.T.);
#4505 = VERTEX_POINT('',#4506);
#4506 = CARTESIAN_POINT('',(16.3,5.29,5.));
#4507 = SURFACE_CURVE('',#4508,(#4513,#4520),.PCURVE_S1.);
#4508 = CIRCLE('',#4509,3.51);
#4509 = AXIS2_PLACEMENT_3D('',#4510,#4511,#4512);
#4510 = CARTESIAN_POINT('',(16.3,8.8,5.));
#4511 = DIRECTION('',(0.,0.,1.));
#4512 = DIRECTION('',(-1.,0.,0.));
#4513 = PCURVE('',#183,#4514);
#4514 = DEFINITIONAL_REPRESENTATION('',(#4515),#4519);
#4515 = CIRCLE('',#4516,3.51);
#4516 = AXIS2_PLACEMENT_2D('',#4517,#4518);
#4517 = CARTESIAN_POINT('',(-0.357142857143,0.642857142857));
#4518 = DIRECTION('',(-1.,0.));
#4519 = ( GEOMETRIC_REPRESENTATION_CONTEXT(2) 
PARAMETRIC_REPRESENTATION_CONTEXT() REPRESENTATION_CONTEXT('2D SPACE',''
  ) );
#4520 = PCURVE('',#4382,#4521);
#4521 = DEFINITIONAL_REPRESENTATION('',(#4522),#4526);
#4522 = LINE('',#4523,#4524);
#4523 = CARTESIAN_POINT('',(0.,4.712388980385));
#4524 = VECTOR('',#4525,1.);
#4525 = DIRECTION('',(1.,0.));
#4526 = ( GEOMETRIC_REPRESENTATION_CONTEXT(2) 
PARAMETRIC_REPRESENTATION_CONTEXT() REPRESENTATION_CONTEXT('2D SPACE',''
  ) );
#4527 = ORIENTED_EDGE('',*,*,#4528,.T.);
#4528 = EDGE_CURVE('',#4505,#4398,#4529,.T.);
#4529 = SURFACE_CURVE('',#4530,(#4534,#4541),.PCURVE_S1.);
#4530 = LINE('',#4531,#4532);
#4531 = CARTESIAN_POINT('',(16.3,5.29,5.));
#4532 = VECTOR('',#4533,1.);
#4533 = DIRECTION('',(1.,0.,0.));
#4534 = PCURVE('',#183,#4535);
#4535 = DEFINITIONAL_REPRESENTATION('',(#4536),#4540);
#4536 = LINE('',#4537,#4538);
#4537 = CARTESIAN_POINT('',(-0.357142857143,-2.867142857143));
#4538 = VECTOR('',#4539,1.);
#4539 = DIRECTION('',(1.,0.));
#4540 = ( GEOMETRIC_REPRESENTATION_CONTEXT(2) 
PARAMETRIC_REPRESENTATION_CONTEXT() REPRESENTATION_CONTEXT('2D SPACE',''
  ) );
#4541 = PCURVE('',#4542,#4547);
#4542 = CYLINDRICAL_SURFACE('',#4543,1.49);
#4543 = AXIS2_PLACEMENT_3D('',#4544,#4545,#4546);
#4544 = CARTESIAN_POINT('',(16.3,5.29,6.49));
#4545 = DIRECTION('',(1.,0.,0.));
#4546 = DIRECTION('',(0.,0.,-1.));
#4547 = DEFINITIONAL_REPRESENTATION('',(#4548),#4552);
#4548 = LINE('',#4549,#4550);
#4549 = CARTESIAN_POINT('',(-0.,0.));
#4550 = VECTOR('',#4551,1.);
#4551 = DIRECTION('',(-0.,1.));
#4552 = ( GEOMETRIC_REPRESENTATION_CONTEXT(2) 
PARAMETRIC_REPRESENTATION_CONTEXT() REPRESENTATION_CONTEXT('2D SPACE',''
  ) );
#4553 = ADVANCED_FACE('',(#4554),#156,.F.);
#4554 = FACE_BOUND('',#4555,.T.);
#4555 = EDGE_LOOP('',(#4556,#4557,#4581,#4602));
#4556 = ORIENTED_EDGE('',*,*,#4481,.F.);
#4557 = ORIENTED_EDGE('',*,*,#4558,.T.);
#4558 = EDGE_CURVE('',#4449,#4559,#4561,.T.);
#4559 = VERTEX_POINT('',#4560);
#4560 = CARTESIAN_POINT('',(14.3,9.3,6.49));
#4561 = SURFACE_CURVE('',#4562,(#4567,#4574),.PCURVE_S1.);
#4562 = CIRCLE('',#4563,1.49);
#4563 = AXIS2_PLACEMENT_3D('',#4564,#4565,#4566);
#4564 = CARTESIAN_POINT('',(12.81,9.3,6.49));
#4565 = DIRECTION('',(1.056412609424E-16,-1.,0.));
#4566 = DIRECTION('',(-1.,-1.056412609424E-16,0.));
#4567 = PCURVE('',#156,#4568);
#4568 = DEFINITIONAL_REPRESENTATION('',(#4569),#4573);
#4569 = LINE('',#4570,#4571);
#4570 = CARTESIAN_POINT('',(1.570796326795,-0.));
#4571 = VECTOR('',#4572,1.);
#4572 = DIRECTION('',(-1.,0.));
#4573 = ( GEOMETRIC_REPRESENTATION_CONTEXT(2) 
PARAMETRIC_REPRESENTATION_CONTEXT() REPRESENTATION_CONTEXT('2D SPACE',''
  ) );
#4574 = PCURVE('',#4469,#4575);
#4575 = DEFINITIONAL_REPRESENTATION('',(#4576),#4580);
#4576 = LINE('',#4577,#4578);
#4577 = CARTESIAN_POINT('',(1.570796326795,0.));
#4578 = VECTOR('',#4579,1.);
#4579 = DIRECTION('',(0.,1.));
#4580 = ( GEOMETRIC_REPRESENTATION_CONTEXT(2) 
PARAMETRIC_REPRESENTATION_CONTEXT() REPRESENTATION_CONTEXT('2D SPACE',''
  ) );
#4581 = ORIENTED_EDGE('',*,*,#4582,.T.);
#4582 = EDGE_CURVE('',#4559,#110,#4583,.T.);
#4583 = SURFACE_CURVE('',#4584,(#4588,#4595),.PCURVE_S1.);
#4584 = LINE('',#4585,#4586);
#4585 = CARTESIAN_POINT('',(14.3,9.3,6.49));
#4586 = VECTOR('',#4587,1.);
#4587 = DIRECTION('',(0.,1.,0.));
#4588 = PCURVE('',#156,#4589);
#4589 = DEFINITIONAL_REPRESENTATION('',(#4590),#4594);
#4590 = LINE('',#4591,#4592);
#4591 = CARTESIAN_POINT('',(-1.570796326795,0.));
#4592 = VECTOR('',#4593,1.);
#4593 = DIRECTION('',(-0.,1.));
#4594 = ( GEOMETRIC_REPRESENTATION_CONTEXT(2) 
PARAMETRIC_REPRESENTATION_CONTEXT() REPRESENTATION_CONTEXT('2D SPACE',''
  ) );
#4595 = PCURVE('',#124,#4596);
#4596 = DEFINITIONAL_REPRESENTATION('',(#4597),#4601);
#4597 = LINE('',#4598,#4599);
#4598 = CARTESIAN_POINT('',(2.5,-1.49));
#4599 = VECTOR('',#4600,1.);
#4600 = DIRECTION('',(1.,0.));
#4601 = ( GEOMETRIC_REPRESENTATION_CONTEXT(2) 
PARAMETRIC_REPRESENTATION_CONTEXT() REPRESENTATION_CONTEXT('2D SPACE',''
  ) );
#4602 = ORIENTED_EDGE('',*,*,#135,.T.);
#4603 = ADVANCED_FACE('',(#4604),#124,.T.);
#4604 = FACE_BOUND('',#4605,.T.);
#4605 = EDGE_LOOP('',(#4606,#4607,#4635,#4654));
#4606 = ORIENTED_EDGE('',*,*,#4582,.F.);
#4607 = ORIENTED_EDGE('',*,*,#4608,.T.);
#4608 = EDGE_CURVE('',#4559,#4609,#4611,.T.);
#4609 = VERTEX_POINT('',#4610);
#4610 = CARTESIAN_POINT('',(14.3,9.3,11.));
#4611 = SURFACE_CURVE('',#4612,(#4616,#4623),.PCURVE_S1.);
#4612 = LINE('',#4613,#4614);
#4613 = CARTESIAN_POINT('',(14.3,9.3,5.));
#4614 = VECTOR('',#4615,1.);
#4615 = DIRECTION('',(0.,0.,1.));
#4616 = PCURVE('',#124,#4617);
#4617 = DEFINITIONAL_REPRESENTATION('',(#4618),#4622);
#4618 = LINE('',#4619,#4620);
#4619 = CARTESIAN_POINT('',(2.5,0.));
#4620 = VECTOR('',#4621,1.);
#4621 = DIRECTION('',(0.,-1.));
#4622 = ( GEOMETRIC_REPRESENTATION_CONTEXT(2) 
PARAMETRIC_REPRESENTATION_CONTEXT() REPRESENTATION_CONTEXT('2D SPACE',''
  ) );
#4623 = PCURVE('',#4624,#4629);
#4624 = CYLINDRICAL_SURFACE('',#4625,2.5);
#4625 = AXIS2_PLACEMENT_3D('',#4626,#4627,#4628);
#4626 = CARTESIAN_POINT('',(16.8,9.3,5.));
#4627 = DIRECTION('',(0.,0.,1.));
#4628 = DIRECTION('',(-1.,0.,0.));
#4629 = DEFINITIONAL_REPRESENTATION('',(#4630),#4634);
#4630 = LINE('',#4631,#4632);
#4631 = CARTESIAN_POINT('',(0.,0.));
#4632 = VECTOR('',#4633,1.);
#4633 = DIRECTION('',(0.,1.));
#4634 = ( GEOMETRIC_REPRESENTATION_CONTEXT(2) 
PARAMETRIC_REPRESENTATION_CONTEXT() REPRESENTATION_CONTEXT('2D SPACE',''
  ) );
#4635 = ORIENTED_EDGE('',*,*,#4636,.F.);
#4636 = EDGE_CURVE('',#84,#4609,#4637,.T.);
#4637 = SURFACE_CURVE('',#4638,(#4642,#4648),.PCURVE_S1.);
#4638 = LINE('',#4639,#4640);
#4639 = CARTESIAN_POINT('',(14.3,3.4,11.));
#4640 = VECTOR('',#4641,1.);
#4641 = DIRECTION('',(0.,-1.,0.));
#4642 = PCURVE('',#124,#4643);
#4643 = DEFINITIONAL_REPRESENTATION('',(#4644),#4647);
#4644 = B_SPLINE_CURVE_WITH_KNOTS('',1,(#4645,#4646),.UNSPECIFIED.,.F.,
  .F.,(2,2),(-10.45,-5.9),.PIECEWISE_BEZIER_KNOTS.);
#4645 = CARTESIAN_POINT('',(7.05,-6.));
#4646 = CARTESIAN_POINT('',(2.5,-6.));
#4647 = ( GEOMETRIC_REPRESENTATION_CONTEXT(2) 
PARAMETRIC_REPRESENTATION_CONTEXT() REPRESENTATION_CONTEXT('2D SPACE',''
  ) );
#4648 = PCURVE('',#98,#4649);
#4649 = DEFINITIONAL_REPRESENTATION('',(#4650),#4653);
#4650 = B_SPLINE_CURVE_WITH_KNOTS('',1,(#4651,#4652),.UNSPECIFIED.,.F.,
  .F.,(2,2),(-10.45,-5.9),.PIECEWISE_BEZIER_KNOTS.);
#4651 = CARTESIAN_POINT('',(14.3,13.85));
#4652 = CARTESIAN_POINT('',(14.3,9.3));
#4653 = ( GEOMETRIC_REPRESENTATION_CONTEXT(2) 
PARAMETRIC_REPRESENTATION_CONTEXT() REPRESENTATION_CONTEXT('2D SPACE',''
  ) );
#4654 = ORIENTED_EDGE('',*,*,#109,.T.);
#4655 = ADVANCED_FACE('',(#4656,#4753),#98,.T.);
#4656 = FACE_BOUND('',#4657,.T.);
#4657 = EDGE_LOOP('',(#4658,#4681,#4703,#4704,#4705,#4729));
#4658 = ORIENTED_EDGE('',*,*,#4659,.T.);
#4659 = EDGE_CURVE('',#4660,#4662,#4664,.T.);
#4660 = VERTEX_POINT('',#4661);
#4661 = CARTESIAN_POINT('',(20.125,6.8,11.));
#4662 = VERTEX_POINT('',#4663);
#4663 = CARTESIAN_POINT('',(20.125,9.85,11.));
#4664 = SURFACE_CURVE('',#4665,(#4669,#4675),.PCURVE_S1.);
#4665 = LINE('',#4666,#4667);
#4666 = CARTESIAN_POINT('',(20.125,-8.925,11.));
#4667 = VECTOR('',#4668,1.);
#4668 = DIRECTION('',(0.,1.,-0.));
#4669 = PCURVE('',#98,#4670);
#4670 = DEFINITIONAL_REPRESENTATION('',(#4671),#4674);
#4671 = B_SPLINE_CURVE_WITH_KNOTS('',1,(#4672,#4673),.UNSPECIFIED.,.F.,
  .F.,(2,2),(-4.894439545989,18.775),.PIECEWISE_BEZIER_KNOTS.);
#4672 = CARTESIAN_POINT('',(20.125,-13.81943954598));
#4673 = CARTESIAN_POINT('',(20.125,9.85));
#4674 = ( GEOMETRIC_REPRESENTATION_CONTEXT(2) 
PARAMETRIC_REPRESENTATION_CONTEXT() REPRESENTATION_CONTEXT('2D SPACE',''
  ) );
#4675 = PCURVE('',#797,#4676);
#4676 = DEFINITIONAL_REPRESENTATION('',(#4677),#4680);
#4677 = B_SPLINE_CURVE_WITH_KNOTS('',1,(#4678,#4679),.UNSPECIFIED.,.F.,
  .F.,(2,2),(-4.894439545989,18.775),.PIECEWISE_BEZIER_KNOTS.);
#4678 = CARTESIAN_POINT('',(4.030560454011,-11.));
#4679 = CARTESIAN_POINT('',(27.700000000001,-11.));
#4680 = ( GEOMETRIC_REPRESENTATION_CONTEXT(2) 
PARAMETRIC_REPRESENTATION_CONTEXT() REPRESENTATION_CONTEXT('2D SPACE',''
  ) );
#4681 = ORIENTED_EDGE('',*,*,#4682,.T.);
#4682 = EDGE_CURVE('',#4662,#56,#4683,.T.);
#4683 = SURFACE_CURVE('',#4684,(#4689,#4696),.PCURVE_S1.);
#4684 = CIRCLE('',#4685,4.);
#4685 = AXIS2_PLACEMENT_3D('',#4686,#4687,#4688);
#4686 = CARTESIAN_POINT('',(16.125,9.85,11.));
#4687 = DIRECTION('',(0.,0.,1.));
#4688 = DIRECTION('',(-0.,1.,0.));
#4689 = PCURVE('',#98,#4690);
#4690 = DEFINITIONAL_REPRESENTATION('',(#4691),#4695);
#4691 = CIRCLE('',#4692,4.);
#4692 = AXIS2_PLACEMENT_2D('',#4693,#4694);
#4693 = CARTESIAN_POINT('',(16.125,9.85));
#4694 = DIRECTION('',(0.,1.));
#4695 = ( GEOMETRIC_REPRESENTATION_CONTEXT(2) 
PARAMETRIC_REPRESENTATION_CONTEXT() REPRESENTATION_CONTEXT('2D SPACE',''
  ) );
#4696 = PCURVE('',#71,#4697);
#4697 = DEFINITIONAL_REPRESENTATION('',(#4698),#4702);
#4698 = LINE('',#4699,#4700);
#4699 = CARTESIAN_POINT('',(-6.28318530718,11.));
#4700 = VECTOR('',#4701,1.);
#4701 = DIRECTION('',(1.,-0.));
#4702 = ( GEOMETRIC_REPRESENTATION_CONTEXT(2) 
PARAMETRIC_REPRESENTATION_CONTEXT() REPRESENTATION_CONTEXT('2D SPACE',''
  ) );
#4703 = ORIENTED_EDGE('',*,*,#83,.T.);
#4704 = ORIENTED_EDGE('',*,*,#4636,.T.);
#4705 = ORIENTED_EDGE('',*,*,#4706,.T.);
#4706 = EDGE_CURVE('',#4609,#4707,#4709,.T.);
#4707 = VERTEX_POINT('',#4708);
#4708 = CARTESIAN_POINT('',(16.8,6.8,11.));
#4709 = SURFACE_CURVE('',#4710,(#4715,#4722),.PCURVE_S1.);
#4710 = CIRCLE('',#4711,2.5);
#4711 = AXIS2_PLACEMENT_3D('',#4712,#4713,#4714);
#4712 = CARTESIAN_POINT('',(16.8,9.3,11.));
#4713 = DIRECTION('',(0.,0.,1.));
#4714 = DIRECTION('',(-1.,0.,0.));
#4715 = PCURVE('',#98,#4716);
#4716 = DEFINITIONAL_REPRESENTATION('',(#4717),#4721);
#4717 = CIRCLE('',#4718,2.5);
#4718 = AXIS2_PLACEMENT_2D('',#4719,#4720);
#4719 = CARTESIAN_POINT('',(16.8,9.3));
#4720 = DIRECTION('',(-1.,0.));
#4721 = ( GEOMETRIC_REPRESENTATION_CONTEXT(2) 
PARAMETRIC_REPRESENTATION_CONTEXT() REPRESENTATION_CONTEXT('2D SPACE',''
  ) );
#4722 = PCURVE('',#4624,#4723);
#4723 = DEFINITIONAL_REPRESENTATION('',(#4724),#4728);
#4724 = LINE('',#4725,#4726);
#4725 = CARTESIAN_POINT('',(0.,6.));
#4726 = VECTOR('',#4727,1.);
#4727 = DIRECTION('',(1.,0.));
#4728 = ( GEOMETRIC_REPRESENTATION_CONTEXT(2) 
PARAMETRIC_REPRESENTATION_CONTEXT() REPRESENTATION_CONTEXT('2D SPACE',''
  ) );
#4729 = ORIENTED_EDGE('',*,*,#4730,.T.);
#4730 = EDGE_CURVE('',#4707,#4660,#4731,.T.);
#4731 = SURFACE_CURVE('',#4732,(#4736,#4742),.PCURVE_S1.);
#4732 = LINE('',#4733,#4734);
#4733 = CARTESIAN_POINT('',(13.15,6.8,11.));
#4734 = VECTOR('',#4735,1.);
#4735 = DIRECTION('',(1.,0.,-0.));
#4736 = PCURVE('',#98,#4737);
#4737 = DEFINITIONAL_REPRESENTATION('',(#4738),#4741);
#4738 = B_SPLINE_CURVE_WITH_KNOTS('',1,(#4739,#4740),.UNSPECIFIED.,.F.,
  .F.,(2,2),(3.65,6.975),.PIECEWISE_BEZIER_KNOTS.);
#4739 = CARTESIAN_POINT('',(16.8,6.8));
#4740 = CARTESIAN_POINT('',(20.125,6.8));
#4741 = ( GEOMETRIC_REPRESENTATION_CONTEXT(2) 
PARAMETRIC_REPRESENTATION_CONTEXT() REPRESENTATION_CONTEXT('2D SPACE',''
  ) );
#4742 = PCURVE('',#4743,#4748);
#4743 = PLANE('',#4744);
#4744 = AXIS2_PLACEMENT_3D('',#4745,#4746,#4747);
#4745 = CARTESIAN_POINT('',(26.3,6.8,5.));
#4746 = DIRECTION('',(0.,-1.,0.));
#4747 = DIRECTION('',(-1.,0.,0.));
#4748 = DEFINITIONAL_REPRESENTATION('',(#4749),#4752);
#4749 = B_SPLINE_CURVE_WITH_KNOTS('',1,(#4750,#4751),.UNSPECIFIED.,.F.,
  .F.,(2,2),(3.65,6.975),.PIECEWISE_BEZIER_KNOTS.);
#4750 = CARTESIAN_POINT('',(9.5,-6.));
#4751 = CARTESIAN_POINT('',(6.175,-6.));
#4752 = ( GEOMETRIC_REPRESENTATION_CONTEXT(2) 
PARAMETRIC_REPRESENTATION_CONTEXT() REPRESENTATION_CONTEXT('2D SPACE',''
  ) );
#4753 = FACE_BOUND('',#4754,.T.);
#4754 = EDGE_LOOP('',(#4755));
#4755 = ORIENTED_EDGE('',*,*,#4756,.F.);
#4756 = EDGE_CURVE('',#4757,#4757,#4759,.T.);
#4757 = VERTEX_POINT('',#4758);
#4758 = CARTESIAN_POINT('',(17.7,10.,11.));
#4759 = SURFACE_CURVE('',#4760,(#4765,#4772),.PCURVE_S1.);
#4760 = CIRCLE('',#4761,1.2);
#4761 = AXIS2_PLACEMENT_3D('',#4762,#4763,#4764);
#4762 = CARTESIAN_POINT('',(16.5,10.,11.));
#4763 = DIRECTION('',(0.,0.,1.));
#4764 = DIRECTION('',(1.,0.,-0.));
#4765 = PCURVE('',#98,#4766);
#4766 = DEFINITIONAL_REPRESENTATION('',(#4767),#4771);
#4767 = CIRCLE('',#4768,1.2);
#4768 = AXIS2_PLACEMENT_2D('',#4769,#4770);
#4769 = CARTESIAN_POINT('',(16.5,10.));
#4770 = DIRECTION('',(1.,0.));
#4771 = ( GEOMETRIC_REPRESENTATION_CONTEXT(2) 
PARAMETRIC_REPRESENTATION_CONTEXT() REPRESENTATION_CONTEXT('2D SPACE',''
  ) );
#4772 = PCURVE('',#2051,#4773);
#4773 = DEFINITIONAL_REPRESENTATION('',(#4774),#4778);
#4774 = LINE('',#4775,#4776);
#4775 = CARTESIAN_POINT('',(0.,-3.));
#4776 = VECTOR('',#4777,1.);
#4777 = DIRECTION('',(1.,0.));
#4778 = ( GEOMETRIC_REPRESENTATION_CONTEXT(2) 
PARAMETRIC_REPRESENTATION_CONTEXT() REPRESENTATION_CONTEXT('2D SPACE',''
  ) );
#4779 = ADVANCED_FACE('',(#4780),#71,.T.);
#4780 = FACE_BOUND('',#4781,.F.);
#4781 = EDGE_LOOP('',(#4782,#4783,#4784,#4805));
#4782 = ORIENTED_EDGE('',*,*,#55,.F.);
#4783 = ORIENTED_EDGE('',*,*,#808,.F.);
#4784 = ORIENTED_EDGE('',*,*,#4785,.T.);
#4785 = EDGE_CURVE('',#782,#4662,#4786,.T.);
#4786 = SURFACE_CURVE('',#4787,(#4791,#4798),.PCURVE_S1.);
#4787 = LINE('',#4788,#4789);
#4788 = CARTESIAN_POINT('',(20.125,9.85,0.));
#4789 = VECTOR('',#4790,1.);
#4790 = DIRECTION('',(0.,0.,1.));
#4791 = PCURVE('',#71,#4792);
#4792 = DEFINITIONAL_REPRESENTATION('',(#4793),#4797);
#4793 = LINE('',#4794,#4795);
#4794 = CARTESIAN_POINT('',(-1.570796326795,0.));
#4795 = VECTOR('',#4796,1.);
#4796 = DIRECTION('',(-0.,1.));
#4797 = ( GEOMETRIC_REPRESENTATION_CONTEXT(2) 
PARAMETRIC_REPRESENTATION_CONTEXT() REPRESENTATION_CONTEXT('2D SPACE',''
  ) );
#4798 = PCURVE('',#797,#4799);
#4799 = DEFINITIONAL_REPRESENTATION('',(#4800),#4804);
#4800 = LINE('',#4801,#4802);
#4801 = CARTESIAN_POINT('',(27.700000000001,0.));
#4802 = VECTOR('',#4803,1.);
#4803 = DIRECTION('',(0.,-1.));
#4804 = ( GEOMETRIC_REPRESENTATION_CONTEXT(2) 
PARAMETRIC_REPRESENTATION_CONTEXT() REPRESENTATION_CONTEXT('2D SPACE',''
  ) );
#4805 = ORIENTED_EDGE('',*,*,#4682,.T.);
#4806 = ADVANCED_FACE('',(#4807),#797,.F.);
#4807 = FACE_BOUND('',#4808,.F.);
#4808 = EDGE_LOOP('',(#4809,#4810,#4832,#4833,#4854,#4880,#4881,#4905,
    #4924,#4925));
#4809 = ORIENTED_EDGE('',*,*,#779,.F.);
#4810 = ORIENTED_EDGE('',*,*,#4811,.T.);
#4811 = EDGE_CURVE('',#780,#3107,#4812,.T.);
#4812 = SURFACE_CURVE('',#4813,(#4819,#4825),.PCURVE_S1.);
#4813 = B_SPLINE_CURVE_WITH_KNOTS('',2,(#4814,#4815,#4816,#4817,#4818),
  .UNSPECIFIED.,.F.,.F.,(3,1,1,3),(-0.8568,6.170714980658E-14,14.,
    14.8568),.UNSPECIFIED.);
#4814 = CARTESIAN_POINT('',(20.125,-13.81943954598,-0.8568));
#4815 = CARTESIAN_POINT('',(20.125,-13.81943954598,-0.4284));
#4816 = CARTESIAN_POINT('',(20.125,-13.81943954598,7.));
#4817 = CARTESIAN_POINT('',(20.125,-13.81943954598,14.4284));
#4818 = CARTESIAN_POINT('',(20.125,-13.81943954598,14.8568));
#4819 = PCURVE('',#797,#4820);
#4820 = DEFINITIONAL_REPRESENTATION('',(#4821),#4824);
#4821 = B_SPLINE_CURVE_WITH_KNOTS('',1,(#4822,#4823),.UNSPECIFIED.,.F.,
  .F.,(2,2),(6.170714980658E-14,14.),.PIECEWISE_BEZIER_KNOTS.);
#4822 = CARTESIAN_POINT('',(4.030560454011,-1.7763568394E-15));
#4823 = CARTESIAN_POINT('',(4.030560454011,-14.));
#4824 = ( GEOMETRIC_REPRESENTATION_CONTEXT(2) 
PARAMETRIC_REPRESENTATION_CONTEXT() REPRESENTATION_CONTEXT('2D SPACE',''
  ) );
#4825 = PCURVE('',#1893,#4826);
#4826 = DEFINITIONAL_REPRESENTATION('',(#4827),#4831);
#4827 = LINE('',#4828,#4829);
#4828 = CARTESIAN_POINT('',(0.,0.));
#4829 = VECTOR('',#4830,1.);
#4830 = DIRECTION('',(0.,1.));
#4831 = ( GEOMETRIC_REPRESENTATION_CONTEXT(2) 
PARAMETRIC_REPRESENTATION_CONTEXT() REPRESENTATION_CONTEXT('2D SPACE',''
  ) );
#4832 = ORIENTED_EDGE('',*,*,#3198,.T.);
#4833 = ORIENTED_EDGE('',*,*,#4834,.T.);
#4834 = EDGE_CURVE('',#3199,#4835,#4837,.T.);
#4835 = VERTEX_POINT('',#4836);
#4836 = CARTESIAN_POINT('',(20.125,3.8,6.49));
#4837 = SURFACE_CURVE('',#4838,(#4842,#4848),.PCURVE_S1.);
#4838 = LINE('',#4839,#4840);
#4839 = CARTESIAN_POINT('',(20.125,3.8,2.5));
#4840 = VECTOR('',#4841,1.);
#4841 = DIRECTION('',(0.,0.,-1.));
#4842 = PCURVE('',#797,#4843);
#4843 = DEFINITIONAL_REPRESENTATION('',(#4844),#4847);
#4844 = B_SPLINE_CURVE_WITH_KNOTS('',1,(#4845,#4846),.UNSPECIFIED.,.F.,
  .F.,(2,2),(-8.5,-3.99),.PIECEWISE_BEZIER_KNOTS.);
#4845 = CARTESIAN_POINT('',(21.65,-11.));
#4846 = CARTESIAN_POINT('',(21.65,-6.49));
#4847 = ( GEOMETRIC_REPRESENTATION_CONTEXT(2) 
PARAMETRIC_REPRESENTATION_CONTEXT() REPRESENTATION_CONTEXT('2D SPACE',''
  ) );
#4848 = PCURVE('',#3234,#4849);
#4849 = DEFINITIONAL_REPRESENTATION('',(#4850),#4853);
#4850 = B_SPLINE_CURVE_WITH_KNOTS('',1,(#4851,#4852),.UNSPECIFIED.,.F.,
  .F.,(2,2),(-8.5,-3.99),.PIECEWISE_BEZIER_KNOTS.);
#4851 = CARTESIAN_POINT('',(8.825,-6.));
#4852 = CARTESIAN_POINT('',(8.825,-1.49));
#4853 = ( GEOMETRIC_REPRESENTATION_CONTEXT(2) 
PARAMETRIC_REPRESENTATION_CONTEXT() REPRESENTATION_CONTEXT('2D SPACE',''
  ) );
#4854 = ORIENTED_EDGE('',*,*,#4855,.T.);
#4855 = EDGE_CURVE('',#4835,#4398,#4856,.T.);
#4856 = SURFACE_CURVE('',#4857,(#4862,#4873),.PCURVE_S1.);
#4857 = CIRCLE('',#4858,1.49);
#4858 = AXIS2_PLACEMENT_3D('',#4859,#4860,#4861);
#4859 = CARTESIAN_POINT('',(20.125,5.29,6.49));
#4860 = DIRECTION('',(1.,0.,0.));
#4861 = DIRECTION('',(0.,0.,-1.));
#4862 = PCURVE('',#797,#4863);
#4863 = DEFINITIONAL_REPRESENTATION('',(#4864),#4872);
#4864 = ( BOUNDED_CURVE() B_SPLINE_CURVE(2,(#4865,#4866,#4867,#4868,
#4869,#4870,#4871),.UNSPECIFIED.,.T.,.F.) B_SPLINE_CURVE_WITH_KNOTS((1,2
    ,2,2,2,1),(-2.094395102393,0.,2.094395102393,4.188790204786,
6.28318530718,8.377580409573),.UNSPECIFIED.) CURVE() 
GEOMETRIC_REPRESENTATION_ITEM() RATIONAL_B_SPLINE_CURVE((1.,0.5,1.,0.5,
1.,0.5,1.)) REPRESENTATION_ITEM('') );
#4865 = CARTESIAN_POINT('',(23.14,-5.));
#4866 = CARTESIAN_POINT('',(25.720755703278,-5.));
#4867 = CARTESIAN_POINT('',(24.430377851639,-7.235));
#4868 = CARTESIAN_POINT('',(23.14,-9.47));
#4869 = CARTESIAN_POINT('',(21.849622148361,-7.235));
#4870 = CARTESIAN_POINT('',(20.559244296723,-5.));
#4871 = CARTESIAN_POINT('',(23.14,-5.));
#4872 = ( GEOMETRIC_REPRESENTATION_CONTEXT(2) 
PARAMETRIC_REPRESENTATION_CONTEXT() REPRESENTATION_CONTEXT('2D SPACE',''
  ) );
#4873 = PCURVE('',#4542,#4874);
#4874 = DEFINITIONAL_REPRESENTATION('',(#4875),#4879);
#4875 = LINE('',#4876,#4877);
#4876 = CARTESIAN_POINT('',(-6.28318530718,3.825));
#4877 = VECTOR('',#4878,1.);
#4878 = DIRECTION('',(1.,-0.));
#4879 = ( GEOMETRIC_REPRESENTATION_CONTEXT(2) 
PARAMETRIC_REPRESENTATION_CONTEXT() REPRESENTATION_CONTEXT('2D SPACE',''
  ) );
#4880 = ORIENTED_EDGE('',*,*,#4397,.T.);
#4881 = ORIENTED_EDGE('',*,*,#4882,.F.);
#4882 = EDGE_CURVE('',#4883,#4400,#4885,.T.);
#4883 = VERTEX_POINT('',#4884);
#4884 = CARTESIAN_POINT('',(20.125,6.8,6.49));
#4885 = SURFACE_CURVE('',#4886,(#4891,#4898),.PCURVE_S1.);
#4886 = CIRCLE('',#4887,1.49);
#4887 = AXIS2_PLACEMENT_3D('',#4888,#4889,#4890);
#4888 = CARTESIAN_POINT('',(20.125,5.31,6.49));
#4889 = DIRECTION('',(-1.,0.,0.));
#4890 = DIRECTION('',(0.,0.,-1.));
#4891 = PCURVE('',#797,#4892);
#4892 = DEFINITIONAL_REPRESENTATION('',(#4893),#4897);
#4893 = CIRCLE('',#4894,1.49);
#4894 = AXIS2_PLACEMENT_2D('',#4895,#4896);
#4895 = CARTESIAN_POINT('',(23.16,-6.49));
#4896 = DIRECTION('',(0.,1.));
#4897 = ( GEOMETRIC_REPRESENTATION_CONTEXT(2) 
PARAMETRIC_REPRESENTATION_CONTEXT() REPRESENTATION_CONTEXT('2D SPACE',''
  ) );
#4898 = PCURVE('',#4436,#4899);
#4899 = DEFINITIONAL_REPRESENTATION('',(#4900),#4904);
#4900 = LINE('',#4901,#4902);
#4901 = CARTESIAN_POINT('',(-6.28318530718,6.175));
#4902 = VECTOR('',#4903,1.);
#4903 = DIRECTION('',(1.,-0.));
#4904 = ( GEOMETRIC_REPRESENTATION_CONTEXT(2) 
PARAMETRIC_REPRESENTATION_CONTEXT() REPRESENTATION_CONTEXT('2D SPACE',''
  ) );
#4905 = ORIENTED_EDGE('',*,*,#4906,.T.);
#4906 = EDGE_CURVE('',#4883,#4660,#4907,.T.);
#4907 = SURFACE_CURVE('',#4908,(#4912,#4918),.PCURVE_S1.);
#4908 = LINE('',#4909,#4910);
#4909 = CARTESIAN_POINT('',(20.125,6.8,2.5));
#4910 = VECTOR('',#4911,1.);
#4911 = DIRECTION('',(0.,0.,1.));
#4912 = PCURVE('',#797,#4913);
#4913 = DEFINITIONAL_REPRESENTATION('',(#4914),#4917);
#4914 = B_SPLINE_CURVE_WITH_KNOTS('',1,(#4915,#4916),.UNSPECIFIED.,.F.,
  .F.,(2,2),(3.99,8.5),.PIECEWISE_BEZIER_KNOTS.);
#4915 = CARTESIAN_POINT('',(24.65,-6.49));
#4916 = CARTESIAN_POINT('',(24.65,-11.));
#4917 = ( GEOMETRIC_REPRESENTATION_CONTEXT(2) 
PARAMETRIC_REPRESENTATION_CONTEXT() REPRESENTATION_CONTEXT('2D SPACE',''
  ) );
#4918 = PCURVE('',#4743,#4919);
#4919 = DEFINITIONAL_REPRESENTATION('',(#4920),#4923);
#4920 = B_SPLINE_CURVE_WITH_KNOTS('',1,(#4921,#4922),.UNSPECIFIED.,.F.,
  .F.,(2,2),(3.99,8.5),.PIECEWISE_BEZIER_KNOTS.);
#4921 = CARTESIAN_POINT('',(6.175,-1.49));
#4922 = CARTESIAN_POINT('',(6.175,-6.));
#4923 = ( GEOMETRIC_REPRESENTATION_CONTEXT(2) 
PARAMETRIC_REPRESENTATION_CONTEXT() REPRESENTATION_CONTEXT('2D SPACE',''
  ) );
#4924 = ORIENTED_EDGE('',*,*,#4659,.T.);
#4925 = ORIENTED_EDGE('',*,*,#4785,.F.);
#4926 = ADVANCED_FACE('',(#4927),#1893,.F.);
#4927 = FACE_BOUND('',#4928,.F.);
#4928 = EDGE_LOOP('',(#4929,#4930,#4931,#4953));
#4929 = ORIENTED_EDGE('',*,*,#4811,.F.);
#4930 = ORIENTED_EDGE('',*,*,#1833,.F.);
#4931 = ORIENTED_EDGE('',*,*,#4932,.T.);
#4932 = EDGE_CURVE('',#1805,#3105,#4933,.T.);
#4933 = SURFACE_CURVE('',#4934,(#4940,#4947),.PCURVE_S1.);
#4934 = B_SPLINE_CURVE_WITH_KNOTS('',2,(#4935,#4936,#4937,#4938,#4939),
  .UNSPECIFIED.,.F.,.F.,(3,1,1,3),(-0.8568,6.170714980658E-14,14.,
    14.8568),.UNSPECIFIED.);
#4935 = CARTESIAN_POINT('',(15.143678713795,-17.69719772994,-0.8568));
#4936 = CARTESIAN_POINT('',(15.143678713795,-17.69719772994,-0.4284));
#4937 = CARTESIAN_POINT('',(15.143678713795,-17.69719772994,7.));
#4938 = CARTESIAN_POINT('',(15.143678713795,-17.69719772994,14.4284));
#4939 = CARTESIAN_POINT('',(15.143678713795,-17.69719772994,14.8568));
#4940 = PCURVE('',#1893,#4941);
#4941 = DEFINITIONAL_REPRESENTATION('',(#4942),#4946);
#4942 = LINE('',#4943,#4944);
#4943 = CARTESIAN_POINT('',(14.,0.));
#4944 = VECTOR('',#4945,1.);
#4945 = DIRECTION('',(0.,1.));
#4946 = ( GEOMETRIC_REPRESENTATION_CONTEXT(2) 
PARAMETRIC_REPRESENTATION_CONTEXT() REPRESENTATION_CONTEXT('2D SPACE',''
  ) );
#4947 = PCURVE('',#1821,#4948);
#4948 = DEFINITIONAL_REPRESENTATION('',(#4949),#4952);
#4949 = B_SPLINE_CURVE_WITH_KNOTS('',1,(#4950,#4951),.UNSPECIFIED.,.F.,
  .F.,(2,2),(6.170714980658E-14,14.),.PIECEWISE_BEZIER_KNOTS.);
#4950 = CARTESIAN_POINT('',(0.596293573708,-1.11022302461E-15));
#4951 = CARTESIAN_POINT('',(0.596293573708,14.));
#4952 = ( GEOMETRIC_REPRESENTATION_CONTEXT(2) 
PARAMETRIC_REPRESENTATION_CONTEXT() REPRESENTATION_CONTEXT('2D SPACE',''
  ) );
#4953 = ORIENTED_EDGE('',*,*,#3104,.T.);
#4954 = ADVANCED_FACE('',(#4955),#1821,.T.);
#4955 = FACE_BOUND('',#4956,.T.);
#4956 = EDGE_LOOP('',(#4957,#4978,#4979,#4980));
#4957 = ORIENTED_EDGE('',*,*,#4958,.F.);
#4958 = EDGE_CURVE('',#1778,#3573,#4959,.T.);
#4959 = SURFACE_CURVE('',#4960,(#4964,#4971),.PCURVE_S1.);
#4960 = LINE('',#4961,#4962);
#4961 = CARTESIAN_POINT('',(12.633283728133,-16.17181919415,0.));
#4962 = VECTOR('',#4963,1.);
#4963 = DIRECTION('',(0.,0.,1.));
#4964 = PCURVE('',#1821,#4965);
#4965 = DEFINITIONAL_REPRESENTATION('',(#4966),#4970);
#4966 = LINE('',#4967,#4968);
#4967 = CARTESIAN_POINT('',(0.,0.));
#4968 = VECTOR('',#4969,1.);
#4969 = DIRECTION('',(0.,1.));
#4970 = ( GEOMETRIC_REPRESENTATION_CONTEXT(2) 
PARAMETRIC_REPRESENTATION_CONTEXT() REPRESENTATION_CONTEXT('2D SPACE',''
  ) );
#4971 = PCURVE('',#1793,#4972);
#4972 = DEFINITIONAL_REPRESENTATION('',(#4973),#4977);
#4973 = LINE('',#4974,#4975);
#4974 = CARTESIAN_POINT('',(3.775466967845,0.));
#4975 = VECTOR('',#4976,1.);
#4976 = DIRECTION('',(0.,-1.));
#4977 = ( GEOMETRIC_REPRESENTATION_CONTEXT(2) 
PARAMETRIC_REPRESENTATION_CONTEXT() REPRESENTATION_CONTEXT('2D SPACE',''
  ) );
#4978 = ORIENTED_EDGE('',*,*,#1804,.T.);
#4979 = ORIENTED_EDGE('',*,*,#4932,.T.);
#4980 = ORIENTED_EDGE('',*,*,#3593,.F.);
#4981 = ADVANCED_FACE('',(#4982),#1793,.F.);
#4982 = FACE_BOUND('',#4983,.F.);
#4983 = EDGE_LOOP('',(#4984,#4985,#5006,#5007));
#4984 = ORIENTED_EDGE('',*,*,#1777,.F.);
#4985 = ORIENTED_EDGE('',*,*,#4986,.T.);
#4986 = EDGE_CURVE('',#1749,#3549,#4987,.T.);
#4987 = SURFACE_CURVE('',#4988,(#4992,#4999),.PCURVE_S1.);
#4988 = LINE('',#4989,#4990);
#4989 = CARTESIAN_POINT('',(11.616716271867,-15.02818080585,0.));
#4990 = VECTOR('',#4991,1.);
#4991 = DIRECTION('',(0.,0.,1.));
#4992 = PCURVE('',#1793,#4993);
#4993 = DEFINITIONAL_REPRESENTATION('',(#4994),#4998);
#4994 = LINE('',#4995,#4996);
#4995 = CARTESIAN_POINT('',(2.245330321551,0.));
#4996 = VECTOR('',#4997,1.);
#4997 = DIRECTION('',(0.,-1.));
#4998 = ( GEOMETRIC_REPRESENTATION_CONTEXT(2) 
PARAMETRIC_REPRESENTATION_CONTEXT() REPRESENTATION_CONTEXT('2D SPACE',''
  ) );
#4999 = PCURVE('',#1765,#5000);
#5000 = DEFINITIONAL_REPRESENTATION('',(#5001),#5005);
#5001 = LINE('',#5002,#5003);
#5002 = CARTESIAN_POINT('',(-0.844153986113,0.));
#5003 = VECTOR('',#5004,1.);
#5004 = DIRECTION('',(-0.,1.));
#5005 = ( GEOMETRIC_REPRESENTATION_CONTEXT(2) 
PARAMETRIC_REPRESENTATION_CONTEXT() REPRESENTATION_CONTEXT('2D SPACE',''
  ) );
#5006 = ORIENTED_EDGE('',*,*,#3572,.T.);
#5007 = ORIENTED_EDGE('',*,*,#4958,.F.);
#5008 = ADVANCED_FACE('',(#5009),#1765,.F.);
#5009 = FACE_BOUND('',#5010,.T.);
#5010 = EDGE_LOOP('',(#5011,#5032,#5033,#5034));
#5011 = ORIENTED_EDGE('',*,*,#5012,.F.);
#5012 = EDGE_CURVE('',#1722,#3528,#5013,.T.);
#5013 = SURFACE_CURVE('',#5014,(#5018,#5025),.PCURVE_S1.);
#5014 = LINE('',#5015,#5016);
#5015 = CARTESIAN_POINT('',(7.879669678449,-13.35,0.));
#5016 = VECTOR('',#5017,1.);
#5017 = DIRECTION('',(0.,0.,1.));
#5018 = PCURVE('',#1765,#5019);
#5019 = DEFINITIONAL_REPRESENTATION('',(#5020),#5024);
#5020 = LINE('',#5021,#5022);
#5021 = CARTESIAN_POINT('',(-0.,0.));
#5022 = VECTOR('',#5023,1.);
#5023 = DIRECTION('',(-0.,1.));
#5024 = ( GEOMETRIC_REPRESENTATION_CONTEXT(2) 
PARAMETRIC_REPRESENTATION_CONTEXT() REPRESENTATION_CONTEXT('2D SPACE',''
  ) );
#5025 = PCURVE('',#1737,#5026);
#5026 = DEFINITIONAL_REPRESENTATION('',(#5027),#5031);
#5027 = LINE('',#5028,#5029);
#5028 = CARTESIAN_POINT('',(7.879669678449,0.));
#5029 = VECTOR('',#5030,1.);
#5030 = DIRECTION('',(0.,-1.));
#5031 = ( GEOMETRIC_REPRESENTATION_CONTEXT(2) 
PARAMETRIC_REPRESENTATION_CONTEXT() REPRESENTATION_CONTEXT('2D SPACE',''
  ) );
#5032 = ORIENTED_EDGE('',*,*,#1748,.F.);
#5033 = ORIENTED_EDGE('',*,*,#4986,.T.);
#5034 = ORIENTED_EDGE('',*,*,#3548,.T.);
#5035 = ADVANCED_FACE('',(#5036),#1737,.F.);
#5036 = FACE_BOUND('',#5037,.F.);
#5037 = EDGE_LOOP('',(#5038,#5039,#5060,#5061));
#5038 = ORIENTED_EDGE('',*,*,#1721,.F.);
#5039 = ORIENTED_EDGE('',*,*,#5040,.T.);
#5040 = EDGE_CURVE('',#1693,#3504,#5041,.T.);
#5041 = SURFACE_CURVE('',#5042,(#5046,#5053),.PCURVE_S1.);
#5042 = LINE('',#5043,#5044);
#5043 = CARTESIAN_POINT('',(-7.879669678449,-13.35,0.));
#5044 = VECTOR('',#5045,1.);
#5045 = DIRECTION('',(-0.,-0.,1.));
#5046 = PCURVE('',#1737,#5047);
#5047 = DEFINITIONAL_REPRESENTATION('',(#5048),#5052);
#5048 = LINE('',#5049,#5050);
#5049 = CARTESIAN_POINT('',(-7.879669678449,0.));
#5050 = VECTOR('',#5051,1.);
#5051 = DIRECTION('',(0.,-1.));
#5052 = ( GEOMETRIC_REPRESENTATION_CONTEXT(2) 
PARAMETRIC_REPRESENTATION_CONTEXT() REPRESENTATION_CONTEXT('2D SPACE',''
  ) );
#5053 = PCURVE('',#1709,#5054);
#5054 = DEFINITIONAL_REPRESENTATION('',(#5055),#5059);
#5055 = LINE('',#5056,#5057);
#5056 = CARTESIAN_POINT('',(0.,0.));
#5057 = VECTOR('',#5058,1.);
#5058 = DIRECTION('',(0.,1.));
#5059 = ( GEOMETRIC_REPRESENTATION_CONTEXT(2) 
PARAMETRIC_REPRESENTATION_CONTEXT() REPRESENTATION_CONTEXT('2D SPACE',''
  ) );
#5060 = ORIENTED_EDGE('',*,*,#3527,.T.);
#5061 = ORIENTED_EDGE('',*,*,#5012,.F.);
#5062 = ADVANCED_FACE('',(#5063),#1709,.F.);
#5063 = FACE_BOUND('',#5064,.F.);
#5064 = EDGE_LOOP('',(#5065,#5066,#5067,#5088));
#5065 = ORIENTED_EDGE('',*,*,#5040,.F.);
#5066 = ORIENTED_EDGE('',*,*,#1692,.T.);
#5067 = ORIENTED_EDGE('',*,*,#5068,.T.);
#5068 = EDGE_CURVE('',#1666,#3483,#5069,.T.);
#5069 = SURFACE_CURVE('',#5070,(#5074,#5081),.PCURVE_S1.);
#5070 = LINE('',#5071,#5072);
#5071 = CARTESIAN_POINT('',(-11.61671627186,-15.02818080585,0.));
#5072 = VECTOR('',#5073,1.);
#5073 = DIRECTION('',(-0.,-0.,1.));
#5074 = PCURVE('',#1709,#5075);
#5075 = DEFINITIONAL_REPRESENTATION('',(#5076),#5080);
#5076 = LINE('',#5077,#5078);
#5077 = CARTESIAN_POINT('',(0.844153986113,0.));
#5078 = VECTOR('',#5079,1.);
#5079 = DIRECTION('',(0.,1.));
#5080 = ( GEOMETRIC_REPRESENTATION_CONTEXT(2) 
PARAMETRIC_REPRESENTATION_CONTEXT() REPRESENTATION_CONTEXT('2D SPACE',''
  ) );
#5081 = PCURVE('',#1681,#5082);
#5082 = DEFINITIONAL_REPRESENTATION('',(#5083),#5087);
#5083 = LINE('',#5084,#5085);
#5084 = CARTESIAN_POINT('',(-2.245330321551,0.));
#5085 = VECTOR('',#5086,1.);
#5086 = DIRECTION('',(-0.,-1.));
#5087 = ( GEOMETRIC_REPRESENTATION_CONTEXT(2) 
PARAMETRIC_REPRESENTATION_CONTEXT() REPRESENTATION_CONTEXT('2D SPACE',''
  ) );
#5088 = ORIENTED_EDGE('',*,*,#3503,.F.);
#5089 = ADVANCED_FACE('',(#5090),#1681,.F.);
#5090 = FACE_BOUND('',#5091,.T.);
#5091 = EDGE_LOOP('',(#5092,#5093,#5094,#5095));
#5092 = ORIENTED_EDGE('',*,*,#1665,.F.);
#5093 = ORIENTED_EDGE('',*,*,#5068,.T.);
#5094 = ORIENTED_EDGE('',*,*,#3482,.T.);
#5095 = ORIENTED_EDGE('',*,*,#5096,.F.);
#5096 = EDGE_CURVE('',#1637,#3459,#5097,.T.);
#5097 = SURFACE_CURVE('',#5098,(#5102,#5109),.PCURVE_S1.);
#5098 = LINE('',#5099,#5100);
#5099 = CARTESIAN_POINT('',(-12.63328372813,-16.17181919415,0.));
#5100 = VECTOR('',#5101,1.);
#5101 = DIRECTION('',(-0.,-0.,1.));
#5102 = PCURVE('',#1681,#5103);
#5103 = DEFINITIONAL_REPRESENTATION('',(#5104),#5108);
#5104 = LINE('',#5105,#5106);
#5105 = CARTESIAN_POINT('',(-3.775466967845,0.));
#5106 = VECTOR('',#5107,1.);
#5107 = DIRECTION('',(-0.,-1.));
#5108 = ( GEOMETRIC_REPRESENTATION_CONTEXT(2) 
PARAMETRIC_REPRESENTATION_CONTEXT() REPRESENTATION_CONTEXT('2D SPACE',''
  ) );
#5109 = PCURVE('',#1653,#5110);
#5110 = DEFINITIONAL_REPRESENTATION('',(#5111),#5115);
#5111 = LINE('',#5112,#5113);
#5112 = CARTESIAN_POINT('',(-0.,0.));
#5113 = VECTOR('',#5114,1.);
#5114 = DIRECTION('',(-0.,1.));
#5115 = ( GEOMETRIC_REPRESENTATION_CONTEXT(2) 
PARAMETRIC_REPRESENTATION_CONTEXT() REPRESENTATION_CONTEXT('2D SPACE',''
  ) );
#5116 = ADVANCED_FACE('',(#5117),#1653,.T.);
#5117 = FACE_BOUND('',#5118,.F.);
#5118 = EDGE_LOOP('',(#5119,#5120,#5142,#5143));
#5119 = ORIENTED_EDGE('',*,*,#1636,.F.);
#5120 = ORIENTED_EDGE('',*,*,#5121,.T.);
#5121 = EDGE_CURVE('',#1529,#3367,#5122,.T.);
#5122 = SURFACE_CURVE('',#5123,(#5129,#5135),.PCURVE_S1.);
#5123 = B_SPLINE_CURVE_WITH_KNOTS('',2,(#5124,#5125,#5126,#5127,#5128),
  .UNSPECIFIED.,.F.,.F.,(3,1,1,3),(-0.8568,6.227006757453E-14,14.,
    14.8568),.UNSPECIFIED.);
#5124 = CARTESIAN_POINT('',(-15.14367871379,-17.69719772994,-0.8568));
#5125 = CARTESIAN_POINT('',(-15.14367871379,-17.69719772994,-0.4284));
#5126 = CARTESIAN_POINT('',(-15.14367871379,-17.69719772994,7.));
#5127 = CARTESIAN_POINT('',(-15.14367871379,-17.69719772994,14.4284));
#5128 = CARTESIAN_POINT('',(-15.14367871379,-17.69719772994,14.8568));
#5129 = PCURVE('',#1653,#5130);
#5130 = DEFINITIONAL_REPRESENTATION('',(#5131),#5134);
#5131 = B_SPLINE_CURVE_WITH_KNOTS('',1,(#5132,#5133),.UNSPECIFIED.,.F.,
  .F.,(2,2),(6.227006757453E-14,14.),.PIECEWISE_BEZIER_KNOTS.);
#5132 = CARTESIAN_POINT('',(-0.596293573708,0.));
#5133 = CARTESIAN_POINT('',(-0.596293573708,14.));
#5134 = ( GEOMETRIC_REPRESENTATION_CONTEXT(2) 
PARAMETRIC_REPRESENTATION_CONTEXT() REPRESENTATION_CONTEXT('2D SPACE',''
  ) );
#5135 = PCURVE('',#1590,#5136);
#5136 = DEFINITIONAL_REPRESENTATION('',(#5137),#5141);
#5137 = LINE('',#5138,#5139);
#5138 = CARTESIAN_POINT('',(14.,0.));
#5139 = VECTOR('',#5140,1.);
#5140 = DIRECTION('',(0.,1.));
#5141 = ( GEOMETRIC_REPRESENTATION_CONTEXT(2) 
PARAMETRIC_REPRESENTATION_CONTEXT() REPRESENTATION_CONTEXT('2D SPACE',''
  ) );
#5142 = ORIENTED_EDGE('',*,*,#3458,.T.);
#5143 = ORIENTED_EDGE('',*,*,#5096,.F.);
#5144 = ADVANCED_FACE('',(#5145),#1590,.T.);
#5145 = FACE_BOUND('',#5146,.T.);
#5146 = EDGE_LOOP('',(#5147,#5169,#5170,#5171));
#5147 = ORIENTED_EDGE('',*,*,#5148,.F.);
#5148 = EDGE_CURVE('',#1502,#3346,#5149,.T.);
#5149 = SURFACE_CURVE('',#5150,(#5156,#5163),.PCURVE_S1.);
#5150 = B_SPLINE_CURVE_WITH_KNOTS('',2,(#5151,#5152,#5153,#5154,#5155),
  .UNSPECIFIED.,.F.,.F.,(3,1,1,3),(-0.8568,6.227006757453E-14,14.,
    14.8568),.UNSPECIFIED.);
#5151 = CARTESIAN_POINT('',(-20.125,-13.81943954598,-0.8568));
#5152 = CARTESIAN_POINT('',(-20.125,-13.81943954598,-0.4284));
#5153 = CARTESIAN_POINT('',(-20.125,-13.81943954598,7.));
#5154 = CARTESIAN_POINT('',(-20.125,-13.81943954598,14.4284));
#5155 = CARTESIAN_POINT('',(-20.125,-13.81943954598,14.8568));
#5156 = PCURVE('',#1590,#5157);
#5157 = DEFINITIONAL_REPRESENTATION('',(#5158),#5162);
#5158 = LINE('',#5159,#5160);
#5159 = CARTESIAN_POINT('',(0.,0.));
#5160 = VECTOR('',#5161,1.);
#5161 = DIRECTION('',(0.,1.));
#5162 = ( GEOMETRIC_REPRESENTATION_CONTEXT(2) 
PARAMETRIC_REPRESENTATION_CONTEXT() REPRESENTATION_CONTEXT('2D SPACE',''
  ) );
#5163 = PCURVE('',#1517,#5164);
#5164 = DEFINITIONAL_REPRESENTATION('',(#5165),#5168);
#5165 = B_SPLINE_CURVE_WITH_KNOTS('',1,(#5166,#5167),.UNSPECIFIED.,.F.,
  .F.,(2,2),(6.227006757453E-14,14.),.PIECEWISE_BEZIER_KNOTS.);
#5166 = CARTESIAN_POINT('',(27.66943954599,-2.6645352591E-15));
#5167 = CARTESIAN_POINT('',(27.66943954599,-14.));
#5168 = ( GEOMETRIC_REPRESENTATION_CONTEXT(2) 
PARAMETRIC_REPRESENTATION_CONTEXT() REPRESENTATION_CONTEXT('2D SPACE',''
  ) );
#5169 = ORIENTED_EDGE('',*,*,#1528,.F.);
#5170 = ORIENTED_EDGE('',*,*,#5121,.T.);
#5171 = ORIENTED_EDGE('',*,*,#3366,.T.);
#5172 = ADVANCED_FACE('',(#5173,#5271,#5384,#5490,#5658,#5764),#1517,.F.
  );
#5173 = FACE_BOUND('',#5174,.F.);
#5174 = EDGE_LOOP('',(#5175,#5176,#5177,#5178,#5179,#5200,#5222,#5223,
    #5251,#5270));
#5175 = ORIENTED_EDGE('',*,*,#5148,.F.);
#5176 = ORIENTED_EDGE('',*,*,#1501,.F.);
#5177 = ORIENTED_EDGE('',*,*,#2562,.T.);
#5178 = ORIENTED_EDGE('',*,*,#2635,.T.);
#5179 = ORIENTED_EDGE('',*,*,#5180,.F.);
#5180 = EDGE_CURVE('',#5181,#2636,#5183,.T.);
#5181 = VERTEX_POINT('',#5182);
#5182 = CARTESIAN_POINT('',(-20.125,6.8,6.49));
#5183 = SURFACE_CURVE('',#5184,(#5188,#5194),.PCURVE_S1.);
#5184 = LINE('',#5185,#5186);
#5185 = CARTESIAN_POINT('',(-20.125,6.8,2.5));
#5186 = VECTOR('',#5187,1.);
#5187 = DIRECTION('',(0.,-0.,1.));
#5188 = PCURVE('',#1517,#5189);
#5189 = DEFINITIONAL_REPRESENTATION('',(#5190),#5193);
#5190 = B_SPLINE_CURVE_WITH_KNOTS('',1,(#5191,#5192),.UNSPECIFIED.,.F.,
  .F.,(2,2),(3.99,8.5),.PIECEWISE_BEZIER_KNOTS.);
#5191 = CARTESIAN_POINT('',(7.05,-6.49));
#5192 = CARTESIAN_POINT('',(7.05,-11.));
#5193 = ( GEOMETRIC_REPRESENTATION_CONTEXT(2) 
PARAMETRIC_REPRESENTATION_CONTEXT() REPRESENTATION_CONTEXT('2D SPACE',''
  ) );
#5194 = PCURVE('',#2671,#5195);
#5195 = DEFINITIONAL_REPRESENTATION('',(#5196),#5199);
#5196 = B_SPLINE_CURVE_WITH_KNOTS('',1,(#5197,#5198),.UNSPECIFIED.,.F.,
  .F.,(2,2),(3.99,8.5),.PIECEWISE_BEZIER_KNOTS.);
#5197 = CARTESIAN_POINT('',(-6.175,-1.49));
#5198 = CARTESIAN_POINT('',(-6.175,-6.));
#5199 = ( GEOMETRIC_REPRESENTATION_CONTEXT(2) 
PARAMETRIC_REPRESENTATION_CONTEXT() REPRESENTATION_CONTEXT('2D SPACE',''
  ) );
#5200 = ORIENTED_EDGE('',*,*,#5201,.F.);
#5201 = EDGE_CURVE('',#2845,#5181,#5202,.T.);
#5202 = SURFACE_CURVE('',#5203,(#5208,#5215),.PCURVE_S1.);
#5203 = CIRCLE('',#5204,1.49);
#5204 = AXIS2_PLACEMENT_3D('',#5205,#5206,#5207);
#5205 = CARTESIAN_POINT('',(-20.125,5.31,6.49));
#5206 = DIRECTION('',(1.,0.,-0.));
#5207 = DIRECTION('',(-0.,0.,-1.));
#5208 = PCURVE('',#1517,#5209);
#5209 = DEFINITIONAL_REPRESENTATION('',(#5210),#5214);
#5210 = CIRCLE('',#5211,1.49);
#5211 = AXIS2_PLACEMENT_2D('',#5212,#5213);
#5212 = CARTESIAN_POINT('',(8.54,-6.49));
#5213 = DIRECTION('',(-0.,1.));
#5214 = ( GEOMETRIC_REPRESENTATION_CONTEXT(2) 
PARAMETRIC_REPRESENTATION_CONTEXT() REPRESENTATION_CONTEXT('2D SPACE',''
  ) );
#5215 = PCURVE('',#2881,#5216);
#5216 = DEFINITIONAL_REPRESENTATION('',(#5217),#5221);
#5217 = LINE('',#5218,#5219);
#5218 = CARTESIAN_POINT('',(0.,6.175));
#5219 = VECTOR('',#5220,1.);
#5220 = DIRECTION('',(1.,0.));
#5221 = ( GEOMETRIC_REPRESENTATION_CONTEXT(2) 
PARAMETRIC_REPRESENTATION_CONTEXT() REPRESENTATION_CONTEXT('2D SPACE',''
  ) );
#5222 = ORIENTED_EDGE('',*,*,#2842,.F.);
#5223 = ORIENTED_EDGE('',*,*,#5224,.T.);
#5224 = EDGE_CURVE('',#2843,#5225,#5227,.T.);
#5225 = VERTEX_POINT('',#5226);
#5226 = CARTESIAN_POINT('',(-20.125,3.8,6.49));
#5227 = SURFACE_CURVE('',#5228,(#5233,#5244),.PCURVE_S1.);
#5228 = CIRCLE('',#5229,1.49);
#5229 = AXIS2_PLACEMENT_3D('',#5230,#5231,#5232);
#5230 = CARTESIAN_POINT('',(-20.125,5.29,6.49));
#5231 = DIRECTION('',(-1.,-0.,-0.));
#5232 = DIRECTION('',(0.,0.,-1.));
#5233 = PCURVE('',#1517,#5234);
#5234 = DEFINITIONAL_REPRESENTATION('',(#5235),#5243);
#5235 = ( BOUNDED_CURVE() B_SPLINE_CURVE(2,(#5236,#5237,#5238,#5239,
#5240,#5241,#5242),.UNSPECIFIED.,.T.,.F.) B_SPLINE_CURVE_WITH_KNOTS((1,2
    ,2,2,2,1),(-2.094395102393,0.,2.094395102393,4.188790204786,
6.28318530718,8.377580409573),.UNSPECIFIED.) CURVE() 
GEOMETRIC_REPRESENTATION_ITEM() RATIONAL_B_SPLINE_CURVE((1.,0.5,1.,0.5,
1.,0.5,1.)) REPRESENTATION_ITEM('') );
#5236 = CARTESIAN_POINT('',(8.56,-5.));
#5237 = CARTESIAN_POINT('',(11.140755703278,-5.));
#5238 = CARTESIAN_POINT('',(9.850377851639,-7.235));
#5239 = CARTESIAN_POINT('',(8.56,-9.47));
#5240 = CARTESIAN_POINT('',(7.269622148361,-7.235));
#5241 = CARTESIAN_POINT('',(5.979244296723,-5.));
#5242 = CARTESIAN_POINT('',(8.56,-5.));
#5243 = ( GEOMETRIC_REPRESENTATION_CONTEXT(2) 
PARAMETRIC_REPRESENTATION_CONTEXT() REPRESENTATION_CONTEXT('2D SPACE',''
  ) );
#5244 = PCURVE('',#2987,#5245);
#5245 = DEFINITIONAL_REPRESENTATION('',(#5246),#5250);
#5246 = LINE('',#5247,#5248);
#5247 = CARTESIAN_POINT('',(0.,3.825));
#5248 = VECTOR('',#5249,1.);
#5249 = DIRECTION('',(1.,0.));
#5250 = ( GEOMETRIC_REPRESENTATION_CONTEXT(2) 
PARAMETRIC_REPRESENTATION_CONTEXT() REPRESENTATION_CONTEXT('2D SPACE',''
  ) );
#5251 = ORIENTED_EDGE('',*,*,#5252,.F.);
#5252 = EDGE_CURVE('',#3320,#5225,#5253,.T.);
#5253 = SURFACE_CURVE('',#5254,(#5258,#5264),.PCURVE_S1.);
#5254 = LINE('',#5255,#5256);
#5255 = CARTESIAN_POINT('',(-20.125,3.8,2.5));
#5256 = VECTOR('',#5257,1.);
#5257 = DIRECTION('',(0.,-0.,-1.));
#5258 = PCURVE('',#1517,#5259);
#5259 = DEFINITIONAL_REPRESENTATION('',(#5260),#5263);
#5260 = B_SPLINE_CURVE_WITH_KNOTS('',1,(#5261,#5262),.UNSPECIFIED.,.F.,
  .F.,(2,2),(-8.5,-3.99),.PIECEWISE_BEZIER_KNOTS.);
#5261 = CARTESIAN_POINT('',(10.05,-11.));
#5262 = CARTESIAN_POINT('',(10.05,-6.49));
#5263 = ( GEOMETRIC_REPRESENTATION_CONTEXT(2) 
PARAMETRIC_REPRESENTATION_CONTEXT() REPRESENTATION_CONTEXT('2D SPACE',''
  ) );
#5264 = PCURVE('',#3334,#5265);
#5265 = DEFINITIONAL_REPRESENTATION('',(#5266),#5269);
#5266 = B_SPLINE_CURVE_WITH_KNOTS('',1,(#5267,#5268),.UNSPECIFIED.,.F.,
  .F.,(2,2),(-8.5,-3.99),.PIECEWISE_BEZIER_KNOTS.);
#5267 = CARTESIAN_POINT('',(-8.825,-6.));
#5268 = CARTESIAN_POINT('',(-8.825,-1.49));
#5269 = ( GEOMETRIC_REPRESENTATION_CONTEXT(2) 
PARAMETRIC_REPRESENTATION_CONTEXT() REPRESENTATION_CONTEXT('2D SPACE',''
  ) );
#5270 = ORIENTED_EDGE('',*,*,#3345,.T.);
#5271 = FACE_BOUND('',#5272,.F.);
#5272 = EDGE_LOOP('',(#5273,#5301,#5327,#5360));
#5273 = ORIENTED_EDGE('',*,*,#5274,.F.);
#5274 = EDGE_CURVE('',#5275,#5277,#5279,.T.);
#5275 = VERTEX_POINT('',#5276);
#5276 = CARTESIAN_POINT('',(-20.125,-4.,8.17695526217));
#5277 = VERTEX_POINT('',#5278);
#5278 = CARTESIAN_POINT('',(-20.125,-3.17695526217,9.));
#5279 = SURFACE_CURVE('',#5280,(#5284,#5290),.PCURVE_S1.);
#5280 = LINE('',#5281,#5282);
#5281 = CARTESIAN_POINT('',(-20.125,-0.154962120246,12.021993141924));
#5282 = VECTOR('',#5283,1.);
#5283 = DIRECTION('',(0.,0.707106781187,0.707106781187));
#5284 = PCURVE('',#1517,#5285);
#5285 = DEFINITIONAL_REPRESENTATION('',(#5286),#5289);
#5286 = B_SPLINE_CURVE_WITH_KNOTS('',1,(#5287,#5288),.UNSPECIFIED.,.F.,
  .F.,(2,2),(-5.437704717387,-4.273743686708),.PIECEWISE_BEZIER_KNOTS.);
#5287 = CARTESIAN_POINT('',(17.85,-8.17695526217));
#5288 = CARTESIAN_POINT('',(17.02695526217,-9.));
#5289 = ( GEOMETRIC_REPRESENTATION_CONTEXT(2) 
PARAMETRIC_REPRESENTATION_CONTEXT() REPRESENTATION_CONTEXT('2D SPACE',''
  ) );
#5290 = PCURVE('',#5291,#5296);
#5291 = PLANE('',#5292);
#5292 = AXIS2_PLACEMENT_3D('',#5293,#5294,#5295);
#5293 = CARTESIAN_POINT('',(-20.,-1.146446609407,11.030508652763));
#5294 = DIRECTION('',(0.,0.707106781187,-0.707106781187));
#5295 = DIRECTION('',(0.,-0.707106781187,-0.707106781187));
#5296 = DEFINITIONAL_REPRESENTATION('',(#5297),#5300);
#5297 = B_SPLINE_CURVE_WITH_KNOTS('',1,(#5298,#5299),.UNSPECIFIED.,.F.,
  .F.,(2,2),(-5.437704717387,-4.273743686708),.PIECEWISE_BEZIER_KNOTS.);
#5298 = CARTESIAN_POINT('',(4.035533905933,0.125));
#5299 = CARTESIAN_POINT('',(2.871572875254,0.125));
#5300 = ( GEOMETRIC_REPRESENTATION_CONTEXT(2) 
PARAMETRIC_REPRESENTATION_CONTEXT() REPRESENTATION_CONTEXT('2D SPACE',''
  ) );
#5301 = ORIENTED_EDGE('',*,*,#5302,.T.);
#5302 = EDGE_CURVE('',#5275,#5303,#5305,.T.);
#5303 = VERTEX_POINT('',#5304);
#5304 = CARTESIAN_POINT('',(-20.125,-4.,8.5));
#5305 = SURFACE_CURVE('',#5306,(#5310,#5316),.PCURVE_S1.);
#5306 = LINE('',#5307,#5308);
#5307 = CARTESIAN_POINT('',(-20.125,-4.,4.5));
#5308 = VECTOR('',#5309,1.);
#5309 = DIRECTION('',(0.,0.,1.));
#5310 = PCURVE('',#1517,#5311);
#5311 = DEFINITIONAL_REPRESENTATION('',(#5312),#5315);
#5312 = B_SPLINE_CURVE_WITH_KNOTS('',1,(#5313,#5314),.UNSPECIFIED.,.F.,
  .F.,(2,2),(3.67695526217,4.),.PIECEWISE_BEZIER_KNOTS.);
#5313 = CARTESIAN_POINT('',(17.85,-8.17695526217));
#5314 = CARTESIAN_POINT('',(17.85,-8.5));
#5315 = ( GEOMETRIC_REPRESENTATION_CONTEXT(2) 
PARAMETRIC_REPRESENTATION_CONTEXT() REPRESENTATION_CONTEXT('2D SPACE',''
  ) );
#5316 = PCURVE('',#5317,#5322);
#5317 = PLANE('',#5318);
#5318 = AXIS2_PLACEMENT_3D('',#5319,#5320,#5321);
#5319 = CARTESIAN_POINT('',(-20.,-4.,9.));
#5320 = DIRECTION('',(-0.,1.,0.));
#5321 = DIRECTION('',(0.,0.,-1.));
#5322 = DEFINITIONAL_REPRESENTATION('',(#5323),#5326);
#5323 = B_SPLINE_CURVE_WITH_KNOTS('',1,(#5324,#5325),.UNSPECIFIED.,.F.,
  .F.,(2,2),(3.67695526217,4.),.PIECEWISE_BEZIER_KNOTS.);
#5324 = CARTESIAN_POINT('',(0.82304473783,0.125));
#5325 = CARTESIAN_POINT('',(0.5,0.125));
#5326 = ( GEOMETRIC_REPRESENTATION_CONTEXT(2) 
PARAMETRIC_REPRESENTATION_CONTEXT() REPRESENTATION_CONTEXT('2D SPACE',''
  ) );
#5327 = ORIENTED_EDGE('',*,*,#5328,.T.);
#5328 = EDGE_CURVE('',#5303,#5329,#5331,.T.);
#5329 = VERTEX_POINT('',#5330);
#5330 = CARTESIAN_POINT('',(-20.125,-3.5,9.));
#5331 = SURFACE_CURVE('',#5332,(#5337,#5348),.PCURVE_S1.);
#5332 = CIRCLE('',#5333,0.5);
#5333 = AXIS2_PLACEMENT_3D('',#5334,#5335,#5336);
#5334 = CARTESIAN_POINT('',(-20.125,-3.5,8.5));
#5335 = DIRECTION('',(-1.,0.,0.));
#5336 = DIRECTION('',(-0.,-1.,-0.));
#5337 = PCURVE('',#1517,#5338);
#5338 = DEFINITIONAL_REPRESENTATION('',(#5339),#5347);
#5339 = ( BOUNDED_CURVE() B_SPLINE_CURVE(2,(#5340,#5341,#5342,#5343,
#5344,#5345,#5346),.UNSPECIFIED.,.T.,.F.) B_SPLINE_CURVE_WITH_KNOTS((1,2
    ,2,2,2,1),(-2.094395102393,0.,2.094395102393,4.188790204786,
6.28318530718,8.377580409573),.UNSPECIFIED.) CURVE() 
GEOMETRIC_REPRESENTATION_ITEM() RATIONAL_B_SPLINE_CURVE((1.,0.5,1.,0.5,
1.,0.5,1.)) REPRESENTATION_ITEM('') );
#5340 = CARTESIAN_POINT('',(17.85,-8.5));
#5341 = CARTESIAN_POINT('',(17.85,-9.366025403784));
#5342 = CARTESIAN_POINT('',(17.1,-8.933012701892));
#5343 = CARTESIAN_POINT('',(16.35,-8.5));
#5344 = CARTESIAN_POINT('',(17.1,-8.066987298108));
#5345 = CARTESIAN_POINT('',(17.85,-7.633974596216));
#5346 = CARTESIAN_POINT('',(17.85,-8.5));
#5347 = ( GEOMETRIC_REPRESENTATION_CONTEXT(2) 
PARAMETRIC_REPRESENTATION_CONTEXT() REPRESENTATION_CONTEXT('2D SPACE',''
  ) );
#5348 = PCURVE('',#5349,#5354);
#5349 = CYLINDRICAL_SURFACE('',#5350,0.5);
#5350 = AXIS2_PLACEMENT_3D('',#5351,#5352,#5353);
#5351 = CARTESIAN_POINT('',(-10.,-3.5,8.5));
#5352 = DIRECTION('',(-1.,0.,0.));
#5353 = DIRECTION('',(-0.,-1.,-0.));
#5354 = DEFINITIONAL_REPRESENTATION('',(#5355),#5359);
#5355 = LINE('',#5356,#5357);
#5356 = CARTESIAN_POINT('',(0.,10.125));
#5357 = VECTOR('',#5358,1.);
#5358 = DIRECTION('',(1.,0.));
#5359 = ( GEOMETRIC_REPRESENTATION_CONTEXT(2) 
PARAMETRIC_REPRESENTATION_CONTEXT() REPRESENTATION_CONTEXT('2D SPACE',''
  ) );
#5360 = ORIENTED_EDGE('',*,*,#5361,.T.);
#5361 = EDGE_CURVE('',#5329,#5277,#5362,.T.);
#5362 = SURFACE_CURVE('',#5363,(#5367,#5373),.PCURVE_S1.);
#5363 = LINE('',#5364,#5365);
#5364 = CARTESIAN_POINT('',(-20.125,7.425,9.));
#5365 = VECTOR('',#5366,1.);
#5366 = DIRECTION('',(0.,1.,0.));
#5367 = PCURVE('',#1517,#5368);
#5368 = DEFINITIONAL_REPRESENTATION('',(#5369),#5372);
#5369 = B_SPLINE_CURVE_WITH_KNOTS('',1,(#5370,#5371),.UNSPECIFIED.,.F.,
  .F.,(2,2),(-10.925,-10.60195526217),.PIECEWISE_BEZIER_KNOTS.);
#5370 = CARTESIAN_POINT('',(17.35,-9.));
#5371 = CARTESIAN_POINT('',(17.02695526217,-9.));
#5372 = ( GEOMETRIC_REPRESENTATION_CONTEXT(2) 
PARAMETRIC_REPRESENTATION_CONTEXT() REPRESENTATION_CONTEXT('2D SPACE',''
  ) );
#5373 = PCURVE('',#5374,#5379);
#5374 = PLANE('',#5375);
#5375 = AXIS2_PLACEMENT_3D('',#5376,#5377,#5378);
#5376 = CARTESIAN_POINT('',(-20.,1.,9.));
#5377 = DIRECTION('',(0.,0.,-1.));
#5378 = DIRECTION('',(0.,-1.,0.));
#5379 = DEFINITIONAL_REPRESENTATION('',(#5380),#5383);
#5380 = B_SPLINE_CURVE_WITH_KNOTS('',1,(#5381,#5382),.UNSPECIFIED.,.F.,
  .F.,(2,2),(-10.925,-10.60195526217),.PIECEWISE_BEZIER_KNOTS.);
#5381 = CARTESIAN_POINT('',(4.5,0.125));
#5382 = CARTESIAN_POINT('',(4.17695526217,0.125));
#5383 = ( GEOMETRIC_REPRESENTATION_CONTEXT(2) 
PARAMETRIC_REPRESENTATION_CONTEXT() REPRESENTATION_CONTEXT('2D SPACE',''
  ) );
#5384 = FACE_BOUND('',#5385,.F.);
#5385 = EDGE_LOOP('',(#5386,#5414,#5440,#5466));
#5386 = ORIENTED_EDGE('',*,*,#5387,.F.);
#5387 = EDGE_CURVE('',#5388,#5390,#5392,.T.);
#5388 = VERTEX_POINT('',#5389);
#5389 = CARTESIAN_POINT('',(-20.125,-2.187005768509,9.));
#5390 = VERTEX_POINT('',#5391);
#5391 = CARTESIAN_POINT('',(-20.125,-4.,7.187005768509));
#5392 = SURFACE_CURVE('',#5393,(#5397,#5403),.PCURVE_S1.);
#5393 = LINE('',#5394,#5395);
#5394 = CARTESIAN_POINT('',(-20.125,-1.852018395094,9.334987373415));
#5395 = VECTOR('',#5396,1.);
#5396 = DIRECTION('',(0.,-0.707106781187,-0.707106781187));
#5397 = PCURVE('',#1517,#5398);
#5398 = DEFINITIONAL_REPRESENTATION('',(#5399),#5402);
#5399 = B_SPLINE_CURVE_WITH_KNOTS('',1,(#5400,#5401),.UNSPECIFIED.,.F.,
  .F.,(2,2),(0.473743686708,3.037704717387),.PIECEWISE_BEZIER_KNOTS.);
#5400 = CARTESIAN_POINT('',(16.037005768509,-9.));
#5401 = CARTESIAN_POINT('',(17.85,-7.187005768509));
#5402 = ( GEOMETRIC_REPRESENTATION_CONTEXT(2) 
PARAMETRIC_REPRESENTATION_CONTEXT() REPRESENTATION_CONTEXT('2D SPACE',''
  ) );
#5403 = PCURVE('',#5404,#5409);
#5404 = PLANE('',#5405);
#5405 = AXIS2_PLACEMENT_3D('',#5406,#5407,#5408);
#5406 = CARTESIAN_POINT('',(-20.,-5.035533905933,6.151471862576));
#5407 = DIRECTION('',(0.,-0.707106781187,0.707106781187));
#5408 = DIRECTION('',(0.,0.707106781187,0.707106781187));
#5409 = DEFINITIONAL_REPRESENTATION('',(#5410),#5413);
#5410 = B_SPLINE_CURVE_WITH_KNOTS('',1,(#5411,#5412),.UNSPECIFIED.,.F.,
  .F.,(2,2),(0.473743686708,3.037704717387),.PIECEWISE_BEZIER_KNOTS.);
#5411 = CARTESIAN_POINT('',(4.028427124746,0.125));
#5412 = CARTESIAN_POINT('',(1.464466094067,0.125));
#5413 = ( GEOMETRIC_REPRESENTATION_CONTEXT(2) 
PARAMETRIC_REPRESENTATION_CONTEXT() REPRESENTATION_CONTEXT('2D SPACE',''
  ) );
#5414 = ORIENTED_EDGE('',*,*,#5415,.T.);
#5415 = EDGE_CURVE('',#5388,#5416,#5418,.T.);
#5416 = VERTEX_POINT('',#5417);
#5417 = CARTESIAN_POINT('',(-20.125,-1.05563491861,9.));
#5418 = SURFACE_CURVE('',#5419,(#5423,#5429),.PCURVE_S1.);
#5419 = LINE('',#5420,#5421);
#5420 = CARTESIAN_POINT('',(-20.125,7.425,9.));
#5421 = VECTOR('',#5422,1.);
#5422 = DIRECTION('',(0.,1.,0.));
#5423 = PCURVE('',#1517,#5424);
#5424 = DEFINITIONAL_REPRESENTATION('',(#5425),#5428);
#5425 = B_SPLINE_CURVE_WITH_KNOTS('',1,(#5426,#5427),.UNSPECIFIED.,.F.,
  .F.,(2,2),(-9.612005768509,-8.480634918611),.PIECEWISE_BEZIER_KNOTS.);
#5426 = CARTESIAN_POINT('',(16.037005768509,-9.));
#5427 = CARTESIAN_POINT('',(14.905634918611,-9.));
#5428 = ( GEOMETRIC_REPRESENTATION_CONTEXT(2) 
PARAMETRIC_REPRESENTATION_CONTEXT() REPRESENTATION_CONTEXT('2D SPACE',''
  ) );
#5429 = PCURVE('',#5430,#5435);
#5430 = PLANE('',#5431);
#5431 = AXIS2_PLACEMENT_3D('',#5432,#5433,#5434);
#5432 = CARTESIAN_POINT('',(-20.,1.,9.));
#5433 = DIRECTION('',(0.,0.,-1.));
#5434 = DIRECTION('',(0.,-1.,0.));
#5435 = DEFINITIONAL_REPRESENTATION('',(#5436),#5439);
#5436 = B_SPLINE_CURVE_WITH_KNOTS('',1,(#5437,#5438),.UNSPECIFIED.,.F.,
  .F.,(2,2),(-9.612005768509,-8.480634918611),.PIECEWISE_BEZIER_KNOTS.);
#5437 = CARTESIAN_POINT('',(3.187005768509,0.125));
#5438 = CARTESIAN_POINT('',(2.05563491861,0.125));
#5439 = ( GEOMETRIC_REPRESENTATION_CONTEXT(2) 
PARAMETRIC_REPRESENTATION_CONTEXT() REPRESENTATION_CONTEXT('2D SPACE',''
  ) );
#5440 = ORIENTED_EDGE('',*,*,#5441,.F.);
#5441 = EDGE_CURVE('',#5442,#5416,#5444,.T.);
#5442 = VERTEX_POINT('',#5443);
#5443 = CARTESIAN_POINT('',(-20.125,-4.,6.05563491861));
#5444 = SURFACE_CURVE('',#5445,(#5449,#5455),.PCURVE_S1.);
#5445 = LINE('',#5446,#5447);
#5446 = CARTESIAN_POINT('',(-20.125,0.905698051534,10.961332970144));
#5447 = VECTOR('',#5448,1.);
#5448 = DIRECTION('',(0.,0.707106781187,0.707106781187));
#5449 = PCURVE('',#1517,#5450);
#5450 = DEFINITIONAL_REPRESENTATION('',(#5451),#5454);
#5451 = B_SPLINE_CURVE_WITH_KNOTS('',1,(#5452,#5453),.UNSPECIFIED.,.F.,
  .F.,(2,2),(-6.937704717387,-2.773743686708),.PIECEWISE_BEZIER_KNOTS.);
#5452 = CARTESIAN_POINT('',(17.85,-6.05563491861));
#5453 = CARTESIAN_POINT('',(14.905634918611,-9.));
#5454 = ( GEOMETRIC_REPRESENTATION_CONTEXT(2) 
PARAMETRIC_REPRESENTATION_CONTEXT() REPRESENTATION_CONTEXT('2D SPACE',''
  ) );
#5455 = PCURVE('',#5456,#5461);
#5456 = PLANE('',#5457);
#5457 = AXIS2_PLACEMENT_3D('',#5458,#5459,#5460);
#5458 = CARTESIAN_POINT('',(-20.,-8.57864376269E-02,9.969848480983));
#5459 = DIRECTION('',(0.,0.707106781187,-0.707106781187));
#5460 = DIRECTION('',(0.,-0.707106781187,-0.707106781187));
#5461 = DEFINITIONAL_REPRESENTATION('',(#5462),#5465);
#5462 = B_SPLINE_CURVE_WITH_KNOTS('',1,(#5463,#5464),.UNSPECIFIED.,.F.,
  .F.,(2,2),(-6.937704717387,-2.773743686708),.PIECEWISE_BEZIER_KNOTS.);
#5463 = CARTESIAN_POINT('',(5.535533905933,0.125));
#5464 = CARTESIAN_POINT('',(1.371572875254,0.125));
#5465 = ( GEOMETRIC_REPRESENTATION_CONTEXT(2) 
PARAMETRIC_REPRESENTATION_CONTEXT() REPRESENTATION_CONTEXT('2D SPACE',''
  ) );
#5466 = ORIENTED_EDGE('',*,*,#5467,.T.);
#5467 = EDGE_CURVE('',#5442,#5390,#5468,.T.);
#5468 = SURFACE_CURVE('',#5469,(#5473,#5479),.PCURVE_S1.);
#5469 = LINE('',#5470,#5471);
#5470 = CARTESIAN_POINT('',(-20.125,-4.,4.5));
#5471 = VECTOR('',#5472,1.);
#5472 = DIRECTION('',(0.,0.,1.));
#5473 = PCURVE('',#1517,#5474);
#5474 = DEFINITIONAL_REPRESENTATION('',(#5475),#5478);
#5475 = B_SPLINE_CURVE_WITH_KNOTS('',1,(#5476,#5477),.UNSPECIFIED.,.F.,
  .F.,(2,2),(1.55563491861,2.687005768509),.PIECEWISE_BEZIER_KNOTS.);
#5476 = CARTESIAN_POINT('',(17.85,-6.05563491861));
#5477 = CARTESIAN_POINT('',(17.85,-7.187005768509));
#5478 = ( GEOMETRIC_REPRESENTATION_CONTEXT(2) 
PARAMETRIC_REPRESENTATION_CONTEXT() REPRESENTATION_CONTEXT('2D SPACE',''
  ) );
#5479 = PCURVE('',#5480,#5485);
#5480 = PLANE('',#5481);
#5481 = AXIS2_PLACEMENT_3D('',#5482,#5483,#5484);
#5482 = CARTESIAN_POINT('',(-20.,-4.,9.));
#5483 = DIRECTION('',(-0.,1.,0.));
#5484 = DIRECTION('',(0.,0.,-1.));
#5485 = DEFINITIONAL_REPRESENTATION('',(#5486),#5489);
#5486 = B_SPLINE_CURVE_WITH_KNOTS('',1,(#5487,#5488),.UNSPECIFIED.,.F.,
  .F.,(2,2),(1.55563491861,2.687005768509),.PIECEWISE_BEZIER_KNOTS.);
#5487 = CARTESIAN_POINT('',(2.94436508139,0.125));
#5488 = CARTESIAN_POINT('',(1.812994231491,0.125));
#5489 = ( GEOMETRIC_REPRESENTATION_CONTEXT(2) 
PARAMETRIC_REPRESENTATION_CONTEXT() REPRESENTATION_CONTEXT('2D SPACE',''
  ) );
#5490 = FACE_BOUND('',#5491,.F.);
#5491 = EDGE_LOOP('',(#5492,#5520,#5546,#5575,#5601,#5627));
#5492 = ORIENTED_EDGE('',*,*,#5493,.F.);
#5493 = EDGE_CURVE('',#5494,#5496,#5498,.T.);
#5494 = VERTEX_POINT('',#5495);
#5495 = CARTESIAN_POINT('',(-20.125,-6.568542494924E-02,9.));
#5496 = VERTEX_POINT('',#5497);
#5497 = CARTESIAN_POINT('',(-20.125,-3.884867365357,5.180818059592));
#5498 = SURFACE_CURVE('',#5499,(#5503,#5509),.PCURVE_S1.);
#5499 = LINE('',#5500,#5501);
#5500 = CARTESIAN_POINT('',(-20.125,-0.791358223314,8.274327201636));
#5501 = VECTOR('',#5502,1.);
#5502 = DIRECTION('',(0.,-0.707106781187,-0.707106781187));
#5503 = PCURVE('',#1517,#5504);
#5504 = DEFINITIONAL_REPRESENTATION('',(#5505),#5508);
#5505 = B_SPLINE_CURVE_WITH_KNOTS('',1,(#5506,#5507),.UNSPECIFIED.,.F.,
  .F.,(2,2),(-1.026256313292,4.374882584003),.PIECEWISE_BEZIER_KNOTS.);
#5506 = CARTESIAN_POINT('',(13.91568542495,-9.));
#5507 = CARTESIAN_POINT('',(17.734867365358,-5.180818059592));
#5508 = ( GEOMETRIC_REPRESENTATION_CONTEXT(2) 
PARAMETRIC_REPRESENTATION_CONTEXT() REPRESENTATION_CONTEXT('2D SPACE',''
  ) );
#5509 = PCURVE('',#5510,#5515);
#5510 = PLANE('',#5511);
#5511 = AXIS2_PLACEMENT_3D('',#5512,#5513,#5514);
#5512 = CARTESIAN_POINT('',(-20.,-3.974873734153,5.090811690796));
#5513 = DIRECTION('',(0.,-0.707106781187,0.707106781187));
#5514 = DIRECTION('',(0.,0.707106781187,0.707106781187));
#5515 = DEFINITIONAL_REPRESENTATION('',(#5516),#5519);
#5516 = B_SPLINE_CURVE_WITH_KNOTS('',1,(#5517,#5518),.UNSPECIFIED.,.F.,
  .F.,(2,2),(-1.026256313292,4.374882584003),.PIECEWISE_BEZIER_KNOTS.);
#5517 = CARTESIAN_POINT('',(5.528427124746,0.125));
#5518 = CARTESIAN_POINT('',(0.12728822745,0.125));
#5519 = ( GEOMETRIC_REPRESENTATION_CONTEXT(2) 
PARAMETRIC_REPRESENTATION_CONTEXT() REPRESENTATION_CONTEXT('2D SPACE',''
  ) );
#5520 = ORIENTED_EDGE('',*,*,#5521,.T.);
#5521 = EDGE_CURVE('',#5494,#5522,#5524,.T.);
#5522 = VERTEX_POINT('',#5523);
#5523 = CARTESIAN_POINT('',(-20.125,0.5,9.));
#5524 = SURFACE_CURVE('',#5525,(#5529,#5535),.PCURVE_S1.);
#5525 = LINE('',#5526,#5527);
#5526 = CARTESIAN_POINT('',(-20.125,7.425,9.));
#5527 = VECTOR('',#5528,1.);
#5528 = DIRECTION('',(0.,1.,0.));
#5529 = PCURVE('',#1517,#5530);
#5530 = DEFINITIONAL_REPRESENTATION('',(#5531),#5534);
#5531 = B_SPLINE_CURVE_WITH_KNOTS('',1,(#5532,#5533),.UNSPECIFIED.,.F.,
  .F.,(2,2),(-7.490685424949,-6.925),.PIECEWISE_BEZIER_KNOTS.);
#5532 = CARTESIAN_POINT('',(13.91568542495,-9.));
#5533 = CARTESIAN_POINT('',(13.35,-9.));
#5534 = ( GEOMETRIC_REPRESENTATION_CONTEXT(2) 
PARAMETRIC_REPRESENTATION_CONTEXT() REPRESENTATION_CONTEXT('2D SPACE',''
  ) );
#5535 = PCURVE('',#5536,#5541);
#5536 = PLANE('',#5537);
#5537 = AXIS2_PLACEMENT_3D('',#5538,#5539,#5540);
#5538 = CARTESIAN_POINT('',(-20.,1.,9.));
#5539 = DIRECTION('',(0.,0.,-1.));
#5540 = DIRECTION('',(0.,-1.,0.));
#5541 = DEFINITIONAL_REPRESENTATION('',(#5542),#5545);
#5542 = B_SPLINE_CURVE_WITH_KNOTS('',1,(#5543,#5544),.UNSPECIFIED.,.F.,
  .F.,(2,2),(-7.490685424949,-6.925),.PIECEWISE_BEZIER_KNOTS.);
#5543 = CARTESIAN_POINT('',(1.065685424949,0.125));
#5544 = CARTESIAN_POINT('',(0.5,0.125));
#5545 = ( GEOMETRIC_REPRESENTATION_CONTEXT(2) 
PARAMETRIC_REPRESENTATION_CONTEXT() REPRESENTATION_CONTEXT('2D SPACE',''
  ) );
#5546 = ORIENTED_EDGE('',*,*,#5547,.F.);
#5547 = EDGE_CURVE('',#5548,#5522,#5550,.T.);
#5548 = VERTEX_POINT('',#5549);
#5549 = CARTESIAN_POINT('',(-20.125,0.884867365357,8.819181940408));
#5550 = SURFACE_CURVE('',#5551,(#5556,#5563),.PCURVE_S1.);
#5551 = CIRCLE('',#5552,0.5);
#5552 = AXIS2_PLACEMENT_3D('',#5553,#5554,#5555);
#5553 = CARTESIAN_POINT('',(-20.125,0.5,8.5));
#5554 = DIRECTION('',(1.,0.,0.));
#5555 = DIRECTION('',(-0.,1.,0.));
#5556 = PCURVE('',#1517,#5557);
#5557 = DEFINITIONAL_REPRESENTATION('',(#5558),#5562);
#5558 = CIRCLE('',#5559,0.5);
#5559 = AXIS2_PLACEMENT_2D('',#5560,#5561);
#5560 = CARTESIAN_POINT('',(13.35,-8.5));
#5561 = DIRECTION('',(-1.,-0.));
#5562 = ( GEOMETRIC_REPRESENTATION_CONTEXT(2) 
PARAMETRIC_REPRESENTATION_CONTEXT() REPRESENTATION_CONTEXT('2D SPACE',''
  ) );
#5563 = PCURVE('',#5564,#5569);
#5564 = CYLINDRICAL_SURFACE('',#5565,0.5);
#5565 = AXIS2_PLACEMENT_3D('',#5566,#5567,#5568);
#5566 = CARTESIAN_POINT('',(-30.,0.5,8.5));
#5567 = DIRECTION('',(1.,0.,0.));
#5568 = DIRECTION('',(-0.,1.,0.));
#5569 = DEFINITIONAL_REPRESENTATION('',(#5570),#5574);
#5570 = LINE('',#5571,#5572);
#5571 = CARTESIAN_POINT('',(0.,9.875));
#5572 = VECTOR('',#5573,1.);
#5573 = DIRECTION('',(1.,0.));
#5574 = ( GEOMETRIC_REPRESENTATION_CONTEXT(2) 
PARAMETRIC_REPRESENTATION_CONTEXT() REPRESENTATION_CONTEXT('2D SPACE',''
  ) );
#5575 = ORIENTED_EDGE('',*,*,#5576,.F.);
#5576 = EDGE_CURVE('',#5577,#5548,#5579,.T.);
#5577 = VERTEX_POINT('',#5578);
#5578 = CARTESIAN_POINT('',(-20.125,-2.934314575051,5.));
#5579 = SURFACE_CURVE('',#5580,(#5584,#5590),.PCURVE_S1.);
#5580 = LINE('',#5581,#5582);
#5581 = CARTESIAN_POINT('',(-20.125,1.966358223314,9.900672798365));
#5582 = VECTOR('',#5583,1.);
#5583 = DIRECTION('',(0.,0.707106781187,0.707106781187));
#5584 = PCURVE('',#1517,#5585);
#5585 = DEFINITIONAL_REPRESENTATION('',(#5586),#5589);
#5586 = B_SPLINE_CURVE_WITH_KNOTS('',1,(#5587,#5588),.UNSPECIFIED.,.F.,
  .F.,(2,2),(-6.9305979362,-1.529459038904),.PIECEWISE_BEZIER_KNOTS.);
#5587 = CARTESIAN_POINT('',(16.784314575051,-5.));
#5588 = CARTESIAN_POINT('',(12.965132634643,-8.819181940408));
#5589 = ( GEOMETRIC_REPRESENTATION_CONTEXT(2) 
PARAMETRIC_REPRESENTATION_CONTEXT() REPRESENTATION_CONTEXT('2D SPACE',''
  ) );
#5590 = PCURVE('',#5591,#5596);
#5591 = PLANE('',#5592);
#5592 = AXIS2_PLACEMENT_3D('',#5593,#5594,#5595);
#5593 = CARTESIAN_POINT('',(-20.,0.974873734153,8.909188309204));
#5594 = DIRECTION('',(0.,0.707106781187,-0.707106781187));
#5595 = DIRECTION('',(0.,-0.707106781187,-0.707106781187));
#5596 = DEFINITIONAL_REPRESENTATION('',(#5597),#5600);
#5597 = B_SPLINE_CURVE_WITH_KNOTS('',1,(#5598,#5599),.UNSPECIFIED.,.F.,
  .F.,(2,2),(-6.9305979362,-1.529459038904),.PIECEWISE_BEZIER_KNOTS.);
#5598 = CARTESIAN_POINT('',(5.528427124746,0.125));
#5599 = CARTESIAN_POINT('',(0.12728822745,0.125));
#5600 = ( GEOMETRIC_REPRESENTATION_CONTEXT(2) 
PARAMETRIC_REPRESENTATION_CONTEXT() REPRESENTATION_CONTEXT('2D SPACE',''
  ) );
#5601 = ORIENTED_EDGE('',*,*,#5602,.T.);
#5602 = EDGE_CURVE('',#5577,#5603,#5605,.T.);
#5603 = VERTEX_POINT('',#5604);
#5604 = CARTESIAN_POINT('',(-20.125,-3.5,5.));
#5605 = SURFACE_CURVE('',#5606,(#5610,#5616),.PCURVE_S1.);
#5606 = LINE('',#5607,#5608);
#5607 = CARTESIAN_POINT('',(-20.125,4.925,5.));
#5608 = VECTOR('',#5609,1.);
#5609 = DIRECTION('',(0.,-1.,0.));
#5610 = PCURVE('',#1517,#5611);
#5611 = DEFINITIONAL_REPRESENTATION('',(#5612),#5615);
#5612 = B_SPLINE_CURVE_WITH_KNOTS('',1,(#5613,#5614),.UNSPECIFIED.,.F.,
  .F.,(2,2),(7.859314575051,8.425),.PIECEWISE_BEZIER_KNOTS.);
#5613 = CARTESIAN_POINT('',(16.784314575051,-5.));
#5614 = CARTESIAN_POINT('',(17.35,-5.));
#5615 = ( GEOMETRIC_REPRESENTATION_CONTEXT(2) 
PARAMETRIC_REPRESENTATION_CONTEXT() REPRESENTATION_CONTEXT('2D SPACE',''
  ) );
#5616 = PCURVE('',#5617,#5622);
#5617 = PLANE('',#5618);
#5618 = AXIS2_PLACEMENT_3D('',#5619,#5620,#5621);
#5619 = CARTESIAN_POINT('',(-20.,-4.,5.));
#5620 = DIRECTION('',(0.,0.,1.));
#5621 = DIRECTION('',(0.,1.,0.));
#5622 = DEFINITIONAL_REPRESENTATION('',(#5623),#5626);
#5623 = B_SPLINE_CURVE_WITH_KNOTS('',1,(#5624,#5625),.UNSPECIFIED.,.F.,
  .F.,(2,2),(7.859314575051,8.425),.PIECEWISE_BEZIER_KNOTS.);
#5624 = CARTESIAN_POINT('',(1.065685424949,0.125));
#5625 = CARTESIAN_POINT('',(0.5,0.125));
#5626 = ( GEOMETRIC_REPRESENTATION_CONTEXT(2) 
PARAMETRIC_REPRESENTATION_CONTEXT() REPRESENTATION_CONTEXT('2D SPACE',''
  ) );
#5627 = ORIENTED_EDGE('',*,*,#5628,.T.);
#5628 = EDGE_CURVE('',#5603,#5496,#5629,.T.);
#5629 = SURFACE_CURVE('',#5630,(#5635,#5646),.PCURVE_S1.);
#5630 = CIRCLE('',#5631,0.5);
#5631 = AXIS2_PLACEMENT_3D('',#5632,#5633,#5634);
#5632 = CARTESIAN_POINT('',(-20.125,-3.5,5.5));
#5633 = DIRECTION('',(-1.,0.,0.));
#5634 = DIRECTION('',(0.,0.,-1.));
#5635 = PCURVE('',#1517,#5636);
#5636 = DEFINITIONAL_REPRESENTATION('',(#5637),#5645);
#5637 = ( BOUNDED_CURVE() B_SPLINE_CURVE(2,(#5638,#5639,#5640,#5641,
#5642,#5643,#5644),.UNSPECIFIED.,.T.,.F.) B_SPLINE_CURVE_WITH_KNOTS((1,2
    ,2,2,2,1),(-2.094395102393,0.,2.094395102393,4.188790204786,
6.28318530718,8.377580409573),.UNSPECIFIED.) CURVE() 
GEOMETRIC_REPRESENTATION_ITEM() RATIONAL_B_SPLINE_CURVE((1.,0.5,1.,0.5,
1.,0.5,1.)) REPRESENTATION_ITEM('') );
#5638 = CARTESIAN_POINT('',(17.35,-5.));
#5639 = CARTESIAN_POINT('',(18.216025403785,-5.));
#5640 = CARTESIAN_POINT('',(17.783012701893,-5.75));
#5641 = CARTESIAN_POINT('',(17.35,-6.5));
#5642 = CARTESIAN_POINT('',(16.916987298108,-5.75));
#5643 = CARTESIAN_POINT('',(16.483974596216,-5.));
#5644 = CARTESIAN_POINT('',(17.35,-5.));
#5645 = ( GEOMETRIC_REPRESENTATION_CONTEXT(2) 
PARAMETRIC_REPRESENTATION_CONTEXT() REPRESENTATION_CONTEXT('2D SPACE',''
  ) );
#5646 = PCURVE('',#5647,#5652);
#5647 = CYLINDRICAL_SURFACE('',#5648,0.5);
#5648 = AXIS2_PLACEMENT_3D('',#5649,#5650,#5651);
#5649 = CARTESIAN_POINT('',(-10.,-3.5,5.5));
#5650 = DIRECTION('',(-1.,0.,0.));
#5651 = DIRECTION('',(0.,0.,-1.));
#5652 = DEFINITIONAL_REPRESENTATION('',(#5653),#5657);
#5653 = LINE('',#5654,#5655);
#5654 = CARTESIAN_POINT('',(0.,10.125));
#5655 = VECTOR('',#5656,1.);
#5656 = DIRECTION('',(1.,0.));
#5657 = ( GEOMETRIC_REPRESENTATION_CONTEXT(2) 
PARAMETRIC_REPRESENTATION_CONTEXT() REPRESENTATION_CONTEXT('2D SPACE',''
  ) );
#5658 = FACE_BOUND('',#5659,.F.);
#5659 = EDGE_LOOP('',(#5660,#5688,#5714,#5740));
#5660 = ORIENTED_EDGE('',*,*,#5661,.F.);
#5661 = EDGE_CURVE('',#5662,#5664,#5666,.T.);
#5662 = VERTEX_POINT('',#5663);
#5663 = CARTESIAN_POINT('',(-20.125,1.,7.94436508139));
#5664 = VERTEX_POINT('',#5665);
#5665 = CARTESIAN_POINT('',(-20.125,-1.94436508139,5.));
#5666 = SURFACE_CURVE('',#5667,(#5671,#5677),.PCURVE_S1.);
#5667 = LINE('',#5668,#5669);
#5668 = CARTESIAN_POINT('',(-20.125,0.269301948466,7.213667029856));
#5669 = VECTOR('',#5670,1.);
#5670 = DIRECTION('',(0.,-0.707106781187,-0.707106781187));
#5671 = PCURVE('',#1517,#5672);
#5672 = DEFINITIONAL_REPRESENTATION('',(#5673),#5676);
#5673 = B_SPLINE_CURVE_WITH_KNOTS('',1,(#5674,#5675),.UNSPECIFIED.,.F.,
  .F.,(2,2),(-1.033363094479,3.1305979362),.PIECEWISE_BEZIER_KNOTS.);
#5674 = CARTESIAN_POINT('',(12.85,-7.94436508139));
#5675 = CARTESIAN_POINT('',(15.79436508139,-5.));
#5676 = ( GEOMETRIC_REPRESENTATION_CONTEXT(2) 
PARAMETRIC_REPRESENTATION_CONTEXT() REPRESENTATION_CONTEXT('2D SPACE',''
  ) );
#5677 = PCURVE('',#5678,#5683);
#5678 = PLANE('',#5679);
#5679 = AXIS2_PLACEMENT_3D('',#5680,#5681,#5682);
#5680 = CARTESIAN_POINT('',(-20.,-2.914213562373,4.030151519017));
#5681 = DIRECTION('',(0.,-0.707106781187,0.707106781187));
#5682 = DIRECTION('',(0.,0.707106781187,0.707106781187));
#5683 = DEFINITIONAL_REPRESENTATION('',(#5684),#5687);
#5684 = B_SPLINE_CURVE_WITH_KNOTS('',1,(#5685,#5686),.UNSPECIFIED.,.F.,
  .F.,(2,2),(-1.033363094479,3.1305979362),.PIECEWISE_BEZIER_KNOTS.);
#5685 = CARTESIAN_POINT('',(5.535533905933,0.125));
#5686 = CARTESIAN_POINT('',(1.371572875254,0.125));
#5687 = ( GEOMETRIC_REPRESENTATION_CONTEXT(2) 
PARAMETRIC_REPRESENTATION_CONTEXT() REPRESENTATION_CONTEXT('2D SPACE',''
  ) );
#5688 = ORIENTED_EDGE('',*,*,#5689,.T.);
#5689 = EDGE_CURVE('',#5662,#5690,#5692,.T.);
#5690 = VERTEX_POINT('',#5691);
#5691 = CARTESIAN_POINT('',(-20.125,1.,6.812994231491));
#5692 = SURFACE_CURVE('',#5693,(#5697,#5703),.PCURVE_S1.);
#5693 = LINE('',#5694,#5695);
#5694 = CARTESIAN_POINT('',(-20.125,1.,2.5));
#5695 = VECTOR('',#5696,1.);
#5696 = DIRECTION('',(0.,-0.,-1.));
#5697 = PCURVE('',#1517,#5698);
#5698 = DEFINITIONAL_REPRESENTATION('',(#5699),#5702);
#5699 = B_SPLINE_CURVE_WITH_KNOTS('',1,(#5700,#5701),.UNSPECIFIED.,.F.,
  .F.,(2,2),(-5.44436508139,-4.312994231491),.PIECEWISE_BEZIER_KNOTS.);
#5700 = CARTESIAN_POINT('',(12.85,-7.94436508139));
#5701 = CARTESIAN_POINT('',(12.85,-6.812994231491));
#5702 = ( GEOMETRIC_REPRESENTATION_CONTEXT(2) 
PARAMETRIC_REPRESENTATION_CONTEXT() REPRESENTATION_CONTEXT('2D SPACE',''
  ) );
#5703 = PCURVE('',#5704,#5709);
#5704 = PLANE('',#5705);
#5705 = AXIS2_PLACEMENT_3D('',#5706,#5707,#5708);
#5706 = CARTESIAN_POINT('',(-20.,1.,5.));
#5707 = DIRECTION('',(0.,-1.,0.));
#5708 = DIRECTION('',(0.,0.,1.));
#5709 = DEFINITIONAL_REPRESENTATION('',(#5710),#5713);
#5710 = B_SPLINE_CURVE_WITH_KNOTS('',1,(#5711,#5712),.UNSPECIFIED.,.F.,
  .F.,(2,2),(-5.44436508139,-4.312994231491),.PIECEWISE_BEZIER_KNOTS.);
#5711 = CARTESIAN_POINT('',(2.94436508139,0.125));
#5712 = CARTESIAN_POINT('',(1.812994231491,0.125));
#5713 = ( GEOMETRIC_REPRESENTATION_CONTEXT(2) 
PARAMETRIC_REPRESENTATION_CONTEXT() REPRESENTATION_CONTEXT('2D SPACE',''
  ) );
#5714 = ORIENTED_EDGE('',*,*,#5715,.F.);
#5715 = EDGE_CURVE('',#5716,#5690,#5718,.T.);
#5716 = VERTEX_POINT('',#5717);
#5717 = CARTESIAN_POINT('',(-20.125,-0.812994231491,5.));
#5718 = SURFACE_CURVE('',#5719,(#5723,#5729),.PCURVE_S1.);
#5719 = LINE('',#5720,#5721);
#5720 = CARTESIAN_POINT('',(-20.125,3.027018395094,8.840012626585));
#5721 = VECTOR('',#5722,1.);
#5722 = DIRECTION('',(0.,0.707106781187,0.707106781187));
#5723 = PCURVE('',#1517,#5724);
#5724 = DEFINITIONAL_REPRESENTATION('',(#5725),#5728);
#5725 = B_SPLINE_CURVE_WITH_KNOTS('',1,(#5726,#5727),.UNSPECIFIED.,.F.,
  .F.,(2,2),(-5.4305979362,-2.866636905521),.PIECEWISE_BEZIER_KNOTS.);
#5726 = CARTESIAN_POINT('',(14.662994231491,-5.));
#5727 = CARTESIAN_POINT('',(12.85,-6.812994231491));
#5728 = ( GEOMETRIC_REPRESENTATION_CONTEXT(2) 
PARAMETRIC_REPRESENTATION_CONTEXT() REPRESENTATION_CONTEXT('2D SPACE',''
  ) );
#5729 = PCURVE('',#5730,#5735);
#5730 = PLANE('',#5731);
#5731 = AXIS2_PLACEMENT_3D('',#5732,#5733,#5734);
#5732 = CARTESIAN_POINT('',(-20.,2.035533905933,7.848528137424));
#5733 = DIRECTION('',(0.,0.707106781187,-0.707106781187));
#5734 = DIRECTION('',(0.,-0.707106781187,-0.707106781187));
#5735 = DEFINITIONAL_REPRESENTATION('',(#5736),#5739);
#5736 = B_SPLINE_CURVE_WITH_KNOTS('',1,(#5737,#5738),.UNSPECIFIED.,.F.,
  .F.,(2,2),(-5.4305979362,-2.866636905521),.PIECEWISE_BEZIER_KNOTS.);
#5737 = CARTESIAN_POINT('',(4.028427124746,0.125));
#5738 = CARTESIAN_POINT('',(1.464466094067,0.125));
#5739 = ( GEOMETRIC_REPRESENTATION_CONTEXT(2) 
PARAMETRIC_REPRESENTATION_CONTEXT() REPRESENTATION_CONTEXT('2D SPACE',''
  ) );
#5740 = ORIENTED_EDGE('',*,*,#5741,.T.);
#5741 = EDGE_CURVE('',#5716,#5664,#5742,.T.);
#5742 = SURFACE_CURVE('',#5743,(#5747,#5753),.PCURVE_S1.);
#5743 = LINE('',#5744,#5745);
#5744 = CARTESIAN_POINT('',(-20.125,4.925,5.));
#5745 = VECTOR('',#5746,1.);
#5746 = DIRECTION('',(0.,-1.,0.));
#5747 = PCURVE('',#1517,#5748);
#5748 = DEFINITIONAL_REPRESENTATION('',(#5749),#5752);
#5749 = B_SPLINE_CURVE_WITH_KNOTS('',1,(#5750,#5751),.UNSPECIFIED.,.F.,
  .F.,(2,2),(5.737994231491,6.86936508139),.PIECEWISE_BEZIER_KNOTS.);
#5750 = CARTESIAN_POINT('',(14.662994231491,-5.));
#5751 = CARTESIAN_POINT('',(15.79436508139,-5.));
#5752 = ( GEOMETRIC_REPRESENTATION_CONTEXT(2) 
PARAMETRIC_REPRESENTATION_CONTEXT() REPRESENTATION_CONTEXT('2D SPACE',''
  ) );
#5753 = PCURVE('',#5754,#5759);
#5754 = PLANE('',#5755);
#5755 = AXIS2_PLACEMENT_3D('',#5756,#5757,#5758);
#5756 = CARTESIAN_POINT('',(-20.,-4.,5.));
#5757 = DIRECTION('',(0.,0.,1.));
#5758 = DIRECTION('',(0.,1.,0.));
#5759 = DEFINITIONAL_REPRESENTATION('',(#5760),#5763);
#5760 = B_SPLINE_CURVE_WITH_KNOTS('',1,(#5761,#5762),.UNSPECIFIED.,.F.,
  .F.,(2,2),(5.737994231491,6.86936508139),.PIECEWISE_BEZIER_KNOTS.);
#5761 = CARTESIAN_POINT('',(3.187005768509,0.125));
#5762 = CARTESIAN_POINT('',(2.05563491861,0.125));
#5763 = ( GEOMETRIC_REPRESENTATION_CONTEXT(2) 
PARAMETRIC_REPRESENTATION_CONTEXT() REPRESENTATION_CONTEXT('2D SPACE',''
  ) );
#5764 = FACE_BOUND('',#5765,.F.);
#5765 = EDGE_LOOP('',(#5766,#5794,#5820,#5849));
#5766 = ORIENTED_EDGE('',*,*,#5767,.F.);
#5767 = EDGE_CURVE('',#5768,#5770,#5772,.T.);
#5768 = VERTEX_POINT('',#5769);
#5769 = CARTESIAN_POINT('',(-20.125,1.,5.82304473783));
#5770 = VERTEX_POINT('',#5771);
#5771 = CARTESIAN_POINT('',(-20.125,0.17695526217,5.));
#5772 = SURFACE_CURVE('',#5773,(#5777,#5783),.PCURVE_S1.);
#5773 = LINE('',#5774,#5775);
#5774 = CARTESIAN_POINT('',(-20.125,1.329962120246,6.153006858076));
#5775 = VECTOR('',#5776,1.);
#5776 = DIRECTION('',(0.,-0.707106781187,-0.707106781187));
#5777 = PCURVE('',#1517,#5778);
#5778 = DEFINITIONAL_REPRESENTATION('',(#5779),#5782);
#5779 = B_SPLINE_CURVE_WITH_KNOTS('',1,(#5780,#5781),.UNSPECIFIED.,.F.,
  .F.,(2,2),(0.466636905521,1.6305979362),.PIECEWISE_BEZIER_KNOTS.);
#5780 = CARTESIAN_POINT('',(12.85,-5.82304473783));
#5781 = CARTESIAN_POINT('',(13.67304473783,-5.));
#5782 = ( GEOMETRIC_REPRESENTATION_CONTEXT(2) 
PARAMETRIC_REPRESENTATION_CONTEXT() REPRESENTATION_CONTEXT('2D SPACE',''
  ) );
#5783 = PCURVE('',#5784,#5789);
#5784 = PLANE('',#5785);
#5785 = AXIS2_PLACEMENT_3D('',#5786,#5787,#5788);
#5786 = CARTESIAN_POINT('',(-20.,-1.853553390593,2.969491347237));
#5787 = DIRECTION('',(0.,-0.707106781187,0.707106781187));
#5788 = DIRECTION('',(0.,0.707106781187,0.707106781187));
#5789 = DEFINITIONAL_REPRESENTATION('',(#5790),#5793);
#5790 = B_SPLINE_CURVE_WITH_KNOTS('',1,(#5791,#5792),.UNSPECIFIED.,.F.,
  .F.,(2,2),(0.466636905521,1.6305979362),.PIECEWISE_BEZIER_KNOTS.);
#5791 = CARTESIAN_POINT('',(4.035533905933,0.125));
#5792 = CARTESIAN_POINT('',(2.871572875254,0.125));
#5793 = ( GEOMETRIC_REPRESENTATION_CONTEXT(2) 
PARAMETRIC_REPRESENTATION_CONTEXT() REPRESENTATION_CONTEXT('2D SPACE',''
  ) );
#5794 = ORIENTED_EDGE('',*,*,#5795,.T.);
#5795 = EDGE_CURVE('',#5768,#5796,#5798,.T.);
#5796 = VERTEX_POINT('',#5797);
#5797 = CARTESIAN_POINT('',(-20.125,1.,5.5));
#5798 = SURFACE_CURVE('',#5799,(#5803,#5809),.PCURVE_S1.);
#5799 = LINE('',#5800,#5801);
#5800 = CARTESIAN_POINT('',(-20.125,1.,2.5));
#5801 = VECTOR('',#5802,1.);
#5802 = DIRECTION('',(0.,-0.,-1.));
#5803 = PCURVE('',#1517,#5804);
#5804 = DEFINITIONAL_REPRESENTATION('',(#5805),#5808);
#5805 = B_SPLINE_CURVE_WITH_KNOTS('',1,(#5806,#5807),.UNSPECIFIED.,.F.,
  .F.,(2,2),(-3.32304473783,-3.),.PIECEWISE_BEZIER_KNOTS.);
#5806 = CARTESIAN_POINT('',(12.85,-5.82304473783));
#5807 = CARTESIAN_POINT('',(12.85,-5.5));
#5808 = ( GEOMETRIC_REPRESENTATION_CONTEXT(2) 
PARAMETRIC_REPRESENTATION_CONTEXT() REPRESENTATION_CONTEXT('2D SPACE',''
  ) );
#5809 = PCURVE('',#5810,#5815);
#5810 = PLANE('',#5811);
#5811 = AXIS2_PLACEMENT_3D('',#5812,#5813,#5814);
#5812 = CARTESIAN_POINT('',(-20.,1.,5.));
#5813 = DIRECTION('',(0.,-1.,0.));
#5814 = DIRECTION('',(0.,0.,1.));
#5815 = DEFINITIONAL_REPRESENTATION('',(#5816),#5819);
#5816 = B_SPLINE_CURVE_WITH_KNOTS('',1,(#5817,#5818),.UNSPECIFIED.,.F.,
  .F.,(2,2),(-3.32304473783,-3.),.PIECEWISE_BEZIER_KNOTS.);
#5817 = CARTESIAN_POINT('',(0.82304473783,0.125));
#5818 = CARTESIAN_POINT('',(0.5,0.125));
#5819 = ( GEOMETRIC_REPRESENTATION_CONTEXT(2) 
PARAMETRIC_REPRESENTATION_CONTEXT() REPRESENTATION_CONTEXT('2D SPACE',''
  ) );
#5820 = ORIENTED_EDGE('',*,*,#5821,.F.);
#5821 = EDGE_CURVE('',#5822,#5796,#5824,.T.);
#5822 = VERTEX_POINT('',#5823);
#5823 = CARTESIAN_POINT('',(-20.125,0.5,5.));
#5824 = SURFACE_CURVE('',#5825,(#5830,#5837),.PCURVE_S1.);
#5825 = CIRCLE('',#5826,0.5);
#5826 = AXIS2_PLACEMENT_3D('',#5827,#5828,#5829);
#5827 = CARTESIAN_POINT('',(-20.125,0.5,5.5));
#5828 = DIRECTION('',(1.,0.,0.));
#5829 = DIRECTION('',(0.,0.,-1.));
#5830 = PCURVE('',#1517,#5831);
#5831 = DEFINITIONAL_REPRESENTATION('',(#5832),#5836);
#5832 = CIRCLE('',#5833,0.5);
#5833 = AXIS2_PLACEMENT_2D('',#5834,#5835);
#5834 = CARTESIAN_POINT('',(13.35,-5.5));
#5835 = DIRECTION('',(0.,1.));
#5836 = ( GEOMETRIC_REPRESENTATION_CONTEXT(2) 
PARAMETRIC_REPRESENTATION_CONTEXT() REPRESENTATION_CONTEXT('2D SPACE',''
  ) );
#5837 = PCURVE('',#5838,#5843);
#5838 = CYLINDRICAL_SURFACE('',#5839,0.5);
#5839 = AXIS2_PLACEMENT_3D('',#5840,#5841,#5842);
#5840 = CARTESIAN_POINT('',(-30.,0.5,5.5));
#5841 = DIRECTION('',(1.,0.,0.));
#5842 = DIRECTION('',(0.,0.,-1.));
#5843 = DEFINITIONAL_REPRESENTATION('',(#5844),#5848);
#5844 = LINE('',#5845,#5846);
#5845 = CARTESIAN_POINT('',(0.,9.875));
#5846 = VECTOR('',#5847,1.);
#5847 = DIRECTION('',(1.,0.));
#5848 = ( GEOMETRIC_REPRESENTATION_CONTEXT(2) 
PARAMETRIC_REPRESENTATION_CONTEXT() REPRESENTATION_CONTEXT('2D SPACE',''
  ) );
#5849 = ORIENTED_EDGE('',*,*,#5850,.T.);
#5850 = EDGE_CURVE('',#5822,#5770,#5851,.T.);
#5851 = SURFACE_CURVE('',#5852,(#5856,#5862),.PCURVE_S1.);
#5852 = LINE('',#5853,#5854);
#5853 = CARTESIAN_POINT('',(-20.125,4.925,5.));
#5854 = VECTOR('',#5855,1.);
#5855 = DIRECTION('',(0.,-1.,0.));
#5856 = PCURVE('',#1517,#5857);
#5857 = DEFINITIONAL_REPRESENTATION('',(#5858),#5861);
#5858 = B_SPLINE_CURVE_WITH_KNOTS('',1,(#5859,#5860),.UNSPECIFIED.,.F.,
  .F.,(2,2),(4.425,4.74804473783),.PIECEWISE_BEZIER_KNOTS.);
#5859 = CARTESIAN_POINT('',(13.35,-5.));
#5860 = CARTESIAN_POINT('',(13.67304473783,-5.));
#5861 = ( GEOMETRIC_REPRESENTATION_CONTEXT(2) 
PARAMETRIC_REPRESENTATION_CONTEXT() REPRESENTATION_CONTEXT('2D SPACE',''
  ) );
#5862 = PCURVE('',#5863,#5868);
#5863 = PLANE('',#5864);
#5864 = AXIS2_PLACEMENT_3D('',#5865,#5866,#5867);
#5865 = CARTESIAN_POINT('',(-20.,-4.,5.));
#5866 = DIRECTION('',(0.,0.,1.));
#5867 = DIRECTION('',(0.,1.,0.));
#5868 = DEFINITIONAL_REPRESENTATION('',(#5869),#5872);
#5869 = B_SPLINE_CURVE_WITH_KNOTS('',1,(#5870,#5871),.UNSPECIFIED.,.F.,
  .F.,(2,2),(4.425,4.74804473783),.PIECEWISE_BEZIER_KNOTS.);
#5870 = CARTESIAN_POINT('',(4.5,0.125));
#5871 = CARTESIAN_POINT('',(4.17695526217,0.125));
#5872 = ( GEOMETRIC_REPRESENTATION_CONTEXT(2) 
PARAMETRIC_REPRESENTATION_CONTEXT() REPRESENTATION_CONTEXT('2D SPACE',''
  ) );
#5873 = ADVANCED_FACE('',(#5874),#870,.T.);
#5874 = FACE_BOUND('',#5875,.T.);
#5875 = EDGE_LOOP('',(#5876,#5899,#5900,#5901,#5902,#5903,#5904,#5905,
    #5906,#5907,#5908,#5909,#5910,#5911,#5912,#5935));
#5876 = ORIENTED_EDGE('',*,*,#5877,.F.);
#5877 = EDGE_CURVE('',#1401,#5878,#5880,.T.);
#5878 = VERTEX_POINT('',#5879);
#5879 = CARTESIAN_POINT('',(-9.332064567867,11.849999997418,9.4));
#5880 = SURFACE_CURVE('',#5881,(#5885,#5892),.PCURVE_S1.);
#5881 = LINE('',#5882,#5883);
#5882 = CARTESIAN_POINT('',(-9.332064567867,11.849999997418,-29.25001));
#5883 = VECTOR('',#5884,1.);
#5884 = DIRECTION('',(0.,0.,1.));
#5885 = PCURVE('',#870,#5886);
#5886 = DEFINITIONAL_REPRESENTATION('',(#5887),#5891);
#5887 = LINE('',#5888,#5889);
#5888 = CARTESIAN_POINT('',(18.65705680023,0.));
#5889 = VECTOR('',#5890,1.);
#5890 = DIRECTION('',(0.,-1.));
#5891 = ( GEOMETRIC_REPRESENTATION_CONTEXT(2) 
PARAMETRIC_REPRESENTATION_CONTEXT() REPRESENTATION_CONTEXT('2D SPACE',''
  ) );
#5892 = PCURVE('',#1421,#5893);
#5893 = DEFINITIONAL_REPRESENTATION('',(#5894),#5898);
#5894 = LINE('',#5895,#5896);
#5895 = CARTESIAN_POINT('',(-6.283132080194,0.));
#5896 = VECTOR('',#5897,1.);
#5897 = DIRECTION('',(-0.,-1.));
#5898 = ( GEOMETRIC_REPRESENTATION_CONTEXT(2) 
PARAMETRIC_REPRESENTATION_CONTEXT() REPRESENTATION_CONTEXT('2D SPACE',''
  ) );
#5899 = ORIENTED_EDGE('',*,*,#1433,.T.);
#5900 = ORIENTED_EDGE('',*,*,#2538,.T.);
#5901 = ORIENTED_EDGE('',*,*,#2490,.T.);
#5902 = ORIENTED_EDGE('',*,*,#2443,.T.);
#5903 = ORIENTED_EDGE('',*,*,#2396,.T.);
#5904 = ORIENTED_EDGE('',*,*,#2349,.T.);
#5905 = ORIENTED_EDGE('',*,*,#2326,.T.);
#5906 = ORIENTED_EDGE('',*,*,#2255,.T.);
#5907 = ORIENTED_EDGE('',*,*,#2207,.T.);
#5908 = ORIENTED_EDGE('',*,*,#2160,.T.);
#5909 = ORIENTED_EDGE('',*,*,#2113,.T.);
#5910 = ORIENTED_EDGE('',*,*,#2066,.T.);
#5911 = ORIENTED_EDGE('',*,*,#854,.T.);
#5912 = ORIENTED_EDGE('',*,*,#5913,.T.);
#5913 = EDGE_CURVE('',#855,#5914,#5916,.T.);
#5914 = VERTEX_POINT('',#5915);
#5915 = CARTESIAN_POINT('',(9.324992205188,11.848993000291,9.4));
#5916 = SURFACE_CURVE('',#5917,(#5921,#5928),.PCURVE_S1.);
#5917 = LINE('',#5918,#5919);
#5918 = CARTESIAN_POINT('',(9.324992205188,11.848993000291,-29.25001));
#5919 = VECTOR('',#5920,1.);
#5920 = DIRECTION('',(0.,0.,1.));
#5921 = PCURVE('',#870,#5922);
#5922 = DEFINITIONAL_REPRESENTATION('',(#5923),#5927);
#5923 = LINE('',#5924,#5925);
#5924 = CARTESIAN_POINT('',(0.,0.));
#5925 = VECTOR('',#5926,1.);
#5926 = DIRECTION('',(0.,-1.));
#5927 = ( GEOMETRIC_REPRESENTATION_CONTEXT(2) 
PARAMETRIC_REPRESENTATION_CONTEXT() REPRESENTATION_CONTEXT('2D SPACE',''
  ) );
#5928 = PCURVE('',#902,#5929);
#5929 = DEFINITIONAL_REPRESENTATION('',(#5930),#5934);
#5930 = LINE('',#5931,#5932);
#5931 = CARTESIAN_POINT('',(1.570851047932,0.));
#5932 = VECTOR('',#5933,1.);
#5933 = DIRECTION('',(0.,-1.));
#5934 = ( GEOMETRIC_REPRESENTATION_CONTEXT(2) 
PARAMETRIC_REPRESENTATION_CONTEXT() REPRESENTATION_CONTEXT('2D SPACE',''
  ) );
#5935 = ORIENTED_EDGE('',*,*,#5936,.T.);
#5936 = EDGE_CURVE('',#5914,#5878,#5937,.T.);
#5937 = SURFACE_CURVE('',#5938,(#5942,#5948),.PCURVE_S1.);
#5938 = LINE('',#5939,#5940);
#5939 = CARTESIAN_POINT('',(4.661791533299,11.849244692171,9.4));
#5940 = VECTOR('',#5941,1.);
#5941 = DIRECTION('',(-0.999999998543,5.397406128484E-05,0.));
#5942 = PCURVE('',#870,#5943);
#5943 = DEFINITIONAL_REPRESENTATION('',(#5944),#5947);
#5944 = B_SPLINE_CURVE_WITH_KNOTS('',1,(#5945,#5946),.UNSPECIFIED.,.F.,
  .F.,(2,2),(-4.663200678681,13.993856121549),.PIECEWISE_BEZIER_KNOTS.);
#5945 = CARTESIAN_POINT('',(0.,-38.65001));
#5946 = CARTESIAN_POINT('',(18.65705680023,-38.65001));
#5947 = ( GEOMETRIC_REPRESENTATION_CONTEXT(2) 
PARAMETRIC_REPRESENTATION_CONTEXT() REPRESENTATION_CONTEXT('2D SPACE',''
  ) );
#5948 = PCURVE('',#5949,#5954);
#5949 = PLANE('',#5950);
#5950 = AXIS2_PLACEMENT_3D('',#5951,#5952,#5953);
#5951 = CARTESIAN_POINT('',(-2.121008405577E-03,-1.339613301536,9.4));
#5952 = DIRECTION('',(0.,0.,1.));
#5953 = DIRECTION('',(1.,0.,-0.));
#5954 = DEFINITIONAL_REPRESENTATION('',(#5955),#5958);
#5955 = B_SPLINE_CURVE_WITH_KNOTS('',1,(#5956,#5957),.UNSPECIFIED.,.F.,
  .F.,(2,2),(-4.663200678681,13.993856121549),.PIECEWISE_BEZIER_KNOTS.);
#5956 = CARTESIAN_POINT('',(9.327113213593,13.188606301827));
#5957 = CARTESIAN_POINT('',(-9.329943559461,13.189613298954));
#5958 = ( GEOMETRIC_REPRESENTATION_CONTEXT(2) 
PARAMETRIC_REPRESENTATION_CONTEXT() REPRESENTATION_CONTEXT('2D SPACE',''
  ) );
#5959 = ADVANCED_FACE('',(#5960),#1421,.F.);
#5960 = FACE_BOUND('',#5961,.T.);
#5961 = EDGE_LOOP('',(#5962,#5984,#5985,#5986));
#5962 = ORIENTED_EDGE('',*,*,#5963,.F.);
#5963 = EDGE_CURVE('',#1374,#5964,#5966,.T.);
#5964 = VERTEX_POINT('',#5965);
#5965 = CARTESIAN_POINT('',(-10.132107,11.05,9.4));
#5966 = SURFACE_CURVE('',#5967,(#5971,#5977),.PCURVE_S1.);
#5967 = LINE('',#5968,#5969);
#5968 = CARTESIAN_POINT('',(-10.132107,11.05,-29.25001));
#5969 = VECTOR('',#5970,1.);
#5970 = DIRECTION('',(0.,0.,1.));
#5971 = PCURVE('',#1421,#5972);
#5972 = DEFINITIONAL_REPRESENTATION('',(#5973),#5976);
#5973 = B_SPLINE_CURVE_WITH_KNOTS('',1,(#5974,#5975),.UNSPECIFIED.,.F.,
  .F.,(2,2),(33.250010000001,40.250010000001),.PIECEWISE_BEZIER_KNOTS.);
#5974 = CARTESIAN_POINT('',(-7.853983128126,-33.25001));
#5975 = CARTESIAN_POINT('',(-7.853983128126,-40.25001));
#5976 = ( GEOMETRIC_REPRESENTATION_CONTEXT(2) 
PARAMETRIC_REPRESENTATION_CONTEXT() REPRESENTATION_CONTEXT('2D SPACE',''
  ) );
#5977 = PCURVE('',#1389,#5978);
#5978 = DEFINITIONAL_REPRESENTATION('',(#5979),#5983);
#5979 = LINE('',#5980,#5981);
#5980 = CARTESIAN_POINT('',(0.,0.));
#5981 = VECTOR('',#5982,1.);
#5982 = DIRECTION('',(0.,-1.));
#5983 = ( GEOMETRIC_REPRESENTATION_CONTEXT(2) 
PARAMETRIC_REPRESENTATION_CONTEXT() REPRESENTATION_CONTEXT('2D SPACE',''
  ) );
#5984 = ORIENTED_EDGE('',*,*,#1400,.T.);
#5985 = ORIENTED_EDGE('',*,*,#5877,.T.);
#5986 = ORIENTED_EDGE('',*,*,#5987,.F.);
#5987 = EDGE_CURVE('',#5964,#5878,#5988,.T.);
#5988 = SURFACE_CURVE('',#5989,(#5994,#6001),.PCURVE_S1.);
#5989 = CIRCLE('',#5990,0.799999252925);
#5990 = AXIS2_PLACEMENT_3D('',#5991,#5992,#5993);
#5991 = CARTESIAN_POINT('',(-9.332107747075,11.050000747075,9.4));
#5992 = DIRECTION('',(0.,0.,-1.));
#5993 = DIRECTION('',(7.470757634981E-07,1.,0.));
#5994 = PCURVE('',#1421,#5995);
#5995 = DEFINITIONAL_REPRESENTATION('',(#5996),#6000);
#5996 = LINE('',#5997,#5998);
#5997 = CARTESIAN_POINT('',(-12.56637061435,-38.65001));
#5998 = VECTOR('',#5999,1.);
#5999 = DIRECTION('',(1.,-0.));
#6000 = ( GEOMETRIC_REPRESENTATION_CONTEXT(2) 
PARAMETRIC_REPRESENTATION_CONTEXT() REPRESENTATION_CONTEXT('2D SPACE',''
  ) );
#6001 = PCURVE('',#5949,#6002);
#6002 = DEFINITIONAL_REPRESENTATION('',(#6003),#6011);
#6003 = ( BOUNDED_CURVE() B_SPLINE_CURVE(2,(#6004,#6005,#6006,#6007,
#6008,#6009,#6010),.UNSPECIFIED.,.T.,.F.) B_SPLINE_CURVE_WITH_KNOTS((1,2
    ,2,2,2,1),(-2.094395102393,0.,2.094395102393,4.188790204786,
6.28318530718,8.377580409573),.UNSPECIFIED.) CURVE() 
GEOMETRIC_REPRESENTATION_ITEM() RATIONAL_B_SPLINE_CURVE((1.,0.5,1.,0.5,
1.,0.5,1.)) REPRESENTATION_ITEM('') );
#6004 = CARTESIAN_POINT('',(-9.32998614101,13.189613301536));
#6005 = CARTESIAN_POINT('',(-7.944346788927,13.189612266358));
#6006 = CARTESIAN_POINT('',(-8.637167361458,11.98961390456));
#6007 = CARTESIAN_POINT('',(-9.32998793399,10.789615542761));
#6008 = CARTESIAN_POINT('',(-10.02280671354,11.989614939737));
#6009 = CARTESIAN_POINT('',(-10.71562549309,13.189614336713));
#6010 = CARTESIAN_POINT('',(-9.32998614101,13.189613301536));
#6011 = ( GEOMETRIC_REPRESENTATION_CONTEXT(2) 
PARAMETRIC_REPRESENTATION_CONTEXT() REPRESENTATION_CONTEXT('2D SPACE',''
  ) );
#6012 = ADVANCED_FACE('',(#6013),#1389,.T.);
#6013 = FACE_BOUND('',#6014,.T.);
#6014 = EDGE_LOOP('',(#6015,#6038,#6039,#6040));
#6015 = ORIENTED_EDGE('',*,*,#6016,.F.);
#6016 = EDGE_CURVE('',#1341,#6017,#6019,.T.);
#6017 = VERTEX_POINT('',#6018);
#6018 = CARTESIAN_POINT('',(-10.132107,3.450700252925,9.4));
#6019 = SURFACE_CURVE('',#6020,(#6024,#6031),.PCURVE_S1.);
#6020 = LINE('',#6021,#6022);
#6021 = CARTESIAN_POINT('',(-10.132107,3.450700252925,-29.25001));
#6022 = VECTOR('',#6023,1.);
#6023 = DIRECTION('',(0.,0.,1.));
#6024 = PCURVE('',#1389,#6025);
#6025 = DEFINITIONAL_REPRESENTATION('',(#6026),#6030);
#6026 = LINE('',#6027,#6028);
#6027 = CARTESIAN_POINT('',(7.599299747075,0.));
#6028 = VECTOR('',#6029,1.);
#6029 = DIRECTION('',(0.,-1.));
#6030 = ( GEOMETRIC_REPRESENTATION_CONTEXT(2) 
PARAMETRIC_REPRESENTATION_CONTEXT() REPRESENTATION_CONTEXT('2D SPACE',''
  ) );
#6031 = PCURVE('',#1361,#6032);
#6032 = DEFINITIONAL_REPRESENTATION('',(#6033),#6037);
#6033 = LINE('',#6034,#6035);
#6034 = CARTESIAN_POINT('',(-7.85398238105,0.));
#6035 = VECTOR('',#6036,1.);
#6036 = DIRECTION('',(-0.,-1.));
#6037 = ( GEOMETRIC_REPRESENTATION_CONTEXT(2) 
PARAMETRIC_REPRESENTATION_CONTEXT() REPRESENTATION_CONTEXT('2D SPACE',''
  ) );
#6038 = ORIENTED_EDGE('',*,*,#1373,.T.);
#6039 = ORIENTED_EDGE('',*,*,#5963,.T.);
#6040 = ORIENTED_EDGE('',*,*,#6041,.T.);
#6041 = EDGE_CURVE('',#5964,#6017,#6042,.T.);
#6042 = SURFACE_CURVE('',#6043,(#6047,#6053),.PCURVE_S1.);
#6043 = LINE('',#6044,#6045);
#6044 = CARTESIAN_POINT('',(-10.132107,4.855193349232,9.4));
#6045 = VECTOR('',#6046,1.);
#6046 = DIRECTION('',(-1.224646799147E-16,-1.,0.));
#6047 = PCURVE('',#1389,#6048);
#6048 = DEFINITIONAL_REPRESENTATION('',(#6049),#6052);
#6049 = B_SPLINE_CURVE_WITH_KNOTS('',1,(#6050,#6051),.UNSPECIFIED.,.F.,
  .F.,(2,2),(-6.194806650768,1.404493096307),.PIECEWISE_BEZIER_KNOTS.);
#6050 = CARTESIAN_POINT('',(0.,-38.65001));
#6051 = CARTESIAN_POINT('',(7.599299747075,-38.65001));
#6052 = ( GEOMETRIC_REPRESENTATION_CONTEXT(2) 
PARAMETRIC_REPRESENTATION_CONTEXT() REPRESENTATION_CONTEXT('2D SPACE',''
  ) );
#6053 = PCURVE('',#5949,#6054);
#6054 = DEFINITIONAL_REPRESENTATION('',(#6055),#6058);
#6055 = B_SPLINE_CURVE_WITH_KNOTS('',1,(#6056,#6057),.UNSPECIFIED.,.F.,
  .F.,(2,2),(-6.194806650768,1.404493096307),.PIECEWISE_BEZIER_KNOTS.);
#6056 = CARTESIAN_POINT('',(-10.12998599159,12.389613301536));
#6057 = CARTESIAN_POINT('',(-10.12998599159,4.79031355446));
#6058 = ( GEOMETRIC_REPRESENTATION_CONTEXT(2) 
PARAMETRIC_REPRESENTATION_CONTEXT() REPRESENTATION_CONTEXT('2D SPACE',''
  ) );
#6059 = ADVANCED_FACE('',(#6060),#1361,.T.);
#6060 = FACE_BOUND('',#6061,.F.);
#6061 = EDGE_LOOP('',(#6062,#6063,#6064,#6087));
#6062 = ORIENTED_EDGE('',*,*,#6016,.F.);
#6063 = ORIENTED_EDGE('',*,*,#1340,.T.);
#6064 = ORIENTED_EDGE('',*,*,#6065,.T.);
#6065 = EDGE_CURVE('',#1314,#6066,#6068,.T.);
#6066 = VERTEX_POINT('',#6067);
#6067 = CARTESIAN_POINT('',(-11.33196588675,2.250701015138,9.4));
#6068 = SURFACE_CURVE('',#6069,(#6073,#6080),.PCURVE_S1.);
#6069 = LINE('',#6070,#6071);
#6070 = CARTESIAN_POINT('',(-11.33196588675,2.250701015138,-29.25001));
#6071 = VECTOR('',#6072,1.);
#6072 = DIRECTION('',(0.,0.,1.));
#6073 = PCURVE('',#1361,#6074);
#6074 = DEFINITIONAL_REPRESENTATION('',(#6075),#6079);
#6075 = LINE('',#6076,#6077);
#6076 = CARTESIAN_POINT('',(-6.283303026141,0.));
#6077 = VECTOR('',#6078,1.);
#6078 = DIRECTION('',(-0.,-1.));
#6079 = ( GEOMETRIC_REPRESENTATION_CONTEXT(2) 
PARAMETRIC_REPRESENTATION_CONTEXT() REPRESENTATION_CONTEXT('2D SPACE',''
  ) );
#6080 = PCURVE('',#1329,#6081);
#6081 = DEFINITIONAL_REPRESENTATION('',(#6082),#6086);
#6082 = LINE('',#6083,#6084);
#6083 = CARTESIAN_POINT('',(0.,0.));
#6084 = VECTOR('',#6085,1.);
#6085 = DIRECTION('',(0.,-1.));
#6086 = ( GEOMETRIC_REPRESENTATION_CONTEXT(2) 
PARAMETRIC_REPRESENTATION_CONTEXT() REPRESENTATION_CONTEXT('2D SPACE',''
  ) );
#6087 = ORIENTED_EDGE('',*,*,#6088,.F.);
#6088 = EDGE_CURVE('',#6017,#6066,#6089,.T.);
#6089 = SURFACE_CURVE('',#6090,(#6095,#6102),.PCURVE_S1.);
#6090 = CIRCLE('',#6091,1.199999252925);
#6091 = AXIS2_PLACEMENT_3D('',#6092,#6093,#6094);
#6092 = CARTESIAN_POINT('',(-11.33210625292,3.450700252925,9.4));
#6093 = DIRECTION('',(-0.,0.,-1.));
#6094 = DIRECTION('',(-7.470757066546E-07,-1.,0.));
#6095 = PCURVE('',#1361,#6096);
#6096 = DEFINITIONAL_REPRESENTATION('',(#6097),#6101);
#6097 = LINE('',#6098,#6099);
#6098 = CARTESIAN_POINT('',(-12.56637061435,-38.65001));
#6099 = VECTOR('',#6100,1.);
#6100 = DIRECTION('',(1.,-0.));
#6101 = ( GEOMETRIC_REPRESENTATION_CONTEXT(2) 
PARAMETRIC_REPRESENTATION_CONTEXT() REPRESENTATION_CONTEXT('2D SPACE',''
  ) );
#6102 = PCURVE('',#5949,#6103);
#6103 = DEFINITIONAL_REPRESENTATION('',(#6104),#6112);
#6104 = ( BOUNDED_CURVE() B_SPLINE_CURVE(2,(#6105,#6106,#6107,#6108,
#6109,#6110,#6111),.UNSPECIFIED.,.T.,.F.) B_SPLINE_CURVE_WITH_KNOTS((1,2
    ,2,2,2,1),(-2.094395102393,0.,2.094395102393,4.188790204786,
6.28318530718,8.377580409573),.UNSPECIFIED.) CURVE() 
GEOMETRIC_REPRESENTATION_ITEM() RATIONAL_B_SPLINE_CURVE((1.,0.5,1.,0.5,
1.,0.5,1.)) REPRESENTATION_ITEM('') );
#6105 = CARTESIAN_POINT('',(-11.32998614101,3.590314301536));
#6106 = CARTESIAN_POINT('',(-13.40844581612,3.590315854302));
#6107 = CARTESIAN_POINT('',(-12.36921463382,5.390313957306));
#6108 = CARTESIAN_POINT('',(-11.32998345153,7.19031206031));
#6109 = CARTESIAN_POINT('',(-10.29075495871,5.390312404539));
#6110 = CARTESIAN_POINT('',(-9.251526465899,3.590312748769));
#6111 = CARTESIAN_POINT('',(-11.32998614101,3.590314301536));
#6112 = ( GEOMETRIC_REPRESENTATION_CONTEXT(2) 
PARAMETRIC_REPRESENTATION_CONTEXT() REPRESENTATION_CONTEXT('2D SPACE',''
  ) );
#6113 = ADVANCED_FACE('',(#6114),#1329,.T.);
#6114 = FACE_BOUND('',#6115,.T.);
#6115 = EDGE_LOOP('',(#6116,#6139,#6140,#6141));
#6116 = ORIENTED_EDGE('',*,*,#6117,.F.);
#6117 = EDGE_CURVE('',#1281,#6118,#6120,.T.);
#6118 = VERTEX_POINT('',#6119);
#6119 = CARTESIAN_POINT('',(-17.32497660562,2.250000001368,9.4));
#6120 = SURFACE_CURVE('',#6121,(#6125,#6132),.PCURVE_S1.);
#6121 = LINE('',#6122,#6123);
#6122 = CARTESIAN_POINT('',(-17.32497660562,2.250000001368,-29.25001));
#6123 = VECTOR('',#6124,1.);
#6124 = DIRECTION('',(0.,0.,1.));
#6125 = PCURVE('',#1329,#6126);
#6126 = DEFINITIONAL_REPRESENTATION('',(#6127),#6131);
#6127 = LINE('',#6128,#6129);
#6128 = CARTESIAN_POINT('',(5.993010759872,0.));
#6129 = VECTOR('',#6130,1.);
#6130 = DIRECTION('',(0.,-1.));
#6131 = ( GEOMETRIC_REPRESENTATION_CONTEXT(2) 
PARAMETRIC_REPRESENTATION_CONTEXT() REPRESENTATION_CONTEXT('2D SPACE',''
  ) );
#6132 = PCURVE('',#1301,#6133);
#6133 = DEFINITIONAL_REPRESENTATION('',(#6134),#6138);
#6134 = LINE('',#6135,#6136);
#6135 = CARTESIAN_POINT('',(1.570796326795,0.));
#6136 = VECTOR('',#6137,1.);
#6137 = DIRECTION('',(0.,-1.));
#6138 = ( GEOMETRIC_REPRESENTATION_CONTEXT(2) 
PARAMETRIC_REPRESENTATION_CONTEXT() REPRESENTATION_CONTEXT('2D SPACE',''
  ) );
#6139 = ORIENTED_EDGE('',*,*,#1313,.T.);
#6140 = ORIENTED_EDGE('',*,*,#6065,.T.);
#6141 = ORIENTED_EDGE('',*,*,#6142,.T.);
#6142 = EDGE_CURVE('',#6066,#6118,#6143,.T.);
#6143 = SURFACE_CURVE('',#6144,(#6148,#6154),.PCURVE_S1.);
#6144 = LINE('',#6145,#6146);
#6145 = CARTESIAN_POINT('',(-5.667253508004,2.251363627232,9.4));
#6146 = VECTOR('',#6147,1.);
#6147 = DIRECTION('',(-0.999999993159,-1.169718857316E-04,0.));
#6148 = PCURVE('',#1329,#6149);
#6149 = DEFINITIONAL_REPRESENTATION('',(#6150),#6153);
#6150 = B_SPLINE_CURVE_WITH_KNOTS('',1,(#6151,#6152),.UNSPECIFIED.,.F.,
  .F.,(2,2),(5.664712417499,11.657723177372),.PIECEWISE_BEZIER_KNOTS.);
#6151 = CARTESIAN_POINT('',(0.,-38.65001));
#6152 = CARTESIAN_POINT('',(5.993010759872,-38.65001));
#6153 = ( GEOMETRIC_REPRESENTATION_CONTEXT(2) 
PARAMETRIC_REPRESENTATION_CONTEXT() REPRESENTATION_CONTEXT('2D SPACE',''
  ) );
#6154 = PCURVE('',#5949,#6155);
#6155 = DEFINITIONAL_REPRESENTATION('',(#6156),#6159);
#6156 = B_SPLINE_CURVE_WITH_KNOTS('',1,(#6157,#6158),.UNSPECIFIED.,.F.,
  .F.,(2,2),(5.664712417499,11.657723177372),.PIECEWISE_BEZIER_KNOTS.);
#6157 = CARTESIAN_POINT('',(-11.32984487834,3.590314316674));
#6158 = CARTESIAN_POINT('',(-17.32285559721,3.589613302904));
#6159 = ( GEOMETRIC_REPRESENTATION_CONTEXT(2) 
PARAMETRIC_REPRESENTATION_CONTEXT() REPRESENTATION_CONTEXT('2D SPACE',''
  ) );
#6160 = ADVANCED_FACE('',(#6161),#1301,.T.);
#6161 = FACE_BOUND('',#6162,.T.);
#6162 = EDGE_LOOP('',(#6163,#6164,#6165,#6193));
#6163 = ORIENTED_EDGE('',*,*,#1280,.F.);
#6164 = ORIENTED_EDGE('',*,*,#6117,.T.);
#6165 = ORIENTED_EDGE('',*,*,#6166,.T.);
#6166 = EDGE_CURVE('',#6118,#6167,#6169,.T.);
#6167 = VERTEX_POINT('',#6168);
#6168 = CARTESIAN_POINT('',(-17.32500014941,2.25,9.4));
#6169 = SURFACE_CURVE('',#6170,(#6175,#6182),.PCURVE_S1.);
#6170 = CIRCLE('',#6171,0.2);
#6171 = AXIS2_PLACEMENT_3D('',#6172,#6173,#6174);
#6172 = CARTESIAN_POINT('',(-17.325,2.45,9.4));
#6173 = DIRECTION('',(0.,0.,-1.));
#6174 = DIRECTION('',(0.999999993159,1.169718857316E-04,0.));
#6175 = PCURVE('',#1301,#6176);
#6176 = DEFINITIONAL_REPRESENTATION('',(#6177),#6181);
#6177 = LINE('',#6178,#6179);
#6178 = CARTESIAN_POINT('',(0.,-38.65001));
#6179 = VECTOR('',#6180,1.);
#6180 = DIRECTION('',(1.,0.));
#6181 = ( GEOMETRIC_REPRESENTATION_CONTEXT(2) 
PARAMETRIC_REPRESENTATION_CONTEXT() REPRESENTATION_CONTEXT('2D SPACE',''
  ) );
#6182 = PCURVE('',#5949,#6183);
#6183 = DEFINITIONAL_REPRESENTATION('',(#6184),#6192);
#6184 = ( BOUNDED_CURVE() B_SPLINE_CURVE(2,(#6185,#6186,#6187,#6188,
#6189,#6190,#6191),.UNSPECIFIED.,.T.,.F.) B_SPLINE_CURVE_WITH_KNOTS((1,2
    ,2,2,2,1),(-2.094395102393,0.,2.094395102393,4.188790204786,
6.28318530718,8.377580409573),.UNSPECIFIED.) CURVE() 
GEOMETRIC_REPRESENTATION_ITEM() RATIONAL_B_SPLINE_CURVE((1.,0.5,1.,0.5,
1.,0.5,1.)) REPRESENTATION_ITEM('') );
#6185 = CARTESIAN_POINT('',(-17.12287899296,3.789636695913));
#6186 = CARTESIAN_POINT('',(-17.12283847271,3.443226536769));
#6187 = CARTESIAN_POINT('',(-17.42285873078,3.616396524775));
#6188 = CARTESIAN_POINT('',(-17.72287898885,3.789566512781));
#6189 = CARTESIAN_POINT('',(-17.42289925103,3.962806683919));
#6190 = CARTESIAN_POINT('',(-17.12291951321,4.136046855057));
#6191 = CARTESIAN_POINT('',(-17.12287899296,3.789636695913));
#6192 = ( GEOMETRIC_REPRESENTATION_CONTEXT(2) 
PARAMETRIC_REPRESENTATION_CONTEXT() REPRESENTATION_CONTEXT('2D SPACE',''
  ) );
#6193 = ORIENTED_EDGE('',*,*,#6194,.F.);
#6194 = EDGE_CURVE('',#1248,#6167,#6195,.T.);
#6195 = SURFACE_CURVE('',#6196,(#6200,#6207),.PCURVE_S1.);
#6196 = LINE('',#6197,#6198);
#6197 = CARTESIAN_POINT('',(-17.32500014941,2.25,-29.25001));
#6198 = VECTOR('',#6199,1.);
#6199 = DIRECTION('',(0.,0.,1.));
#6200 = PCURVE('',#1301,#6201);
#6201 = DEFINITIONAL_REPRESENTATION('',(#6202),#6206);
#6202 = LINE('',#6203,#6204);
#6203 = CARTESIAN_POINT('',(1.570914045757,0.));
#6204 = VECTOR('',#6205,1.);
#6205 = DIRECTION('',(0.,-1.));
#6206 = ( GEOMETRIC_REPRESENTATION_CONTEXT(2) 
PARAMETRIC_REPRESENTATION_CONTEXT() REPRESENTATION_CONTEXT('2D SPACE',''
  ) );
#6207 = PCURVE('',#1268,#6208);
#6208 = DEFINITIONAL_REPRESENTATION('',(#6209),#6213);
#6209 = LINE('',#6210,#6211);
#6210 = CARTESIAN_POINT('',(-6.28318530718,0.));
#6211 = VECTOR('',#6212,1.);
#6212 = DIRECTION('',(-0.,-1.));
#6213 = ( GEOMETRIC_REPRESENTATION_CONTEXT(2) 
PARAMETRIC_REPRESENTATION_CONTEXT() REPRESENTATION_CONTEXT('2D SPACE',''
  ) );
#6214 = ADVANCED_FACE('',(#6215),#1268,.F.);
#6215 = FACE_BOUND('',#6216,.T.);
#6216 = EDGE_LOOP('',(#6217,#6239,#6240,#6241));
#6217 = ORIENTED_EDGE('',*,*,#6218,.F.);
#6218 = EDGE_CURVE('',#1221,#6219,#6221,.T.);
#6219 = VERTEX_POINT('',#6220);
#6220 = CARTESIAN_POINT('',(-18.125,1.45,9.4));
#6221 = SURFACE_CURVE('',#6222,(#6226,#6232),.PCURVE_S1.);
#6222 = LINE('',#6223,#6224);
#6223 = CARTESIAN_POINT('',(-18.125,1.45,-29.25001));
#6224 = VECTOR('',#6225,1.);
#6225 = DIRECTION('',(0.,0.,1.));
#6226 = PCURVE('',#1268,#6227);
#6227 = DEFINITIONAL_REPRESENTATION('',(#6228),#6231);
#6228 = B_SPLINE_CURVE_WITH_KNOTS('',1,(#6229,#6230),.UNSPECIFIED.,.F.,
  .F.,(2,2),(33.250010000001,40.250010000001),.PIECEWISE_BEZIER_KNOTS.);
#6229 = CARTESIAN_POINT('',(-7.853983128126,-33.25001));
#6230 = CARTESIAN_POINT('',(-7.853983128126,-40.25001));
#6231 = ( GEOMETRIC_REPRESENTATION_CONTEXT(2) 
PARAMETRIC_REPRESENTATION_CONTEXT() REPRESENTATION_CONTEXT('2D SPACE',''
  ) );
#6232 = PCURVE('',#1236,#6233);
#6233 = DEFINITIONAL_REPRESENTATION('',(#6234),#6238);
#6234 = LINE('',#6235,#6236);
#6235 = CARTESIAN_POINT('',(0.,0.));
#6236 = VECTOR('',#6237,1.);
#6237 = DIRECTION('',(0.,-1.));
#6238 = ( GEOMETRIC_REPRESENTATION_CONTEXT(2) 
PARAMETRIC_REPRESENTATION_CONTEXT() REPRESENTATION_CONTEXT('2D SPACE',''
  ) );
#6239 = ORIENTED_EDGE('',*,*,#1247,.T.);
#6240 = ORIENTED_EDGE('',*,*,#6194,.T.);
#6241 = ORIENTED_EDGE('',*,*,#6242,.F.);
#6242 = EDGE_CURVE('',#6219,#6167,#6243,.T.);
#6243 = SURFACE_CURVE('',#6244,(#6249,#6256),.PCURVE_S1.);
#6244 = CIRCLE('',#6245,0.799999252925);
#6245 = AXIS2_PLACEMENT_3D('',#6246,#6247,#6248);
#6246 = CARTESIAN_POINT('',(-17.32500074707,1.450000747075,9.4));
#6247 = DIRECTION('',(0.,0.,-1.));
#6248 = DIRECTION('',(7.470757350764E-07,1.,0.));
#6249 = PCURVE('',#1268,#6250);
#6250 = DEFINITIONAL_REPRESENTATION('',(#6251),#6255);
#6251 = LINE('',#6252,#6253);
#6252 = CARTESIAN_POINT('',(-12.56637061435,-38.65001));
#6253 = VECTOR('',#6254,1.);
#6254 = DIRECTION('',(1.,-0.));
#6255 = ( GEOMETRIC_REPRESENTATION_CONTEXT(2) 
PARAMETRIC_REPRESENTATION_CONTEXT() REPRESENTATION_CONTEXT('2D SPACE',''
  ) );
#6256 = PCURVE('',#5949,#6257);
#6257 = DEFINITIONAL_REPRESENTATION('',(#6258),#6266);
#6258 = ( BOUNDED_CURVE() B_SPLINE_CURVE(2,(#6259,#6260,#6261,#6262,
#6263,#6264,#6265),.UNSPECIFIED.,.T.,.F.) B_SPLINE_CURVE_WITH_KNOTS((1,2
    ,2,2,2,1),(-2.094395102393,0.,2.094395102393,4.188790204786,
6.28318530718,8.377580409573),.UNSPECIFIED.) CURVE() 
GEOMETRIC_REPRESENTATION_ITEM() RATIONAL_B_SPLINE_CURVE((1.,0.5,1.,0.5,
1.,0.5,1.)) REPRESENTATION_ITEM('') );
#6259 = CARTESIAN_POINT('',(-17.32287914101,3.589613301536));
#6260 = CARTESIAN_POINT('',(-15.93723978892,3.589612266358));
#6261 = CARTESIAN_POINT('',(-16.63006036145,2.38961390456));
#6262 = CARTESIAN_POINT('',(-17.32288093399,1.189615542761));
#6263 = CARTESIAN_POINT('',(-18.01569971354,2.389614939737));
#6264 = CARTESIAN_POINT('',(-18.70851849309,3.589614336713));
#6265 = CARTESIAN_POINT('',(-17.32287914101,3.589613301536));
#6266 = ( GEOMETRIC_REPRESENTATION_CONTEXT(2) 
PARAMETRIC_REPRESENTATION_CONTEXT() REPRESENTATION_CONTEXT('2D SPACE',''
  ) );
#6267 = ADVANCED_FACE('',(#6268,#6314,#6407,#6493,#6579,#6668),#1236,.T.
  );
#6268 = FACE_BOUND('',#6269,.T.);
#6269 = EDGE_LOOP('',(#6270,#6293,#6294,#6295));
#6270 = ORIENTED_EDGE('',*,*,#6271,.F.);
#6271 = EDGE_CURVE('',#1188,#6272,#6274,.T.);
#6272 = VERTEX_POINT('',#6273);
#6273 = CARTESIAN_POINT('',(-18.125,-11.05000014941,9.4));
#6274 = SURFACE_CURVE('',#6275,(#6279,#6286),.PCURVE_S1.);
#6275 = LINE('',#6276,#6277);
#6276 = CARTESIAN_POINT('',(-18.125,-11.05000014941,-29.25001));
#6277 = VECTOR('',#6278,1.);
#6278 = DIRECTION('',(0.,0.,1.));
#6279 = PCURVE('',#1236,#6280);
#6280 = DEFINITIONAL_REPRESENTATION('',(#6281),#6285);
#6281 = LINE('',#6282,#6283);
#6282 = CARTESIAN_POINT('',(12.500000149415,0.));
#6283 = VECTOR('',#6284,1.);
#6284 = DIRECTION('',(0.,-1.));
#6285 = ( GEOMETRIC_REPRESENTATION_CONTEXT(2) 
PARAMETRIC_REPRESENTATION_CONTEXT() REPRESENTATION_CONTEXT('2D SPACE',''
  ) );
#6286 = PCURVE('',#1208,#6287);
#6287 = DEFINITIONAL_REPRESENTATION('',(#6288),#6292);
#6288 = LINE('',#6289,#6290);
#6289 = CARTESIAN_POINT('',(-6.28318530718,0.));
#6290 = VECTOR('',#6291,1.);
#6291 = DIRECTION('',(-0.,-1.));
#6292 = ( GEOMETRIC_REPRESENTATION_CONTEXT(2) 
PARAMETRIC_REPRESENTATION_CONTEXT() REPRESENTATION_CONTEXT('2D SPACE',''
  ) );
#6293 = ORIENTED_EDGE('',*,*,#1220,.T.);
#6294 = ORIENTED_EDGE('',*,*,#6218,.T.);
#6295 = ORIENTED_EDGE('',*,*,#6296,.T.);
#6296 = EDGE_CURVE('',#6219,#6272,#6297,.T.);
#6297 = SURFACE_CURVE('',#6298,(#6302,#6308),.PCURVE_S1.);
#6298 = LINE('',#6299,#6300);
#6299 = CARTESIAN_POINT('',(-18.125,5.51933492322E-02,9.4));
#6300 = VECTOR('',#6301,1.);
#6301 = DIRECTION('',(-1.224646799147E-16,-1.,0.));
#6302 = PCURVE('',#1236,#6303);
#6303 = DEFINITIONAL_REPRESENTATION('',(#6304),#6307);
#6304 = B_SPLINE_CURVE_WITH_KNOTS('',1,(#6305,#6306),.UNSPECIFIED.,.F.,
  .F.,(2,2),(-1.394806650768,11.105193498647),.PIECEWISE_BEZIER_KNOTS.);
#6305 = CARTESIAN_POINT('',(0.,-38.65001));
#6306 = CARTESIAN_POINT('',(12.500000149415,-38.65001));
#6307 = ( GEOMETRIC_REPRESENTATION_CONTEXT(2) 
PARAMETRIC_REPRESENTATION_CONTEXT() REPRESENTATION_CONTEXT('2D SPACE',''
  ) );
#6308 = PCURVE('',#5949,#6309);
#6309 = DEFINITIONAL_REPRESENTATION('',(#6310),#6313);
#6310 = B_SPLINE_CURVE_WITH_KNOTS('',1,(#6311,#6312),.UNSPECIFIED.,.F.,
  .F.,(2,2),(-1.394806650768,11.105193498647),.PIECEWISE_BEZIER_KNOTS.);
#6311 = CARTESIAN_POINT('',(-18.12287899159,2.789613301536));
#6312 = CARTESIAN_POINT('',(-18.12287899159,-9.71038684788));
#6313 = ( GEOMETRIC_REPRESENTATION_CONTEXT(2) 
PARAMETRIC_REPRESENTATION_CONTEXT() REPRESENTATION_CONTEXT('2D SPACE',''
  ) );
#6314 = FACE_BOUND('',#6315,.T.);
#6315 = EDGE_LOOP('',(#6316,#6339,#6360,#6388));
#6316 = ORIENTED_EDGE('',*,*,#6317,.F.);
#6317 = EDGE_CURVE('',#6318,#6320,#6322,.T.);
#6318 = VERTEX_POINT('',#6319);
#6319 = CARTESIAN_POINT('',(-18.125,-4.,8.17695526217));
#6320 = VERTEX_POINT('',#6321);
#6321 = CARTESIAN_POINT('',(-18.125,-3.17695526217,9.));
#6322 = SURFACE_CURVE('',#6323,(#6327,#6333),.PCURVE_S1.);
#6323 = LINE('',#6324,#6325);
#6324 = CARTESIAN_POINT('',(-18.125,-10.56746462024,1.609490641924));
#6325 = VECTOR('',#6326,1.);
#6326 = DIRECTION('',(8.659560562355E-17,0.707106781187,0.707106781187)
  );
#6327 = PCURVE('',#1236,#6328);
#6328 = DEFINITIONAL_REPRESENTATION('',(#6329),#6332);
#6329 = B_SPLINE_CURVE_WITH_KNOTS('',1,(#6330,#6331),.UNSPECIFIED.,.F.,
  .F.,(2,2),(9.287797536357,10.451758567036),.PIECEWISE_BEZIER_KNOTS.);
#6330 = CARTESIAN_POINT('',(5.45,-37.42696526217));
#6331 = CARTESIAN_POINT('',(4.62695526217,-38.25001));
#6332 = ( GEOMETRIC_REPRESENTATION_CONTEXT(2) 
PARAMETRIC_REPRESENTATION_CONTEXT() REPRESENTATION_CONTEXT('2D SPACE',''
  ) );
#6333 = PCURVE('',#5291,#6334);
#6334 = DEFINITIONAL_REPRESENTATION('',(#6335),#6338);
#6335 = B_SPLINE_CURVE_WITH_KNOTS('',1,(#6336,#6337),.UNSPECIFIED.,.F.,
  .F.,(2,2),(9.287797536357,10.451758567036),.PIECEWISE_BEZIER_KNOTS.);
#6336 = CARTESIAN_POINT('',(4.035533905933,-1.875));
#6337 = CARTESIAN_POINT('',(2.871572875254,-1.875));
#6338 = ( GEOMETRIC_REPRESENTATION_CONTEXT(2) 
PARAMETRIC_REPRESENTATION_CONTEXT() REPRESENTATION_CONTEXT('2D SPACE',''
  ) );
#6339 = ORIENTED_EDGE('',*,*,#6340,.T.);
#6340 = EDGE_CURVE('',#6318,#6341,#6343,.T.);
#6341 = VERTEX_POINT('',#6342);
#6342 = CARTESIAN_POINT('',(-18.125,-4.,8.5));
#6343 = SURFACE_CURVE('',#6344,(#6348,#6354),.PCURVE_S1.);
#6344 = LINE('',#6345,#6346);
#6345 = CARTESIAN_POINT('',(-18.125,-4.,-10.125005));
#6346 = VECTOR('',#6347,1.);
#6347 = DIRECTION('',(-0.,-0.,1.));
#6348 = PCURVE('',#1236,#6349);
#6349 = DEFINITIONAL_REPRESENTATION('',(#6350),#6353);
#6350 = B_SPLINE_CURVE_WITH_KNOTS('',1,(#6351,#6352),.UNSPECIFIED.,.F.,
  .F.,(2,2),(18.30196026217,18.625005),.PIECEWISE_BEZIER_KNOTS.);
#6351 = CARTESIAN_POINT('',(5.45,-37.42696526217));
#6352 = CARTESIAN_POINT('',(5.45,-37.75001));
#6353 = ( GEOMETRIC_REPRESENTATION_CONTEXT(2) 
PARAMETRIC_REPRESENTATION_CONTEXT() REPRESENTATION_CONTEXT('2D SPACE',''
  ) );
#6354 = PCURVE('',#5317,#6355);
#6355 = DEFINITIONAL_REPRESENTATION('',(#6356),#6359);
#6356 = B_SPLINE_CURVE_WITH_KNOTS('',1,(#6357,#6358),.UNSPECIFIED.,.F.,
  .F.,(2,2),(18.30196026217,18.625005),.PIECEWISE_BEZIER_KNOTS.);
#6357 = CARTESIAN_POINT('',(0.82304473783,-1.875));
#6358 = CARTESIAN_POINT('',(0.5,-1.875));
#6359 = ( GEOMETRIC_REPRESENTATION_CONTEXT(2) 
PARAMETRIC_REPRESENTATION_CONTEXT() REPRESENTATION_CONTEXT('2D SPACE',''
  ) );
#6360 = ORIENTED_EDGE('',*,*,#6361,.T.);
#6361 = EDGE_CURVE('',#6341,#6362,#6364,.T.);
#6362 = VERTEX_POINT('',#6363);
#6363 = CARTESIAN_POINT('',(-18.125,-3.5,9.));
#6364 = SURFACE_CURVE('',#6365,(#6370,#6381),.PCURVE_S1.);
#6365 = CIRCLE('',#6366,0.5);
#6366 = AXIS2_PLACEMENT_3D('',#6367,#6368,#6369);
#6367 = CARTESIAN_POINT('',(-18.125,-3.5,8.5));
#6368 = DIRECTION('',(-1.,0.,0.));
#6369 = DIRECTION('',(-0.,-1.,-0.));
#6370 = PCURVE('',#1236,#6371);
#6371 = DEFINITIONAL_REPRESENTATION('',(#6372),#6380);
#6372 = ( BOUNDED_CURVE() B_SPLINE_CURVE(2,(#6373,#6374,#6375,#6376,
#6377,#6378,#6379),.UNSPECIFIED.,.T.,.F.) B_SPLINE_CURVE_WITH_KNOTS((1,2
    ,2,2,2,1),(-2.094395102393,0.,2.094395102393,4.188790204786,
6.28318530718,8.377580409573),.UNSPECIFIED.) CURVE() 
GEOMETRIC_REPRESENTATION_ITEM() RATIONAL_B_SPLINE_CURVE((1.,0.5,1.,0.5,
1.,0.5,1.)) REPRESENTATION_ITEM('') );
#6373 = CARTESIAN_POINT('',(5.45,-37.75001));
#6374 = CARTESIAN_POINT('',(5.45,-38.61603540378));
#6375 = CARTESIAN_POINT('',(4.7,-38.18302270189));
#6376 = CARTESIAN_POINT('',(3.95,-37.75001));
#6377 = CARTESIAN_POINT('',(4.7,-37.3169972981));
#6378 = CARTESIAN_POINT('',(5.45,-36.88398459621));
#6379 = CARTESIAN_POINT('',(5.45,-37.75001));
#6380 = ( GEOMETRIC_REPRESENTATION_CONTEXT(2) 
PARAMETRIC_REPRESENTATION_CONTEXT() REPRESENTATION_CONTEXT('2D SPACE',''
  ) );
#6381 = PCURVE('',#5349,#6382);
#6382 = DEFINITIONAL_REPRESENTATION('',(#6383),#6387);
#6383 = LINE('',#6384,#6385);
#6384 = CARTESIAN_POINT('',(0.,8.125));
#6385 = VECTOR('',#6386,1.);
#6386 = DIRECTION('',(1.,0.));
#6387 = ( GEOMETRIC_REPRESENTATION_CONTEXT(2) 
PARAMETRIC_REPRESENTATION_CONTEXT() REPRESENTATION_CONTEXT('2D SPACE',''
  ) );
#6388 = ORIENTED_EDGE('',*,*,#6389,.T.);
#6389 = EDGE_CURVE('',#6362,#6320,#6390,.T.);
#6390 = SURFACE_CURVE('',#6391,(#6395,#6401),.PCURVE_S1.);
#6391 = LINE('',#6392,#6393);
#6392 = CARTESIAN_POINT('',(-18.125,1.225,9.));
#6393 = VECTOR('',#6394,1.);
#6394 = DIRECTION('',(1.224646799147E-16,1.,0.));
#6395 = PCURVE('',#1236,#6396);
#6396 = DEFINITIONAL_REPRESENTATION('',(#6397),#6400);
#6397 = B_SPLINE_CURVE_WITH_KNOTS('',1,(#6398,#6399),.UNSPECIFIED.,.F.,
  .F.,(2,2),(-4.725,-4.40195526217),.PIECEWISE_BEZIER_KNOTS.);
#6398 = CARTESIAN_POINT('',(4.95,-38.25001));
#6399 = CARTESIAN_POINT('',(4.62695526217,-38.25001));
#6400 = ( GEOMETRIC_REPRESENTATION_CONTEXT(2) 
PARAMETRIC_REPRESENTATION_CONTEXT() REPRESENTATION_CONTEXT('2D SPACE',''
  ) );
#6401 = PCURVE('',#5374,#6402);
#6402 = DEFINITIONAL_REPRESENTATION('',(#6403),#6406);
#6403 = B_SPLINE_CURVE_WITH_KNOTS('',1,(#6404,#6405),.UNSPECIFIED.,.F.,
  .F.,(2,2),(-4.725,-4.40195526217),.PIECEWISE_BEZIER_KNOTS.);
#6404 = CARTESIAN_POINT('',(4.5,-1.875));
#6405 = CARTESIAN_POINT('',(4.17695526217,-1.875));
#6406 = ( GEOMETRIC_REPRESENTATION_CONTEXT(2) 
PARAMETRIC_REPRESENTATION_CONTEXT() REPRESENTATION_CONTEXT('2D SPACE',''
  ) );
#6407 = FACE_BOUND('',#6408,.T.);
#6408 = EDGE_LOOP('',(#6409,#6432,#6453,#6474));
#6409 = ORIENTED_EDGE('',*,*,#6410,.F.);
#6410 = EDGE_CURVE('',#6411,#6413,#6415,.T.);
#6411 = VERTEX_POINT('',#6412);
#6412 = CARTESIAN_POINT('',(-18.125,-2.187005768509,9.));
#6413 = VERTEX_POINT('',#6414);
#6414 = CARTESIAN_POINT('',(-18.125,-4.,7.187005768509));
#6415 = SURFACE_CURVE('',#6416,(#6420,#6426),.PCURVE_S1.);
#6416 = LINE('',#6417,#6418);
#6417 = CARTESIAN_POINT('',(-18.125,-12.26452089509,-1.077515126585));
#6418 = VECTOR('',#6419,1.);
#6419 = DIRECTION('',(-8.659560562355E-17,-0.707106781187,
    -0.707106781187));
#6420 = PCURVE('',#1236,#6421);
#6421 = DEFINITIONAL_REPRESENTATION('',(#6422),#6425);
#6422 = B_SPLINE_CURVE_WITH_KNOTS('',1,(#6423,#6424),.UNSPECIFIED.,.F.,
  .F.,(2,2),(-14.25175856703,-11.68779753635),.PIECEWISE_BEZIER_KNOTS.);
#6423 = CARTESIAN_POINT('',(3.637005768509,-38.25001));
#6424 = CARTESIAN_POINT('',(5.45,-36.4370157685));
#6425 = ( GEOMETRIC_REPRESENTATION_CONTEXT(2) 
PARAMETRIC_REPRESENTATION_CONTEXT() REPRESENTATION_CONTEXT('2D SPACE',''
  ) );
#6426 = PCURVE('',#5404,#6427);
#6427 = DEFINITIONAL_REPRESENTATION('',(#6428),#6431);
#6428 = B_SPLINE_CURVE_WITH_KNOTS('',1,(#6429,#6430),.UNSPECIFIED.,.F.,
  .F.,(2,2),(-14.25175856703,-11.68779753635),.PIECEWISE_BEZIER_KNOTS.);
#6429 = CARTESIAN_POINT('',(4.028427124746,-1.875));
#6430 = CARTESIAN_POINT('',(1.464466094067,-1.875));
#6431 = ( GEOMETRIC_REPRESENTATION_CONTEXT(2) 
PARAMETRIC_REPRESENTATION_CONTEXT() REPRESENTATION_CONTEXT('2D SPACE',''
  ) );
#6432 = ORIENTED_EDGE('',*,*,#6433,.T.);
#6433 = EDGE_CURVE('',#6411,#6434,#6436,.T.);
#6434 = VERTEX_POINT('',#6435);
#6435 = CARTESIAN_POINT('',(-18.125,-1.05563491861,9.));
#6436 = SURFACE_CURVE('',#6437,(#6441,#6447),.PCURVE_S1.);
#6437 = LINE('',#6438,#6439);
#6438 = CARTESIAN_POINT('',(-18.125,1.225,9.));
#6439 = VECTOR('',#6440,1.);
#6440 = DIRECTION('',(1.224646799147E-16,1.,0.));
#6441 = PCURVE('',#1236,#6442);
#6442 = DEFINITIONAL_REPRESENTATION('',(#6443),#6446);
#6443 = B_SPLINE_CURVE_WITH_KNOTS('',1,(#6444,#6445),.UNSPECIFIED.,.F.,
  .F.,(2,2),(-3.412005768509,-2.28063491861),.PIECEWISE_BEZIER_KNOTS.);
#6444 = CARTESIAN_POINT('',(3.637005768509,-38.25001));
#6445 = CARTESIAN_POINT('',(2.50563491861,-38.25001));
#6446 = ( GEOMETRIC_REPRESENTATION_CONTEXT(2) 
PARAMETRIC_REPRESENTATION_CONTEXT() REPRESENTATION_CONTEXT('2D SPACE',''
  ) );
#6447 = PCURVE('',#5430,#6448);
#6448 = DEFINITIONAL_REPRESENTATION('',(#6449),#6452);
#6449 = B_SPLINE_CURVE_WITH_KNOTS('',1,(#6450,#6451),.UNSPECIFIED.,.F.,
  .F.,(2,2),(-3.412005768509,-2.28063491861),.PIECEWISE_BEZIER_KNOTS.);
#6450 = CARTESIAN_POINT('',(3.187005768509,-1.875));
#6451 = CARTESIAN_POINT('',(2.05563491861,-1.875));
#6452 = ( GEOMETRIC_REPRESENTATION_CONTEXT(2) 
PARAMETRIC_REPRESENTATION_CONTEXT() REPRESENTATION_CONTEXT('2D SPACE',''
  ) );
#6453 = ORIENTED_EDGE('',*,*,#6454,.F.);
#6454 = EDGE_CURVE('',#6455,#6434,#6457,.T.);
#6455 = VERTEX_POINT('',#6456);
#6456 = CARTESIAN_POINT('',(-18.125,-4.,6.05563491861));
#6457 = SURFACE_CURVE('',#6458,(#6462,#6468),.PCURVE_S1.);
#6458 = LINE('',#6459,#6460);
#6459 = CARTESIAN_POINT('',(-18.125,-9.506804448466,0.548830470144));
#6460 = VECTOR('',#6461,1.);
#6461 = DIRECTION('',(8.659560562355E-17,0.707106781187,0.707106781187)
  );
#6462 = PCURVE('',#1236,#6463);
#6463 = DEFINITIONAL_REPRESENTATION('',(#6464),#6467);
#6464 = B_SPLINE_CURVE_WITH_KNOTS('',1,(#6465,#6466),.UNSPECIFIED.,.F.,
  .F.,(2,2),(7.787797536357,11.951758567036),.PIECEWISE_BEZIER_KNOTS.);
#6465 = CARTESIAN_POINT('',(5.45,-35.30564491861));
#6466 = CARTESIAN_POINT('',(2.50563491861,-38.25001));
#6467 = ( GEOMETRIC_REPRESENTATION_CONTEXT(2) 
PARAMETRIC_REPRESENTATION_CONTEXT() REPRESENTATION_CONTEXT('2D SPACE',''
  ) );
#6468 = PCURVE('',#5456,#6469);
#6469 = DEFINITIONAL_REPRESENTATION('',(#6470),#6473);
#6470 = B_SPLINE_CURVE_WITH_KNOTS('',1,(#6471,#6472),.UNSPECIFIED.,.F.,
  .F.,(2,2),(7.787797536357,11.951758567036),.PIECEWISE_BEZIER_KNOTS.);
#6471 = CARTESIAN_POINT('',(5.535533905933,-1.875));
#6472 = CARTESIAN_POINT('',(1.371572875254,-1.875));
#6473 = ( GEOMETRIC_REPRESENTATION_CONTEXT(2) 
PARAMETRIC_REPRESENTATION_CONTEXT() REPRESENTATION_CONTEXT('2D SPACE',''
  ) );
#6474 = ORIENTED_EDGE('',*,*,#6475,.T.);
#6475 = EDGE_CURVE('',#6455,#6413,#6476,.T.);
#6476 = SURFACE_CURVE('',#6477,(#6481,#6487),.PCURVE_S1.);
#6477 = LINE('',#6478,#6479);
#6478 = CARTESIAN_POINT('',(-18.125,-4.,-10.125005));
#6479 = VECTOR('',#6480,1.);
#6480 = DIRECTION('',(-0.,-0.,1.));
#6481 = PCURVE('',#1236,#6482);
#6482 = DEFINITIONAL_REPRESENTATION('',(#6483),#6486);
#6483 = B_SPLINE_CURVE_WITH_KNOTS('',1,(#6484,#6485),.UNSPECIFIED.,.F.,
  .F.,(2,2),(16.180639918611,17.312010768509),.PIECEWISE_BEZIER_KNOTS.);
#6484 = CARTESIAN_POINT('',(5.45,-35.30564491861));
#6485 = CARTESIAN_POINT('',(5.45,-36.4370157685));
#6486 = ( GEOMETRIC_REPRESENTATION_CONTEXT(2) 
PARAMETRIC_REPRESENTATION_CONTEXT() REPRESENTATION_CONTEXT('2D SPACE',''
  ) );
#6487 = PCURVE('',#5480,#6488);
#6488 = DEFINITIONAL_REPRESENTATION('',(#6489),#6492);
#6489 = B_SPLINE_CURVE_WITH_KNOTS('',1,(#6490,#6491),.UNSPECIFIED.,.F.,
  .F.,(2,2),(16.180639918611,17.312010768509),.PIECEWISE_BEZIER_KNOTS.);
#6490 = CARTESIAN_POINT('',(2.94436508139,-1.875));
#6491 = CARTESIAN_POINT('',(1.812994231491,-1.875));
#6492 = ( GEOMETRIC_REPRESENTATION_CONTEXT(2) 
PARAMETRIC_REPRESENTATION_CONTEXT() REPRESENTATION_CONTEXT('2D SPACE',''
  ) );
#6493 = FACE_BOUND('',#6494,.T.);
#6494 = EDGE_LOOP('',(#6495,#6518,#6539,#6560));
#6495 = ORIENTED_EDGE('',*,*,#6496,.F.);
#6496 = EDGE_CURVE('',#6497,#6499,#6501,.T.);
#6497 = VERTEX_POINT('',#6498);
#6498 = CARTESIAN_POINT('',(-18.125,1.,7.94436508139));
#6499 = VERTEX_POINT('',#6500);
#6500 = CARTESIAN_POINT('',(-18.125,-1.94436508139,5.));
#6501 = SURFACE_CURVE('',#6502,(#6506,#6512),.PCURVE_S1.);
#6502 = LINE('',#6503,#6504);
#6503 = CARTESIAN_POINT('',(-18.125,-10.14320055153,-3.198835470144));
#6504 = VECTOR('',#6505,1.);
#6505 = DIRECTION('',(-8.659560562355E-17,-0.707106781187,
    -0.707106781187));
#6506 = PCURVE('',#1236,#6507);
#6507 = DEFINITIONAL_REPRESENTATION('',(#6508),#6511);
#6508 = B_SPLINE_CURVE_WITH_KNOTS('',1,(#6509,#6510),.UNSPECIFIED.,.F.,
  .F.,(2,2),(-15.75886534822,-11.59490431754),.PIECEWISE_BEZIER_KNOTS.);
#6509 = CARTESIAN_POINT('',(0.45,-37.19437508139));
#6510 = CARTESIAN_POINT('',(3.39436508139,-34.25001));
#6511 = ( GEOMETRIC_REPRESENTATION_CONTEXT(2) 
PARAMETRIC_REPRESENTATION_CONTEXT() REPRESENTATION_CONTEXT('2D SPACE',''
  ) );
#6512 = PCURVE('',#5678,#6513);
#6513 = DEFINITIONAL_REPRESENTATION('',(#6514),#6517);
#6514 = B_SPLINE_CURVE_WITH_KNOTS('',1,(#6515,#6516),.UNSPECIFIED.,.F.,
  .F.,(2,2),(-15.75886534822,-11.59490431754),.PIECEWISE_BEZIER_KNOTS.);
#6515 = CARTESIAN_POINT('',(5.535533905933,-1.875));
#6516 = CARTESIAN_POINT('',(1.371572875254,-1.875));
#6517 = ( GEOMETRIC_REPRESENTATION_CONTEXT(2) 
PARAMETRIC_REPRESENTATION_CONTEXT() REPRESENTATION_CONTEXT('2D SPACE',''
  ) );
#6518 = ORIENTED_EDGE('',*,*,#6519,.T.);
#6519 = EDGE_CURVE('',#6497,#6520,#6522,.T.);
#6520 = VERTEX_POINT('',#6521);
#6521 = CARTESIAN_POINT('',(-18.125,1.,6.812994231491));
#6522 = SURFACE_CURVE('',#6523,(#6527,#6533),.PCURVE_S1.);
#6523 = LINE('',#6524,#6525);
#6524 = CARTESIAN_POINT('',(-18.125,1.,-12.125005));
#6525 = VECTOR('',#6526,1.);
#6526 = DIRECTION('',(0.,0.,-1.));
#6527 = PCURVE('',#1236,#6528);
#6528 = DEFINITIONAL_REPRESENTATION('',(#6529),#6532);
#6529 = B_SPLINE_CURVE_WITH_KNOTS('',1,(#6530,#6531),.UNSPECIFIED.,.F.,
  .F.,(2,2),(-20.06937008139,-18.93799923149),.PIECEWISE_BEZIER_KNOTS.);
#6530 = CARTESIAN_POINT('',(0.45,-37.19437508139));
#6531 = CARTESIAN_POINT('',(0.45,-36.06300423149));
#6532 = ( GEOMETRIC_REPRESENTATION_CONTEXT(2) 
PARAMETRIC_REPRESENTATION_CONTEXT() REPRESENTATION_CONTEXT('2D SPACE',''
  ) );
#6533 = PCURVE('',#5704,#6534);
#6534 = DEFINITIONAL_REPRESENTATION('',(#6535),#6538);
#6535 = B_SPLINE_CURVE_WITH_KNOTS('',1,(#6536,#6537),.UNSPECIFIED.,.F.,
  .F.,(2,2),(-20.06937008139,-18.93799923149),.PIECEWISE_BEZIER_KNOTS.);
#6536 = CARTESIAN_POINT('',(2.94436508139,-1.875));
#6537 = CARTESIAN_POINT('',(1.812994231491,-1.875));
#6538 = ( GEOMETRIC_REPRESENTATION_CONTEXT(2) 
PARAMETRIC_REPRESENTATION_CONTEXT() REPRESENTATION_CONTEXT('2D SPACE',''
  ) );
#6539 = ORIENTED_EDGE('',*,*,#6540,.F.);
#6540 = EDGE_CURVE('',#6541,#6520,#6543,.T.);
#6541 = VERTEX_POINT('',#6542);
#6542 = CARTESIAN_POINT('',(-18.125,-0.812994231491,5.));
#6543 = SURFACE_CURVE('',#6544,(#6548,#6554),.PCURVE_S1.);
#6544 = LINE('',#6545,#6546);
#6545 = CARTESIAN_POINT('',(-18.125,-7.385484104907,-1.572489873415));
#6546 = VECTOR('',#6547,1.);
#6547 = DIRECTION('',(8.659560562355E-17,0.707106781187,0.707106781187)
  );
#6548 = PCURVE('',#1236,#6549);
#6549 = DEFINITIONAL_REPRESENTATION('',(#6550),#6553);
#6550 = B_SPLINE_CURVE_WITH_KNOTS('',1,(#6551,#6552),.UNSPECIFIED.,.F.,
  .F.,(2,2),(9.294904317544,11.858865348223),.PIECEWISE_BEZIER_KNOTS.);
#6551 = CARTESIAN_POINT('',(2.262994231491,-34.25001));
#6552 = CARTESIAN_POINT('',(0.45,-36.06300423149));
#6553 = ( GEOMETRIC_REPRESENTATION_CONTEXT(2) 
PARAMETRIC_REPRESENTATION_CONTEXT() REPRESENTATION_CONTEXT('2D SPACE',''
  ) );
#6554 = PCURVE('',#5730,#6555);
#6555 = DEFINITIONAL_REPRESENTATION('',(#6556),#6559);
#6556 = B_SPLINE_CURVE_WITH_KNOTS('',1,(#6557,#6558),.UNSPECIFIED.,.F.,
  .F.,(2,2),(9.294904317544,11.858865348223),.PIECEWISE_BEZIER_KNOTS.);
#6557 = CARTESIAN_POINT('',(4.028427124746,-1.875));
#6558 = CARTESIAN_POINT('',(1.464466094067,-1.875));
#6559 = ( GEOMETRIC_REPRESENTATION_CONTEXT(2) 
PARAMETRIC_REPRESENTATION_CONTEXT() REPRESENTATION_CONTEXT('2D SPACE',''
  ) );
#6560 = ORIENTED_EDGE('',*,*,#6561,.T.);
#6561 = EDGE_CURVE('',#6541,#6499,#6562,.T.);
#6562 = SURFACE_CURVE('',#6563,(#6567,#6573),.PCURVE_S1.);
#6563 = LINE('',#6564,#6565);
#6564 = CARTESIAN_POINT('',(-18.125,-1.275,5.));
#6565 = VECTOR('',#6566,1.);
#6566 = DIRECTION('',(-1.224646799147E-16,-1.,0.));
#6567 = PCURVE('',#1236,#6568);
#6568 = DEFINITIONAL_REPRESENTATION('',(#6569),#6572);
#6569 = B_SPLINE_CURVE_WITH_KNOTS('',1,(#6570,#6571),.UNSPECIFIED.,.F.,
  .F.,(2,2),(-0.462005768509,0.66936508139),.PIECEWISE_BEZIER_KNOTS.);
#6570 = CARTESIAN_POINT('',(2.262994231491,-34.25001));
#6571 = CARTESIAN_POINT('',(3.39436508139,-34.25001));
#6572 = ( GEOMETRIC_REPRESENTATION_CONTEXT(2) 
PARAMETRIC_REPRESENTATION_CONTEXT() REPRESENTATION_CONTEXT('2D SPACE',''
  ) );
#6573 = PCURVE('',#5754,#6574);
#6574 = DEFINITIONAL_REPRESENTATION('',(#6575),#6578);
#6575 = B_SPLINE_CURVE_WITH_KNOTS('',1,(#6576,#6577),.UNSPECIFIED.,.F.,
  .F.,(2,2),(-0.462005768509,0.66936508139),.PIECEWISE_BEZIER_KNOTS.);
#6576 = CARTESIAN_POINT('',(3.187005768509,-1.875));
#6577 = CARTESIAN_POINT('',(2.05563491861,-1.875));
#6578 = ( GEOMETRIC_REPRESENTATION_CONTEXT(2) 
PARAMETRIC_REPRESENTATION_CONTEXT() REPRESENTATION_CONTEXT('2D SPACE',''
  ) );
#6579 = FACE_BOUND('',#6580,.T.);
#6580 = EDGE_LOOP('',(#6581,#6604,#6625,#6649));
#6581 = ORIENTED_EDGE('',*,*,#6582,.F.);
#6582 = EDGE_CURVE('',#6583,#6585,#6587,.T.);
#6583 = VERTEX_POINT('',#6584);
#6584 = CARTESIAN_POINT('',(-18.125,1.,5.82304473783));
#6585 = VERTEX_POINT('',#6586);
#6586 = CARTESIAN_POINT('',(-18.125,0.17695526217,5.));
#6587 = SURFACE_CURVE('',#6588,(#6592,#6598),.PCURVE_S1.);
#6588 = LINE('',#6589,#6590);
#6589 = CARTESIAN_POINT('',(-18.125,-9.082540379754,-4.259495641924));
#6590 = VECTOR('',#6591,1.);
#6591 = DIRECTION('',(-8.659560562355E-17,-0.707106781187,
    -0.707106781187));
#6592 = PCURVE('',#1236,#6593);
#6593 = DEFINITIONAL_REPRESENTATION('',(#6594),#6597);
#6594 = B_SPLINE_CURVE_WITH_KNOTS('',1,(#6595,#6596),.UNSPECIFIED.,.F.,
  .F.,(2,2),(-14.25886534822,-13.09490431754),.PIECEWISE_BEZIER_KNOTS.);
#6595 = CARTESIAN_POINT('',(0.45,-35.07305473783));
#6596 = CARTESIAN_POINT('',(1.27304473783,-34.25001));
#6597 = ( GEOMETRIC_REPRESENTATION_CONTEXT(2) 
PARAMETRIC_REPRESENTATION_CONTEXT() REPRESENTATION_CONTEXT('2D SPACE',''
  ) );
#6598 = PCURVE('',#5784,#6599);
#6599 = DEFINITIONAL_REPRESENTATION('',(#6600),#6603);
#6600 = B_SPLINE_CURVE_WITH_KNOTS('',1,(#6601,#6602),.UNSPECIFIED.,.F.,
  .F.,(2,2),(-14.25886534822,-13.09490431754),.PIECEWISE_BEZIER_KNOTS.);
#6601 = CARTESIAN_POINT('',(4.035533905933,-1.875));
#6602 = CARTESIAN_POINT('',(2.871572875254,-1.875));
#6603 = ( GEOMETRIC_REPRESENTATION_CONTEXT(2) 
PARAMETRIC_REPRESENTATION_CONTEXT() REPRESENTATION_CONTEXT('2D SPACE',''
  ) );
#6604 = ORIENTED_EDGE('',*,*,#6605,.T.);
#6605 = EDGE_CURVE('',#6583,#6606,#6608,.T.);
#6606 = VERTEX_POINT('',#6607);
#6607 = CARTESIAN_POINT('',(-18.125,1.,5.5));
#6608 = SURFACE_CURVE('',#6609,(#6613,#6619),.PCURVE_S1.);
#6609 = LINE('',#6610,#6611);
#6610 = CARTESIAN_POINT('',(-18.125,1.,-12.125005));
#6611 = VECTOR('',#6612,1.);
#6612 = DIRECTION('',(0.,0.,-1.));
#6613 = PCURVE('',#1236,#6614);
#6614 = DEFINITIONAL_REPRESENTATION('',(#6615),#6618);
#6615 = B_SPLINE_CURVE_WITH_KNOTS('',1,(#6616,#6617),.UNSPECIFIED.,.F.,
  .F.,(2,2),(-17.94804973783,-17.625005),.PIECEWISE_BEZIER_KNOTS.);
#6616 = CARTESIAN_POINT('',(0.45,-35.07305473783));
#6617 = CARTESIAN_POINT('',(0.45,-34.75001));
#6618 = ( GEOMETRIC_REPRESENTATION_CONTEXT(2) 
PARAMETRIC_REPRESENTATION_CONTEXT() REPRESENTATION_CONTEXT('2D SPACE',''
  ) );
#6619 = PCURVE('',#5810,#6620);
#6620 = DEFINITIONAL_REPRESENTATION('',(#6621),#6624);
#6621 = B_SPLINE_CURVE_WITH_KNOTS('',1,(#6622,#6623),.UNSPECIFIED.,.F.,
  .F.,(2,2),(-17.94804973783,-17.625005),.PIECEWISE_BEZIER_KNOTS.);
#6622 = CARTESIAN_POINT('',(0.82304473783,-1.875));
#6623 = CARTESIAN_POINT('',(0.5,-1.875));
#6624 = ( GEOMETRIC_REPRESENTATION_CONTEXT(2) 
PARAMETRIC_REPRESENTATION_CONTEXT() REPRESENTATION_CONTEXT('2D SPACE',''
  ) );
#6625 = ORIENTED_EDGE('',*,*,#6626,.F.);
#6626 = EDGE_CURVE('',#6627,#6606,#6629,.T.);
#6627 = VERTEX_POINT('',#6628);
#6628 = CARTESIAN_POINT('',(-18.125,0.5,5.));
#6629 = SURFACE_CURVE('',#6630,(#6635,#6642),.PCURVE_S1.);
#6630 = CIRCLE('',#6631,0.5);
#6631 = AXIS2_PLACEMENT_3D('',#6632,#6633,#6634);
#6632 = CARTESIAN_POINT('',(-18.125,0.5,5.5));
#6633 = DIRECTION('',(1.,0.,0.));
#6634 = DIRECTION('',(0.,0.,-1.));
#6635 = PCURVE('',#1236,#6636);
#6636 = DEFINITIONAL_REPRESENTATION('',(#6637),#6641);
#6637 = CIRCLE('',#6638,0.5);
#6638 = AXIS2_PLACEMENT_2D('',#6639,#6640);
#6639 = CARTESIAN_POINT('',(0.95,-34.75001));
#6640 = DIRECTION('',(-0.,1.));
#6641 = ( GEOMETRIC_REPRESENTATION_CONTEXT(2) 
PARAMETRIC_REPRESENTATION_CONTEXT() REPRESENTATION_CONTEXT('2D SPACE',''
  ) );
#6642 = PCURVE('',#5838,#6643);
#6643 = DEFINITIONAL_REPRESENTATION('',(#6644),#6648);
#6644 = LINE('',#6645,#6646);
#6645 = CARTESIAN_POINT('',(0.,11.875));
#6646 = VECTOR('',#6647,1.);
#6647 = DIRECTION('',(1.,0.));
#6648 = ( GEOMETRIC_REPRESENTATION_CONTEXT(2) 
PARAMETRIC_REPRESENTATION_CONTEXT() REPRESENTATION_CONTEXT('2D SPACE',''
  ) );
#6649 = ORIENTED_EDGE('',*,*,#6650,.T.);
#6650 = EDGE_CURVE('',#6627,#6585,#6651,.T.);
#6651 = SURFACE_CURVE('',#6652,(#6656,#6662),.PCURVE_S1.);
#6652 = LINE('',#6653,#6654);
#6653 = CARTESIAN_POINT('',(-18.125,-1.275,5.));
#6654 = VECTOR('',#6655,1.);
#6655 = DIRECTION('',(-1.224646799147E-16,-1.,0.));
#6656 = PCURVE('',#1236,#6657);
#6657 = DEFINITIONAL_REPRESENTATION('',(#6658),#6661);
#6658 = B_SPLINE_CURVE_WITH_KNOTS('',1,(#6659,#6660),.UNSPECIFIED.,.F.,
  .F.,(2,2),(-1.775,-1.45195526217),.PIECEWISE_BEZIER_KNOTS.);
#6659 = CARTESIAN_POINT('',(0.95,-34.25001));
#6660 = CARTESIAN_POINT('',(1.27304473783,-34.25001));
#6661 = ( GEOMETRIC_REPRESENTATION_CONTEXT(2) 
PARAMETRIC_REPRESENTATION_CONTEXT() REPRESENTATION_CONTEXT('2D SPACE',''
  ) );
#6662 = PCURVE('',#5863,#6663);
#6663 = DEFINITIONAL_REPRESENTATION('',(#6664),#6667);
#6664 = B_SPLINE_CURVE_WITH_KNOTS('',1,(#6665,#6666),.UNSPECIFIED.,.F.,
  .F.,(2,2),(-1.775,-1.45195526217),.PIECEWISE_BEZIER_KNOTS.);
#6665 = CARTESIAN_POINT('',(4.5,-1.875));
#6666 = CARTESIAN_POINT('',(4.17695526217,-1.875));
#6667 = ( GEOMETRIC_REPRESENTATION_CONTEXT(2) 
PARAMETRIC_REPRESENTATION_CONTEXT() REPRESENTATION_CONTEXT('2D SPACE',''
  ) );
#6668 = FACE_BOUND('',#6669,.T.);
#6669 = EDGE_LOOP('',(#6670,#6693,#6714,#6738,#6759,#6780));
#6670 = ORIENTED_EDGE('',*,*,#6671,.F.);
#6671 = EDGE_CURVE('',#6672,#6674,#6676,.T.);
#6672 = VERTEX_POINT('',#6673);
#6673 = CARTESIAN_POINT('',(-18.125,-6.568542494924E-02,9.));
#6674 = VERTEX_POINT('',#6675);
#6675 = CARTESIAN_POINT('',(-18.125,-3.884867365357,5.180818059592));
#6676 = SURFACE_CURVE('',#6677,(#6681,#6687),.PCURVE_S1.);
#6677 = LINE('',#6678,#6679);
#6678 = CARTESIAN_POINT('',(-18.125,-11.20386072331,-2.138175298365));
#6679 = VECTOR('',#6680,1.);
#6680 = DIRECTION('',(-8.659560562355E-17,-0.707106781187,
    -0.707106781187));
#6681 = PCURVE('',#1236,#6682);
#6682 = DEFINITIONAL_REPRESENTATION('',(#6683),#6686);
#6683 = B_SPLINE_CURVE_WITH_KNOTS('',1,(#6684,#6685),.UNSPECIFIED.,.F.,
  .F.,(2,2),(-15.75175856703,-10.35061966974),.PIECEWISE_BEZIER_KNOTS.);
#6684 = CARTESIAN_POINT('',(1.515685424949,-38.25001));
#6685 = CARTESIAN_POINT('',(5.334867365357,-34.43082805959));
#6686 = ( GEOMETRIC_REPRESENTATION_CONTEXT(2) 
PARAMETRIC_REPRESENTATION_CONTEXT() REPRESENTATION_CONTEXT('2D SPACE',''
  ) );
#6687 = PCURVE('',#5510,#6688);
#6688 = DEFINITIONAL_REPRESENTATION('',(#6689),#6692);
#6689 = B_SPLINE_CURVE_WITH_KNOTS('',1,(#6690,#6691),.UNSPECIFIED.,.F.,
  .F.,(2,2),(-15.75175856703,-10.35061966974),.PIECEWISE_BEZIER_KNOTS.);
#6690 = CARTESIAN_POINT('',(5.528427124746,-1.875));
#6691 = CARTESIAN_POINT('',(0.12728822745,-1.875));
#6692 = ( GEOMETRIC_REPRESENTATION_CONTEXT(2) 
PARAMETRIC_REPRESENTATION_CONTEXT() REPRESENTATION_CONTEXT('2D SPACE',''
  ) );
#6693 = ORIENTED_EDGE('',*,*,#6694,.T.);
#6694 = EDGE_CURVE('',#6672,#6695,#6697,.T.);
#6695 = VERTEX_POINT('',#6696);
#6696 = CARTESIAN_POINT('',(-18.125,0.5,9.));
#6697 = SURFACE_CURVE('',#6698,(#6702,#6708),.PCURVE_S1.);
#6698 = LINE('',#6699,#6700);
#6699 = CARTESIAN_POINT('',(-18.125,1.225,9.));
#6700 = VECTOR('',#6701,1.);
#6701 = DIRECTION('',(1.224646799147E-16,1.,0.));
#6702 = PCURVE('',#1236,#6703);
#6703 = DEFINITIONAL_REPRESENTATION('',(#6704),#6707);
#6704 = B_SPLINE_CURVE_WITH_KNOTS('',1,(#6705,#6706),.UNSPECIFIED.,.F.,
  .F.,(2,2),(-1.290685424949,-0.725),.PIECEWISE_BEZIER_KNOTS.);
#6705 = CARTESIAN_POINT('',(1.515685424949,-38.25001));
#6706 = CARTESIAN_POINT('',(0.95,-38.25001));
#6707 = ( GEOMETRIC_REPRESENTATION_CONTEXT(2) 
PARAMETRIC_REPRESENTATION_CONTEXT() REPRESENTATION_CONTEXT('2D SPACE',''
  ) );
#6708 = PCURVE('',#5536,#6709);
#6709 = DEFINITIONAL_REPRESENTATION('',(#6710),#6713);
#6710 = B_SPLINE_CURVE_WITH_KNOTS('',1,(#6711,#6712),.UNSPECIFIED.,.F.,
  .F.,(2,2),(-1.290685424949,-0.725),.PIECEWISE_BEZIER_KNOTS.);
#6711 = CARTESIAN_POINT('',(1.065685424949,-1.875));
#6712 = CARTESIAN_POINT('',(0.5,-1.875));
#6713 = ( GEOMETRIC_REPRESENTATION_CONTEXT(2) 
PARAMETRIC_REPRESENTATION_CONTEXT() REPRESENTATION_CONTEXT('2D SPACE',''
  ) );
#6714 = ORIENTED_EDGE('',*,*,#6715,.F.);
#6715 = EDGE_CURVE('',#6716,#6695,#6718,.T.);
#6716 = VERTEX_POINT('',#6717);
#6717 = CARTESIAN_POINT('',(-18.125,0.884867365357,8.819181940408));
#6718 = SURFACE_CURVE('',#6719,(#6724,#6731),.PCURVE_S1.);
#6719 = CIRCLE('',#6720,0.5);
#6720 = AXIS2_PLACEMENT_3D('',#6721,#6722,#6723);
#6721 = CARTESIAN_POINT('',(-18.125,0.5,8.5));
#6722 = DIRECTION('',(1.,0.,0.));
#6723 = DIRECTION('',(-0.,1.,0.));
#6724 = PCURVE('',#1236,#6725);
#6725 = DEFINITIONAL_REPRESENTATION('',(#6726),#6730);
#6726 = CIRCLE('',#6727,0.5);
#6727 = AXIS2_PLACEMENT_2D('',#6728,#6729);
#6728 = CARTESIAN_POINT('',(0.95,-37.75001));
#6729 = DIRECTION('',(-1.,0.));
#6730 = ( GEOMETRIC_REPRESENTATION_CONTEXT(2) 
PARAMETRIC_REPRESENTATION_CONTEXT() REPRESENTATION_CONTEXT('2D SPACE',''
  ) );
#6731 = PCURVE('',#5564,#6732);
#6732 = DEFINITIONAL_REPRESENTATION('',(#6733),#6737);
#6733 = LINE('',#6734,#6735);
#6734 = CARTESIAN_POINT('',(0.,11.875));
#6735 = VECTOR('',#6736,1.);
#6736 = DIRECTION('',(1.,0.));
#6737 = ( GEOMETRIC_REPRESENTATION_CONTEXT(2) 
PARAMETRIC_REPRESENTATION_CONTEXT() REPRESENTATION_CONTEXT('2D SPACE',''
  ) );
#6738 = ORIENTED_EDGE('',*,*,#6739,.F.);
#6739 = EDGE_CURVE('',#6740,#6716,#6742,.T.);
#6740 = VERTEX_POINT('',#6741);
#6741 = CARTESIAN_POINT('',(-18.125,-2.934314575051,5.));
#6742 = SURFACE_CURVE('',#6743,(#6747,#6753),.PCURVE_S1.);
#6743 = LINE('',#6744,#6745);
#6744 = CARTESIAN_POINT('',(-18.125,-8.446144276686,-0.511829701636));
#6745 = VECTOR('',#6746,1.);
#6746 = DIRECTION('',(8.659560562355E-17,0.707106781187,0.707106781187)
  );
#6747 = PCURVE('',#1236,#6748);
#6748 = DEFINITIONAL_REPRESENTATION('',(#6749),#6752);
#6749 = B_SPLINE_CURVE_WITH_KNOTS('',1,(#6750,#6751),.UNSPECIFIED.,.F.,
  .F.,(2,2),(7.794904317544,13.19604321484),.PIECEWISE_BEZIER_KNOTS.);
#6750 = CARTESIAN_POINT('',(4.384314575051,-34.25001));
#6751 = CARTESIAN_POINT('',(0.565132634643,-38.0691919404));
#6752 = ( GEOMETRIC_REPRESENTATION_CONTEXT(2) 
PARAMETRIC_REPRESENTATION_CONTEXT() REPRESENTATION_CONTEXT('2D SPACE',''
  ) );
#6753 = PCURVE('',#5591,#6754);
#6754 = DEFINITIONAL_REPRESENTATION('',(#6755),#6758);
#6755 = B_SPLINE_CURVE_WITH_KNOTS('',1,(#6756,#6757),.UNSPECIFIED.,.F.,
  .F.,(2,2),(7.794904317544,13.19604321484),.PIECEWISE_BEZIER_KNOTS.);
#6756 = CARTESIAN_POINT('',(5.528427124746,-1.875));
#6757 = CARTESIAN_POINT('',(0.12728822745,-1.875));
#6758 = ( GEOMETRIC_REPRESENTATION_CONTEXT(2) 
PARAMETRIC_REPRESENTATION_CONTEXT() REPRESENTATION_CONTEXT('2D SPACE',''
  ) );
#6759 = ORIENTED_EDGE('',*,*,#6760,.T.);
#6760 = EDGE_CURVE('',#6740,#6761,#6763,.T.);
#6761 = VERTEX_POINT('',#6762);
#6762 = CARTESIAN_POINT('',(-18.125,-3.5,5.));
#6763 = SURFACE_CURVE('',#6764,(#6768,#6774),.PCURVE_S1.);
#6764 = LINE('',#6765,#6766);
#6765 = CARTESIAN_POINT('',(-18.125,-1.275,5.));
#6766 = VECTOR('',#6767,1.);
#6767 = DIRECTION('',(-1.224646799147E-16,-1.,0.));
#6768 = PCURVE('',#1236,#6769);
#6769 = DEFINITIONAL_REPRESENTATION('',(#6770),#6773);
#6770 = B_SPLINE_CURVE_WITH_KNOTS('',1,(#6771,#6772),.UNSPECIFIED.,.F.,
  .F.,(2,2),(1.659314575051,2.225),.PIECEWISE_BEZIER_KNOTS.);
#6771 = CARTESIAN_POINT('',(4.384314575051,-34.25001));
#6772 = CARTESIAN_POINT('',(4.95,-34.25001));
#6773 = ( GEOMETRIC_REPRESENTATION_CONTEXT(2) 
PARAMETRIC_REPRESENTATION_CONTEXT() REPRESENTATION_CONTEXT('2D SPACE',''
  ) );
#6774 = PCURVE('',#5617,#6775);
#6775 = DEFINITIONAL_REPRESENTATION('',(#6776),#6779);
#6776 = B_SPLINE_CURVE_WITH_KNOTS('',1,(#6777,#6778),.UNSPECIFIED.,.F.,
  .F.,(2,2),(1.659314575051,2.225),.PIECEWISE_BEZIER_KNOTS.);
#6777 = CARTESIAN_POINT('',(1.065685424949,-1.875));
#6778 = CARTESIAN_POINT('',(0.5,-1.875));
#6779 = ( GEOMETRIC_REPRESENTATION_CONTEXT(2) 
PARAMETRIC_REPRESENTATION_CONTEXT() REPRESENTATION_CONTEXT('2D SPACE',''
  ) );
#6780 = ORIENTED_EDGE('',*,*,#6781,.T.);
#6781 = EDGE_CURVE('',#6761,#6674,#6782,.T.);
#6782 = SURFACE_CURVE('',#6783,(#6788,#6799),.PCURVE_S1.);
#6783 = CIRCLE('',#6784,0.5);
#6784 = AXIS2_PLACEMENT_3D('',#6785,#6786,#6787);
#6785 = CARTESIAN_POINT('',(-18.125,-3.5,5.5));
#6786 = DIRECTION('',(-1.,0.,0.));
#6787 = DIRECTION('',(0.,0.,-1.));
#6788 = PCURVE('',#1236,#6789);
#6789 = DEFINITIONAL_REPRESENTATION('',(#6790),#6798);
#6790 = ( BOUNDED_CURVE() B_SPLINE_CURVE(2,(#6791,#6792,#6793,#6794,
#6795,#6796,#6797),.UNSPECIFIED.,.T.,.F.) B_SPLINE_CURVE_WITH_KNOTS((1,2
    ,2,2,2,1),(-2.094395102393,0.,2.094395102393,4.188790204786,
6.28318530718,8.377580409573),.UNSPECIFIED.) CURVE() 
GEOMETRIC_REPRESENTATION_ITEM() RATIONAL_B_SPLINE_CURVE((1.,0.5,1.,0.5,
1.,0.5,1.)) REPRESENTATION_ITEM('') );
#6791 = CARTESIAN_POINT('',(4.95,-34.25001));
#6792 = CARTESIAN_POINT('',(5.816025403784,-34.25001));
#6793 = CARTESIAN_POINT('',(5.383012701892,-35.00001));
#6794 = CARTESIAN_POINT('',(4.95,-35.75001));
#6795 = CARTESIAN_POINT('',(4.516987298108,-35.00001));
#6796 = CARTESIAN_POINT('',(4.083974596216,-34.25001));
#6797 = CARTESIAN_POINT('',(4.95,-34.25001));
#6798 = ( GEOMETRIC_REPRESENTATION_CONTEXT(2) 
PARAMETRIC_REPRESENTATION_CONTEXT() REPRESENTATION_CONTEXT('2D SPACE',''
  ) );
#6799 = PCURVE('',#5647,#6800);
#6800 = DEFINITIONAL_REPRESENTATION('',(#6801),#6805);
#6801 = LINE('',#6802,#6803);
#6802 = CARTESIAN_POINT('',(0.,8.125));
#6803 = VECTOR('',#6804,1.);
#6804 = DIRECTION('',(1.,0.));
#6805 = ( GEOMETRIC_REPRESENTATION_CONTEXT(2) 
PARAMETRIC_REPRESENTATION_CONTEXT() REPRESENTATION_CONTEXT('2D SPACE',''
  ) );
#6806 = ADVANCED_FACE('',(#6807),#1208,.F.);
#6807 = FACE_BOUND('',#6808,.T.);
#6808 = EDGE_LOOP('',(#6809,#6831,#6832,#6833));
#6809 = ORIENTED_EDGE('',*,*,#6810,.F.);
#6810 = EDGE_CURVE('',#1161,#6811,#6813,.T.);
#6811 = VERTEX_POINT('',#6812);
#6812 = CARTESIAN_POINT('',(-17.325,-11.85,9.4));
#6813 = SURFACE_CURVE('',#6814,(#6818,#6824),.PCURVE_S1.);
#6814 = LINE('',#6815,#6816);
#6815 = CARTESIAN_POINT('',(-17.325,-11.85,-29.25001));
#6816 = VECTOR('',#6817,1.);
#6817 = DIRECTION('',(0.,0.,1.));
#6818 = PCURVE('',#1208,#6819);
#6819 = DEFINITIONAL_REPRESENTATION('',(#6820),#6823);
#6820 = B_SPLINE_CURVE_WITH_KNOTS('',1,(#6821,#6822),.UNSPECIFIED.,.F.,
  .F.,(2,2),(33.250010000001,40.250010000001),.PIECEWISE_BEZIER_KNOTS.);
#6821 = CARTESIAN_POINT('',(-7.853983128126,-33.25001));
#6822 = CARTESIAN_POINT('',(-7.853983128126,-40.25001));
#6823 = ( GEOMETRIC_REPRESENTATION_CONTEXT(2) 
PARAMETRIC_REPRESENTATION_CONTEXT() REPRESENTATION_CONTEXT('2D SPACE',''
  ) );
#6824 = PCURVE('',#1176,#6825);
#6825 = DEFINITIONAL_REPRESENTATION('',(#6826),#6830);
#6826 = LINE('',#6827,#6828);
#6827 = CARTESIAN_POINT('',(0.,0.));
#6828 = VECTOR('',#6829,1.);
#6829 = DIRECTION('',(0.,-1.));
#6830 = ( GEOMETRIC_REPRESENTATION_CONTEXT(2) 
PARAMETRIC_REPRESENTATION_CONTEXT() REPRESENTATION_CONTEXT('2D SPACE',''
  ) );
#6831 = ORIENTED_EDGE('',*,*,#1187,.T.);
#6832 = ORIENTED_EDGE('',*,*,#6271,.T.);
#6833 = ORIENTED_EDGE('',*,*,#6834,.F.);
#6834 = EDGE_CURVE('',#6811,#6272,#6835,.T.);
#6835 = SURFACE_CURVE('',#6836,(#6841,#6848),.PCURVE_S1.);
#6836 = CIRCLE('',#6837,0.799999252925);
#6837 = AXIS2_PLACEMENT_3D('',#6838,#6839,#6840);
#6838 = CARTESIAN_POINT('',(-17.32500074707,-11.05000074707,9.4));
#6839 = DIRECTION('',(-0.,0.,-1.));
#6840 = DIRECTION('',(-1.,7.470757634981E-07,0.));
#6841 = PCURVE('',#1208,#6842);
#6842 = DEFINITIONAL_REPRESENTATION('',(#6843),#6847);
#6843 = LINE('',#6844,#6845);
#6844 = CARTESIAN_POINT('',(-12.56637061435,-38.65001));
#6845 = VECTOR('',#6846,1.);
#6846 = DIRECTION('',(1.,-0.));
#6847 = ( GEOMETRIC_REPRESENTATION_CONTEXT(2) 
PARAMETRIC_REPRESENTATION_CONTEXT() REPRESENTATION_CONTEXT('2D SPACE',''
  ) );
#6848 = PCURVE('',#5949,#6849);
#6849 = DEFINITIONAL_REPRESENTATION('',(#6850),#6858);
#6850 = ( BOUNDED_CURVE() B_SPLINE_CURVE(2,(#6851,#6852,#6853,#6854,
#6855,#6856,#6857),.UNSPECIFIED.,.T.,.F.) B_SPLINE_CURVE_WITH_KNOTS((1,2
    ,2,2,2,1),(-2.094395102393,0.,2.094395102393,4.188790204786,
6.28318530718,8.377580409573),.UNSPECIFIED.) CURVE() 
GEOMETRIC_REPRESENTATION_ITEM() RATIONAL_B_SPLINE_CURVE((1.,0.5,1.,0.5,
1.,0.5,1.)) REPRESENTATION_ITEM('') );
#6851 = CARTESIAN_POINT('',(-18.12287899159,-9.71038684788));
#6852 = CARTESIAN_POINT('',(-18.12287795641,-8.324747495797));
#6853 = CARTESIAN_POINT('',(-16.92287959461,-9.017568068328));
#6854 = CARTESIAN_POINT('',(-15.72288123282,-9.71038864086));
#6855 = CARTESIAN_POINT('',(-16.92288062979,-10.40320742041));
#6856 = CARTESIAN_POINT('',(-18.12288002677,-11.09602619996));
#6857 = CARTESIAN_POINT('',(-18.12287899159,-9.71038684788));
#6858 = ( GEOMETRIC_REPRESENTATION_CONTEXT(2) 
PARAMETRIC_REPRESENTATION_CONTEXT() REPRESENTATION_CONTEXT('2D SPACE',''
  ) );
#6859 = ADVANCED_FACE('',(#6860),#1176,.T.);
#6860 = FACE_BOUND('',#6861,.T.);
#6861 = EDGE_LOOP('',(#6862,#6885,#6886,#6887));
#6862 = ORIENTED_EDGE('',*,*,#6863,.F.);
#6863 = EDGE_CURVE('',#1128,#6864,#6866,.T.);
#6864 = VERTEX_POINT('',#6865);
#6865 = CARTESIAN_POINT('',(17.325000149415,-11.85,9.4));
#6866 = SURFACE_CURVE('',#6867,(#6871,#6878),.PCURVE_S1.);
#6867 = LINE('',#6868,#6869);
#6868 = CARTESIAN_POINT('',(17.325000149415,-11.85,-29.25001));
#6869 = VECTOR('',#6870,1.);
#6870 = DIRECTION('',(0.,0.,1.));
#6871 = PCURVE('',#1176,#6872);
#6872 = DEFINITIONAL_REPRESENTATION('',(#6873),#6877);
#6873 = LINE('',#6874,#6875);
#6874 = CARTESIAN_POINT('',(34.650000149415,0.));
#6875 = VECTOR('',#6876,1.);
#6876 = DIRECTION('',(0.,-1.));
#6877 = ( GEOMETRIC_REPRESENTATION_CONTEXT(2) 
PARAMETRIC_REPRESENTATION_CONTEXT() REPRESENTATION_CONTEXT('2D SPACE',''
  ) );
#6878 = PCURVE('',#1148,#6879);
#6879 = DEFINITIONAL_REPRESENTATION('',(#6880),#6884);
#6880 = LINE('',#6881,#6882);
#6881 = CARTESIAN_POINT('',(-6.28318530718,0.));
#6882 = VECTOR('',#6883,1.);
#6883 = DIRECTION('',(-0.,-1.));
#6884 = ( GEOMETRIC_REPRESENTATION_CONTEXT(2) 
PARAMETRIC_REPRESENTATION_CONTEXT() REPRESENTATION_CONTEXT('2D SPACE',''
  ) );
#6885 = ORIENTED_EDGE('',*,*,#1160,.T.);
#6886 = ORIENTED_EDGE('',*,*,#6810,.T.);
#6887 = ORIENTED_EDGE('',*,*,#6888,.T.);
#6888 = EDGE_CURVE('',#6811,#6864,#6889,.T.);
#6889 = SURFACE_CURVE('',#6890,(#6894,#6900),.PCURVE_S1.);
#6890 = LINE('',#6891,#6892);
#6891 = CARTESIAN_POINT('',(-8.663560504203,-11.85,9.4));
#6892 = VECTOR('',#6893,1.);
#6893 = DIRECTION('',(1.,-1.224646799147E-16,0.));
#6894 = PCURVE('',#1176,#6895);
#6895 = DEFINITIONAL_REPRESENTATION('',(#6896),#6899);
#6896 = B_SPLINE_CURVE_WITH_KNOTS('',1,(#6897,#6898),.UNSPECIFIED.,.F.,
  .F.,(2,2),(-8.661439495797,25.988560653618),.PIECEWISE_BEZIER_KNOTS.);
#6897 = CARTESIAN_POINT('',(0.,-38.65001));
#6898 = CARTESIAN_POINT('',(34.650000149415,-38.65001));
#6899 = ( GEOMETRIC_REPRESENTATION_CONTEXT(2) 
PARAMETRIC_REPRESENTATION_CONTEXT() REPRESENTATION_CONTEXT('2D SPACE',''
  ) );
#6900 = PCURVE('',#5949,#6901);
#6901 = DEFINITIONAL_REPRESENTATION('',(#6902),#6905);
#6902 = B_SPLINE_CURVE_WITH_KNOTS('',1,(#6903,#6904),.UNSPECIFIED.,.F.,
  .F.,(2,2),(-8.661439495797,25.988560653618),.PIECEWISE_BEZIER_KNOTS.);
#6903 = CARTESIAN_POINT('',(-17.32287899159,-10.51038669846));
#6904 = CARTESIAN_POINT('',(17.327121157821,-10.51038669846));
#6905 = ( GEOMETRIC_REPRESENTATION_CONTEXT(2) 
PARAMETRIC_REPRESENTATION_CONTEXT() REPRESENTATION_CONTEXT('2D SPACE',''
  ) );
#6906 = ADVANCED_FACE('',(#6907),#1148,.F.);
#6907 = FACE_BOUND('',#6908,.T.);
#6908 = EDGE_LOOP('',(#6909,#6931,#6932,#6933));
#6909 = ORIENTED_EDGE('',*,*,#6910,.F.);
#6910 = EDGE_CURVE('',#1101,#6911,#6913,.T.);
#6911 = VERTEX_POINT('',#6912);
#6912 = CARTESIAN_POINT('',(18.125,-11.05,9.4));
#6913 = SURFACE_CURVE('',#6914,(#6918,#6924),.PCURVE_S1.);
#6914 = LINE('',#6915,#6916);
#6915 = CARTESIAN_POINT('',(18.125,-11.05,-29.25001));
#6916 = VECTOR('',#6917,1.);
#6917 = DIRECTION('',(0.,0.,1.));
#6918 = PCURVE('',#1148,#6919);
#6919 = DEFINITIONAL_REPRESENTATION('',(#6920),#6923);
#6920 = B_SPLINE_CURVE_WITH_KNOTS('',1,(#6921,#6922),.UNSPECIFIED.,.F.,
  .F.,(2,2),(33.250010000001,40.250010000001),.PIECEWISE_BEZIER_KNOTS.);
#6921 = CARTESIAN_POINT('',(-7.853983128126,-33.25001));
#6922 = CARTESIAN_POINT('',(-7.853983128126,-40.25001));
#6923 = ( GEOMETRIC_REPRESENTATION_CONTEXT(2) 
PARAMETRIC_REPRESENTATION_CONTEXT() REPRESENTATION_CONTEXT('2D SPACE',''
  ) );
#6924 = PCURVE('',#1116,#6925);
#6925 = DEFINITIONAL_REPRESENTATION('',(#6926),#6930);
#6926 = LINE('',#6927,#6928);
#6927 = CARTESIAN_POINT('',(0.,0.));
#6928 = VECTOR('',#6929,1.);
#6929 = DIRECTION('',(0.,-1.));
#6930 = ( GEOMETRIC_REPRESENTATION_CONTEXT(2) 
PARAMETRIC_REPRESENTATION_CONTEXT() REPRESENTATION_CONTEXT('2D SPACE',''
  ) );
#6931 = ORIENTED_EDGE('',*,*,#1127,.T.);
#6932 = ORIENTED_EDGE('',*,*,#6863,.T.);
#6933 = ORIENTED_EDGE('',*,*,#6934,.F.);
#6934 = EDGE_CURVE('',#6911,#6864,#6935,.T.);
#6935 = SURFACE_CURVE('',#6936,(#6941,#6948),.PCURVE_S1.);
#6936 = CIRCLE('',#6937,0.799999252925);
#6937 = AXIS2_PLACEMENT_3D('',#6938,#6939,#6940);
#6938 = CARTESIAN_POINT('',(17.325000747075,-11.05000074707,9.4));
#6939 = DIRECTION('',(-0.,0.,-1.));
#6940 = DIRECTION('',(-7.470757634981E-07,-1.,0.));
#6941 = PCURVE('',#1148,#6942);
#6942 = DEFINITIONAL_REPRESENTATION('',(#6943),#6947);
#6943 = LINE('',#6944,#6945);
#6944 = CARTESIAN_POINT('',(-12.56637061435,-38.65001));
#6945 = VECTOR('',#6946,1.);
#6946 = DIRECTION('',(1.,-0.));
#6947 = ( GEOMETRIC_REPRESENTATION_CONTEXT(2) 
PARAMETRIC_REPRESENTATION_CONTEXT() REPRESENTATION_CONTEXT('2D SPACE',''
  ) );
#6948 = PCURVE('',#5949,#6949);
#6949 = DEFINITIONAL_REPRESENTATION('',(#6950),#6958);
#6950 = ( BOUNDED_CURVE() B_SPLINE_CURVE(2,(#6951,#6952,#6953,#6954,
#6955,#6956,#6957),.UNSPECIFIED.,.T.,.F.) B_SPLINE_CURVE_WITH_KNOTS((1,2
    ,2,2,2,1),(-2.094395102393,0.,2.094395102393,4.188790204786,
6.28318530718,8.377580409573),.UNSPECIFIED.) CURVE() 
GEOMETRIC_REPRESENTATION_ITEM() RATIONAL_B_SPLINE_CURVE((1.,0.5,1.,0.5,
1.,0.5,1.)) REPRESENTATION_ITEM('') );
#6951 = CARTESIAN_POINT('',(17.327121157821,-10.51038669846));
#6952 = CARTESIAN_POINT('',(15.941481805738,-10.51038566328));
#6953 = CARTESIAN_POINT('',(16.634302378269,-9.310387301488));
#6954 = CARTESIAN_POINT('',(17.327122950801,-8.11038893969));
#6955 = CARTESIAN_POINT('',(18.019941730352,-9.310388336666));
#6956 = CARTESIAN_POINT('',(18.712760509904,-10.51038773364));
#6957 = CARTESIAN_POINT('',(17.327121157821,-10.51038669846));
#6958 = ( GEOMETRIC_REPRESENTATION_CONTEXT(2) 
PARAMETRIC_REPRESENTATION_CONTEXT() REPRESENTATION_CONTEXT('2D SPACE',''
  ) );
#6959 = ADVANCED_FACE('',(#6960),#1116,.T.);
#6960 = FACE_BOUND('',#6961,.T.);
#6961 = EDGE_LOOP('',(#6962,#6985,#6986,#6987));
#6962 = ORIENTED_EDGE('',*,*,#6963,.F.);
#6963 = EDGE_CURVE('',#1068,#6964,#6966,.T.);
#6964 = VERTEX_POINT('',#6965);
#6965 = CARTESIAN_POINT('',(18.125,1.450000149415,9.4));
#6966 = SURFACE_CURVE('',#6967,(#6971,#6978),.PCURVE_S1.);
#6967 = LINE('',#6968,#6969);
#6968 = CARTESIAN_POINT('',(18.125,1.450000149415,-29.25001));
#6969 = VECTOR('',#6970,1.);
#6970 = DIRECTION('',(0.,0.,1.));
#6971 = PCURVE('',#1116,#6972);
#6972 = DEFINITIONAL_REPRESENTATION('',(#6973),#6977);
#6973 = LINE('',#6974,#6975);
#6974 = CARTESIAN_POINT('',(12.500000149415,0.));
#6975 = VECTOR('',#6976,1.);
#6976 = DIRECTION('',(0.,-1.));
#6977 = ( GEOMETRIC_REPRESENTATION_CONTEXT(2) 
PARAMETRIC_REPRESENTATION_CONTEXT() REPRESENTATION_CONTEXT('2D SPACE',''
  ) );
#6978 = PCURVE('',#1088,#6979);
#6979 = DEFINITIONAL_REPRESENTATION('',(#6980),#6984);
#6980 = LINE('',#6981,#6982);
#6981 = CARTESIAN_POINT('',(-6.28318530718,0.));
#6982 = VECTOR('',#6983,1.);
#6983 = DIRECTION('',(-0.,-1.));
#6984 = ( GEOMETRIC_REPRESENTATION_CONTEXT(2) 
PARAMETRIC_REPRESENTATION_CONTEXT() REPRESENTATION_CONTEXT('2D SPACE',''
  ) );
#6985 = ORIENTED_EDGE('',*,*,#1100,.T.);
#6986 = ORIENTED_EDGE('',*,*,#6910,.T.);
#6987 = ORIENTED_EDGE('',*,*,#6988,.T.);
#6988 = EDGE_CURVE('',#6911,#6964,#6989,.T.);
#6989 = SURFACE_CURVE('',#6990,(#6994,#7000),.PCURVE_S1.);
#6990 = LINE('',#6991,#6992);
#6991 = CARTESIAN_POINT('',(18.125,-6.194806650768,9.4));
#6992 = VECTOR('',#6993,1.);
#6993 = DIRECTION('',(1.224646799147E-16,1.,-0.));
#6994 = PCURVE('',#1116,#6995);
#6995 = DEFINITIONAL_REPRESENTATION('',(#6996),#6999);
#6996 = B_SPLINE_CURVE_WITH_KNOTS('',1,(#6997,#6998),.UNSPECIFIED.,.F.,
  .F.,(2,2),(-4.855193349232,7.644806800183),.PIECEWISE_BEZIER_KNOTS.);
#6997 = CARTESIAN_POINT('',(0.,-38.65001));
#6998 = CARTESIAN_POINT('',(12.500000149415,-38.65001));
#6999 = ( GEOMETRIC_REPRESENTATION_CONTEXT(2) 
PARAMETRIC_REPRESENTATION_CONTEXT() REPRESENTATION_CONTEXT('2D SPACE',''
  ) );
#7000 = PCURVE('',#5949,#7001);
#7001 = DEFINITIONAL_REPRESENTATION('',(#7002),#7005);
#7002 = B_SPLINE_CURVE_WITH_KNOTS('',1,(#7003,#7004),.UNSPECIFIED.,.F.,
  .F.,(2,2),(-4.855193349232,7.644806800183),.PIECEWISE_BEZIER_KNOTS.);
#7003 = CARTESIAN_POINT('',(18.127121008406,-9.710386698464));
#7004 = CARTESIAN_POINT('',(18.127121008406,2.789613450951));
#7005 = ( GEOMETRIC_REPRESENTATION_CONTEXT(2) 
PARAMETRIC_REPRESENTATION_CONTEXT() REPRESENTATION_CONTEXT('2D SPACE',''
  ) );
#7006 = ADVANCED_FACE('',(#7007),#1088,.F.);
#7007 = FACE_BOUND('',#7008,.T.);
#7008 = EDGE_LOOP('',(#7009,#7032,#7033,#7034));
#7009 = ORIENTED_EDGE('',*,*,#7010,.F.);
#7010 = EDGE_CURVE('',#1035,#7011,#7013,.T.);
#7011 = VERTEX_POINT('',#7012);
#7012 = CARTESIAN_POINT('',(17.325000149415,2.25,9.4));
#7013 = SURFACE_CURVE('',#7014,(#7018,#7025),.PCURVE_S1.);
#7014 = LINE('',#7015,#7016);
#7015 = CARTESIAN_POINT('',(17.325000149415,2.25,-29.25001));
#7016 = VECTOR('',#7017,1.);
#7017 = DIRECTION('',(0.,0.,1.));
#7018 = PCURVE('',#1088,#7019);
#7019 = DEFINITIONAL_REPRESENTATION('',(#7020),#7024);
#7020 = LINE('',#7021,#7022);
#7021 = CARTESIAN_POINT('',(-7.853983128126,0.));
#7022 = VECTOR('',#7023,1.);
#7023 = DIRECTION('',(-0.,-1.));
#7024 = ( GEOMETRIC_REPRESENTATION_CONTEXT(2) 
PARAMETRIC_REPRESENTATION_CONTEXT() REPRESENTATION_CONTEXT('2D SPACE',''
  ) );
#7025 = PCURVE('',#1055,#7026);
#7026 = DEFINITIONAL_REPRESENTATION('',(#7027),#7031);
#7027 = LINE('',#7028,#7029);
#7028 = CARTESIAN_POINT('',(1.570796326795,0.));
#7029 = VECTOR('',#7030,1.);
#7030 = DIRECTION('',(0.,-1.));
#7031 = ( GEOMETRIC_REPRESENTATION_CONTEXT(2) 
PARAMETRIC_REPRESENTATION_CONTEXT() REPRESENTATION_CONTEXT('2D SPACE',''
  ) );
#7032 = ORIENTED_EDGE('',*,*,#1067,.T.);
#7033 = ORIENTED_EDGE('',*,*,#6963,.T.);
#7034 = ORIENTED_EDGE('',*,*,#7035,.F.);
#7035 = EDGE_CURVE('',#7011,#6964,#7036,.T.);
#7036 = SURFACE_CURVE('',#7037,(#7042,#7049),.PCURVE_S1.);
#7037 = CIRCLE('',#7038,0.799999252925);
#7038 = AXIS2_PLACEMENT_3D('',#7039,#7040,#7041);
#7039 = CARTESIAN_POINT('',(17.325000747075,1.450000747075,9.4));
#7040 = DIRECTION('',(0.,0.,-1.));
#7041 = DIRECTION('',(1.,-7.470757492872E-07,0.));
#7042 = PCURVE('',#1088,#7043);
#7043 = DEFINITIONAL_REPRESENTATION('',(#7044),#7048);
#7044 = LINE('',#7045,#7046);
#7045 = CARTESIAN_POINT('',(-12.56637061435,-38.65001));
#7046 = VECTOR('',#7047,1.);
#7047 = DIRECTION('',(1.,-0.));
#7048 = ( GEOMETRIC_REPRESENTATION_CONTEXT(2) 
PARAMETRIC_REPRESENTATION_CONTEXT() REPRESENTATION_CONTEXT('2D SPACE',''
  ) );
#7049 = PCURVE('',#5949,#7050);
#7050 = DEFINITIONAL_REPRESENTATION('',(#7051),#7059);
#7051 = ( BOUNDED_CURVE() B_SPLINE_CURVE(2,(#7052,#7053,#7054,#7055,
#7056,#7057,#7058),.UNSPECIFIED.,.T.,.F.) B_SPLINE_CURVE_WITH_KNOTS((1,2
    ,2,2,2,1),(-2.094395102393,0.,2.094395102393,4.188790204786,
6.28318530718,8.377580409573),.UNSPECIFIED.) CURVE() 
GEOMETRIC_REPRESENTATION_ITEM() RATIONAL_B_SPLINE_CURVE((1.,0.5,1.,0.5,
1.,0.5,1.)) REPRESENTATION_ITEM('') );
#7052 = CARTESIAN_POINT('',(18.127121008406,2.789613450951));
#7053 = CARTESIAN_POINT('',(18.127119973228,1.403974098868));
#7054 = CARTESIAN_POINT('',(16.92712161143,2.096794671399));
#7055 = CARTESIAN_POINT('',(15.727123249631,2.789615243931));
#7056 = CARTESIAN_POINT('',(16.927122646607,3.482434023482));
#7057 = CARTESIAN_POINT('',(18.127122043583,4.175252803034));
#7058 = CARTESIAN_POINT('',(18.127121008406,2.789613450951));
#7059 = ( GEOMETRIC_REPRESENTATION_CONTEXT(2) 
PARAMETRIC_REPRESENTATION_CONTEXT() REPRESENTATION_CONTEXT('2D SPACE',''
  ) );
#7060 = ADVANCED_FACE('',(#7061),#1055,.T.);
#7061 = FACE_BOUND('',#7062,.T.);
#7062 = EDGE_LOOP('',(#7063,#7064,#7065,#7093));
#7063 = ORIENTED_EDGE('',*,*,#1034,.F.);
#7064 = ORIENTED_EDGE('',*,*,#7010,.T.);
#7065 = ORIENTED_EDGE('',*,*,#7066,.T.);
#7066 = EDGE_CURVE('',#7011,#7067,#7069,.T.);
#7067 = VERTEX_POINT('',#7068);
#7068 = CARTESIAN_POINT('',(17.324796833337,2.250000103192,9.4));
#7069 = SURFACE_CURVE('',#7070,(#7075,#7082),.PCURVE_S1.);
#7070 = CIRCLE('',#7071,0.2);
#7071 = AXIS2_PLACEMENT_3D('',#7072,#7073,#7074);
#7072 = CARTESIAN_POINT('',(17.325,2.45,9.4));
#7073 = DIRECTION('',(0.,0.,-1.));
#7074 = DIRECTION('',(1.,7.470757489561E-07,0.));
#7075 = PCURVE('',#1055,#7076);
#7076 = DEFINITIONAL_REPRESENTATION('',(#7077),#7081);
#7077 = LINE('',#7078,#7079);
#7078 = CARTESIAN_POINT('',(0.,-38.65001));
#7079 = VECTOR('',#7080,1.);
#7080 = DIRECTION('',(1.,0.));
#7081 = ( GEOMETRIC_REPRESENTATION_CONTEXT(2) 
PARAMETRIC_REPRESENTATION_CONTEXT() REPRESENTATION_CONTEXT('2D SPACE',''
  ) );
#7082 = PCURVE('',#5949,#7083);
#7083 = DEFINITIONAL_REPRESENTATION('',(#7084),#7092);
#7084 = ( BOUNDED_CURVE() B_SPLINE_CURVE(2,(#7085,#7086,#7087,#7088,
#7089,#7090,#7091),.UNSPECIFIED.,.T.,.F.) B_SPLINE_CURVE_WITH_KNOTS((1,2
    ,2,2,2,1),(-2.094395102393,0.,2.094395102393,4.188790204786,
6.28318530718,8.377580409573),.UNSPECIFIED.) CURVE() 
GEOMETRIC_REPRESENTATION_ITEM() RATIONAL_B_SPLINE_CURVE((1.,0.5,1.,0.5,
1.,0.5,1.)) REPRESENTATION_ITEM('') );
#7085 = CARTESIAN_POINT('',(17.527121008406,3.789613450951));
#7086 = CARTESIAN_POINT('',(17.5271212672,3.443203289437));
#7087 = CARTESIAN_POINT('',(17.227121137803,3.616408146071));
#7088 = CARTESIAN_POINT('',(16.927121008406,3.789613002705));
#7089 = CARTESIAN_POINT('',(17.227120879008,3.962818307585));
#7090 = CARTESIAN_POINT('',(17.527120749611,4.136023612464));
#7091 = CARTESIAN_POINT('',(17.527121008406,3.789613450951));
#7092 = ( GEOMETRIC_REPRESENTATION_CONTEXT(2) 
PARAMETRIC_REPRESENTATION_CONTEXT() REPRESENTATION_CONTEXT('2D SPACE',''
  ) );
#7093 = ORIENTED_EDGE('',*,*,#7094,.F.);
#7094 = EDGE_CURVE('',#1008,#7067,#7095,.T.);
#7095 = SURFACE_CURVE('',#7096,(#7100,#7107),.PCURVE_S1.);
#7096 = LINE('',#7097,#7098);
#7097 = CARTESIAN_POINT('',(17.324796833337,2.250000103192,-29.25001));
#7098 = VECTOR('',#7099,1.);
#7099 = DIRECTION('',(0.,0.,1.));
#7100 = PCURVE('',#1055,#7101);
#7101 = DEFINITIONAL_REPRESENTATION('',(#7102),#7106);
#7102 = LINE('',#7103,#7104);
#7103 = CARTESIAN_POINT('',(1.571812907362,0.));
#7104 = VECTOR('',#7105,1.);
#7105 = DIRECTION('',(0.,-1.));
#7106 = ( GEOMETRIC_REPRESENTATION_CONTEXT(2) 
PARAMETRIC_REPRESENTATION_CONTEXT() REPRESENTATION_CONTEXT('2D SPACE',''
  ) );
#7107 = PCURVE('',#1023,#7108);
#7108 = DEFINITIONAL_REPRESENTATION('',(#7109),#7113);
#7109 = LINE('',#7110,#7111);
#7110 = CARTESIAN_POINT('',(0.,0.));
#7111 = VECTOR('',#7112,1.);
#7112 = DIRECTION('',(0.,-1.));
#7113 = ( GEOMETRIC_REPRESENTATION_CONTEXT(2) 
PARAMETRIC_REPRESENTATION_CONTEXT() REPRESENTATION_CONTEXT('2D SPACE',''
  ) );
#7114 = ADVANCED_FACE('',(#7115),#1023,.T.);
#7115 = FACE_BOUND('',#7116,.T.);
#7116 = EDGE_LOOP('',(#7117,#7140,#7141,#7142));
#7117 = ORIENTED_EDGE('',*,*,#7118,.F.);
#7118 = EDGE_CURVE('',#975,#7119,#7121,.T.);
#7119 = VERTEX_POINT('',#7120);
#7120 = CARTESIAN_POINT('',(11.32489686094,2.256095004628,9.4));
#7121 = SURFACE_CURVE('',#7122,(#7126,#7133),.PCURVE_S1.);
#7122 = LINE('',#7123,#7124);
#7123 = CARTESIAN_POINT('',(11.32489686094,2.256095004628,-29.25001));
#7124 = VECTOR('',#7125,1.);
#7125 = DIRECTION('',(0.,0.,1.));
#7126 = PCURVE('',#1023,#7127);
#7127 = DEFINITIONAL_REPRESENTATION('',(#7128),#7132);
#7128 = LINE('',#7129,#7130);
#7129 = CARTESIAN_POINT('',(5.999903068099,0.));
#7130 = VECTOR('',#7131,1.);
#7131 = DIRECTION('',(0.,-1.));
#7132 = ( GEOMETRIC_REPRESENTATION_CONTEXT(2) 
PARAMETRIC_REPRESENTATION_CONTEXT() REPRESENTATION_CONTEXT('2D SPACE',''
  ) );
#7133 = PCURVE('',#995,#7134);
#7134 = DEFINITIONAL_REPRESENTATION('',(#7135),#7139);
#7135 = LINE('',#7136,#7137);
#7136 = CARTESIAN_POINT('',(-7.853894554341,0.));
#7137 = VECTOR('',#7138,1.);
#7138 = DIRECTION('',(-0.,-1.));
#7139 = ( GEOMETRIC_REPRESENTATION_CONTEXT(2) 
PARAMETRIC_REPRESENTATION_CONTEXT() REPRESENTATION_CONTEXT('2D SPACE',''
  ) );
#7140 = ORIENTED_EDGE('',*,*,#1007,.T.);
#7141 = ORIENTED_EDGE('',*,*,#7094,.T.);
#7142 = ORIENTED_EDGE('',*,*,#7143,.T.);
#7143 = EDGE_CURVE('',#7067,#7119,#7144,.T.);
#7144 = SURFACE_CURVE('',#7145,(#7149,#7155),.PCURVE_S1.);
#7145 = LINE('',#7146,#7147);
#7146 = CARTESIAN_POINT('',(8.663170075944,2.258798876772,9.4));
#7147 = VECTOR('',#7148,1.);
#7148 = DIRECTION('',(-0.999999484041,1.015833317122E-03,0.));
#7149 = PCURVE('',#1023,#7150);
#7150 = DEFINITIONAL_REPRESENTATION('',(#7151),#7154);
#7151 = B_SPLINE_CURVE_WITH_KNOTS('',1,(#7152,#7153),.UNSPECIFIED.,.F.,
  .F.,(2,2),(-8.661631226437,-2.661728158338),.PIECEWISE_BEZIER_KNOTS.);
#7152 = CARTESIAN_POINT('',(0.,-38.65001));
#7153 = CARTESIAN_POINT('',(5.999903068099,-38.65001));
#7154 = ( GEOMETRIC_REPRESENTATION_CONTEXT(2) 
PARAMETRIC_REPRESENTATION_CONTEXT() REPRESENTATION_CONTEXT('2D SPACE',''
  ) );
#7155 = PCURVE('',#5949,#7156);
#7156 = DEFINITIONAL_REPRESENTATION('',(#7157),#7160);
#7157 = B_SPLINE_CURVE_WITH_KNOTS('',1,(#7158,#7159),.UNSPECIFIED.,.F.,
  .F.,(2,2),(-8.661631226437,-2.661728158338),.PIECEWISE_BEZIER_KNOTS.);
#7158 = CARTESIAN_POINT('',(17.326917841742,3.589613404727));
#7159 = CARTESIAN_POINT('',(11.327017869345,3.595708306163));
#7160 = ( GEOMETRIC_REPRESENTATION_CONTEXT(2) 
PARAMETRIC_REPRESENTATION_CONTEXT() REPRESENTATION_CONTEXT('2D SPACE',''
  ) );
#7161 = ADVANCED_FACE('',(#7162),#995,.T.);
#7162 = FACE_BOUND('',#7163,.F.);
#7163 = EDGE_LOOP('',(#7164,#7165,#7166,#7189));
#7164 = ORIENTED_EDGE('',*,*,#7118,.F.);
#7165 = ORIENTED_EDGE('',*,*,#974,.T.);
#7166 = ORIENTED_EDGE('',*,*,#7167,.T.);
#7167 = EDGE_CURVE('',#948,#7168,#7170,.T.);
#7168 = VERTEX_POINT('',#7169);
#7169 = CARTESIAN_POINT('',(10.125003,3.456094252925,9.4));
#7170 = SURFACE_CURVE('',#7171,(#7175,#7182),.PCURVE_S1.);
#7171 = LINE('',#7172,#7173);
#7172 = CARTESIAN_POINT('',(10.125003,3.456094252925,-29.25001));
#7173 = VECTOR('',#7174,1.);
#7174 = DIRECTION('',(0.,0.,1.));
#7175 = PCURVE('',#995,#7176);
#7176 = DEFINITIONAL_REPRESENTATION('',(#7177),#7181);
#7177 = LINE('',#7178,#7179);
#7178 = CARTESIAN_POINT('',(-6.283186054255,0.));
#7179 = VECTOR('',#7180,1.);
#7180 = DIRECTION('',(-0.,-1.));
#7181 = ( GEOMETRIC_REPRESENTATION_CONTEXT(2) 
PARAMETRIC_REPRESENTATION_CONTEXT() REPRESENTATION_CONTEXT('2D SPACE',''
  ) );
#7182 = PCURVE('',#963,#7183);
#7183 = DEFINITIONAL_REPRESENTATION('',(#7184),#7188);
#7184 = LINE('',#7185,#7186);
#7185 = CARTESIAN_POINT('',(8.881784197001E-16,0.));
#7186 = VECTOR('',#7187,1.);
#7187 = DIRECTION('',(0.,-1.));
#7188 = ( GEOMETRIC_REPRESENTATION_CONTEXT(2) 
PARAMETRIC_REPRESENTATION_CONTEXT() REPRESENTATION_CONTEXT('2D SPACE',''
  ) );
#7189 = ORIENTED_EDGE('',*,*,#7190,.F.);
#7190 = EDGE_CURVE('',#7119,#7168,#7191,.T.);
#7191 = SURFACE_CURVE('',#7192,(#7197,#7204),.PCURVE_S1.);
#7192 = CIRCLE('',#7193,1.199999252925);
#7193 = AXIS2_PLACEMENT_3D('',#7194,#7195,#7196);
#7194 = CARTESIAN_POINT('',(11.325002252925,3.456094252925,9.4));
#7195 = DIRECTION('',(-0.,0.,-1.));
#7196 = DIRECTION('',(-1.,7.470757634981E-07,0.));
#7197 = PCURVE('',#995,#7198);
#7198 = DEFINITIONAL_REPRESENTATION('',(#7199),#7203);
#7199 = LINE('',#7200,#7201);
#7200 = CARTESIAN_POINT('',(-12.56637061435,-38.65001));
#7201 = VECTOR('',#7202,1.);
#7202 = DIRECTION('',(1.,-0.));
#7203 = ( GEOMETRIC_REPRESENTATION_CONTEXT(2) 
PARAMETRIC_REPRESENTATION_CONTEXT() REPRESENTATION_CONTEXT('2D SPACE',''
  ) );
#7204 = PCURVE('',#5949,#7205);
#7205 = DEFINITIONAL_REPRESENTATION('',(#7206),#7214);
#7206 = ( BOUNDED_CURVE() B_SPLINE_CURVE(2,(#7207,#7208,#7209,#7210,
#7211,#7212,#7213),.UNSPECIFIED.,.T.,.F.) B_SPLINE_CURVE_WITH_KNOTS((1,2
    ,2,2,2,1),(-2.094395102393,0.,2.094395102393,4.188790204786,
6.28318530718,8.377580409573),.UNSPECIFIED.) CURVE() 
GEOMETRIC_REPRESENTATION_ITEM() RATIONAL_B_SPLINE_CURVE((1.,0.5,1.,0.5,
1.,0.5,1.)) REPRESENTATION_ITEM('') );
#7207 = CARTESIAN_POINT('',(10.127124008406,4.795708450951));
#7208 = CARTESIAN_POINT('',(10.127125561172,6.874168126061));
#7209 = CARTESIAN_POINT('',(11.927123664176,5.83493694377));
#7210 = CARTESIAN_POINT('',(13.72712176718,4.79570576148));
#7211 = CARTESIAN_POINT('',(11.927122111409,3.75647726866));
#7212 = CARTESIAN_POINT('',(10.127122455639,2.71724877584));
#7213 = CARTESIAN_POINT('',(10.127124008406,4.795708450951));
#7214 = ( GEOMETRIC_REPRESENTATION_CONTEXT(2) 
PARAMETRIC_REPRESENTATION_CONTEXT() REPRESENTATION_CONTEXT('2D SPACE',''
  ) );
#7215 = ADVANCED_FACE('',(#7216),#963,.T.);
#7216 = FACE_BOUND('',#7217,.T.);
#7217 = EDGE_LOOP('',(#7218,#7241,#7242,#7243));
#7218 = ORIENTED_EDGE('',*,*,#7219,.F.);
#7219 = EDGE_CURVE('',#915,#7220,#7222,.T.);
#7220 = VERTEX_POINT('',#7221);
#7221 = CARTESIAN_POINT('',(10.125003,11.048993149415,9.4));
#7222 = SURFACE_CURVE('',#7223,(#7227,#7234),.PCURVE_S1.);
#7223 = LINE('',#7224,#7225);
#7224 = CARTESIAN_POINT('',(10.125003,11.048993149415,-29.25001));
#7225 = VECTOR('',#7226,1.);
#7226 = DIRECTION('',(0.,0.,1.));
#7227 = PCURVE('',#963,#7228);
#7228 = DEFINITIONAL_REPRESENTATION('',(#7229),#7233);
#7229 = LINE('',#7230,#7231);
#7230 = CARTESIAN_POINT('',(7.59289889649,0.));
#7231 = VECTOR('',#7232,1.);
#7232 = DIRECTION('',(0.,-1.));
#7233 = ( GEOMETRIC_REPRESENTATION_CONTEXT(2) 
PARAMETRIC_REPRESENTATION_CONTEXT() REPRESENTATION_CONTEXT('2D SPACE',''
  ) );
#7234 = PCURVE('',#935,#7235);
#7235 = DEFINITIONAL_REPRESENTATION('',(#7236),#7240);
#7236 = LINE('',#7237,#7238);
#7237 = CARTESIAN_POINT('',(-6.28318530718,0.));
#7238 = VECTOR('',#7239,1.);
#7239 = DIRECTION('',(-0.,-1.));
#7240 = ( GEOMETRIC_REPRESENTATION_CONTEXT(2) 
PARAMETRIC_REPRESENTATION_CONTEXT() REPRESENTATION_CONTEXT('2D SPACE',''
  ) );
#7241 = ORIENTED_EDGE('',*,*,#947,.T.);
#7242 = ORIENTED_EDGE('',*,*,#7167,.T.);
#7243 = ORIENTED_EDGE('',*,*,#7244,.T.);
#7244 = EDGE_CURVE('',#7168,#7220,#7245,.T.);
#7245 = SURFACE_CURVE('',#7246,(#7250,#7256),.PCURVE_S1.);
#7246 = LINE('',#7247,#7248);
#7247 = CARTESIAN_POINT('',(10.125003,1.058240475695,9.4));
#7248 = VECTOR('',#7249,1.);
#7249 = DIRECTION('',(2.339497829946E-16,1.,-0.));
#7250 = PCURVE('',#963,#7251);
#7251 = DEFINITIONAL_REPRESENTATION('',(#7252),#7255);
#7252 = B_SPLINE_CURVE_WITH_KNOTS('',1,(#7253,#7254),.UNSPECIFIED.,.F.,
  .F.,(2,2),(2.39785377723,9.990752673721),.PIECEWISE_BEZIER_KNOTS.);
#7253 = CARTESIAN_POINT('',(4.440892098501E-16,-38.65001));
#7254 = CARTESIAN_POINT('',(7.59289889649,-38.65001));
#7255 = ( GEOMETRIC_REPRESENTATION_CONTEXT(2) 
PARAMETRIC_REPRESENTATION_CONTEXT() REPRESENTATION_CONTEXT('2D SPACE',''
  ) );
#7256 = PCURVE('',#5949,#7257);
#7257 = DEFINITIONAL_REPRESENTATION('',(#7258),#7261);
#7258 = B_SPLINE_CURVE_WITH_KNOTS('',1,(#7259,#7260),.UNSPECIFIED.,.F.,
  .F.,(2,2),(2.39785377723,9.990752673721),.PIECEWISE_BEZIER_KNOTS.);
#7259 = CARTESIAN_POINT('',(10.127124008406,4.79570755446));
#7260 = CARTESIAN_POINT('',(10.127124008406,12.388606450951));
#7261 = ( GEOMETRIC_REPRESENTATION_CONTEXT(2) 
PARAMETRIC_REPRESENTATION_CONTEXT() REPRESENTATION_CONTEXT('2D SPACE',''
  ) );
#7262 = ADVANCED_FACE('',(#7263),#935,.F.);
#7263 = FACE_BOUND('',#7264,.T.);
#7264 = EDGE_LOOP('',(#7265,#7288,#7289,#7290));
#7265 = ORIENTED_EDGE('',*,*,#7266,.F.);
#7266 = EDGE_CURVE('',#882,#7267,#7269,.T.);
#7267 = VERTEX_POINT('',#7268);
#7268 = CARTESIAN_POINT('',(9.325003149415,11.848993,9.4));
#7269 = SURFACE_CURVE('',#7270,(#7274,#7281),.PCURVE_S1.);
#7270 = LINE('',#7271,#7272);
#7271 = CARTESIAN_POINT('',(9.325003149415,11.848993,-29.25001));
#7272 = VECTOR('',#7273,1.);
#7273 = DIRECTION('',(0.,0.,1.));
#7274 = PCURVE('',#935,#7275);
#7275 = DEFINITIONAL_REPRESENTATION('',(#7276),#7280);
#7276 = LINE('',#7277,#7278);
#7277 = CARTESIAN_POINT('',(-7.853983128126,0.));
#7278 = VECTOR('',#7279,1.);
#7279 = DIRECTION('',(-0.,-1.));
#7280 = ( GEOMETRIC_REPRESENTATION_CONTEXT(2) 
PARAMETRIC_REPRESENTATION_CONTEXT() REPRESENTATION_CONTEXT('2D SPACE',''
  ) );
#7281 = PCURVE('',#902,#7282);
#7282 = DEFINITIONAL_REPRESENTATION('',(#7283),#7287);
#7283 = LINE('',#7284,#7285);
#7284 = CARTESIAN_POINT('',(1.570796326795,0.));
#7285 = VECTOR('',#7286,1.);
#7286 = DIRECTION('',(0.,-1.));
#7287 = ( GEOMETRIC_REPRESENTATION_CONTEXT(2) 
PARAMETRIC_REPRESENTATION_CONTEXT() REPRESENTATION_CONTEXT('2D SPACE',''
  ) );
#7288 = ORIENTED_EDGE('',*,*,#914,.T.);
#7289 = ORIENTED_EDGE('',*,*,#7219,.T.);
#7290 = ORIENTED_EDGE('',*,*,#7291,.F.);
#7291 = EDGE_CURVE('',#7267,#7220,#7292,.T.);
#7292 = SURFACE_CURVE('',#7293,(#7298,#7305),.PCURVE_S1.);
#7293 = CIRCLE('',#7294,0.799999252925);
#7294 = AXIS2_PLACEMENT_3D('',#7295,#7296,#7297);
#7295 = CARTESIAN_POINT('',(9.325003747075,11.048993747075,9.4));
#7296 = DIRECTION('',(0.,0.,-1.));
#7297 = DIRECTION('',(1.,-7.470757634981E-07,0.));
#7298 = PCURVE('',#935,#7299);
#7299 = DEFINITIONAL_REPRESENTATION('',(#7300),#7304);
#7300 = LINE('',#7301,#7302);
#7301 = CARTESIAN_POINT('',(-12.56637061435,-38.65001));
#7302 = VECTOR('',#7303,1.);
#7303 = DIRECTION('',(1.,-0.));
#7304 = ( GEOMETRIC_REPRESENTATION_CONTEXT(2) 
PARAMETRIC_REPRESENTATION_CONTEXT() REPRESENTATION_CONTEXT('2D SPACE',''
  ) );
#7305 = PCURVE('',#5949,#7306);
#7306 = DEFINITIONAL_REPRESENTATION('',(#7307),#7315);
#7307 = ( BOUNDED_CURVE() B_SPLINE_CURVE(2,(#7308,#7309,#7310,#7311,
#7312,#7313,#7314),.UNSPECIFIED.,.T.,.F.) B_SPLINE_CURVE_WITH_KNOTS((1,2
    ,2,2,2,1),(-2.094395102393,0.,2.094395102393,4.188790204786,
6.28318530718,8.377580409573),.UNSPECIFIED.) CURVE() 
GEOMETRIC_REPRESENTATION_ITEM() RATIONAL_B_SPLINE_CURVE((1.,0.5,1.,0.5,
1.,0.5,1.)) REPRESENTATION_ITEM('') );
#7308 = CARTESIAN_POINT('',(10.127124008406,12.388606450951));
#7309 = CARTESIAN_POINT('',(10.127122973228,11.002967098868));
#7310 = CARTESIAN_POINT('',(8.92712461143,11.695787671399));
#7311 = CARTESIAN_POINT('',(7.727126249631,12.388608243931));
#7312 = CARTESIAN_POINT('',(8.927125646607,13.081427023482));
#7313 = CARTESIAN_POINT('',(10.127125043583,13.774245803034));
#7314 = CARTESIAN_POINT('',(10.127124008406,12.388606450951));
#7315 = ( GEOMETRIC_REPRESENTATION_CONTEXT(2) 
PARAMETRIC_REPRESENTATION_CONTEXT() REPRESENTATION_CONTEXT('2D SPACE',''
  ) );
#7316 = ADVANCED_FACE('',(#7317),#902,.T.);
#7317 = FACE_BOUND('',#7318,.T.);
#7318 = EDGE_LOOP('',(#7319,#7320,#7321,#7347));
#7319 = ORIENTED_EDGE('',*,*,#881,.F.);
#7320 = ORIENTED_EDGE('',*,*,#7266,.T.);
#7321 = ORIENTED_EDGE('',*,*,#7322,.T.);
#7322 = EDGE_CURVE('',#7267,#5914,#7323,.T.);
#7323 = SURFACE_CURVE('',#7324,(#7329,#7336),.PCURVE_S1.);
#7324 = CIRCLE('',#7325,0.2);
#7325 = AXIS2_PLACEMENT_3D('',#7326,#7327,#7328);
#7326 = CARTESIAN_POINT('',(9.325003,12.048993,9.4));
#7327 = DIRECTION('',(0.,0.,-1.));
#7328 = DIRECTION('',(1.,7.470757631669E-07,0.));
#7329 = PCURVE('',#902,#7330);
#7330 = DEFINITIONAL_REPRESENTATION('',(#7331),#7335);
#7331 = LINE('',#7332,#7333);
#7332 = CARTESIAN_POINT('',(0.,-38.65001));
#7333 = VECTOR('',#7334,1.);
#7334 = DIRECTION('',(1.,0.));
#7335 = ( GEOMETRIC_REPRESENTATION_CONTEXT(2) 
PARAMETRIC_REPRESENTATION_CONTEXT() REPRESENTATION_CONTEXT('2D SPACE',''
  ) );
#7336 = PCURVE('',#5949,#7337);
#7337 = DEFINITIONAL_REPRESENTATION('',(#7338),#7346);
#7338 = ( BOUNDED_CURVE() B_SPLINE_CURVE(2,(#7339,#7340,#7341,#7342,
#7343,#7344,#7345),.UNSPECIFIED.,.T.,.F.) B_SPLINE_CURVE_WITH_KNOTS((1,2
    ,2,2,2,1),(-2.094395102393,0.,2.094395102393,4.188790204786,
6.28318530718,8.377580409573),.UNSPECIFIED.) CURVE() 
GEOMETRIC_REPRESENTATION_ITEM() RATIONAL_B_SPLINE_CURVE((1.,0.5,1.,0.5,
1.,0.5,1.)) REPRESENTATION_ITEM('') );
#7339 = CARTESIAN_POINT('',(9.527124008406,13.388606450951));
#7340 = CARTESIAN_POINT('',(9.5271242672,13.042196289437));
#7341 = CARTESIAN_POINT('',(9.227124137803,13.215401146071));
#7342 = CARTESIAN_POINT('',(8.927124008406,13.388606002705));
#7343 = CARTESIAN_POINT('',(9.227123879008,13.561811307585));
#7344 = CARTESIAN_POINT('',(9.527123749611,13.735016612464));
#7345 = CARTESIAN_POINT('',(9.527124008406,13.388606450951));
#7346 = ( GEOMETRIC_REPRESENTATION_CONTEXT(2) 
PARAMETRIC_REPRESENTATION_CONTEXT() REPRESENTATION_CONTEXT('2D SPACE',''
  ) );
#7347 = ORIENTED_EDGE('',*,*,#5913,.F.);
#7348 = ADVANCED_FACE('',(#7349),#1958,.F.);
#7349 = FACE_BOUND('',#7350,.F.);
#7350 = EDGE_LOOP('',(#7351,#7352,#7373,#7374));
#7351 = ORIENTED_EDGE('',*,*,#3617,.F.);
#7352 = ORIENTED_EDGE('',*,*,#7353,.T.);
#7353 = EDGE_CURVE('',#3618,#1942,#7354,.T.);
#7354 = SEAM_CURVE('',#7355,(#7359,#7366),.PCURVE_S1.);
#7355 = LINE('',#7356,#7357);
#7356 = CARTESIAN_POINT('',(-15.3,-14.5,14.));
#7357 = VECTOR('',#7358,1.);
#7358 = DIRECTION('',(-0.,-0.,-1.));
#7359 = PCURVE('',#1958,#7360);
#7360 = DEFINITIONAL_REPRESENTATION('',(#7361),#7365);
#7361 = LINE('',#7362,#7363);
#7362 = CARTESIAN_POINT('',(6.28318530718,0.));
#7363 = VECTOR('',#7364,1.);
#7364 = DIRECTION('',(0.,-1.));
#7365 = ( GEOMETRIC_REPRESENTATION_CONTEXT(2) 
PARAMETRIC_REPRESENTATION_CONTEXT() REPRESENTATION_CONTEXT('2D SPACE',''
  ) );
#7366 = PCURVE('',#1958,#7367);
#7367 = DEFINITIONAL_REPRESENTATION('',(#7368),#7372);
#7368 = LINE('',#7369,#7370);
#7369 = CARTESIAN_POINT('',(0.,0.));
#7370 = VECTOR('',#7371,1.);
#7371 = DIRECTION('',(0.,-1.));
#7372 = ( GEOMETRIC_REPRESENTATION_CONTEXT(2) 
PARAMETRIC_REPRESENTATION_CONTEXT() REPRESENTATION_CONTEXT('2D SPACE',''
  ) );
#7373 = ORIENTED_EDGE('',*,*,#1941,.T.);
#7374 = ORIENTED_EDGE('',*,*,#7353,.F.);
#7375 = ADVANCED_FACE('',(#7376),#1989,.F.);
#7376 = FACE_BOUND('',#7377,.F.);
#7377 = EDGE_LOOP('',(#7378,#7379,#7400,#7401));
#7378 = ORIENTED_EDGE('',*,*,#3643,.F.);
#7379 = ORIENTED_EDGE('',*,*,#7380,.T.);
#7380 = EDGE_CURVE('',#3644,#1973,#7381,.T.);
#7381 = SEAM_CURVE('',#7382,(#7386,#7393),.PCURVE_S1.);
#7382 = LINE('',#7383,#7384);
#7383 = CARTESIAN_POINT('',(17.7,-14.5,14.));
#7384 = VECTOR('',#7385,1.);
#7385 = DIRECTION('',(-0.,-0.,-1.));
#7386 = PCURVE('',#1989,#7387);
#7387 = DEFINITIONAL_REPRESENTATION('',(#7388),#7392);
#7388 = LINE('',#7389,#7390);
#7389 = CARTESIAN_POINT('',(6.28318530718,0.));
#7390 = VECTOR('',#7391,1.);
#7391 = DIRECTION('',(0.,-1.));
#7392 = ( GEOMETRIC_REPRESENTATION_CONTEXT(2) 
PARAMETRIC_REPRESENTATION_CONTEXT() REPRESENTATION_CONTEXT('2D SPACE',''
  ) );
#7393 = PCURVE('',#1989,#7394);
#7394 = DEFINITIONAL_REPRESENTATION('',(#7395),#7399);
#7395 = LINE('',#7396,#7397);
#7396 = CARTESIAN_POINT('',(0.,0.));
#7397 = VECTOR('',#7398,1.);
#7398 = DIRECTION('',(0.,-1.));
#7399 = ( GEOMETRIC_REPRESENTATION_CONTEXT(2) 
PARAMETRIC_REPRESENTATION_CONTEXT() REPRESENTATION_CONTEXT('2D SPACE',''
  ) );
#7400 = ORIENTED_EDGE('',*,*,#1972,.T.);
#7401 = ORIENTED_EDGE('',*,*,#7380,.F.);
#7402 = ADVANCED_FACE('',(#7403),#2020,.F.);
#7403 = FACE_BOUND('',#7404,.F.);
#7404 = EDGE_LOOP('',(#7405,#7406,#7427,#7428));
#7405 = ORIENTED_EDGE('',*,*,#2711,.F.);
#7406 = ORIENTED_EDGE('',*,*,#7407,.T.);
#7407 = EDGE_CURVE('',#2712,#2004,#7408,.T.);
#7408 = SEAM_CURVE('',#7409,(#7413,#7420),.PCURVE_S1.);
#7409 = LINE('',#7410,#7411);
#7410 = CARTESIAN_POINT('',(-15.3,10.,14.));
#7411 = VECTOR('',#7412,1.);
#7412 = DIRECTION('',(-0.,-0.,-1.));
#7413 = PCURVE('',#2020,#7414);
#7414 = DEFINITIONAL_REPRESENTATION('',(#7415),#7419);
#7415 = LINE('',#7416,#7417);
#7416 = CARTESIAN_POINT('',(6.28318530718,0.));
#7417 = VECTOR('',#7418,1.);
#7418 = DIRECTION('',(0.,-1.));
#7419 = ( GEOMETRIC_REPRESENTATION_CONTEXT(2) 
PARAMETRIC_REPRESENTATION_CONTEXT() REPRESENTATION_CONTEXT('2D SPACE',''
  ) );
#7420 = PCURVE('',#2020,#7421);
#7421 = DEFINITIONAL_REPRESENTATION('',(#7422),#7426);
#7422 = LINE('',#7423,#7424);
#7423 = CARTESIAN_POINT('',(0.,0.));
#7424 = VECTOR('',#7425,1.);
#7425 = DIRECTION('',(0.,-1.));
#7426 = ( GEOMETRIC_REPRESENTATION_CONTEXT(2) 
PARAMETRIC_REPRESENTATION_CONTEXT() REPRESENTATION_CONTEXT('2D SPACE',''
  ) );
#7427 = ORIENTED_EDGE('',*,*,#2003,.T.);
#7428 = ORIENTED_EDGE('',*,*,#7407,.F.);
#7429 = ADVANCED_FACE('',(#7430),#2051,.F.);
#7430 = FACE_BOUND('',#7431,.F.);
#7431 = EDGE_LOOP('',(#7432,#7433,#7454,#7455));
#7432 = ORIENTED_EDGE('',*,*,#4756,.F.);
#7433 = ORIENTED_EDGE('',*,*,#7434,.T.);
#7434 = EDGE_CURVE('',#4757,#2035,#7435,.T.);
#7435 = SEAM_CURVE('',#7436,(#7440,#7447),.PCURVE_S1.);
#7436 = LINE('',#7437,#7438);
#7437 = CARTESIAN_POINT('',(17.7,10.,14.));
#7438 = VECTOR('',#7439,1.);
#7439 = DIRECTION('',(-0.,-0.,-1.));
#7440 = PCURVE('',#2051,#7441);
#7441 = DEFINITIONAL_REPRESENTATION('',(#7442),#7446);
#7442 = LINE('',#7443,#7444);
#7443 = CARTESIAN_POINT('',(6.28318530718,0.));
#7444 = VECTOR('',#7445,1.);
#7445 = DIRECTION('',(0.,-1.));
#7446 = ( GEOMETRIC_REPRESENTATION_CONTEXT(2) 
PARAMETRIC_REPRESENTATION_CONTEXT() REPRESENTATION_CONTEXT('2D SPACE',''
  ) );
#7447 = PCURVE('',#2051,#7448);
#7448 = DEFINITIONAL_REPRESENTATION('',(#7449),#7453);
#7449 = LINE('',#7450,#7451);
#7450 = CARTESIAN_POINT('',(0.,0.));
#7451 = VECTOR('',#7452,1.);
#7452 = DIRECTION('',(0.,-1.));
#7453 = ( GEOMETRIC_REPRESENTATION_CONTEXT(2) 
PARAMETRIC_REPRESENTATION_CONTEXT() REPRESENTATION_CONTEXT('2D SPACE',''
  ) );
#7454 = ORIENTED_EDGE('',*,*,#2034,.T.);
#7455 = ORIENTED_EDGE('',*,*,#7434,.F.);
#7456 = ADVANCED_FACE('',(#7457),#2697,.T.);
#7457 = FACE_BOUND('',#7458,.F.);
#7458 = EDGE_LOOP('',(#7459,#7460,#7484,#7505));
#7459 = ORIENTED_EDGE('',*,*,#2761,.F.);
#7460 = ORIENTED_EDGE('',*,*,#7461,.F.);
#7461 = EDGE_CURVE('',#7462,#2739,#7464,.T.);
#7462 = VERTEX_POINT('',#7463);
#7463 = CARTESIAN_POINT('',(-16.8,6.8,6.49));
#7464 = SURFACE_CURVE('',#7465,(#7470,#7477),.PCURVE_S1.);
#7465 = CIRCLE('',#7466,2.5);
#7466 = AXIS2_PLACEMENT_3D('',#7467,#7468,#7469);
#7467 = CARTESIAN_POINT('',(-16.8,9.3,6.49));
#7468 = DIRECTION('',(0.,0.,1.));
#7469 = DIRECTION('',(1.7763568394E-16,-1.,0.));
#7470 = PCURVE('',#2697,#7471);
#7471 = DEFINITIONAL_REPRESENTATION('',(#7472),#7476);
#7472 = LINE('',#7473,#7474);
#7473 = CARTESIAN_POINT('',(-1.570796326795,1.49));
#7474 = VECTOR('',#7475,1.);
#7475 = DIRECTION('',(1.,-0.));
#7476 = ( GEOMETRIC_REPRESENTATION_CONTEXT(2) 
PARAMETRIC_REPRESENTATION_CONTEXT() REPRESENTATION_CONTEXT('2D SPACE',''
  ) );
#7477 = PCURVE('',#2825,#7478);
#7478 = DEFINITIONAL_REPRESENTATION('',(#7479),#7483);
#7479 = LINE('',#7480,#7481);
#7480 = CARTESIAN_POINT('',(-0.,3.14159265359));
#7481 = VECTOR('',#7482,1.);
#7482 = DIRECTION('',(-1.,0.));
#7483 = ( GEOMETRIC_REPRESENTATION_CONTEXT(2) 
PARAMETRIC_REPRESENTATION_CONTEXT() REPRESENTATION_CONTEXT('2D SPACE',''
  ) );
#7484 = ORIENTED_EDGE('',*,*,#7485,.T.);
#7485 = EDGE_CURVE('',#7462,#2657,#7486,.T.);
#7486 = SURFACE_CURVE('',#7487,(#7491,#7498),.PCURVE_S1.);
#7487 = LINE('',#7488,#7489);
#7488 = CARTESIAN_POINT('',(-16.8,6.8,5.));
#7489 = VECTOR('',#7490,1.);
#7490 = DIRECTION('',(-0.,-0.,1.));
#7491 = PCURVE('',#2697,#7492);
#7492 = DEFINITIONAL_REPRESENTATION('',(#7493),#7497);
#7493 = LINE('',#7494,#7495);
#7494 = CARTESIAN_POINT('',(-1.570796326795,0.));
#7495 = VECTOR('',#7496,1.);
#7496 = DIRECTION('',(-0.,1.));
#7497 = ( GEOMETRIC_REPRESENTATION_CONTEXT(2) 
PARAMETRIC_REPRESENTATION_CONTEXT() REPRESENTATION_CONTEXT('2D SPACE',''
  ) );
#7498 = PCURVE('',#2671,#7499);
#7499 = DEFINITIONAL_REPRESENTATION('',(#7500),#7504);
#7500 = LINE('',#7501,#7502);
#7501 = CARTESIAN_POINT('',(-9.5,0.));
#7502 = VECTOR('',#7503,1.);
#7503 = DIRECTION('',(-0.,-1.));
#7504 = ( GEOMETRIC_REPRESENTATION_CONTEXT(2) 
PARAMETRIC_REPRESENTATION_CONTEXT() REPRESENTATION_CONTEXT('2D SPACE',''
  ) );
#7505 = ORIENTED_EDGE('',*,*,#2682,.T.);
#7506 = ADVANCED_FACE('',(#7507),#2671,.T.);
#7507 = FACE_BOUND('',#7508,.F.);
#7508 = EDGE_LOOP('',(#7509,#7510,#7531,#7532));
#7509 = ORIENTED_EDGE('',*,*,#7485,.F.);
#7510 = ORIENTED_EDGE('',*,*,#7511,.F.);
#7511 = EDGE_CURVE('',#5181,#7462,#7512,.T.);
#7512 = SURFACE_CURVE('',#7513,(#7517,#7524),.PCURVE_S1.);
#7513 = LINE('',#7514,#7515);
#7514 = CARTESIAN_POINT('',(-26.3,6.8,6.49));
#7515 = VECTOR('',#7516,1.);
#7516 = DIRECTION('',(1.,-0.,-0.));
#7517 = PCURVE('',#2671,#7518);
#7518 = DEFINITIONAL_REPRESENTATION('',(#7519),#7523);
#7519 = LINE('',#7520,#7521);
#7520 = CARTESIAN_POINT('',(-0.,-1.49));
#7521 = VECTOR('',#7522,1.);
#7522 = DIRECTION('',(-1.,0.));
#7523 = ( GEOMETRIC_REPRESENTATION_CONTEXT(2) 
PARAMETRIC_REPRESENTATION_CONTEXT() REPRESENTATION_CONTEXT('2D SPACE',''
  ) );
#7524 = PCURVE('',#2881,#7525);
#7525 = DEFINITIONAL_REPRESENTATION('',(#7526),#7530);
#7526 = LINE('',#7527,#7528);
#7527 = CARTESIAN_POINT('',(1.570796326795,0.));
#7528 = VECTOR('',#7529,1.);
#7529 = DIRECTION('',(0.,1.));
#7530 = ( GEOMETRIC_REPRESENTATION_CONTEXT(2) 
PARAMETRIC_REPRESENTATION_CONTEXT() REPRESENTATION_CONTEXT('2D SPACE',''
  ) );
#7531 = ORIENTED_EDGE('',*,*,#5180,.T.);
#7532 = ORIENTED_EDGE('',*,*,#2656,.F.);
#7533 = ADVANCED_FACE('',(#7534),#2825,.F.);
#7534 = FACE_BOUND('',#7535,.T.);
#7535 = EDGE_LOOP('',(#7536,#7558,#7559,#7560));
#7536 = ORIENTED_EDGE('',*,*,#7537,.F.);
#7537 = EDGE_CURVE('',#2866,#7462,#7538,.T.);
#7538 = SURFACE_CURVE('',#7539,(#7544,#7551),.PCURVE_S1.);
#7539 = CIRCLE('',#7540,1.49);
#7540 = AXIS2_PLACEMENT_3D('',#7541,#7542,#7543);
#7541 = CARTESIAN_POINT('',(-16.8,5.31,6.49));
#7542 = DIRECTION('',(1.,0.,0.));
#7543 = DIRECTION('',(-0.,0.,-1.));
#7544 = PCURVE('',#2825,#7545);
#7545 = DEFINITIONAL_REPRESENTATION('',(#7546),#7550);
#7546 = LINE('',#7547,#7548);
#7547 = CARTESIAN_POINT('',(2.22044604925E-16,1.570796326795));
#7548 = VECTOR('',#7549,1.);
#7549 = DIRECTION('',(-0.,1.));
#7550 = ( GEOMETRIC_REPRESENTATION_CONTEXT(2) 
PARAMETRIC_REPRESENTATION_CONTEXT() REPRESENTATION_CONTEXT('2D SPACE',''
  ) );
#7551 = PCURVE('',#2881,#7552);
#7552 = DEFINITIONAL_REPRESENTATION('',(#7553),#7557);
#7553 = LINE('',#7554,#7555);
#7554 = CARTESIAN_POINT('',(0.,9.5));
#7555 = VECTOR('',#7556,1.);
#7556 = DIRECTION('',(1.,0.));
#7557 = ( GEOMETRIC_REPRESENTATION_CONTEXT(2) 
PARAMETRIC_REPRESENTATION_CONTEXT() REPRESENTATION_CONTEXT('2D SPACE',''
  ) );
#7558 = ORIENTED_EDGE('',*,*,#2893,.T.);
#7559 = ORIENTED_EDGE('',*,*,#2810,.T.);
#7560 = ORIENTED_EDGE('',*,*,#7461,.F.);
#7561 = ADVANCED_FACE('',(#7562),#2987,.F.);
#7562 = FACE_BOUND('',#7563,.F.);
#7563 = EDGE_LOOP('',(#7564,#7565,#7589,#7610));
#7564 = ORIENTED_EDGE('',*,*,#2973,.F.);
#7565 = ORIENTED_EDGE('',*,*,#7566,.T.);
#7566 = EDGE_CURVE('',#2941,#7567,#7569,.T.);
#7567 = VERTEX_POINT('',#7568);
#7568 = CARTESIAN_POINT('',(-16.3,3.8,6.49));
#7569 = SURFACE_CURVE('',#7570,(#7575,#7582),.PCURVE_S1.);
#7570 = CIRCLE('',#7571,1.49);
#7571 = AXIS2_PLACEMENT_3D('',#7572,#7573,#7574);
#7572 = CARTESIAN_POINT('',(-16.3,5.29,6.49));
#7573 = DIRECTION('',(-1.,-6.123233995737E-17,-0.));
#7574 = DIRECTION('',(6.123233995737E-17,-1.,0.));
#7575 = PCURVE('',#2987,#7576);
#7576 = DEFINITIONAL_REPRESENTATION('',(#7577),#7581);
#7577 = LINE('',#7578,#7579);
#7578 = CARTESIAN_POINT('',(-4.712388980385,0.));
#7579 = VECTOR('',#7580,1.);
#7580 = DIRECTION('',(1.,0.));
#7581 = ( GEOMETRIC_REPRESENTATION_CONTEXT(2) 
PARAMETRIC_REPRESENTATION_CONTEXT() REPRESENTATION_CONTEXT('2D SPACE',''
  ) );
#7582 = PCURVE('',#2961,#7583);
#7583 = DEFINITIONAL_REPRESENTATION('',(#7584),#7588);
#7584 = LINE('',#7585,#7586);
#7585 = CARTESIAN_POINT('',(-1.570796326795,0.));
#7586 = VECTOR('',#7587,1.);
#7587 = DIRECTION('',(-0.,1.));
#7588 = ( GEOMETRIC_REPRESENTATION_CONTEXT(2) 
PARAMETRIC_REPRESENTATION_CONTEXT() REPRESENTATION_CONTEXT('2D SPACE',''
  ) );
#7589 = ORIENTED_EDGE('',*,*,#7590,.T.);
#7590 = EDGE_CURVE('',#7567,#5225,#7591,.T.);
#7591 = SURFACE_CURVE('',#7592,(#7596,#7603),.PCURVE_S1.);
#7592 = LINE('',#7593,#7594);
#7593 = CARTESIAN_POINT('',(-16.3,3.8,6.49));
#7594 = VECTOR('',#7595,1.);
#7595 = DIRECTION('',(-1.,-0.,-0.));
#7596 = PCURVE('',#2987,#7597);
#7597 = DEFINITIONAL_REPRESENTATION('',(#7598),#7602);
#7598 = LINE('',#7599,#7600);
#7599 = CARTESIAN_POINT('',(1.570796326795,0.));
#7600 = VECTOR('',#7601,1.);
#7601 = DIRECTION('',(0.,1.));
#7602 = ( GEOMETRIC_REPRESENTATION_CONTEXT(2) 
PARAMETRIC_REPRESENTATION_CONTEXT() REPRESENTATION_CONTEXT('2D SPACE',''
  ) );
#7603 = PCURVE('',#3334,#7604);
#7604 = DEFINITIONAL_REPRESENTATION('',(#7605),#7609);
#7605 = LINE('',#7606,#7607);
#7606 = CARTESIAN_POINT('',(-5.,-1.49));
#7607 = VECTOR('',#7608,1.);
#7608 = DIRECTION('',(-1.,0.));
#7609 = ( GEOMETRIC_REPRESENTATION_CONTEXT(2) 
PARAMETRIC_REPRESENTATION_CONTEXT() REPRESENTATION_CONTEXT('2D SPACE',''
  ) );
#7610 = ORIENTED_EDGE('',*,*,#5224,.F.);
#7611 = ADVANCED_FACE('',(#7612),#2961,.F.);
#7612 = FACE_BOUND('',#7613,.T.);
#7613 = EDGE_LOOP('',(#7614,#7615,#7616,#7617));
#7614 = ORIENTED_EDGE('',*,*,#3027,.F.);
#7615 = ORIENTED_EDGE('',*,*,#2940,.T.);
#7616 = ORIENTED_EDGE('',*,*,#7566,.T.);
#7617 = ORIENTED_EDGE('',*,*,#7618,.F.);
#7618 = EDGE_CURVE('',#3005,#7567,#7619,.T.);
#7619 = SURFACE_CURVE('',#7620,(#7625,#7632),.PCURVE_S1.);
#7620 = CIRCLE('',#7621,5.);
#7621 = AXIS2_PLACEMENT_3D('',#7622,#7623,#7624);
#7622 = CARTESIAN_POINT('',(-16.3,8.8,6.49));
#7623 = DIRECTION('',(0.,0.,-1.));
#7624 = DIRECTION('',(1.,-0.,-0.));
#7625 = PCURVE('',#2961,#7626);
#7626 = DEFINITIONAL_REPRESENTATION('',(#7627),#7631);
#7627 = LINE('',#7628,#7629);
#7628 = CARTESIAN_POINT('',(-0.,6.28318530718));
#7629 = VECTOR('',#7630,1.);
#7630 = DIRECTION('',(-1.,0.));
#7631 = ( GEOMETRIC_REPRESENTATION_CONTEXT(2) 
PARAMETRIC_REPRESENTATION_CONTEXT() REPRESENTATION_CONTEXT('2D SPACE',''
  ) );
#7632 = PCURVE('',#3068,#7633);
#7633 = DEFINITIONAL_REPRESENTATION('',(#7634),#7638);
#7634 = LINE('',#7635,#7636);
#7635 = CARTESIAN_POINT('',(-0.,1.49));
#7636 = VECTOR('',#7637,1.);
#7637 = DIRECTION('',(-1.,0.));
#7638 = ( GEOMETRIC_REPRESENTATION_CONTEXT(2) 
PARAMETRIC_REPRESENTATION_CONTEXT() REPRESENTATION_CONTEXT('2D SPACE',''
  ) );
#7639 = ADVANCED_FACE('',(#7640),#2881,.F.);
#7640 = FACE_BOUND('',#7641,.F.);
#7641 = EDGE_LOOP('',(#7642,#7643,#7644,#7645));
#7642 = ORIENTED_EDGE('',*,*,#2865,.F.);
#7643 = ORIENTED_EDGE('',*,*,#5201,.T.);
#7644 = ORIENTED_EDGE('',*,*,#7511,.T.);
#7645 = ORIENTED_EDGE('',*,*,#7537,.F.);
#7646 = ADVANCED_FACE('',(#7647),#3068,.F.);
#7647 = FACE_BOUND('',#7648,.T.);
#7648 = EDGE_LOOP('',(#7649,#7650,#7651,#7672));
#7649 = ORIENTED_EDGE('',*,*,#3052,.F.);
#7650 = ORIENTED_EDGE('',*,*,#7618,.T.);
#7651 = ORIENTED_EDGE('',*,*,#7652,.T.);
#7652 = EDGE_CURVE('',#7567,#3296,#7653,.T.);
#7653 = SURFACE_CURVE('',#7654,(#7658,#7665),.PCURVE_S1.);
#7654 = LINE('',#7655,#7656);
#7655 = CARTESIAN_POINT('',(-16.3,3.8,5.));
#7656 = VECTOR('',#7657,1.);
#7657 = DIRECTION('',(-0.,-0.,1.));
#7658 = PCURVE('',#3068,#7659);
#7659 = DEFINITIONAL_REPRESENTATION('',(#7660),#7664);
#7660 = LINE('',#7661,#7662);
#7661 = CARTESIAN_POINT('',(-1.570796326795,0.));
#7662 = VECTOR('',#7663,1.);
#7663 = DIRECTION('',(-0.,1.));
#7664 = ( GEOMETRIC_REPRESENTATION_CONTEXT(2) 
PARAMETRIC_REPRESENTATION_CONTEXT() REPRESENTATION_CONTEXT('2D SPACE',''
  ) );
#7665 = PCURVE('',#3334,#7666);
#7666 = DEFINITIONAL_REPRESENTATION('',(#7667),#7671);
#7667 = LINE('',#7668,#7669);
#7668 = CARTESIAN_POINT('',(-5.,0.));
#7669 = VECTOR('',#7670,1.);
#7670 = DIRECTION('',(-0.,-1.));
#7671 = ( GEOMETRIC_REPRESENTATION_CONTEXT(2) 
PARAMETRIC_REPRESENTATION_CONTEXT() REPRESENTATION_CONTEXT('2D SPACE',''
  ) );
#7672 = ORIENTED_EDGE('',*,*,#3295,.T.);
#7673 = ADVANCED_FACE('',(#7674),#3334,.T.);
#7674 = FACE_BOUND('',#7675,.F.);
#7675 = EDGE_LOOP('',(#7676,#7677,#7678,#7679));
#7676 = ORIENTED_EDGE('',*,*,#7590,.F.);
#7677 = ORIENTED_EDGE('',*,*,#7652,.T.);
#7678 = ORIENTED_EDGE('',*,*,#3319,.F.);
#7679 = ORIENTED_EDGE('',*,*,#5252,.T.);
#7680 = ADVANCED_FACE('',(#7681),#3262,.F.);
#7681 = FACE_BOUND('',#7682,.F.);
#7682 = EDGE_LOOP('',(#7683,#7684,#7708,#7729));
#7683 = ORIENTED_EDGE('',*,*,#4293,.F.);
#7684 = ORIENTED_EDGE('',*,*,#7685,.T.);
#7685 = EDGE_CURVE('',#4294,#7686,#7688,.T.);
#7686 = VERTEX_POINT('',#7687);
#7687 = CARTESIAN_POINT('',(16.3,3.8,6.49));
#7688 = SURFACE_CURVE('',#7689,(#7694,#7701),.PCURVE_S1.);
#7689 = CIRCLE('',#7690,5.);
#7690 = AXIS2_PLACEMENT_3D('',#7691,#7692,#7693);
#7691 = CARTESIAN_POINT('',(16.3,8.8,6.49));
#7692 = DIRECTION('',(0.,0.,1.));
#7693 = DIRECTION('',(-1.,0.,0.));
#7694 = PCURVE('',#3262,#7695);
#7695 = DEFINITIONAL_REPRESENTATION('',(#7696),#7700);
#7696 = LINE('',#7697,#7698);
#7697 = CARTESIAN_POINT('',(0.,1.49));
#7698 = VECTOR('',#7699,1.);
#7699 = DIRECTION('',(1.,0.));
#7700 = ( GEOMETRIC_REPRESENTATION_CONTEXT(2) 
PARAMETRIC_REPRESENTATION_CONTEXT() REPRESENTATION_CONTEXT('2D SPACE',''
  ) );
#7701 = PCURVE('',#4382,#7702);
#7702 = DEFINITIONAL_REPRESENTATION('',(#7703),#7707);
#7703 = LINE('',#7704,#7705);
#7704 = CARTESIAN_POINT('',(0.,6.28318530718));
#7705 = VECTOR('',#7706,1.);
#7706 = DIRECTION('',(1.,0.));
#7707 = ( GEOMETRIC_REPRESENTATION_CONTEXT(2) 
PARAMETRIC_REPRESENTATION_CONTEXT() REPRESENTATION_CONTEXT('2D SPACE',''
  ) );
#7708 = ORIENTED_EDGE('',*,*,#7709,.T.);
#7709 = EDGE_CURVE('',#7686,#3220,#7710,.T.);
#7710 = SURFACE_CURVE('',#7711,(#7715,#7722),.PCURVE_S1.);
#7711 = LINE('',#7712,#7713);
#7712 = CARTESIAN_POINT('',(16.3,3.8,5.));
#7713 = VECTOR('',#7714,1.);
#7714 = DIRECTION('',(0.,0.,1.));
#7715 = PCURVE('',#3262,#7716);
#7716 = DEFINITIONAL_REPRESENTATION('',(#7717),#7721);
#7717 = LINE('',#7718,#7719);
#7718 = CARTESIAN_POINT('',(1.570796326795,0.));
#7719 = VECTOR('',#7720,1.);
#7720 = DIRECTION('',(0.,1.));
#7721 = ( GEOMETRIC_REPRESENTATION_CONTEXT(2) 
PARAMETRIC_REPRESENTATION_CONTEXT() REPRESENTATION_CONTEXT('2D SPACE',''
  ) );
#7722 = PCURVE('',#3234,#7723);
#7723 = DEFINITIONAL_REPRESENTATION('',(#7724),#7728);
#7724 = LINE('',#7725,#7726);
#7725 = CARTESIAN_POINT('',(5.,0.));
#7726 = VECTOR('',#7727,1.);
#7727 = DIRECTION('',(0.,-1.));
#7728 = ( GEOMETRIC_REPRESENTATION_CONTEXT(2) 
PARAMETRIC_REPRESENTATION_CONTEXT() REPRESENTATION_CONTEXT('2D SPACE',''
  ) );
#7729 = ORIENTED_EDGE('',*,*,#3245,.F.);
#7730 = ADVANCED_FACE('',(#7731),#3234,.T.);
#7731 = FACE_BOUND('',#7732,.T.);
#7732 = EDGE_LOOP('',(#7733,#7754,#7755,#7756));
#7733 = ORIENTED_EDGE('',*,*,#7734,.F.);
#7734 = EDGE_CURVE('',#7686,#4835,#7735,.T.);
#7735 = SURFACE_CURVE('',#7736,(#7740,#7747),.PCURVE_S1.);
#7736 = LINE('',#7737,#7738);
#7737 = CARTESIAN_POINT('',(16.3,3.8,6.49));
#7738 = VECTOR('',#7739,1.);
#7739 = DIRECTION('',(1.,0.,0.));
#7740 = PCURVE('',#3234,#7741);
#7741 = DEFINITIONAL_REPRESENTATION('',(#7742),#7746);
#7742 = LINE('',#7743,#7744);
#7743 = CARTESIAN_POINT('',(5.,-1.49));
#7744 = VECTOR('',#7745,1.);
#7745 = DIRECTION('',(1.,0.));
#7746 = ( GEOMETRIC_REPRESENTATION_CONTEXT(2) 
PARAMETRIC_REPRESENTATION_CONTEXT() REPRESENTATION_CONTEXT('2D SPACE',''
  ) );
#7747 = PCURVE('',#4542,#7748);
#7748 = DEFINITIONAL_REPRESENTATION('',(#7749),#7753);
#7749 = LINE('',#7750,#7751);
#7750 = CARTESIAN_POINT('',(-1.570796326795,0.));
#7751 = VECTOR('',#7752,1.);
#7752 = DIRECTION('',(-0.,1.));
#7753 = ( GEOMETRIC_REPRESENTATION_CONTEXT(2) 
PARAMETRIC_REPRESENTATION_CONTEXT() REPRESENTATION_CONTEXT('2D SPACE',''
  ) );
#7754 = ORIENTED_EDGE('',*,*,#7709,.T.);
#7755 = ORIENTED_EDGE('',*,*,#3219,.F.);
#7756 = ORIENTED_EDGE('',*,*,#4834,.T.);
#7757 = ADVANCED_FACE('',(#7758),#3687,.F.);
#7758 = FACE_BOUND('',#7759,.F.);
#7759 = EDGE_LOOP('',(#7760,#7783,#7806,#7827));
#7760 = ORIENTED_EDGE('',*,*,#7761,.T.);
#7761 = EDGE_CURVE('',#3670,#7762,#7764,.T.);
#7762 = VERTEX_POINT('',#7763);
#7763 = CARTESIAN_POINT('',(-11.33214209156,2.750700997948,9.4));
#7764 = SURFACE_CURVE('',#7765,(#7769,#7776),.PCURVE_S1.);
#7765 = LINE('',#7766,#7767);
#7766 = CARTESIAN_POINT('',(-11.33214209156,2.750700997948,11.));
#7767 = VECTOR('',#7768,1.);
#7768 = DIRECTION('',(-0.,-0.,-1.));
#7769 = PCURVE('',#3687,#7770);
#7770 = DEFINITIONAL_REPRESENTATION('',(#7771),#7775);
#7771 = LINE('',#7772,#7773);
#7772 = CARTESIAN_POINT('',(0.,0.));
#7773 = VECTOR('',#7774,1.);
#7774 = DIRECTION('',(0.,-1.));
#7775 = ( GEOMETRIC_REPRESENTATION_CONTEXT(2) 
PARAMETRIC_REPRESENTATION_CONTEXT() REPRESENTATION_CONTEXT('2D SPACE',''
  ) );
#7776 = PCURVE('',#3720,#7777);
#7777 = DEFINITIONAL_REPRESENTATION('',(#7778),#7782);
#7778 = LINE('',#7779,#7780);
#7779 = CARTESIAN_POINT('',(-1.570796326795,0.));
#7780 = VECTOR('',#7781,1.);
#7781 = DIRECTION('',(-0.,-1.));
#7782 = ( GEOMETRIC_REPRESENTATION_CONTEXT(2) 
PARAMETRIC_REPRESENTATION_CONTEXT() REPRESENTATION_CONTEXT('2D SPACE',''
  ) );
#7783 = ORIENTED_EDGE('',*,*,#7784,.T.);
#7784 = EDGE_CURVE('',#7762,#7785,#7787,.T.);
#7785 = VERTEX_POINT('',#7786);
#7786 = CARTESIAN_POINT('',(-17.32515281043,2.749999984178,9.4));
#7787 = SURFACE_CURVE('',#7788,(#7792,#7799),.PCURVE_S1.);
#7788 = LINE('',#7789,#7790);
#7789 = CARTESIAN_POINT('',(-17.32503509156,2.749999997948,9.4));
#7790 = VECTOR('',#7791,1.);
#7791 = DIRECTION('',(-0.999999993159,-1.169718857316E-04,0.));
#7792 = PCURVE('',#3687,#7793);
#7793 = DEFINITIONAL_REPRESENTATION('',(#7794),#7798);
#7794 = LINE('',#7795,#7796);
#7795 = CARTESIAN_POINT('',(5.992893040999,-1.6));
#7796 = VECTOR('',#7797,1.);
#7797 = DIRECTION('',(1.,0.));
#7798 = ( GEOMETRIC_REPRESENTATION_CONTEXT(2) 
PARAMETRIC_REPRESENTATION_CONTEXT() REPRESENTATION_CONTEXT('2D SPACE',''
  ) );
#7799 = PCURVE('',#5949,#7800);
#7800 = DEFINITIONAL_REPRESENTATION('',(#7801),#7805);
#7801 = LINE('',#7802,#7803);
#7802 = CARTESIAN_POINT('',(-17.32291408316,4.089613299483));
#7803 = VECTOR('',#7804,1.);
#7804 = DIRECTION('',(-0.999999993159,-1.169718857316E-04));
#7805 = ( GEOMETRIC_REPRESENTATION_CONTEXT(2) 
PARAMETRIC_REPRESENTATION_CONTEXT() REPRESENTATION_CONTEXT('2D SPACE',''
  ) );
#7806 = ORIENTED_EDGE('',*,*,#7807,.F.);
#7807 = EDGE_CURVE('',#3672,#7785,#7808,.T.);
#7808 = SURFACE_CURVE('',#7809,(#7813,#7820),.PCURVE_S1.);
#7809 = LINE('',#7810,#7811);
#7810 = CARTESIAN_POINT('',(-17.32515281043,2.749999984178,11.));
#7811 = VECTOR('',#7812,1.);
#7812 = DIRECTION('',(-0.,-0.,-1.));
#7813 = PCURVE('',#3687,#7814);
#7814 = DEFINITIONAL_REPRESENTATION('',(#7815),#7819);
#7815 = LINE('',#7816,#7817);
#7816 = CARTESIAN_POINT('',(5.993010759872,0.));
#7817 = VECTOR('',#7818,1.);
#7818 = DIRECTION('',(0.,-1.));
#7819 = ( GEOMETRIC_REPRESENTATION_CONTEXT(2) 
PARAMETRIC_REPRESENTATION_CONTEXT() REPRESENTATION_CONTEXT('2D SPACE',''
  ) );
#7820 = PCURVE('',#4278,#7821);
#7821 = DEFINITIONAL_REPRESENTATION('',(#7822),#7826);
#7822 = LINE('',#7823,#7824);
#7823 = CARTESIAN_POINT('',(6.283303026141,0.));
#7824 = VECTOR('',#7825,1.);
#7825 = DIRECTION('',(0.,-1.));
#7826 = ( GEOMETRIC_REPRESENTATION_CONTEXT(2) 
PARAMETRIC_REPRESENTATION_CONTEXT() REPRESENTATION_CONTEXT('2D SPACE',''
  ) );
#7827 = ORIENTED_EDGE('',*,*,#3669,.F.);
#7828 = ADVANCED_FACE('',(#7829),#3720,.F.);
#7829 = FACE_BOUND('',#7830,.T.);
#7830 = EDGE_LOOP('',(#7831,#7832,#7860,#7881));
#7831 = ORIENTED_EDGE('',*,*,#7761,.T.);
#7832 = ORIENTED_EDGE('',*,*,#7833,.T.);
#7833 = EDGE_CURVE('',#7762,#7834,#7836,.T.);
#7834 = VERTEX_POINT('',#7835);
#7835 = CARTESIAN_POINT('',(-11.33210677587,2.750701,9.4));
#7836 = SURFACE_CURVE('',#7837,(#7842,#7849),.PCURVE_S1.);
#7837 = CIRCLE('',#7838,0.3);
#7838 = AXIS2_PLACEMENT_3D('',#7839,#7840,#7841);
#7839 = CARTESIAN_POINT('',(-11.332107,2.450701,9.4));
#7840 = DIRECTION('',(-0.,0.,-1.));
#7841 = DIRECTION('',(-0.999999993159,-1.169718857316E-04,0.));
#7842 = PCURVE('',#3720,#7843);
#7843 = DEFINITIONAL_REPRESENTATION('',(#7844),#7848);
#7844 = LINE('',#7845,#7846);
#7845 = CARTESIAN_POINT('',(-0.,-1.6));
#7846 = VECTOR('',#7847,1.);
#7847 = DIRECTION('',(-1.,0.));
#7848 = ( GEOMETRIC_REPRESENTATION_CONTEXT(2) 
PARAMETRIC_REPRESENTATION_CONTEXT() REPRESENTATION_CONTEXT('2D SPACE',''
  ) );
#7849 = PCURVE('',#5949,#7850);
#7850 = DEFINITIONAL_REPRESENTATION('',(#7851),#7859);
#7851 = ( BOUNDED_CURVE() B_SPLINE_CURVE(2,(#7852,#7853,#7854,#7855,
#7856,#7857,#7858),.UNSPECIFIED.,.T.,.F.) B_SPLINE_CURVE_WITH_KNOTS((1,2
    ,2,2,2,1),(-2.094395102393,0.,2.094395102393,4.188790204786,
6.28318530718,8.377580409573),.UNSPECIFIED.) CURVE() 
GEOMETRIC_REPRESENTATION_ITEM() RATIONAL_B_SPLINE_CURVE((1.,0.5,1.,0.5,
1.,0.5,1.)) REPRESENTATION_ITEM('') );
#7852 = CARTESIAN_POINT('',(-11.62998598954,3.79027920997));
#7853 = CARTESIAN_POINT('',(-11.63004676991,4.309894448686));
#7854 = CARTESIAN_POINT('',(-11.1800163828,4.050139466676));
#7855 = CARTESIAN_POINT('',(-10.72998599569,3.790384484667));
#7856 = CARTESIAN_POINT('',(-11.17995560243,3.530524227961));
#7857 = CARTESIAN_POINT('',(-11.62992520916,3.270663971254));
#7858 = CARTESIAN_POINT('',(-11.62998598954,3.79027920997));
#7859 = ( GEOMETRIC_REPRESENTATION_CONTEXT(2) 
PARAMETRIC_REPRESENTATION_CONTEXT() REPRESENTATION_CONTEXT('2D SPACE',''
  ) );
#7860 = ORIENTED_EDGE('',*,*,#7861,.F.);
#7861 = EDGE_CURVE('',#3700,#7834,#7862,.T.);
#7862 = SURFACE_CURVE('',#7863,(#7867,#7874),.PCURVE_S1.);
#7863 = LINE('',#7864,#7865);
#7864 = CARTESIAN_POINT('',(-11.33210677587,2.750701,11.));
#7865 = VECTOR('',#7866,1.);
#7866 = DIRECTION('',(-0.,-0.,-1.));
#7867 = PCURVE('',#3720,#7868);
#7868 = DEFINITIONAL_REPRESENTATION('',(#7869),#7873);
#7869 = LINE('',#7870,#7871);
#7870 = CARTESIAN_POINT('',(-1.570914045757,0.));
#7871 = VECTOR('',#7872,1.);
#7872 = DIRECTION('',(-0.,-1.));
#7873 = ( GEOMETRIC_REPRESENTATION_CONTEXT(2) 
PARAMETRIC_REPRESENTATION_CONTEXT() REPRESENTATION_CONTEXT('2D SPACE',''
  ) );
#7874 = PCURVE('',#3749,#7875);
#7875 = DEFINITIONAL_REPRESENTATION('',(#7876),#7880);
#7876 = LINE('',#7877,#7878);
#7877 = CARTESIAN_POINT('',(6.28318530718,0.));
#7878 = VECTOR('',#7879,1.);
#7879 = DIRECTION('',(0.,-1.));
#7880 = ( GEOMETRIC_REPRESENTATION_CONTEXT(2) 
PARAMETRIC_REPRESENTATION_CONTEXT() REPRESENTATION_CONTEXT('2D SPACE',''
  ) );
#7881 = ORIENTED_EDGE('',*,*,#3699,.F.);
#7882 = ADVANCED_FACE('',(#7883),#4278,.F.);
#7883 = FACE_BOUND('',#7884,.F.);
#7884 = EDGE_LOOP('',(#7885,#7886,#7910,#7931));
#7885 = ORIENTED_EDGE('',*,*,#7807,.T.);
#7886 = ORIENTED_EDGE('',*,*,#7887,.T.);
#7887 = EDGE_CURVE('',#7785,#7888,#7890,.T.);
#7888 = VERTEX_POINT('',#7889);
#7889 = CARTESIAN_POINT('',(-18.625,1.450000747075,9.4));
#7890 = SURFACE_CURVE('',#7891,(#7896,#7903),.PCURVE_S1.);
#7891 = CIRCLE('',#7892,1.299999252925);
#7892 = AXIS2_PLACEMENT_3D('',#7893,#7894,#7895);
#7893 = CARTESIAN_POINT('',(-17.32500074707,1.450000747075,9.4));
#7894 = DIRECTION('',(0.,-0.,1.));
#7895 = DIRECTION('',(7.470757350764E-07,1.,0.));
#7896 = PCURVE('',#4278,#7897);
#7897 = DEFINITIONAL_REPRESENTATION('',(#7898),#7902);
#7898 = LINE('',#7899,#7900);
#7899 = CARTESIAN_POINT('',(0.,-1.6));
#7900 = VECTOR('',#7901,1.);
#7901 = DIRECTION('',(1.,0.));
#7902 = ( GEOMETRIC_REPRESENTATION_CONTEXT(2) 
PARAMETRIC_REPRESENTATION_CONTEXT() REPRESENTATION_CONTEXT('2D SPACE',''
  ) );
#7903 = PCURVE('',#5949,#7904);
#7904 = DEFINITIONAL_REPRESENTATION('',(#7905),#7909);
#7905 = CIRCLE('',#7906,1.299999252925);
#7906 = AXIS2_PLACEMENT_2D('',#7907,#7908);
#7907 = CARTESIAN_POINT('',(-17.32287973867,2.789614048611));
#7908 = DIRECTION('',(7.470757350764E-07,1.));
#7909 = ( GEOMETRIC_REPRESENTATION_CONTEXT(2) 
PARAMETRIC_REPRESENTATION_CONTEXT() REPRESENTATION_CONTEXT('2D SPACE',''
  ) );
#7910 = ORIENTED_EDGE('',*,*,#7911,.F.);
#7911 = EDGE_CURVE('',#4236,#7888,#7912,.T.);
#7912 = SURFACE_CURVE('',#7913,(#7917,#7924),.PCURVE_S1.);
#7913 = LINE('',#7914,#7915);
#7914 = CARTESIAN_POINT('',(-18.625,1.450000747075,11.));
#7915 = VECTOR('',#7916,1.);
#7916 = DIRECTION('',(-0.,-0.,-1.));
#7917 = PCURVE('',#4278,#7918);
#7918 = DEFINITIONAL_REPRESENTATION('',(#7919),#7923);
#7919 = LINE('',#7920,#7921);
#7920 = CARTESIAN_POINT('',(7.85398238105,0.));
#7921 = VECTOR('',#7922,1.);
#7922 = DIRECTION('',(0.,-1.));
#7923 = ( GEOMETRIC_REPRESENTATION_CONTEXT(2) 
PARAMETRIC_REPRESENTATION_CONTEXT() REPRESENTATION_CONTEXT('2D SPACE',''
  ) );
#7924 = PCURVE('',#4251,#7925);
#7925 = DEFINITIONAL_REPRESENTATION('',(#7926),#7930);
#7926 = LINE('',#7927,#7928);
#7927 = CARTESIAN_POINT('',(-8.881784197001E-16,0.));
#7928 = VECTOR('',#7929,1.);
#7929 = DIRECTION('',(0.,-1.));
#7930 = ( GEOMETRIC_REPRESENTATION_CONTEXT(2) 
PARAMETRIC_REPRESENTATION_CONTEXT() REPRESENTATION_CONTEXT('2D SPACE',''
  ) );
#7931 = ORIENTED_EDGE('',*,*,#4263,.F.);
#7932 = ADVANCED_FACE('',(#7933),#3749,.T.);
#7933 = FACE_BOUND('',#7934,.T.);
#7934 = EDGE_LOOP('',(#7935,#7936,#7960,#7981));
#7935 = ORIENTED_EDGE('',*,*,#7861,.T.);
#7936 = ORIENTED_EDGE('',*,*,#7937,.T.);
#7937 = EDGE_CURVE('',#7834,#7938,#7940,.T.);
#7938 = VERTEX_POINT('',#7939);
#7939 = CARTESIAN_POINT('',(-10.632107,3.450700775877,9.4));
#7940 = SURFACE_CURVE('',#7941,(#7946,#7953),.PCURVE_S1.);
#7941 = CIRCLE('',#7942,0.699999252925);
#7942 = AXIS2_PLACEMENT_3D('',#7943,#7944,#7945);
#7943 = CARTESIAN_POINT('',(-11.33210625292,3.450700252925,9.4));
#7944 = DIRECTION('',(0.,0.,1.));
#7945 = DIRECTION('',(-7.470757066546E-07,-1.,0.));
#7946 = PCURVE('',#3749,#7947);
#7947 = DEFINITIONAL_REPRESENTATION('',(#7948),#7952);
#7948 = LINE('',#7949,#7950);
#7949 = CARTESIAN_POINT('',(0.,-1.6));
#7950 = VECTOR('',#7951,1.);
#7951 = DIRECTION('',(1.,0.));
#7952 = ( GEOMETRIC_REPRESENTATION_CONTEXT(2) 
PARAMETRIC_REPRESENTATION_CONTEXT() REPRESENTATION_CONTEXT('2D SPACE',''
  ) );
#7953 = PCURVE('',#5949,#7954);
#7954 = DEFINITIONAL_REPRESENTATION('',(#7955),#7959);
#7955 = CIRCLE('',#7956,0.699999252925);
#7956 = AXIS2_PLACEMENT_2D('',#7957,#7958);
#7957 = CARTESIAN_POINT('',(-11.32998524451,4.79031355446));
#7958 = DIRECTION('',(-7.470757066546E-07,-1.));
#7959 = ( GEOMETRIC_REPRESENTATION_CONTEXT(2) 
PARAMETRIC_REPRESENTATION_CONTEXT() REPRESENTATION_CONTEXT('2D SPACE',''
  ) );
#7960 = ORIENTED_EDGE('',*,*,#7961,.F.);
#7961 = EDGE_CURVE('',#3733,#7938,#7962,.T.);
#7962 = SURFACE_CURVE('',#7963,(#7967,#7974),.PCURVE_S1.);
#7963 = LINE('',#7964,#7965);
#7964 = CARTESIAN_POINT('',(-10.632107,3.450700775877,11.));
#7965 = VECTOR('',#7966,1.);
#7966 = DIRECTION('',(-0.,-0.,-1.));
#7967 = PCURVE('',#3749,#7968);
#7968 = DEFINITIONAL_REPRESENTATION('',(#7969),#7973);
#7969 = LINE('',#7970,#7971);
#7970 = CARTESIAN_POINT('',(7.853983128126,0.));
#7971 = VECTOR('',#7972,1.);
#7972 = DIRECTION('',(0.,-1.));
#7973 = ( GEOMETRIC_REPRESENTATION_CONTEXT(2) 
PARAMETRIC_REPRESENTATION_CONTEXT() REPRESENTATION_CONTEXT('2D SPACE',''
  ) );
#7974 = PCURVE('',#3782,#7975);
#7975 = DEFINITIONAL_REPRESENTATION('',(#7976),#7980);
#7976 = LINE('',#7977,#7978);
#7977 = CARTESIAN_POINT('',(-1.570796326795,0.));
#7978 = VECTOR('',#7979,1.);
#7979 = DIRECTION('',(-0.,-1.));
#7980 = ( GEOMETRIC_REPRESENTATION_CONTEXT(2) 
PARAMETRIC_REPRESENTATION_CONTEXT() REPRESENTATION_CONTEXT('2D SPACE',''
  ) );
#7981 = ORIENTED_EDGE('',*,*,#3732,.F.);
#7982 = ADVANCED_FACE('',(#7983),#4251,.F.);
#7983 = FACE_BOUND('',#7984,.F.);
#7984 = EDGE_LOOP('',(#7985,#7986,#8009,#8030));
#7985 = ORIENTED_EDGE('',*,*,#7911,.T.);
#7986 = ORIENTED_EDGE('',*,*,#7987,.T.);
#7987 = EDGE_CURVE('',#7888,#7988,#7990,.T.);
#7988 = VERTEX_POINT('',#7989);
#7989 = CARTESIAN_POINT('',(-18.625,-11.05000074707,9.4));
#7990 = SURFACE_CURVE('',#7991,(#7995,#8002),.PCURVE_S1.);
#7991 = LINE('',#7992,#7993);
#7992 = CARTESIAN_POINT('',(-18.625,1.45,9.4));
#7993 = VECTOR('',#7994,1.);
#7994 = DIRECTION('',(-1.224646799147E-16,-1.,0.));
#7995 = PCURVE('',#4251,#7996);
#7996 = DEFINITIONAL_REPRESENTATION('',(#7997),#8001);
#7997 = LINE('',#7998,#7999);
#7998 = CARTESIAN_POINT('',(7.470751912653E-07,-1.6));
#7999 = VECTOR('',#8000,1.);
#8000 = DIRECTION('',(1.,0.));
#8001 = ( GEOMETRIC_REPRESENTATION_CONTEXT(2) 
PARAMETRIC_REPRESENTATION_CONTEXT() REPRESENTATION_CONTEXT('2D SPACE',''
  ) );
#8002 = PCURVE('',#5949,#8003);
#8003 = DEFINITIONAL_REPRESENTATION('',(#8004),#8008);
#8004 = LINE('',#8005,#8006);
#8005 = CARTESIAN_POINT('',(-18.62287899159,2.789613301536));
#8006 = VECTOR('',#8007,1.);
#8007 = DIRECTION('',(-1.224646799147E-16,-1.));
#8008 = ( GEOMETRIC_REPRESENTATION_CONTEXT(2) 
PARAMETRIC_REPRESENTATION_CONTEXT() REPRESENTATION_CONTEXT('2D SPACE',''
  ) );
#8009 = ORIENTED_EDGE('',*,*,#8010,.F.);
#8010 = EDGE_CURVE('',#4207,#7988,#8011,.T.);
#8011 = SURFACE_CURVE('',#8012,(#8016,#8023),.PCURVE_S1.);
#8012 = LINE('',#8013,#8014);
#8013 = CARTESIAN_POINT('',(-18.625,-11.05000074707,11.));
#8014 = VECTOR('',#8015,1.);
#8015 = DIRECTION('',(-0.,-0.,-1.));
#8016 = PCURVE('',#4251,#8017);
#8017 = DEFINITIONAL_REPRESENTATION('',(#8018),#8022);
#8018 = LINE('',#8019,#8020);
#8019 = CARTESIAN_POINT('',(12.50000149415,0.));
#8020 = VECTOR('',#8021,1.);
#8021 = DIRECTION('',(0.,-1.));
#8022 = ( GEOMETRIC_REPRESENTATION_CONTEXT(2) 
PARAMETRIC_REPRESENTATION_CONTEXT() REPRESENTATION_CONTEXT('2D SPACE',''
  ) );
#8023 = PCURVE('',#4223,#8024);
#8024 = DEFINITIONAL_REPRESENTATION('',(#8025),#8029);
#8025 = LINE('',#8026,#8027);
#8026 = CARTESIAN_POINT('',(6.283186054255,0.));
#8027 = VECTOR('',#8028,1.);
#8028 = DIRECTION('',(0.,-1.));
#8029 = ( GEOMETRIC_REPRESENTATION_CONTEXT(2) 
PARAMETRIC_REPRESENTATION_CONTEXT() REPRESENTATION_CONTEXT('2D SPACE',''
  ) );
#8030 = ORIENTED_EDGE('',*,*,#4235,.F.);
#8031 = ADVANCED_FACE('',(#8032),#3782,.F.);
#8032 = FACE_BOUND('',#8033,.T.);
#8033 = EDGE_LOOP('',(#8034,#8035,#8063,#8084));
#8034 = ORIENTED_EDGE('',*,*,#7961,.T.);
#8035 = ORIENTED_EDGE('',*,*,#8036,.T.);
#8036 = EDGE_CURVE('',#7938,#8037,#8039,.T.);
#8037 = VERTEX_POINT('',#8038);
#8038 = CARTESIAN_POINT('',(-10.632107,3.450701,9.4));
#8039 = SURFACE_CURVE('',#8040,(#8045,#8052),.PCURVE_S1.);
#8040 = CIRCLE('',#8041,0.3);
#8041 = AXIS2_PLACEMENT_3D('',#8042,#8043,#8044);
#8042 = CARTESIAN_POINT('',(-10.332107,3.450701,9.4));
#8043 = DIRECTION('',(-0.,0.,-1.));
#8044 = DIRECTION('',(7.470757063236E-07,-1.,-0.));
#8045 = PCURVE('',#3782,#8046);
#8046 = DEFINITIONAL_REPRESENTATION('',(#8047),#8051);
#8047 = LINE('',#8048,#8049);
#8048 = CARTESIAN_POINT('',(-0.,-1.6));
#8049 = VECTOR('',#8050,1.);
#8050 = DIRECTION('',(-1.,0.));
#8051 = ( GEOMETRIC_REPRESENTATION_CONTEXT(2) 
PARAMETRIC_REPRESENTATION_CONTEXT() REPRESENTATION_CONTEXT('2D SPACE',''
  ) );
#8052 = PCURVE('',#5949,#8053);
#8053 = DEFINITIONAL_REPRESENTATION('',(#8054),#8062);
#8054 = ( BOUNDED_CURVE() B_SPLINE_CURVE(2,(#8055,#8056,#8057,#8058,
#8059,#8060,#8061),.UNSPECIFIED.,.T.,.F.) B_SPLINE_CURVE_WITH_KNOTS((1,2
    ,2,2,2,1),(-2.094395102393,0.,2.094395102393,4.188790204786,
6.28318530718,8.377580409573),.UNSPECIFIED.) CURVE() 
GEOMETRIC_REPRESENTATION_ITEM() RATIONAL_B_SPLINE_CURVE((1.,0.5,1.,0.5,
1.,0.5,1.)) REPRESENTATION_ITEM('') );
#8055 = CARTESIAN_POINT('',(-10.32998576747,4.490314301536));
#8056 = CARTESIAN_POINT('',(-10.84960100974,4.490313913344));
#8057 = CARTESIAN_POINT('',(-10.58979372479,4.94031410744));
#8058 = CARTESIAN_POINT('',(-10.32998643984,5.390314301535));
#8059 = CARTESIAN_POINT('',(-10.07017848252,4.940314495632));
#8060 = CARTESIAN_POINT('',(-9.810370525201,4.490314689728));
#8061 = CARTESIAN_POINT('',(-10.32998576747,4.490314301536));
#8062 = ( GEOMETRIC_REPRESENTATION_CONTEXT(2) 
PARAMETRIC_REPRESENTATION_CONTEXT() REPRESENTATION_CONTEXT('2D SPACE',''
  ) );
#8063 = ORIENTED_EDGE('',*,*,#8064,.F.);
#8064 = EDGE_CURVE('',#3762,#8037,#8065,.T.);
#8065 = SURFACE_CURVE('',#8066,(#8070,#8077),.PCURVE_S1.);
#8066 = LINE('',#8067,#8068);
#8067 = CARTESIAN_POINT('',(-10.632107,3.450701,11.));
#8068 = VECTOR('',#8069,1.);
#8069 = DIRECTION('',(-0.,-0.,-1.));
#8070 = PCURVE('',#3782,#8071);
#8071 = DEFINITIONAL_REPRESENTATION('',(#8072),#8076);
#8072 = LINE('',#8073,#8074);
#8073 = CARTESIAN_POINT('',(-1.570797073871,0.));
#8074 = VECTOR('',#8075,1.);
#8075 = DIRECTION('',(-0.,-1.));
#8076 = ( GEOMETRIC_REPRESENTATION_CONTEXT(2) 
PARAMETRIC_REPRESENTATION_CONTEXT() REPRESENTATION_CONTEXT('2D SPACE',''
  ) );
#8077 = PCURVE('',#3810,#8078);
#8078 = DEFINITIONAL_REPRESENTATION('',(#8079),#8083);
#8079 = LINE('',#8080,#8081);
#8080 = CARTESIAN_POINT('',(7.599299747075,0.));
#8081 = VECTOR('',#8082,1.);
#8082 = DIRECTION('',(0.,-1.));
#8083 = ( GEOMETRIC_REPRESENTATION_CONTEXT(2) 
PARAMETRIC_REPRESENTATION_CONTEXT() REPRESENTATION_CONTEXT('2D SPACE',''
  ) );
#8084 = ORIENTED_EDGE('',*,*,#3761,.F.);
#8085 = ADVANCED_FACE('',(#8086),#4223,.F.);
#8086 = FACE_BOUND('',#8087,.F.);
#8087 = EDGE_LOOP('',(#8088,#8089,#8113,#8134));
#8088 = ORIENTED_EDGE('',*,*,#8010,.T.);
#8089 = ORIENTED_EDGE('',*,*,#8090,.T.);
#8090 = EDGE_CURVE('',#7988,#8091,#8093,.T.);
#8091 = VERTEX_POINT('',#8092);
#8092 = CARTESIAN_POINT('',(-17.32500074707,-12.35,9.4));
#8093 = SURFACE_CURVE('',#8094,(#8099,#8106),.PCURVE_S1.);
#8094 = CIRCLE('',#8095,1.299999252925);
#8095 = AXIS2_PLACEMENT_3D('',#8096,#8097,#8098);
#8096 = CARTESIAN_POINT('',(-17.32500074707,-11.05000074707,9.4));
#8097 = DIRECTION('',(0.,0.,1.));
#8098 = DIRECTION('',(-1.,7.470757634981E-07,0.));
#8099 = PCURVE('',#4223,#8100);
#8100 = DEFINITIONAL_REPRESENTATION('',(#8101),#8105);
#8101 = LINE('',#8102,#8103);
#8102 = CARTESIAN_POINT('',(0.,-1.6));
#8103 = VECTOR('',#8104,1.);
#8104 = DIRECTION('',(1.,0.));
#8105 = ( GEOMETRIC_REPRESENTATION_CONTEXT(2) 
PARAMETRIC_REPRESENTATION_CONTEXT() REPRESENTATION_CONTEXT('2D SPACE',''
  ) );
#8106 = PCURVE('',#5949,#8107);
#8107 = DEFINITIONAL_REPRESENTATION('',(#8108),#8112);
#8108 = CIRCLE('',#8109,1.299999252925);
#8109 = AXIS2_PLACEMENT_2D('',#8110,#8111);
#8110 = CARTESIAN_POINT('',(-17.32287973867,-9.71038744554));
#8111 = DIRECTION('',(-1.,7.470757634981E-07));
#8112 = ( GEOMETRIC_REPRESENTATION_CONTEXT(2) 
PARAMETRIC_REPRESENTATION_CONTEXT() REPRESENTATION_CONTEXT('2D SPACE',''
  ) );
#8113 = ORIENTED_EDGE('',*,*,#8114,.F.);
#8114 = EDGE_CURVE('',#4179,#8091,#8115,.T.);
#8115 = SURFACE_CURVE('',#8116,(#8120,#8127),.PCURVE_S1.);
#8116 = LINE('',#8117,#8118);
#8117 = CARTESIAN_POINT('',(-17.32500074707,-12.35,11.));
#8118 = VECTOR('',#8119,1.);
#8119 = DIRECTION('',(-0.,-0.,-1.));
#8120 = PCURVE('',#4223,#8121);
#8121 = DEFINITIONAL_REPRESENTATION('',(#8122),#8126);
#8122 = LINE('',#8123,#8124);
#8123 = CARTESIAN_POINT('',(7.85398238105,0.));
#8124 = VECTOR('',#8125,1.);
#8125 = DIRECTION('',(0.,-1.));
#8126 = ( GEOMETRIC_REPRESENTATION_CONTEXT(2) 
PARAMETRIC_REPRESENTATION_CONTEXT() REPRESENTATION_CONTEXT('2D SPACE',''
  ) );
#8127 = PCURVE('',#4194,#8128);
#8128 = DEFINITIONAL_REPRESENTATION('',(#8129),#8133);
#8129 = LINE('',#8130,#8131);
#8130 = CARTESIAN_POINT('',(0.,0.));
#8131 = VECTOR('',#8132,1.);
#8132 = DIRECTION('',(0.,-1.));
#8133 = ( GEOMETRIC_REPRESENTATION_CONTEXT(2) 
PARAMETRIC_REPRESENTATION_CONTEXT() REPRESENTATION_CONTEXT('2D SPACE',''
  ) );
#8134 = ORIENTED_EDGE('',*,*,#4206,.F.);
#8135 = ADVANCED_FACE('',(#8136),#3810,.F.);
#8136 = FACE_BOUND('',#8137,.F.);
#8137 = EDGE_LOOP('',(#8138,#8161,#8182,#8183));
#8138 = ORIENTED_EDGE('',*,*,#8139,.T.);
#8139 = EDGE_CURVE('',#3795,#8140,#8142,.T.);
#8140 = VERTEX_POINT('',#8141);
#8141 = CARTESIAN_POINT('',(-10.632107,11.050000747075,9.4));
#8142 = SURFACE_CURVE('',#8143,(#8147,#8154),.PCURVE_S1.);
#8143 = LINE('',#8144,#8145);
#8144 = CARTESIAN_POINT('',(-10.632107,11.050000747075,11.));
#8145 = VECTOR('',#8146,1.);
#8146 = DIRECTION('',(-0.,-0.,-1.));
#8147 = PCURVE('',#3810,#8148);
#8148 = DEFINITIONAL_REPRESENTATION('',(#8149),#8153);
#8149 = LINE('',#8150,#8151);
#8150 = CARTESIAN_POINT('',(-1.7763568394E-15,0.));
#8151 = VECTOR('',#8152,1.);
#8152 = DIRECTION('',(0.,-1.));
#8153 = ( GEOMETRIC_REPRESENTATION_CONTEXT(2) 
PARAMETRIC_REPRESENTATION_CONTEXT() REPRESENTATION_CONTEXT('2D SPACE',''
  ) );
#8154 = PCURVE('',#3839,#8155);
#8155 = DEFINITIONAL_REPRESENTATION('',(#8156),#8160);
#8156 = LINE('',#8157,#8158);
#8157 = CARTESIAN_POINT('',(7.85398238105,0.));
#8158 = VECTOR('',#8159,1.);
#8159 = DIRECTION('',(0.,-1.));
#8160 = ( GEOMETRIC_REPRESENTATION_CONTEXT(2) 
PARAMETRIC_REPRESENTATION_CONTEXT() REPRESENTATION_CONTEXT('2D SPACE',''
  ) );
#8161 = ORIENTED_EDGE('',*,*,#8162,.T.);
#8162 = EDGE_CURVE('',#8140,#8037,#8163,.T.);
#8163 = SURFACE_CURVE('',#8164,(#8168,#8175),.PCURVE_S1.);
#8164 = LINE('',#8165,#8166);
#8165 = CARTESIAN_POINT('',(-10.632107,11.05,9.4));
#8166 = VECTOR('',#8167,1.);
#8167 = DIRECTION('',(-1.224646799147E-16,-1.,0.));
#8168 = PCURVE('',#3810,#8169);
#8169 = DEFINITIONAL_REPRESENTATION('',(#8170),#8174);
#8170 = LINE('',#8171,#8172);
#8171 = CARTESIAN_POINT('',(7.470752052541E-07,-1.6));
#8172 = VECTOR('',#8173,1.);
#8173 = DIRECTION('',(1.,0.));
#8174 = ( GEOMETRIC_REPRESENTATION_CONTEXT(2) 
PARAMETRIC_REPRESENTATION_CONTEXT() REPRESENTATION_CONTEXT('2D SPACE',''
  ) );
#8175 = PCURVE('',#5949,#8176);
#8176 = DEFINITIONAL_REPRESENTATION('',(#8177),#8181);
#8177 = LINE('',#8178,#8179);
#8178 = CARTESIAN_POINT('',(-10.62998599159,12.389613301536));
#8179 = VECTOR('',#8180,1.);
#8180 = DIRECTION('',(-1.224646799147E-16,-1.));
#8181 = ( GEOMETRIC_REPRESENTATION_CONTEXT(2) 
PARAMETRIC_REPRESENTATION_CONTEXT() REPRESENTATION_CONTEXT('2D SPACE',''
  ) );
#8182 = ORIENTED_EDGE('',*,*,#8064,.F.);
#8183 = ORIENTED_EDGE('',*,*,#3794,.F.);
#8184 = ADVANCED_FACE('',(#8185),#4194,.F.);
#8185 = FACE_BOUND('',#8186,.F.);
#8186 = EDGE_LOOP('',(#8187,#8188,#8211,#8232));
#8187 = ORIENTED_EDGE('',*,*,#8114,.T.);
#8188 = ORIENTED_EDGE('',*,*,#8189,.T.);
#8189 = EDGE_CURVE('',#8091,#8190,#8192,.T.);
#8190 = VERTEX_POINT('',#8191);
#8191 = CARTESIAN_POINT('',(17.325000747075,-12.35,9.4));
#8192 = SURFACE_CURVE('',#8193,(#8197,#8204),.PCURVE_S1.);
#8193 = LINE('',#8194,#8195);
#8194 = CARTESIAN_POINT('',(-17.325,-12.35,9.4));
#8195 = VECTOR('',#8196,1.);
#8196 = DIRECTION('',(1.,-1.224646799147E-16,-0.));
#8197 = PCURVE('',#4194,#8198);
#8198 = DEFINITIONAL_REPRESENTATION('',(#8199),#8203);
#8199 = LINE('',#8200,#8201);
#8200 = CARTESIAN_POINT('',(7.470752052541E-07,-1.6));
#8201 = VECTOR('',#8202,1.);
#8202 = DIRECTION('',(1.,0.));
#8203 = ( GEOMETRIC_REPRESENTATION_CONTEXT(2) 
PARAMETRIC_REPRESENTATION_CONTEXT() REPRESENTATION_CONTEXT('2D SPACE',''
  ) );
#8204 = PCURVE('',#5949,#8205);
#8205 = DEFINITIONAL_REPRESENTATION('',(#8206),#8210);
#8206 = LINE('',#8207,#8208);
#8207 = CARTESIAN_POINT('',(-17.32287899159,-11.01038669846));
#8208 = VECTOR('',#8209,1.);
#8209 = DIRECTION('',(1.,-1.224646799147E-16));
#8210 = ( GEOMETRIC_REPRESENTATION_CONTEXT(2) 
PARAMETRIC_REPRESENTATION_CONTEXT() REPRESENTATION_CONTEXT('2D SPACE',''
  ) );
#8211 = ORIENTED_EDGE('',*,*,#8212,.F.);
#8212 = EDGE_CURVE('',#4150,#8190,#8213,.T.);
#8213 = SURFACE_CURVE('',#8214,(#8218,#8225),.PCURVE_S1.);
#8214 = LINE('',#8215,#8216);
#8215 = CARTESIAN_POINT('',(17.325000747075,-12.35,11.));
#8216 = VECTOR('',#8217,1.);
#8217 = DIRECTION('',(-0.,-0.,-1.));
#8218 = PCURVE('',#4194,#8219);
#8219 = DEFINITIONAL_REPRESENTATION('',(#8220),#8224);
#8220 = LINE('',#8221,#8222);
#8221 = CARTESIAN_POINT('',(34.65000149415,0.));
#8222 = VECTOR('',#8223,1.);
#8223 = DIRECTION('',(0.,-1.));
#8224 = ( GEOMETRIC_REPRESENTATION_CONTEXT(2) 
PARAMETRIC_REPRESENTATION_CONTEXT() REPRESENTATION_CONTEXT('2D SPACE',''
  ) );
#8225 = PCURVE('',#4166,#8226);
#8226 = DEFINITIONAL_REPRESENTATION('',(#8227),#8231);
#8227 = LINE('',#8228,#8229);
#8228 = CARTESIAN_POINT('',(6.283186054255,0.));
#8229 = VECTOR('',#8230,1.);
#8230 = DIRECTION('',(0.,-1.));
#8231 = ( GEOMETRIC_REPRESENTATION_CONTEXT(2) 
PARAMETRIC_REPRESENTATION_CONTEXT() REPRESENTATION_CONTEXT('2D SPACE',''
  ) );
#8232 = ORIENTED_EDGE('',*,*,#4178,.F.);
#8233 = ADVANCED_FACE('',(#8234),#3839,.F.);
#8234 = FACE_BOUND('',#8235,.F.);
#8235 = EDGE_LOOP('',(#8236,#8259,#8281,#8282));
#8236 = ORIENTED_EDGE('',*,*,#8237,.T.);
#8237 = EDGE_CURVE('',#3823,#8238,#8240,.T.);
#8238 = VERTEX_POINT('',#8239);
#8239 = CARTESIAN_POINT('',(-9.332106775877,12.35,9.4));
#8240 = SURFACE_CURVE('',#8241,(#8245,#8252),.PCURVE_S1.);
#8241 = LINE('',#8242,#8243);
#8242 = CARTESIAN_POINT('',(-9.332106775877,12.35,11.));
#8243 = VECTOR('',#8244,1.);
#8244 = DIRECTION('',(-0.,-0.,-1.));
#8245 = PCURVE('',#3839,#8246);
#8246 = DEFINITIONAL_REPRESENTATION('',(#8247),#8251);
#8247 = LINE('',#8248,#8249);
#8248 = CARTESIAN_POINT('',(6.28318530718,0.));
#8249 = VECTOR('',#8250,1.);
#8250 = DIRECTION('',(0.,-1.));
#8251 = ( GEOMETRIC_REPRESENTATION_CONTEXT(2) 
PARAMETRIC_REPRESENTATION_CONTEXT() REPRESENTATION_CONTEXT('2D SPACE',''
  ) );
#8252 = PCURVE('',#3872,#8253);
#8253 = DEFINITIONAL_REPRESENTATION('',(#8254),#8258);
#8254 = LINE('',#8255,#8256);
#8255 = CARTESIAN_POINT('',(-1.570796326795,0.));
#8256 = VECTOR('',#8257,1.);
#8257 = DIRECTION('',(-0.,-1.));
#8258 = ( GEOMETRIC_REPRESENTATION_CONTEXT(2) 
PARAMETRIC_REPRESENTATION_CONTEXT() REPRESENTATION_CONTEXT('2D SPACE',''
  ) );
#8259 = ORIENTED_EDGE('',*,*,#8260,.T.);
#8260 = EDGE_CURVE('',#8238,#8140,#8261,.T.);
#8261 = SURFACE_CURVE('',#8262,(#8267,#8274),.PCURVE_S1.);
#8262 = CIRCLE('',#8263,1.299999252925);
#8263 = AXIS2_PLACEMENT_3D('',#8264,#8265,#8266);
#8264 = CARTESIAN_POINT('',(-9.332107747075,11.050000747075,9.4));
#8265 = DIRECTION('',(0.,-0.,1.));
#8266 = DIRECTION('',(7.470757634981E-07,1.,0.));
#8267 = PCURVE('',#3839,#8268);
#8268 = DEFINITIONAL_REPRESENTATION('',(#8269),#8273);
#8269 = LINE('',#8270,#8271);
#8270 = CARTESIAN_POINT('',(0.,-1.6));
#8271 = VECTOR('',#8272,1.);
#8272 = DIRECTION('',(1.,0.));
#8273 = ( GEOMETRIC_REPRESENTATION_CONTEXT(2) 
PARAMETRIC_REPRESENTATION_CONTEXT() REPRESENTATION_CONTEXT('2D SPACE',''
  ) );
#8274 = PCURVE('',#5949,#8275);
#8275 = DEFINITIONAL_REPRESENTATION('',(#8276),#8280);
#8276 = CIRCLE('',#8277,1.299999252925);
#8277 = AXIS2_PLACEMENT_2D('',#8278,#8279);
#8278 = CARTESIAN_POINT('',(-9.32998673867,12.389614048611));
#8279 = DIRECTION('',(7.470757634981E-07,1.));
#8280 = ( GEOMETRIC_REPRESENTATION_CONTEXT(2) 
PARAMETRIC_REPRESENTATION_CONTEXT() REPRESENTATION_CONTEXT('2D SPACE',''
  ) );
#8281 = ORIENTED_EDGE('',*,*,#8139,.F.);
#8282 = ORIENTED_EDGE('',*,*,#3822,.F.);
#8283 = ADVANCED_FACE('',(#8284),#4166,.F.);
#8284 = FACE_BOUND('',#8285,.F.);
#8285 = EDGE_LOOP('',(#8286,#8287,#8311,#8332));
#8286 = ORIENTED_EDGE('',*,*,#8212,.T.);
#8287 = ORIENTED_EDGE('',*,*,#8288,.T.);
#8288 = EDGE_CURVE('',#8190,#8289,#8291,.T.);
#8289 = VERTEX_POINT('',#8290);
#8290 = CARTESIAN_POINT('',(18.625,-11.05000074707,9.4));
#8291 = SURFACE_CURVE('',#8292,(#8297,#8304),.PCURVE_S1.);
#8292 = CIRCLE('',#8293,1.299999252925);
#8293 = AXIS2_PLACEMENT_3D('',#8294,#8295,#8296);
#8294 = CARTESIAN_POINT('',(17.325000747075,-11.05000074707,9.4));
#8295 = DIRECTION('',(0.,0.,1.));
#8296 = DIRECTION('',(-7.470757634981E-07,-1.,0.));
#8297 = PCURVE('',#4166,#8298);
#8298 = DEFINITIONAL_REPRESENTATION('',(#8299),#8303);
#8299 = LINE('',#8300,#8301);
#8300 = CARTESIAN_POINT('',(0.,-1.6));
#8301 = VECTOR('',#8302,1.);
#8302 = DIRECTION('',(1.,0.));
#8303 = ( GEOMETRIC_REPRESENTATION_CONTEXT(2) 
PARAMETRIC_REPRESENTATION_CONTEXT() REPRESENTATION_CONTEXT('2D SPACE',''
  ) );
#8304 = PCURVE('',#5949,#8305);
#8305 = DEFINITIONAL_REPRESENTATION('',(#8306),#8310);
#8306 = CIRCLE('',#8307,1.299999252925);
#8307 = AXIS2_PLACEMENT_2D('',#8308,#8309);
#8308 = CARTESIAN_POINT('',(17.327121755481,-9.71038744554));
#8309 = DIRECTION('',(-7.470757634981E-07,-1.));
#8310 = ( GEOMETRIC_REPRESENTATION_CONTEXT(2) 
PARAMETRIC_REPRESENTATION_CONTEXT() REPRESENTATION_CONTEXT('2D SPACE',''
  ) );
#8311 = ORIENTED_EDGE('',*,*,#8312,.F.);
#8312 = EDGE_CURVE('',#4122,#8289,#8313,.T.);
#8313 = SURFACE_CURVE('',#8314,(#8318,#8325),.PCURVE_S1.);
#8314 = LINE('',#8315,#8316);
#8315 = CARTESIAN_POINT('',(18.625,-11.05000074707,11.));
#8316 = VECTOR('',#8317,1.);
#8317 = DIRECTION('',(-0.,-0.,-1.));
#8318 = PCURVE('',#4166,#8319);
#8319 = DEFINITIONAL_REPRESENTATION('',(#8320),#8324);
#8320 = LINE('',#8321,#8322);
#8321 = CARTESIAN_POINT('',(7.85398238105,0.));
#8322 = VECTOR('',#8323,1.);
#8323 = DIRECTION('',(0.,-1.));
#8324 = ( GEOMETRIC_REPRESENTATION_CONTEXT(2) 
PARAMETRIC_REPRESENTATION_CONTEXT() REPRESENTATION_CONTEXT('2D SPACE',''
  ) );
#8325 = PCURVE('',#4137,#8326);
#8326 = DEFINITIONAL_REPRESENTATION('',(#8327),#8331);
#8327 = LINE('',#8328,#8329);
#8328 = CARTESIAN_POINT('',(-1.7763568394E-15,0.));
#8329 = VECTOR('',#8330,1.);
#8330 = DIRECTION('',(0.,-1.));
#8331 = ( GEOMETRIC_REPRESENTATION_CONTEXT(2) 
PARAMETRIC_REPRESENTATION_CONTEXT() REPRESENTATION_CONTEXT('2D SPACE',''
  ) );
#8332 = ORIENTED_EDGE('',*,*,#4149,.F.);
#8333 = ADVANCED_FACE('',(#8334),#3872,.F.);
#8334 = FACE_BOUND('',#8335,.T.);
#8335 = EDGE_LOOP('',(#8336,#8337,#8365,#8386));
#8336 = ORIENTED_EDGE('',*,*,#8237,.T.);
#8337 = ORIENTED_EDGE('',*,*,#8338,.T.);
#8338 = EDGE_CURVE('',#8238,#8339,#8341,.T.);
#8339 = VERTEX_POINT('',#8340);
#8340 = CARTESIAN_POINT('',(-9.332090807782,12.349999999563,9.4));
#8341 = SURFACE_CURVE('',#8342,(#8347,#8354),.PCURVE_S1.);
#8342 = CIRCLE('',#8343,0.3);
#8343 = AXIS2_PLACEMENT_3D('',#8344,#8345,#8346);
#8344 = CARTESIAN_POINT('',(-9.332107,12.05,9.4));
#8345 = DIRECTION('',(0.,0.,-1.));
#8346 = DIRECTION('',(-1.,7.470757634981E-07,0.));
#8347 = PCURVE('',#3872,#8348);
#8348 = DEFINITIONAL_REPRESENTATION('',(#8349),#8353);
#8349 = LINE('',#8350,#8351);
#8350 = CARTESIAN_POINT('',(-0.,-1.6));
#8351 = VECTOR('',#8352,1.);
#8352 = DIRECTION('',(-1.,0.));
#8353 = ( GEOMETRIC_REPRESENTATION_CONTEXT(2) 
PARAMETRIC_REPRESENTATION_CONTEXT() REPRESENTATION_CONTEXT('2D SPACE',''
  ) );
#8354 = PCURVE('',#5949,#8355);
#8355 = DEFINITIONAL_REPRESENTATION('',(#8356),#8364);
#8356 = ( BOUNDED_CURVE() B_SPLINE_CURVE(2,(#8357,#8358,#8359,#8360,
#8361,#8362,#8363),.UNSPECIFIED.,.T.,.F.) B_SPLINE_CURVE_WITH_KNOTS((1,2
    ,2,2,2,1),(-2.094395102393,0.,2.094395102393,4.188790204786,
6.28318530718,8.377580409573),.UNSPECIFIED.) CURVE() 
GEOMETRIC_REPRESENTATION_ITEM() RATIONAL_B_SPLINE_CURVE((1.,0.5,1.,0.5,
1.,0.5,1.)) REPRESENTATION_ITEM('') );
#8357 = CARTESIAN_POINT('',(-9.629985991594,13.389613525658));
#8358 = CARTESIAN_POINT('',(-9.629985603402,13.909228767929));
#8359 = CARTESIAN_POINT('',(-9.179985797498,13.649420810609));
#8360 = CARTESIAN_POINT('',(-8.729985991595,13.38961285329));
#8361 = CARTESIAN_POINT('',(-9.17998618569,13.129805568339));
#8362 = CARTESIAN_POINT('',(-9.629986379786,12.869998283388));
#8363 = CARTESIAN_POINT('',(-9.629985991594,13.389613525658));
#8364 = ( GEOMETRIC_REPRESENTATION_CONTEXT(2) 
PARAMETRIC_REPRESENTATION_CONTEXT() REPRESENTATION_CONTEXT('2D SPACE',''
  ) );
#8365 = ORIENTED_EDGE('',*,*,#8366,.F.);
#8366 = EDGE_CURVE('',#3852,#8339,#8367,.T.);
#8367 = SURFACE_CURVE('',#8368,(#8372,#8379),.PCURVE_S1.);
#8368 = LINE('',#8369,#8370);
#8369 = CARTESIAN_POINT('',(-9.332090807782,12.349999999563,11.));
#8370 = VECTOR('',#8371,1.);
#8371 = DIRECTION('',(-0.,-0.,-1.));
#8372 = PCURVE('',#3872,#8373);
#8373 = DEFINITIONAL_REPRESENTATION('',(#8374),#8378);
#8374 = LINE('',#8375,#8376);
#8375 = CARTESIAN_POINT('',(-1.57084955378,0.));
#8376 = VECTOR('',#8377,1.);
#8377 = DIRECTION('',(-0.,-1.));
#8378 = ( GEOMETRIC_REPRESENTATION_CONTEXT(2) 
PARAMETRIC_REPRESENTATION_CONTEXT() REPRESENTATION_CONTEXT('2D SPACE',''
  ) );
#8379 = PCURVE('',#3900,#8380);
#8380 = DEFINITIONAL_REPRESENTATION('',(#8381),#8385);
#8381 = LINE('',#8382,#8383);
#8382 = CARTESIAN_POINT('',(18.657164748272,0.));
#8383 = VECTOR('',#8384,1.);
#8384 = DIRECTION('',(0.,-1.));
#8385 = ( GEOMETRIC_REPRESENTATION_CONTEXT(2) 
PARAMETRIC_REPRESENTATION_CONTEXT() REPRESENTATION_CONTEXT('2D SPACE',''
  ) );
#8386 = ORIENTED_EDGE('',*,*,#3851,.F.);
#8387 = ADVANCED_FACE('',(#8388),#4137,.F.);
#8388 = FACE_BOUND('',#8389,.F.);
#8389 = EDGE_LOOP('',(#8390,#8391,#8414,#8435));
#8390 = ORIENTED_EDGE('',*,*,#8312,.T.);
#8391 = ORIENTED_EDGE('',*,*,#8392,.T.);
#8392 = EDGE_CURVE('',#8289,#8393,#8395,.T.);
#8393 = VERTEX_POINT('',#8394);
#8394 = CARTESIAN_POINT('',(18.625,1.450000747075,9.4));
#8395 = SURFACE_CURVE('',#8396,(#8400,#8407),.PCURVE_S1.);
#8396 = LINE('',#8397,#8398);
#8397 = CARTESIAN_POINT('',(18.625,-11.05,9.4));
#8398 = VECTOR('',#8399,1.);
#8399 = DIRECTION('',(1.224646799147E-16,1.,0.));
#8400 = PCURVE('',#4137,#8401);
#8401 = DEFINITIONAL_REPRESENTATION('',(#8402),#8406);
#8402 = LINE('',#8403,#8404);
#8403 = CARTESIAN_POINT('',(7.470752052541E-07,-1.6));
#8404 = VECTOR('',#8405,1.);
#8405 = DIRECTION('',(1.,0.));
#8406 = ( GEOMETRIC_REPRESENTATION_CONTEXT(2) 
PARAMETRIC_REPRESENTATION_CONTEXT() REPRESENTATION_CONTEXT('2D SPACE',''
  ) );
#8407 = PCURVE('',#5949,#8408);
#8408 = DEFINITIONAL_REPRESENTATION('',(#8409),#8413);
#8409 = LINE('',#8410,#8411);
#8410 = CARTESIAN_POINT('',(18.627121008406,-9.710386698464));
#8411 = VECTOR('',#8412,1.);
#8412 = DIRECTION('',(1.224646799147E-16,1.));
#8413 = ( GEOMETRIC_REPRESENTATION_CONTEXT(2) 
PARAMETRIC_REPRESENTATION_CONTEXT() REPRESENTATION_CONTEXT('2D SPACE',''
  ) );
#8414 = ORIENTED_EDGE('',*,*,#8415,.F.);
#8415 = EDGE_CURVE('',#4093,#8393,#8416,.T.);
#8416 = SURFACE_CURVE('',#8417,(#8421,#8428),.PCURVE_S1.);
#8417 = LINE('',#8418,#8419);
#8418 = CARTESIAN_POINT('',(18.625,1.450000747075,11.));
#8419 = VECTOR('',#8420,1.);
#8420 = DIRECTION('',(-0.,-0.,-1.));
#8421 = PCURVE('',#4137,#8422);
#8422 = DEFINITIONAL_REPRESENTATION('',(#8423),#8427);
#8423 = LINE('',#8424,#8425);
#8424 = CARTESIAN_POINT('',(12.50000149415,0.));
#8425 = VECTOR('',#8426,1.);
#8426 = DIRECTION('',(0.,-1.));
#8427 = ( GEOMETRIC_REPRESENTATION_CONTEXT(2) 
PARAMETRIC_REPRESENTATION_CONTEXT() REPRESENTATION_CONTEXT('2D SPACE',''
  ) );
#8428 = PCURVE('',#4109,#8429);
#8429 = DEFINITIONAL_REPRESENTATION('',(#8430),#8434);
#8430 = LINE('',#8431,#8432);
#8431 = CARTESIAN_POINT('',(6.283186054255,0.));
#8432 = VECTOR('',#8433,1.);
#8433 = DIRECTION('',(0.,-1.));
#8434 = ( GEOMETRIC_REPRESENTATION_CONTEXT(2) 
PARAMETRIC_REPRESENTATION_CONTEXT() REPRESENTATION_CONTEXT('2D SPACE',''
  ) );
#8435 = ORIENTED_EDGE('',*,*,#4121,.F.);
#8436 = ADVANCED_FACE('',(#8437),#3900,.F.);
#8437 = FACE_BOUND('',#8438,.F.);
#8438 = EDGE_LOOP('',(#8439,#8462,#8483,#8484));
#8439 = ORIENTED_EDGE('',*,*,#8440,.T.);
#8440 = EDGE_CURVE('',#3885,#8441,#8443,.T.);
#8441 = VERTEX_POINT('',#8442);
#8442 = CARTESIAN_POINT('',(9.325073913315,12.348992998107,9.4));
#8443 = SURFACE_CURVE('',#8444,(#8448,#8455),.PCURVE_S1.);
#8444 = LINE('',#8445,#8446);
#8445 = CARTESIAN_POINT('',(9.325073913315,12.348992998107,11.));
#8446 = VECTOR('',#8447,1.);
#8447 = DIRECTION('',(-0.,-0.,-1.));
#8448 = PCURVE('',#3900,#8449);
#8449 = DEFINITIONAL_REPRESENTATION('',(#8450),#8454);
#8450 = LINE('',#8451,#8452);
#8451 = CARTESIAN_POINT('',(1.776356836813E-15,0.));
#8452 = VECTOR('',#8453,1.);
#8453 = DIRECTION('',(0.,-1.));
#8454 = ( GEOMETRIC_REPRESENTATION_CONTEXT(2) 
PARAMETRIC_REPRESENTATION_CONTEXT() REPRESENTATION_CONTEXT('2D SPACE',''
  ) );
#8455 = PCURVE('',#3929,#8456);
#8456 = DEFINITIONAL_REPRESENTATION('',(#8457),#8461);
#8457 = LINE('',#8458,#8459);
#8458 = CARTESIAN_POINT('',(7.853928406989,0.));
#8459 = VECTOR('',#8460,1.);
#8460 = DIRECTION('',(0.,-1.));
#8461 = ( GEOMETRIC_REPRESENTATION_CONTEXT(2) 
PARAMETRIC_REPRESENTATION_CONTEXT() REPRESENTATION_CONTEXT('2D SPACE',''
  ) );
#8462 = ORIENTED_EDGE('',*,*,#8463,.T.);
#8463 = EDGE_CURVE('',#8441,#8339,#8464,.T.);
#8464 = SURFACE_CURVE('',#8465,(#8469,#8476),.PCURVE_S1.);
#8465 = LINE('',#8466,#8467);
#8466 = CARTESIAN_POINT('',(-9.332090807782,12.349999999563,9.4));
#8467 = VECTOR('',#8468,1.);
#8468 = DIRECTION('',(-0.999999998543,5.397406128484E-05,0.));
#8469 = PCURVE('',#3900,#8470);
#8470 = DEFINITIONAL_REPRESENTATION('',(#8471),#8475);
#8471 = LINE('',#8472,#8473);
#8472 = CARTESIAN_POINT('',(18.657164748272,-1.6));
#8473 = VECTOR('',#8474,1.);
#8474 = DIRECTION('',(1.,0.));
#8475 = ( GEOMETRIC_REPRESENTATION_CONTEXT(2) 
PARAMETRIC_REPRESENTATION_CONTEXT() REPRESENTATION_CONTEXT('2D SPACE',''
  ) );
#8476 = PCURVE('',#5949,#8477);
#8477 = DEFINITIONAL_REPRESENTATION('',(#8478),#8482);
#8478 = LINE('',#8479,#8480);
#8479 = CARTESIAN_POINT('',(-9.329969799376,13.689613301099));
#8480 = VECTOR('',#8481,1.);
#8481 = DIRECTION('',(-0.999999998543,5.397406128484E-05));
#8482 = ( GEOMETRIC_REPRESENTATION_CONTEXT(2) 
PARAMETRIC_REPRESENTATION_CONTEXT() REPRESENTATION_CONTEXT('2D SPACE',''
  ) );
#8483 = ORIENTED_EDGE('',*,*,#8366,.F.);
#8484 = ORIENTED_EDGE('',*,*,#3884,.F.);
#8485 = ADVANCED_FACE('',(#8486),#4109,.F.);
#8486 = FACE_BOUND('',#8487,.F.);
#8487 = EDGE_LOOP('',(#8488,#8489,#8513,#8534));
#8488 = ORIENTED_EDGE('',*,*,#8415,.T.);
#8489 = ORIENTED_EDGE('',*,*,#8490,.T.);
#8490 = EDGE_CURVE('',#8393,#8491,#8493,.T.);
#8491 = VERTEX_POINT('',#8492);
#8492 = CARTESIAN_POINT('',(17.325162250452,2.749999989968,9.4));
#8493 = SURFACE_CURVE('',#8494,(#8499,#8506),.PCURVE_S1.);
#8494 = CIRCLE('',#8495,1.299999252925);
#8495 = AXIS2_PLACEMENT_3D('',#8496,#8497,#8498);
#8496 = CARTESIAN_POINT('',(17.325000747075,1.450000747075,9.4));
#8497 = DIRECTION('',(0.,-0.,1.));
#8498 = DIRECTION('',(1.,-7.470757492872E-07,-0.));
#8499 = PCURVE('',#4109,#8500);
#8500 = DEFINITIONAL_REPRESENTATION('',(#8501),#8505);
#8501 = LINE('',#8502,#8503);
#8502 = CARTESIAN_POINT('',(0.,-1.6));
#8503 = VECTOR('',#8504,1.);
#8504 = DIRECTION('',(1.,0.));
#8505 = ( GEOMETRIC_REPRESENTATION_CONTEXT(2) 
PARAMETRIC_REPRESENTATION_CONTEXT() REPRESENTATION_CONTEXT('2D SPACE',''
  ) );
#8506 = PCURVE('',#5949,#8507);
#8507 = DEFINITIONAL_REPRESENTATION('',(#8508),#8512);
#8508 = CIRCLE('',#8509,1.299999252925);
#8509 = AXIS2_PLACEMENT_2D('',#8510,#8511);
#8510 = CARTESIAN_POINT('',(17.327121755481,2.789614048611));
#8511 = DIRECTION('',(1.,-7.470757492872E-07));
#8512 = ( GEOMETRIC_REPRESENTATION_CONTEXT(2) 
PARAMETRIC_REPRESENTATION_CONTEXT() REPRESENTATION_CONTEXT('2D SPACE',''
  ) );
#8513 = ORIENTED_EDGE('',*,*,#8514,.F.);
#8514 = EDGE_CURVE('',#4065,#8491,#8515,.T.);
#8515 = SURFACE_CURVE('',#8516,(#8520,#8527),.PCURVE_S1.);
#8516 = LINE('',#8517,#8518);
#8517 = CARTESIAN_POINT('',(17.325162250452,2.749999989968,11.));
#8518 = VECTOR('',#8519,1.);
#8519 = DIRECTION('',(-0.,-0.,-1.));
#8520 = PCURVE('',#4109,#8521);
#8521 = DEFINITIONAL_REPRESENTATION('',(#8522),#8526);
#8522 = LINE('',#8523,#8524);
#8523 = CARTESIAN_POINT('',(7.853858147612,0.));
#8524 = VECTOR('',#8525,1.);
#8525 = DIRECTION('',(0.,-1.));
#8526 = ( GEOMETRIC_REPRESENTATION_CONTEXT(2) 
PARAMETRIC_REPRESENTATION_CONTEXT() REPRESENTATION_CONTEXT('2D SPACE',''
  ) );
#8527 = PCURVE('',#4080,#8528);
#8528 = DEFINITIONAL_REPRESENTATION('',(#8529),#8533);
#8529 = LINE('',#8530,#8531);
#8530 = CARTESIAN_POINT('',(0.,0.));
#8531 = VECTOR('',#8532,1.);
#8532 = DIRECTION('',(0.,-1.));
#8533 = ( GEOMETRIC_REPRESENTATION_CONTEXT(2) 
PARAMETRIC_REPRESENTATION_CONTEXT() REPRESENTATION_CONTEXT('2D SPACE',''
  ) );
#8534 = ORIENTED_EDGE('',*,*,#4092,.F.);
#8535 = ADVANCED_FACE('',(#8536),#3929,.F.);
#8536 = FACE_BOUND('',#8537,.F.);
#8537 = EDGE_LOOP('',(#8538,#8561,#8583,#8584));
#8538 = ORIENTED_EDGE('',*,*,#8539,.T.);
#8539 = EDGE_CURVE('',#3913,#8540,#8542,.T.);
#8540 = VERTEX_POINT('',#8541);
#8541 = CARTESIAN_POINT('',(10.625003,11.048993747075,9.4));
#8542 = SURFACE_CURVE('',#8543,(#8547,#8554),.PCURVE_S1.);
#8543 = LINE('',#8544,#8545);
#8544 = CARTESIAN_POINT('',(10.625003,11.048993747075,11.));
#8545 = VECTOR('',#8546,1.);
#8546 = DIRECTION('',(-0.,-0.,-1.));
#8547 = PCURVE('',#3929,#8548);
#8548 = DEFINITIONAL_REPRESENTATION('',(#8549),#8553);
#8549 = LINE('',#8550,#8551);
#8550 = CARTESIAN_POINT('',(6.283186054255,0.));
#8551 = VECTOR('',#8552,1.);
#8552 = DIRECTION('',(0.,-1.));
#8553 = ( GEOMETRIC_REPRESENTATION_CONTEXT(2) 
PARAMETRIC_REPRESENTATION_CONTEXT() REPRESENTATION_CONTEXT('2D SPACE',''
  ) );
#8554 = PCURVE('',#3957,#8555);
#8555 = DEFINITIONAL_REPRESENTATION('',(#8556),#8560);
#8556 = LINE('',#8557,#8558);
#8557 = CARTESIAN_POINT('',(7.592898747075,0.));
#8558 = VECTOR('',#8559,1.);
#8559 = DIRECTION('',(0.,-1.));
#8560 = ( GEOMETRIC_REPRESENTATION_CONTEXT(2) 
PARAMETRIC_REPRESENTATION_CONTEXT() REPRESENTATION_CONTEXT('2D SPACE',''
  ) );
#8561 = ORIENTED_EDGE('',*,*,#8562,.T.);
#8562 = EDGE_CURVE('',#8540,#8441,#8563,.T.);
#8563 = SURFACE_CURVE('',#8564,(#8569,#8576),.PCURVE_S1.);
#8564 = CIRCLE('',#8565,1.299999252925);
#8565 = AXIS2_PLACEMENT_3D('',#8566,#8567,#8568);
#8566 = CARTESIAN_POINT('',(9.325003747075,11.048993747075,9.4));
#8567 = DIRECTION('',(0.,-0.,1.));
#8568 = DIRECTION('',(1.,-7.470757634981E-07,-0.));
#8569 = PCURVE('',#3929,#8570);
#8570 = DEFINITIONAL_REPRESENTATION('',(#8571),#8575);
#8571 = LINE('',#8572,#8573);
#8572 = CARTESIAN_POINT('',(0.,-1.6));
#8573 = VECTOR('',#8574,1.);
#8574 = DIRECTION('',(1.,0.));
#8575 = ( GEOMETRIC_REPRESENTATION_CONTEXT(2) 
PARAMETRIC_REPRESENTATION_CONTEXT() REPRESENTATION_CONTEXT('2D SPACE',''
  ) );
#8576 = PCURVE('',#5949,#8577);
#8577 = DEFINITIONAL_REPRESENTATION('',(#8578),#8582);
#8578 = CIRCLE('',#8579,1.299999252925);
#8579 = AXIS2_PLACEMENT_2D('',#8580,#8581);
#8580 = CARTESIAN_POINT('',(9.327124755481,12.388607048611));
#8581 = DIRECTION('',(1.,-7.470757634981E-07));
#8582 = ( GEOMETRIC_REPRESENTATION_CONTEXT(2) 
PARAMETRIC_REPRESENTATION_CONTEXT() REPRESENTATION_CONTEXT('2D SPACE',''
  ) );
#8583 = ORIENTED_EDGE('',*,*,#8440,.F.);
#8584 = ORIENTED_EDGE('',*,*,#3912,.F.);
#8585 = ADVANCED_FACE('',(#8586),#4080,.F.);
#8586 = FACE_BOUND('',#8587,.F.);
#8587 = EDGE_LOOP('',(#8588,#8589,#8612,#8633));
#8588 = ORIENTED_EDGE('',*,*,#8514,.T.);
#8589 = ORIENTED_EDGE('',*,*,#8590,.T.);
#8590 = EDGE_CURVE('',#8491,#8591,#8593,.T.);
#8591 = VERTEX_POINT('',#8592);
#8592 = CARTESIAN_POINT('',(11.325307749995,2.756094845212,9.4));
#8593 = SURFACE_CURVE('',#8594,(#8598,#8605),.PCURVE_S1.);
#8594 = LINE('',#8595,#8596);
#8595 = CARTESIAN_POINT('',(17.325304749995,2.749999845212,9.4));
#8596 = VECTOR('',#8597,1.);
#8597 = DIRECTION('',(-0.999999484041,1.015833317122E-03,0.));
#8598 = PCURVE('',#4080,#8599);
#8599 = DEFINITIONAL_REPRESENTATION('',(#8600),#8604);
#8600 = LINE('',#8601,#8602);
#8601 = CARTESIAN_POINT('',(-1.42499616477E-04,-1.6));
#8602 = VECTOR('',#8603,1.);
#8603 = DIRECTION('',(1.,0.));
#8604 = ( GEOMETRIC_REPRESENTATION_CONTEXT(2) 
PARAMETRIC_REPRESENTATION_CONTEXT() REPRESENTATION_CONTEXT('2D SPACE',''
  ) );
#8605 = PCURVE('',#5949,#8606);
#8606 = DEFINITIONAL_REPRESENTATION('',(#8607),#8611);
#8607 = LINE('',#8608,#8609);
#8608 = CARTESIAN_POINT('',(17.327425758401,4.089613146748));
#8609 = VECTOR('',#8610,1.);
#8610 = DIRECTION('',(-0.999999484041,1.015833317122E-03));
#8611 = ( GEOMETRIC_REPRESENTATION_CONTEXT(2) 
PARAMETRIC_REPRESENTATION_CONTEXT() REPRESENTATION_CONTEXT('2D SPACE',''
  ) );
#8612 = ORIENTED_EDGE('',*,*,#8613,.F.);
#8613 = EDGE_CURVE('',#4032,#8591,#8614,.T.);
#8614 = SURFACE_CURVE('',#8615,(#8619,#8626),.PCURVE_S1.);
#8615 = LINE('',#8616,#8617);
#8616 = CARTESIAN_POINT('',(11.325307749995,2.756094845212,11.));
#8617 = VECTOR('',#8618,1.);
#8618 = DIRECTION('',(-0.,-0.,-1.));
#8619 = PCURVE('',#4080,#8620);
#8620 = DEFINITIONAL_REPRESENTATION('',(#8621),#8625);
#8621 = LINE('',#8622,#8623);
#8622 = CARTESIAN_POINT('',(5.999857596136,0.));
#8623 = VECTOR('',#8624,1.);
#8624 = DIRECTION('',(0.,-1.));
#8625 = ( GEOMETRIC_REPRESENTATION_CONTEXT(2) 
PARAMETRIC_REPRESENTATION_CONTEXT() REPRESENTATION_CONTEXT('2D SPACE',''
  ) );
#8626 = PCURVE('',#4052,#8627);
#8627 = DEFINITIONAL_REPRESENTATION('',(#8628),#8632);
#8628 = LINE('',#8629,#8630);
#8629 = CARTESIAN_POINT('',(-1.571812907362,0.));
#8630 = VECTOR('',#8631,1.);
#8631 = DIRECTION('',(-0.,-1.));
#8632 = ( GEOMETRIC_REPRESENTATION_CONTEXT(2) 
PARAMETRIC_REPRESENTATION_CONTEXT() REPRESENTATION_CONTEXT('2D SPACE',''
  ) );
#8633 = ORIENTED_EDGE('',*,*,#4064,.F.);
#8634 = ADVANCED_FACE('',(#8635),#3957,.F.);
#8635 = FACE_BOUND('',#8636,.F.);
#8636 = EDGE_LOOP('',(#8637,#8660,#8681,#8682));
#8637 = ORIENTED_EDGE('',*,*,#8638,.T.);
#8638 = EDGE_CURVE('',#3942,#8639,#8641,.T.);
#8639 = VERTEX_POINT('',#8640);
#8640 = CARTESIAN_POINT('',(10.625003,3.456095,9.4));
#8641 = SURFACE_CURVE('',#8642,(#8646,#8653),.PCURVE_S1.);
#8642 = LINE('',#8643,#8644);
#8643 = CARTESIAN_POINT('',(10.625003,3.456095,11.));
#8644 = VECTOR('',#8645,1.);
#8645 = DIRECTION('',(-0.,-0.,-1.));
#8646 = PCURVE('',#3957,#8647);
#8647 = DEFINITIONAL_REPRESENTATION('',(#8648),#8652);
#8648 = LINE('',#8649,#8650);
#8649 = CARTESIAN_POINT('',(0.,0.));
#8650 = VECTOR('',#8651,1.);
#8651 = DIRECTION('',(0.,-1.));
#8652 = ( GEOMETRIC_REPRESENTATION_CONTEXT(2) 
PARAMETRIC_REPRESENTATION_CONTEXT() REPRESENTATION_CONTEXT('2D SPACE',''
  ) );
#8653 = PCURVE('',#3990,#8654);
#8654 = DEFINITIONAL_REPRESENTATION('',(#8655),#8659);
#8655 = LINE('',#8656,#8657);
#8656 = CARTESIAN_POINT('',(-1.570796326795,0.));
#8657 = VECTOR('',#8658,1.);
#8658 = DIRECTION('',(-0.,-1.));
#8659 = ( GEOMETRIC_REPRESENTATION_CONTEXT(2) 
PARAMETRIC_REPRESENTATION_CONTEXT() REPRESENTATION_CONTEXT('2D SPACE',''
  ) );
#8660 = ORIENTED_EDGE('',*,*,#8661,.T.);
#8661 = EDGE_CURVE('',#8639,#8540,#8662,.T.);
#8662 = SURFACE_CURVE('',#8663,(#8667,#8674),.PCURVE_S1.);
#8663 = LINE('',#8664,#8665);
#8664 = CARTESIAN_POINT('',(10.625003,11.048993,9.4));
#8665 = VECTOR('',#8666,1.);
#8666 = DIRECTION('',(2.339497829946E-16,1.,0.));
#8667 = PCURVE('',#3957,#8668);
#8668 = DEFINITIONAL_REPRESENTATION('',(#8669),#8673);
#8669 = LINE('',#8670,#8671);
#8670 = CARTESIAN_POINT('',(7.592898,-1.6));
#8671 = VECTOR('',#8672,1.);
#8672 = DIRECTION('',(1.,0.));
#8673 = ( GEOMETRIC_REPRESENTATION_CONTEXT(2) 
PARAMETRIC_REPRESENTATION_CONTEXT() REPRESENTATION_CONTEXT('2D SPACE',''
  ) );
#8674 = PCURVE('',#5949,#8675);
#8675 = DEFINITIONAL_REPRESENTATION('',(#8676),#8680);
#8676 = LINE('',#8677,#8678);
#8677 = CARTESIAN_POINT('',(10.627124008406,12.388606301536));
#8678 = VECTOR('',#8679,1.);
#8679 = DIRECTION('',(2.339497829946E-16,1.));
#8680 = ( GEOMETRIC_REPRESENTATION_CONTEXT(2) 
PARAMETRIC_REPRESENTATION_CONTEXT() REPRESENTATION_CONTEXT('2D SPACE',''
  ) );
#8681 = ORIENTED_EDGE('',*,*,#8539,.F.);
#8682 = ORIENTED_EDGE('',*,*,#3941,.F.);
#8683 = ADVANCED_FACE('',(#8684),#4052,.F.);
#8684 = FACE_BOUND('',#8685,.T.);
#8685 = EDGE_LOOP('',(#8686,#8709,#8735,#8736));
#8686 = ORIENTED_EDGE('',*,*,#8687,.T.);
#8687 = EDGE_CURVE('',#4003,#8688,#8690,.T.);
#8688 = VERTEX_POINT('',#8689);
#8689 = CARTESIAN_POINT('',(11.325002775877,2.756095,9.4));
#8690 = SURFACE_CURVE('',#8691,(#8695,#8702),.PCURVE_S1.);
#8691 = LINE('',#8692,#8693);
#8692 = CARTESIAN_POINT('',(11.325002775877,2.756095,11.));
#8693 = VECTOR('',#8694,1.);
#8694 = DIRECTION('',(-0.,-0.,-1.));
#8695 = PCURVE('',#4052,#8696);
#8696 = DEFINITIONAL_REPRESENTATION('',(#8697),#8701);
#8697 = LINE('',#8698,#8699);
#8698 = CARTESIAN_POINT('',(-1.570796326795,0.));
#8699 = VECTOR('',#8700,1.);
#8700 = DIRECTION('',(-0.,-1.));
#8701 = ( GEOMETRIC_REPRESENTATION_CONTEXT(2) 
PARAMETRIC_REPRESENTATION_CONTEXT() REPRESENTATION_CONTEXT('2D SPACE',''
  ) );
#8702 = PCURVE('',#4019,#8703);
#8703 = DEFINITIONAL_REPRESENTATION('',(#8704),#8708);
#8704 = LINE('',#8705,#8706);
#8705 = CARTESIAN_POINT('',(7.853983128126,0.));
#8706 = VECTOR('',#8707,1.);
#8707 = DIRECTION('',(0.,-1.));
#8708 = ( GEOMETRIC_REPRESENTATION_CONTEXT(2) 
PARAMETRIC_REPRESENTATION_CONTEXT() REPRESENTATION_CONTEXT('2D SPACE',''
  ) );
#8709 = ORIENTED_EDGE('',*,*,#8710,.T.);
#8710 = EDGE_CURVE('',#8688,#8591,#8711,.T.);
#8711 = SURFACE_CURVE('',#8712,(#8717,#8724),.PCURVE_S1.);
#8712 = CIRCLE('',#8713,0.3);
#8713 = AXIS2_PLACEMENT_3D('',#8714,#8715,#8716);
#8714 = CARTESIAN_POINT('',(11.325003,2.456095,9.4));
#8715 = DIRECTION('',(-0.,0.,-1.));
#8716 = DIRECTION('',(-1.,-7.470757631669E-07,0.));
#8717 = PCURVE('',#4052,#8718);
#8718 = DEFINITIONAL_REPRESENTATION('',(#8719),#8723);
#8719 = LINE('',#8720,#8721);
#8720 = CARTESIAN_POINT('',(-0.,-1.6));
#8721 = VECTOR('',#8722,1.);
#8722 = DIRECTION('',(-1.,0.));
#8723 = ( GEOMETRIC_REPRESENTATION_CONTEXT(2) 
PARAMETRIC_REPRESENTATION_CONTEXT() REPRESENTATION_CONTEXT('2D SPACE',''
  ) );
#8724 = PCURVE('',#5949,#8725);
#8725 = DEFINITIONAL_REPRESENTATION('',(#8726),#8734);
#8726 = ( BOUNDED_CURVE() B_SPLINE_CURVE(2,(#8727,#8728,#8729,#8730,
#8731,#8732,#8733),.UNSPECIFIED.,.T.,.F.) B_SPLINE_CURVE_WITH_KNOTS((1,2
    ,2,2,2,1),(-2.094395102393,0.,2.094395102393,4.188790204786,
6.28318530718,8.377580409573),.UNSPECIFIED.) CURVE() 
GEOMETRIC_REPRESENTATION_ITEM() RATIONAL_B_SPLINE_CURVE((1.,0.5,1.,0.5,
1.,0.5,1.)) REPRESENTATION_ITEM('') );
#8727 = CARTESIAN_POINT('',(11.027124008406,3.795708077413));
#8728 = CARTESIAN_POINT('',(11.027123620214,4.315323319683));
#8729 = CARTESIAN_POINT('',(11.47712381431,4.055516034732));
#8730 = CARTESIAN_POINT('',(11.927124008405,3.795708749781));
#8731 = CARTESIAN_POINT('',(11.477124202502,3.535900792462));
#8732 = CARTESIAN_POINT('',(11.027124396598,3.276092835142));
#8733 = CARTESIAN_POINT('',(11.027124008406,3.795708077413));
#8734 = ( GEOMETRIC_REPRESENTATION_CONTEXT(2) 
PARAMETRIC_REPRESENTATION_CONTEXT() REPRESENTATION_CONTEXT('2D SPACE',''
  ) );
#8735 = ORIENTED_EDGE('',*,*,#8613,.F.);
#8736 = ORIENTED_EDGE('',*,*,#4031,.F.);
#8737 = ADVANCED_FACE('',(#8738),#3990,.F.);
#8738 = FACE_BOUND('',#8739,.T.);
#8739 = EDGE_LOOP('',(#8740,#8741,#8769,#8790));
#8740 = ORIENTED_EDGE('',*,*,#8638,.T.);
#8741 = ORIENTED_EDGE('',*,*,#8742,.T.);
#8742 = EDGE_CURVE('',#8639,#8743,#8745,.T.);
#8743 = VERTEX_POINT('',#8744);
#8744 = CARTESIAN_POINT('',(10.625003,3.456094775877,9.4));
#8745 = SURFACE_CURVE('',#8746,(#8751,#8758),.PCURVE_S1.);
#8746 = CIRCLE('',#8747,0.3);
#8747 = AXIS2_PLACEMENT_3D('',#8748,#8749,#8750);
#8748 = CARTESIAN_POINT('',(10.325003,3.456095,9.4));
#8749 = DIRECTION('',(0.,0.,-1.));
#8750 = DIRECTION('',(2.339497829946E-16,1.,0.));
#8751 = PCURVE('',#3990,#8752);
#8752 = DEFINITIONAL_REPRESENTATION('',(#8753),#8757);
#8753 = LINE('',#8754,#8755);
#8754 = CARTESIAN_POINT('',(-0.,-1.6));
#8755 = VECTOR('',#8756,1.);
#8756 = DIRECTION('',(-1.,0.));
#8757 = ( GEOMETRIC_REPRESENTATION_CONTEXT(2) 
PARAMETRIC_REPRESENTATION_CONTEXT() REPRESENTATION_CONTEXT('2D SPACE',''
  ) );
#8758 = PCURVE('',#5949,#8759);
#8759 = DEFINITIONAL_REPRESENTATION('',(#8760),#8768);
#8760 = ( BOUNDED_CURVE() B_SPLINE_CURVE(2,(#8761,#8762,#8763,#8764,
#8765,#8766,#8767),.UNSPECIFIED.,.T.,.F.) B_SPLINE_CURVE_WITH_KNOTS((1,2
    ,2,2,2,1),(-2.094395102393,0.,2.094395102393,4.188790204786,
6.28318530718,8.377580409573),.UNSPECIFIED.) CURVE() 
GEOMETRIC_REPRESENTATION_ITEM() RATIONAL_B_SPLINE_CURVE((1.,0.5,1.,0.5,
1.,0.5,1.)) REPRESENTATION_ITEM('') );
#8761 = CARTESIAN_POINT('',(10.327124008406,5.095708301536));
#8762 = CARTESIAN_POINT('',(10.846739250676,5.095708301536));
#8763 = CARTESIAN_POINT('',(10.586931629541,4.645708301536));
#8764 = CARTESIAN_POINT('',(10.327124008406,4.195708301536));
#8765 = CARTESIAN_POINT('',(10.06731638727,4.645708301536));
#8766 = CARTESIAN_POINT('',(9.807508766135,5.095708301536));
#8767 = CARTESIAN_POINT('',(10.327124008406,5.095708301536));
#8768 = ( GEOMETRIC_REPRESENTATION_CONTEXT(2) 
PARAMETRIC_REPRESENTATION_CONTEXT() REPRESENTATION_CONTEXT('2D SPACE',''
  ) );
#8769 = ORIENTED_EDGE('',*,*,#8770,.F.);
#8770 = EDGE_CURVE('',#3970,#8743,#8771,.T.);
#8771 = SURFACE_CURVE('',#8772,(#8776,#8783),.PCURVE_S1.);
#8772 = LINE('',#8773,#8774);
#8773 = CARTESIAN_POINT('',(10.625003,3.456094775877,11.));
#8774 = VECTOR('',#8775,1.);
#8775 = DIRECTION('',(-0.,-0.,-1.));
#8776 = PCURVE('',#3990,#8777);
#8777 = DEFINITIONAL_REPRESENTATION('',(#8778),#8782);
#8778 = LINE('',#8779,#8780);
#8779 = CARTESIAN_POINT('',(-1.570797073871,0.));
#8780 = VECTOR('',#8781,1.);
#8781 = DIRECTION('',(-0.,-1.));
#8782 = ( GEOMETRIC_REPRESENTATION_CONTEXT(2) 
PARAMETRIC_REPRESENTATION_CONTEXT() REPRESENTATION_CONTEXT('2D SPACE',''
  ) );
#8783 = PCURVE('',#4019,#8784);
#8784 = DEFINITIONAL_REPRESENTATION('',(#8785),#8789);
#8785 = LINE('',#8786,#8787);
#8786 = CARTESIAN_POINT('',(6.28318530718,0.));
#8787 = VECTOR('',#8788,1.);
#8788 = DIRECTION('',(0.,-1.));
#8789 = ( GEOMETRIC_REPRESENTATION_CONTEXT(2) 
PARAMETRIC_REPRESENTATION_CONTEXT() REPRESENTATION_CONTEXT('2D SPACE',''
  ) );
#8790 = ORIENTED_EDGE('',*,*,#3969,.F.);
#8791 = ADVANCED_FACE('',(#8792),#4019,.T.);
#8792 = FACE_BOUND('',#8793,.T.);
#8793 = EDGE_LOOP('',(#8794,#8795,#8817,#8818));
#8794 = ORIENTED_EDGE('',*,*,#8770,.T.);
#8795 = ORIENTED_EDGE('',*,*,#8796,.T.);
#8796 = EDGE_CURVE('',#8743,#8688,#8797,.T.);
#8797 = SURFACE_CURVE('',#8798,(#8803,#8810),.PCURVE_S1.);
#8798 = CIRCLE('',#8799,0.699999252925);
#8799 = AXIS2_PLACEMENT_3D('',#8800,#8801,#8802);
#8800 = CARTESIAN_POINT('',(11.325002252925,3.456094252925,9.4));
#8801 = DIRECTION('',(0.,0.,1.));
#8802 = DIRECTION('',(-1.,7.470757634981E-07,0.));
#8803 = PCURVE('',#4019,#8804);
#8804 = DEFINITIONAL_REPRESENTATION('',(#8805),#8809);
#8805 = LINE('',#8806,#8807);
#8806 = CARTESIAN_POINT('',(0.,-1.6));
#8807 = VECTOR('',#8808,1.);
#8808 = DIRECTION('',(1.,0.));
#8809 = ( GEOMETRIC_REPRESENTATION_CONTEXT(2) 
PARAMETRIC_REPRESENTATION_CONTEXT() REPRESENTATION_CONTEXT('2D SPACE',''
  ) );
#8810 = PCURVE('',#5949,#8811);
#8811 = DEFINITIONAL_REPRESENTATION('',(#8812),#8816);
#8812 = CIRCLE('',#8813,0.699999252925);
#8813 = AXIS2_PLACEMENT_2D('',#8814,#8815);
#8814 = CARTESIAN_POINT('',(11.32712326133,4.79570755446));
#8815 = DIRECTION('',(-1.,7.470757634981E-07));
#8816 = ( GEOMETRIC_REPRESENTATION_CONTEXT(2) 
PARAMETRIC_REPRESENTATION_CONTEXT() REPRESENTATION_CONTEXT('2D SPACE',''
  ) );
#8817 = ORIENTED_EDGE('',*,*,#8687,.F.);
#8818 = ORIENTED_EDGE('',*,*,#4002,.F.);
#8819 = ADVANCED_FACE('',(#8820),#4382,.F.);
#8820 = FACE_BOUND('',#8821,.F.);
#8821 = EDGE_LOOP('',(#8822,#8823,#8824,#8846));
#8822 = ORIENTED_EDGE('',*,*,#4367,.F.);
#8823 = ORIENTED_EDGE('',*,*,#4504,.T.);
#8824 = ORIENTED_EDGE('',*,*,#8825,.T.);
#8825 = EDGE_CURVE('',#4505,#7686,#8826,.T.);
#8826 = SURFACE_CURVE('',#8827,(#8832,#8839),.PCURVE_S1.);
#8827 = CIRCLE('',#8828,1.49);
#8828 = AXIS2_PLACEMENT_3D('',#8829,#8830,#8831);
#8829 = CARTESIAN_POINT('',(16.3,5.29,6.49));
#8830 = DIRECTION('',(-1.,6.123233995737E-17,0.));
#8831 = DIRECTION('',(-6.123233995737E-17,-1.,0.));
#8832 = PCURVE('',#4382,#8833);
#8833 = DEFINITIONAL_REPRESENTATION('',(#8834),#8838);
#8834 = LINE('',#8835,#8836);
#8835 = CARTESIAN_POINT('',(1.570796326795,0.));
#8836 = VECTOR('',#8837,1.);
#8837 = DIRECTION('',(0.,1.));
#8838 = ( GEOMETRIC_REPRESENTATION_CONTEXT(2) 
PARAMETRIC_REPRESENTATION_CONTEXT() REPRESENTATION_CONTEXT('2D SPACE',''
  ) );
#8839 = PCURVE('',#4542,#8840);
#8840 = DEFINITIONAL_REPRESENTATION('',(#8841),#8845);
#8841 = LINE('',#8842,#8843);
#8842 = CARTESIAN_POINT('',(4.712388980385,-0.));
#8843 = VECTOR('',#8844,1.);
#8844 = DIRECTION('',(-1.,0.));
#8845 = ( GEOMETRIC_REPRESENTATION_CONTEXT(2) 
PARAMETRIC_REPRESENTATION_CONTEXT() REPRESENTATION_CONTEXT('2D SPACE',''
  ) );
#8846 = ORIENTED_EDGE('',*,*,#7685,.F.);
#8847 = ADVANCED_FACE('',(#8848),#4542,.F.);
#8848 = FACE_BOUND('',#8849,.T.);
#8849 = EDGE_LOOP('',(#8850,#8851,#8852,#8853));
#8850 = ORIENTED_EDGE('',*,*,#4528,.F.);
#8851 = ORIENTED_EDGE('',*,*,#8825,.T.);
#8852 = ORIENTED_EDGE('',*,*,#7734,.T.);
#8853 = ORIENTED_EDGE('',*,*,#4855,.T.);
#8854 = ADVANCED_FACE('',(#8855),#4469,.F.);
#8855 = FACE_BOUND('',#8856,.F.);
#8856 = EDGE_LOOP('',(#8857,#8881,#8882,#8883));
#8857 = ORIENTED_EDGE('',*,*,#8858,.F.);
#8858 = EDGE_CURVE('',#4421,#8859,#8861,.T.);
#8859 = VERTEX_POINT('',#8860);
#8860 = CARTESIAN_POINT('',(16.8,6.8,6.49));
#8861 = SURFACE_CURVE('',#8862,(#8867,#8874),.PCURVE_S1.);
#8862 = CIRCLE('',#8863,1.49);
#8863 = AXIS2_PLACEMENT_3D('',#8864,#8865,#8866);
#8864 = CARTESIAN_POINT('',(16.8,5.31,6.49));
#8865 = DIRECTION('',(1.,0.,-0.));
#8866 = DIRECTION('',(-0.,0.,-1.));
#8867 = PCURVE('',#4469,#8868);
#8868 = DEFINITIONAL_REPRESENTATION('',(#8869),#8873);
#8869 = LINE('',#8870,#8871);
#8870 = CARTESIAN_POINT('',(-2.22044604925E-16,1.570796326795));
#8871 = VECTOR('',#8872,1.);
#8872 = DIRECTION('',(0.,1.));
#8873 = ( GEOMETRIC_REPRESENTATION_CONTEXT(2) 
PARAMETRIC_REPRESENTATION_CONTEXT() REPRESENTATION_CONTEXT('2D SPACE',''
  ) );
#8874 = PCURVE('',#4436,#8875);
#8875 = DEFINITIONAL_REPRESENTATION('',(#8876),#8880);
#8876 = LINE('',#8877,#8878);
#8877 = CARTESIAN_POINT('',(-0.,9.5));
#8878 = VECTOR('',#8879,1.);
#8879 = DIRECTION('',(-1.,0.));
#8880 = ( GEOMETRIC_REPRESENTATION_CONTEXT(2) 
PARAMETRIC_REPRESENTATION_CONTEXT() REPRESENTATION_CONTEXT('2D SPACE',''
  ) );
#8881 = ORIENTED_EDGE('',*,*,#4448,.T.);
#8882 = ORIENTED_EDGE('',*,*,#4558,.T.);
#8883 = ORIENTED_EDGE('',*,*,#8884,.F.);
#8884 = EDGE_CURVE('',#8859,#4559,#8885,.T.);
#8885 = SURFACE_CURVE('',#8886,(#8891,#8898),.PCURVE_S1.);
#8886 = CIRCLE('',#8887,2.5);
#8887 = AXIS2_PLACEMENT_3D('',#8888,#8889,#8890);
#8888 = CARTESIAN_POINT('',(16.8,9.3,6.49));
#8889 = DIRECTION('',(-0.,0.,-1.));
#8890 = DIRECTION('',(-1.7763568394E-16,-1.,0.));
#8891 = PCURVE('',#4469,#8892);
#8892 = DEFINITIONAL_REPRESENTATION('',(#8893),#8897);
#8893 = LINE('',#8894,#8895);
#8894 = CARTESIAN_POINT('',(0.,3.14159265359));
#8895 = VECTOR('',#8896,1.);
#8896 = DIRECTION('',(1.,0.));
#8897 = ( GEOMETRIC_REPRESENTATION_CONTEXT(2) 
PARAMETRIC_REPRESENTATION_CONTEXT() REPRESENTATION_CONTEXT('2D SPACE',''
  ) );
#8898 = PCURVE('',#4624,#8899);
#8899 = DEFINITIONAL_REPRESENTATION('',(#8900),#8904);
#8900 = LINE('',#8901,#8902);
#8901 = CARTESIAN_POINT('',(1.570796326795,1.49));
#8902 = VECTOR('',#8903,1.);
#8903 = DIRECTION('',(-1.,-0.));
#8904 = ( GEOMETRIC_REPRESENTATION_CONTEXT(2) 
PARAMETRIC_REPRESENTATION_CONTEXT() REPRESENTATION_CONTEXT('2D SPACE',''
  ) );
#8905 = ADVANCED_FACE('',(#8906),#4436,.F.);
#8906 = FACE_BOUND('',#8907,.T.);
#8907 = EDGE_LOOP('',(#8908,#8909,#8910,#8931));
#8908 = ORIENTED_EDGE('',*,*,#4420,.F.);
#8909 = ORIENTED_EDGE('',*,*,#4882,.F.);
#8910 = ORIENTED_EDGE('',*,*,#8911,.T.);
#8911 = EDGE_CURVE('',#4883,#8859,#8912,.T.);
#8912 = SURFACE_CURVE('',#8913,(#8917,#8924),.PCURVE_S1.);
#8913 = LINE('',#8914,#8915);
#8914 = CARTESIAN_POINT('',(26.3,6.8,6.49));
#8915 = VECTOR('',#8916,1.);
#8916 = DIRECTION('',(-1.,0.,0.));
#8917 = PCURVE('',#4436,#8918);
#8918 = DEFINITIONAL_REPRESENTATION('',(#8919),#8923);
#8919 = LINE('',#8920,#8921);
#8920 = CARTESIAN_POINT('',(-1.570796326795,0.));
#8921 = VECTOR('',#8922,1.);
#8922 = DIRECTION('',(-0.,1.));
#8923 = ( GEOMETRIC_REPRESENTATION_CONTEXT(2) 
PARAMETRIC_REPRESENTATION_CONTEXT() REPRESENTATION_CONTEXT('2D SPACE',''
  ) );
#8924 = PCURVE('',#4743,#8925);
#8925 = DEFINITIONAL_REPRESENTATION('',(#8926),#8930);
#8926 = LINE('',#8927,#8928);
#8927 = CARTESIAN_POINT('',(0.,-1.49));
#8928 = VECTOR('',#8929,1.);
#8929 = DIRECTION('',(1.,0.));
#8930 = ( GEOMETRIC_REPRESENTATION_CONTEXT(2) 
PARAMETRIC_REPRESENTATION_CONTEXT() REPRESENTATION_CONTEXT('2D SPACE',''
  ) );
#8931 = ORIENTED_EDGE('',*,*,#8858,.F.);
#8932 = ADVANCED_FACE('',(#8933),#4624,.T.);
#8933 = FACE_BOUND('',#8934,.T.);
#8934 = EDGE_LOOP('',(#8935,#8936,#8937,#8958));
#8935 = ORIENTED_EDGE('',*,*,#4608,.F.);
#8936 = ORIENTED_EDGE('',*,*,#8884,.F.);
#8937 = ORIENTED_EDGE('',*,*,#8938,.T.);
#8938 = EDGE_CURVE('',#8859,#4707,#8939,.T.);
#8939 = SURFACE_CURVE('',#8940,(#8944,#8951),.PCURVE_S1.);
#8940 = LINE('',#8941,#8942);
#8941 = CARTESIAN_POINT('',(16.8,6.8,5.));
#8942 = VECTOR('',#8943,1.);
#8943 = DIRECTION('',(0.,0.,1.));
#8944 = PCURVE('',#4624,#8945);
#8945 = DEFINITIONAL_REPRESENTATION('',(#8946),#8950);
#8946 = LINE('',#8947,#8948);
#8947 = CARTESIAN_POINT('',(1.570796326795,0.));
#8948 = VECTOR('',#8949,1.);
#8949 = DIRECTION('',(0.,1.));
#8950 = ( GEOMETRIC_REPRESENTATION_CONTEXT(2) 
PARAMETRIC_REPRESENTATION_CONTEXT() REPRESENTATION_CONTEXT('2D SPACE',''
  ) );
#8951 = PCURVE('',#4743,#8952);
#8952 = DEFINITIONAL_REPRESENTATION('',(#8953),#8957);
#8953 = LINE('',#8954,#8955);
#8954 = CARTESIAN_POINT('',(9.5,0.));
#8955 = VECTOR('',#8956,1.);
#8956 = DIRECTION('',(0.,-1.));
#8957 = ( GEOMETRIC_REPRESENTATION_CONTEXT(2) 
PARAMETRIC_REPRESENTATION_CONTEXT() REPRESENTATION_CONTEXT('2D SPACE',''
  ) );
#8958 = ORIENTED_EDGE('',*,*,#4706,.F.);
#8959 = ADVANCED_FACE('',(#8960),#4743,.T.);
#8960 = FACE_BOUND('',#8961,.T.);
#8961 = EDGE_LOOP('',(#8962,#8963,#8964,#8965));
#8962 = ORIENTED_EDGE('',*,*,#8938,.F.);
#8963 = ORIENTED_EDGE('',*,*,#8911,.F.);
#8964 = ORIENTED_EDGE('',*,*,#4906,.T.);
#8965 = ORIENTED_EDGE('',*,*,#4730,.F.);
#8966 = ADVANCED_FACE('',(#8967),#5291,.F.);
#8967 = FACE_BOUND('',#8968,.F.);
#8968 = EDGE_LOOP('',(#8969,#8990,#8991,#9012));
#8969 = ORIENTED_EDGE('',*,*,#8970,.F.);
#8970 = EDGE_CURVE('',#6320,#5277,#8971,.T.);
#8971 = SURFACE_CURVE('',#8972,(#8976,#8983),.PCURVE_S1.);
#8972 = LINE('',#8973,#8974);
#8973 = CARTESIAN_POINT('',(-20.,-3.17695526217,9.));
#8974 = VECTOR('',#8975,1.);
#8975 = DIRECTION('',(-1.,0.,0.));
#8976 = PCURVE('',#5291,#8977);
#8977 = DEFINITIONAL_REPRESENTATION('',(#8978),#8982);
#8978 = LINE('',#8979,#8980);
#8979 = CARTESIAN_POINT('',(2.871572875254,0.));
#8980 = VECTOR('',#8981,1.);
#8981 = DIRECTION('',(-0.,1.));
#8982 = ( GEOMETRIC_REPRESENTATION_CONTEXT(2) 
PARAMETRIC_REPRESENTATION_CONTEXT() REPRESENTATION_CONTEXT('2D SPACE',''
  ) );
#8983 = PCURVE('',#5374,#8984);
#8984 = DEFINITIONAL_REPRESENTATION('',(#8985),#8989);
#8985 = LINE('',#8986,#8987);
#8986 = CARTESIAN_POINT('',(4.17695526217,0.));
#8987 = VECTOR('',#8988,1.);
#8988 = DIRECTION('',(0.,1.));
#8989 = ( GEOMETRIC_REPRESENTATION_CONTEXT(2) 
PARAMETRIC_REPRESENTATION_CONTEXT() REPRESENTATION_CONTEXT('2D SPACE',''
  ) );
#8990 = ORIENTED_EDGE('',*,*,#6317,.F.);
#8991 = ORIENTED_EDGE('',*,*,#8992,.F.);
#8992 = EDGE_CURVE('',#5275,#6318,#8993,.T.);
#8993 = SURFACE_CURVE('',#8994,(#8998,#9005),.PCURVE_S1.);
#8994 = LINE('',#8995,#8996);
#8995 = CARTESIAN_POINT('',(-20.,-4.,8.17695526217));
#8996 = VECTOR('',#8997,1.);
#8997 = DIRECTION('',(1.,0.,0.));
#8998 = PCURVE('',#5291,#8999);
#8999 = DEFINITIONAL_REPRESENTATION('',(#9000),#9004);
#9000 = LINE('',#9001,#9002);
#9001 = CARTESIAN_POINT('',(4.035533905933,0.));
#9002 = VECTOR('',#9003,1.);
#9003 = DIRECTION('',(0.,-1.));
#9004 = ( GEOMETRIC_REPRESENTATION_CONTEXT(2) 
PARAMETRIC_REPRESENTATION_CONTEXT() REPRESENTATION_CONTEXT('2D SPACE',''
  ) );
#9005 = PCURVE('',#5317,#9006);
#9006 = DEFINITIONAL_REPRESENTATION('',(#9007),#9011);
#9007 = LINE('',#9008,#9009);
#9008 = CARTESIAN_POINT('',(0.82304473783,0.));
#9009 = VECTOR('',#9010,1.);
#9010 = DIRECTION('',(0.,-1.));
#9011 = ( GEOMETRIC_REPRESENTATION_CONTEXT(2) 
PARAMETRIC_REPRESENTATION_CONTEXT() REPRESENTATION_CONTEXT('2D SPACE',''
  ) );
#9012 = ORIENTED_EDGE('',*,*,#5274,.T.);
#9013 = ADVANCED_FACE('',(#9014),#5317,.T.);
#9014 = FACE_BOUND('',#9015,.T.);
#9015 = EDGE_LOOP('',(#9016,#9037,#9038,#9039));
#9016 = ORIENTED_EDGE('',*,*,#9017,.F.);
#9017 = EDGE_CURVE('',#6341,#5303,#9018,.T.);
#9018 = SURFACE_CURVE('',#9019,(#9023,#9030),.PCURVE_S1.);
#9019 = LINE('',#9020,#9021);
#9020 = CARTESIAN_POINT('',(-10.,-4.,8.5));
#9021 = VECTOR('',#9022,1.);
#9022 = DIRECTION('',(-1.,0.,0.));
#9023 = PCURVE('',#5317,#9024);
#9024 = DEFINITIONAL_REPRESENTATION('',(#9025),#9029);
#9025 = LINE('',#9026,#9027);
#9026 = CARTESIAN_POINT('',(0.5,-10.));
#9027 = VECTOR('',#9028,1.);
#9028 = DIRECTION('',(0.,1.));
#9029 = ( GEOMETRIC_REPRESENTATION_CONTEXT(2) 
PARAMETRIC_REPRESENTATION_CONTEXT() REPRESENTATION_CONTEXT('2D SPACE',''
  ) );
#9030 = PCURVE('',#5349,#9031);
#9031 = DEFINITIONAL_REPRESENTATION('',(#9032),#9036);
#9032 = LINE('',#9033,#9034);
#9033 = CARTESIAN_POINT('',(0.,0.));
#9034 = VECTOR('',#9035,1.);
#9035 = DIRECTION('',(0.,1.));
#9036 = ( GEOMETRIC_REPRESENTATION_CONTEXT(2) 
PARAMETRIC_REPRESENTATION_CONTEXT() REPRESENTATION_CONTEXT('2D SPACE',''
  ) );
#9037 = ORIENTED_EDGE('',*,*,#6340,.F.);
#9038 = ORIENTED_EDGE('',*,*,#8992,.F.);
#9039 = ORIENTED_EDGE('',*,*,#5302,.T.);
#9040 = ADVANCED_FACE('',(#9041),#5374,.T.);
#9041 = FACE_BOUND('',#9042,.T.);
#9042 = EDGE_LOOP('',(#9043,#9044,#9045,#9066));
#9043 = ORIENTED_EDGE('',*,*,#8970,.F.);
#9044 = ORIENTED_EDGE('',*,*,#6389,.F.);
#9045 = ORIENTED_EDGE('',*,*,#9046,.T.);
#9046 = EDGE_CURVE('',#6362,#5329,#9047,.T.);
#9047 = SURFACE_CURVE('',#9048,(#9052,#9059),.PCURVE_S1.);
#9048 = LINE('',#9049,#9050);
#9049 = CARTESIAN_POINT('',(-10.,-3.5,9.));
#9050 = VECTOR('',#9051,1.);
#9051 = DIRECTION('',(-1.,0.,0.));
#9052 = PCURVE('',#5374,#9053);
#9053 = DEFINITIONAL_REPRESENTATION('',(#9054),#9058);
#9054 = LINE('',#9055,#9056);
#9055 = CARTESIAN_POINT('',(4.5,-10.));
#9056 = VECTOR('',#9057,1.);
#9057 = DIRECTION('',(0.,1.));
#9058 = ( GEOMETRIC_REPRESENTATION_CONTEXT(2) 
PARAMETRIC_REPRESENTATION_CONTEXT() REPRESENTATION_CONTEXT('2D SPACE',''
  ) );
#9059 = PCURVE('',#5349,#9060);
#9060 = DEFINITIONAL_REPRESENTATION('',(#9061),#9065);
#9061 = LINE('',#9062,#9063);
#9062 = CARTESIAN_POINT('',(1.570796326795,0.));
#9063 = VECTOR('',#9064,1.);
#9064 = DIRECTION('',(0.,1.));
#9065 = ( GEOMETRIC_REPRESENTATION_CONTEXT(2) 
PARAMETRIC_REPRESENTATION_CONTEXT() REPRESENTATION_CONTEXT('2D SPACE',''
  ) );
#9066 = ORIENTED_EDGE('',*,*,#5361,.T.);
#9067 = ADVANCED_FACE('',(#9068),#5349,.F.);
#9068 = FACE_BOUND('',#9069,.F.);
#9069 = EDGE_LOOP('',(#9070,#9071,#9072,#9073));
#9070 = ORIENTED_EDGE('',*,*,#9017,.F.);
#9071 = ORIENTED_EDGE('',*,*,#6361,.T.);
#9072 = ORIENTED_EDGE('',*,*,#9046,.T.);
#9073 = ORIENTED_EDGE('',*,*,#5328,.F.);
#9074 = ADVANCED_FACE('',(#9075),#5404,.F.);
#9075 = FACE_BOUND('',#9076,.F.);
#9076 = EDGE_LOOP('',(#9077,#9098,#9099,#9120));
#9077 = ORIENTED_EDGE('',*,*,#9078,.F.);
#9078 = EDGE_CURVE('',#6413,#5390,#9079,.T.);
#9079 = SURFACE_CURVE('',#9080,(#9084,#9091),.PCURVE_S1.);
#9080 = LINE('',#9081,#9082);
#9081 = CARTESIAN_POINT('',(-20.,-4.,7.187005768509));
#9082 = VECTOR('',#9083,1.);
#9083 = DIRECTION('',(-1.,-0.,0.));
#9084 = PCURVE('',#5404,#9085);
#9085 = DEFINITIONAL_REPRESENTATION('',(#9086),#9090);
#9086 = LINE('',#9087,#9088);
#9087 = CARTESIAN_POINT('',(1.464466094067,0.));
#9088 = VECTOR('',#9089,1.);
#9089 = DIRECTION('',(0.,1.));
#9090 = ( GEOMETRIC_REPRESENTATION_CONTEXT(2) 
PARAMETRIC_REPRESENTATION_CONTEXT() REPRESENTATION_CONTEXT('2D SPACE',''
  ) );
#9091 = PCURVE('',#5480,#9092);
#9092 = DEFINITIONAL_REPRESENTATION('',(#9093),#9097);
#9093 = LINE('',#9094,#9095);
#9094 = CARTESIAN_POINT('',(1.812994231491,0.));
#9095 = VECTOR('',#9096,1.);
#9096 = DIRECTION('',(-0.,1.));
#9097 = ( GEOMETRIC_REPRESENTATION_CONTEXT(2) 
PARAMETRIC_REPRESENTATION_CONTEXT() REPRESENTATION_CONTEXT('2D SPACE',''
  ) );
#9098 = ORIENTED_EDGE('',*,*,#6410,.F.);
#9099 = ORIENTED_EDGE('',*,*,#9100,.F.);
#9100 = EDGE_CURVE('',#5388,#6411,#9101,.T.);
#9101 = SURFACE_CURVE('',#9102,(#9106,#9113),.PCURVE_S1.);
#9102 = LINE('',#9103,#9104);
#9103 = CARTESIAN_POINT('',(-20.,-2.187005768509,9.));
#9104 = VECTOR('',#9105,1.);
#9105 = DIRECTION('',(1.,0.,0.));
#9106 = PCURVE('',#5404,#9107);
#9107 = DEFINITIONAL_REPRESENTATION('',(#9108),#9112);
#9108 = LINE('',#9109,#9110);
#9109 = CARTESIAN_POINT('',(4.028427124746,0.));
#9110 = VECTOR('',#9111,1.);
#9111 = DIRECTION('',(0.,-1.));
#9112 = ( GEOMETRIC_REPRESENTATION_CONTEXT(2) 
PARAMETRIC_REPRESENTATION_CONTEXT() REPRESENTATION_CONTEXT('2D SPACE',''
  ) );
#9113 = PCURVE('',#5430,#9114);
#9114 = DEFINITIONAL_REPRESENTATION('',(#9115),#9119);
#9115 = LINE('',#9116,#9117);
#9116 = CARTESIAN_POINT('',(3.187005768509,0.));
#9117 = VECTOR('',#9118,1.);
#9118 = DIRECTION('',(0.,-1.));
#9119 = ( GEOMETRIC_REPRESENTATION_CONTEXT(2) 
PARAMETRIC_REPRESENTATION_CONTEXT() REPRESENTATION_CONTEXT('2D SPACE',''
  ) );
#9120 = ORIENTED_EDGE('',*,*,#5387,.T.);
#9121 = ADVANCED_FACE('',(#9122),#5430,.T.);
#9122 = FACE_BOUND('',#9123,.T.);
#9123 = EDGE_LOOP('',(#9124,#9145,#9146,#9147));
#9124 = ORIENTED_EDGE('',*,*,#9125,.F.);
#9125 = EDGE_CURVE('',#6434,#5416,#9126,.T.);
#9126 = SURFACE_CURVE('',#9127,(#9131,#9138),.PCURVE_S1.);
#9127 = LINE('',#9128,#9129);
#9128 = CARTESIAN_POINT('',(-20.,-1.05563491861,9.));
#9129 = VECTOR('',#9130,1.);
#9130 = DIRECTION('',(-1.,0.,0.));
#9131 = PCURVE('',#5430,#9132);
#9132 = DEFINITIONAL_REPRESENTATION('',(#9133),#9137);
#9133 = LINE('',#9134,#9135);
#9134 = CARTESIAN_POINT('',(2.05563491861,0.));
#9135 = VECTOR('',#9136,1.);
#9136 = DIRECTION('',(0.,1.));
#9137 = ( GEOMETRIC_REPRESENTATION_CONTEXT(2) 
PARAMETRIC_REPRESENTATION_CONTEXT() REPRESENTATION_CONTEXT('2D SPACE',''
  ) );
#9138 = PCURVE('',#5456,#9139);
#9139 = DEFINITIONAL_REPRESENTATION('',(#9140),#9144);
#9140 = LINE('',#9141,#9142);
#9141 = CARTESIAN_POINT('',(1.371572875254,0.));
#9142 = VECTOR('',#9143,1.);
#9143 = DIRECTION('',(-0.,1.));
#9144 = ( GEOMETRIC_REPRESENTATION_CONTEXT(2) 
PARAMETRIC_REPRESENTATION_CONTEXT() REPRESENTATION_CONTEXT('2D SPACE',''
  ) );
#9145 = ORIENTED_EDGE('',*,*,#6433,.F.);
#9146 = ORIENTED_EDGE('',*,*,#9100,.F.);
#9147 = ORIENTED_EDGE('',*,*,#5415,.T.);
#9148 = ADVANCED_FACE('',(#9149),#5480,.T.);
#9149 = FACE_BOUND('',#9150,.T.);
#9150 = EDGE_LOOP('',(#9151,#9152,#9153,#9174));
#9151 = ORIENTED_EDGE('',*,*,#9078,.F.);
#9152 = ORIENTED_EDGE('',*,*,#6475,.F.);
#9153 = ORIENTED_EDGE('',*,*,#9154,.F.);
#9154 = EDGE_CURVE('',#5442,#6455,#9155,.T.);
#9155 = SURFACE_CURVE('',#9156,(#9160,#9167),.PCURVE_S1.);
#9156 = LINE('',#9157,#9158);
#9157 = CARTESIAN_POINT('',(-20.,-4.,6.05563491861));
#9158 = VECTOR('',#9159,1.);
#9159 = DIRECTION('',(1.,0.,0.));
#9160 = PCURVE('',#5480,#9161);
#9161 = DEFINITIONAL_REPRESENTATION('',(#9162),#9166);
#9162 = LINE('',#9163,#9164);
#9163 = CARTESIAN_POINT('',(2.94436508139,0.));
#9164 = VECTOR('',#9165,1.);
#9165 = DIRECTION('',(0.,-1.));
#9166 = ( GEOMETRIC_REPRESENTATION_CONTEXT(2) 
PARAMETRIC_REPRESENTATION_CONTEXT() REPRESENTATION_CONTEXT('2D SPACE',''
  ) );
#9167 = PCURVE('',#5456,#9168);
#9168 = DEFINITIONAL_REPRESENTATION('',(#9169),#9173);
#9169 = LINE('',#9170,#9171);
#9170 = CARTESIAN_POINT('',(5.535533905933,0.));
#9171 = VECTOR('',#9172,1.);
#9172 = DIRECTION('',(0.,-1.));
#9173 = ( GEOMETRIC_REPRESENTATION_CONTEXT(2) 
PARAMETRIC_REPRESENTATION_CONTEXT() REPRESENTATION_CONTEXT('2D SPACE',''
  ) );
#9174 = ORIENTED_EDGE('',*,*,#5467,.T.);
#9175 = ADVANCED_FACE('',(#9176),#5456,.F.);
#9176 = FACE_BOUND('',#9177,.F.);
#9177 = EDGE_LOOP('',(#9178,#9179,#9180,#9181));
#9178 = ORIENTED_EDGE('',*,*,#9125,.F.);
#9179 = ORIENTED_EDGE('',*,*,#6454,.F.);
#9180 = ORIENTED_EDGE('',*,*,#9154,.F.);
#9181 = ORIENTED_EDGE('',*,*,#5441,.T.);
#9182 = ADVANCED_FACE('',(#9183),#5510,.F.);
#9183 = FACE_BOUND('',#9184,.F.);
#9184 = EDGE_LOOP('',(#9185,#9206,#9207,#9228));
#9185 = ORIENTED_EDGE('',*,*,#9186,.F.);
#9186 = EDGE_CURVE('',#6674,#5496,#9187,.T.);
#9187 = SURFACE_CURVE('',#9188,(#9192,#9199),.PCURVE_S1.);
#9188 = LINE('',#9189,#9190);
#9189 = CARTESIAN_POINT('',(-10.,-3.884867365357,5.180818059592));
#9190 = VECTOR('',#9191,1.);
#9191 = DIRECTION('',(-1.,0.,0.));
#9192 = PCURVE('',#5510,#9193);
#9193 = DEFINITIONAL_REPRESENTATION('',(#9194),#9198);
#9194 = LINE('',#9195,#9196);
#9195 = CARTESIAN_POINT('',(0.12728822745,-10.));
#9196 = VECTOR('',#9197,1.);
#9197 = DIRECTION('',(0.,1.));
#9198 = ( GEOMETRIC_REPRESENTATION_CONTEXT(2) 
PARAMETRIC_REPRESENTATION_CONTEXT() REPRESENTATION_CONTEXT('2D SPACE',''
  ) );
#9199 = PCURVE('',#5647,#9200);
#9200 = DEFINITIONAL_REPRESENTATION('',(#9201),#9205);
#9201 = LINE('',#9202,#9203);
#9202 = CARTESIAN_POINT('',(0.878425501924,0.));
#9203 = VECTOR('',#9204,1.);
#9204 = DIRECTION('',(0.,1.));
#9205 = ( GEOMETRIC_REPRESENTATION_CONTEXT(2) 
PARAMETRIC_REPRESENTATION_CONTEXT() REPRESENTATION_CONTEXT('2D SPACE',''
  ) );
#9206 = ORIENTED_EDGE('',*,*,#6671,.F.);
#9207 = ORIENTED_EDGE('',*,*,#9208,.F.);
#9208 = EDGE_CURVE('',#5494,#6672,#9209,.T.);
#9209 = SURFACE_CURVE('',#9210,(#9214,#9221),.PCURVE_S1.);
#9210 = LINE('',#9211,#9212);
#9211 = CARTESIAN_POINT('',(-20.,-6.568542494924E-02,9.));
#9212 = VECTOR('',#9213,1.);
#9213 = DIRECTION('',(1.,0.,0.));
#9214 = PCURVE('',#5510,#9215);
#9215 = DEFINITIONAL_REPRESENTATION('',(#9216),#9220);
#9216 = LINE('',#9217,#9218);
#9217 = CARTESIAN_POINT('',(5.528427124746,0.));
#9218 = VECTOR('',#9219,1.);
#9219 = DIRECTION('',(0.,-1.));
#9220 = ( GEOMETRIC_REPRESENTATION_CONTEXT(2) 
PARAMETRIC_REPRESENTATION_CONTEXT() REPRESENTATION_CONTEXT('2D SPACE',''
  ) );
#9221 = PCURVE('',#5536,#9222);
#9222 = DEFINITIONAL_REPRESENTATION('',(#9223),#9227);
#9223 = LINE('',#9224,#9225);
#9224 = CARTESIAN_POINT('',(1.065685424949,0.));
#9225 = VECTOR('',#9226,1.);
#9226 = DIRECTION('',(0.,-1.));
#9227 = ( GEOMETRIC_REPRESENTATION_CONTEXT(2) 
PARAMETRIC_REPRESENTATION_CONTEXT() REPRESENTATION_CONTEXT('2D SPACE',''
  ) );
#9228 = ORIENTED_EDGE('',*,*,#5493,.T.);
#9229 = ADVANCED_FACE('',(#9230),#5536,.T.);
#9230 = FACE_BOUND('',#9231,.T.);
#9231 = EDGE_LOOP('',(#9232,#9233,#9254,#9255));
#9232 = ORIENTED_EDGE('',*,*,#5521,.T.);
#9233 = ORIENTED_EDGE('',*,*,#9234,.T.);
#9234 = EDGE_CURVE('',#5522,#6695,#9235,.T.);
#9235 = SURFACE_CURVE('',#9236,(#9240,#9247),.PCURVE_S1.);
#9236 = LINE('',#9237,#9238);
#9237 = CARTESIAN_POINT('',(-30.,0.5,9.));
#9238 = VECTOR('',#9239,1.);
#9239 = DIRECTION('',(1.,0.,0.));
#9240 = PCURVE('',#5536,#9241);
#9241 = DEFINITIONAL_REPRESENTATION('',(#9242),#9246);
#9242 = LINE('',#9243,#9244);
#9243 = CARTESIAN_POINT('',(0.5,10.));
#9244 = VECTOR('',#9245,1.);
#9245 = DIRECTION('',(0.,-1.));
#9246 = ( GEOMETRIC_REPRESENTATION_CONTEXT(2) 
PARAMETRIC_REPRESENTATION_CONTEXT() REPRESENTATION_CONTEXT('2D SPACE',''
  ) );
#9247 = PCURVE('',#5564,#9248);
#9248 = DEFINITIONAL_REPRESENTATION('',(#9249),#9253);
#9249 = LINE('',#9250,#9251);
#9250 = CARTESIAN_POINT('',(1.570796326795,0.));
#9251 = VECTOR('',#9252,1.);
#9252 = DIRECTION('',(0.,1.));
#9253 = ( GEOMETRIC_REPRESENTATION_CONTEXT(2) 
PARAMETRIC_REPRESENTATION_CONTEXT() REPRESENTATION_CONTEXT('2D SPACE',''
  ) );
#9254 = ORIENTED_EDGE('',*,*,#6694,.F.);
#9255 = ORIENTED_EDGE('',*,*,#9208,.F.);
#9256 = ADVANCED_FACE('',(#9257),#5647,.F.);
#9257 = FACE_BOUND('',#9258,.F.);
#9258 = EDGE_LOOP('',(#9259,#9280,#9281,#9282));
#9259 = ORIENTED_EDGE('',*,*,#9260,.F.);
#9260 = EDGE_CURVE('',#6761,#5603,#9261,.T.);
#9261 = SURFACE_CURVE('',#9262,(#9266,#9273),.PCURVE_S1.);
#9262 = LINE('',#9263,#9264);
#9263 = CARTESIAN_POINT('',(-10.,-3.5,5.));
#9264 = VECTOR('',#9265,1.);
#9265 = DIRECTION('',(-1.,0.,0.));
#9266 = PCURVE('',#5647,#9267);
#9267 = DEFINITIONAL_REPRESENTATION('',(#9268),#9272);
#9268 = LINE('',#9269,#9270);
#9269 = CARTESIAN_POINT('',(0.,0.));
#9270 = VECTOR('',#9271,1.);
#9271 = DIRECTION('',(0.,1.));
#9272 = ( GEOMETRIC_REPRESENTATION_CONTEXT(2) 
PARAMETRIC_REPRESENTATION_CONTEXT() REPRESENTATION_CONTEXT('2D SPACE',''
  ) );
#9273 = PCURVE('',#5617,#9274);
#9274 = DEFINITIONAL_REPRESENTATION('',(#9275),#9279);
#9275 = LINE('',#9276,#9277);
#9276 = CARTESIAN_POINT('',(0.5,-10.));
#9277 = VECTOR('',#9278,1.);
#9278 = DIRECTION('',(0.,1.));
#9279 = ( GEOMETRIC_REPRESENTATION_CONTEXT(2) 
PARAMETRIC_REPRESENTATION_CONTEXT() REPRESENTATION_CONTEXT('2D SPACE',''
  ) );
#9280 = ORIENTED_EDGE('',*,*,#6781,.T.);
#9281 = ORIENTED_EDGE('',*,*,#9186,.T.);
#9282 = ORIENTED_EDGE('',*,*,#5628,.F.);
#9283 = ADVANCED_FACE('',(#9284),#5564,.F.);
#9284 = FACE_BOUND('',#9285,.F.);
#9285 = EDGE_LOOP('',(#9286,#9307,#9308,#9309));
#9286 = ORIENTED_EDGE('',*,*,#9287,.F.);
#9287 = EDGE_CURVE('',#5548,#6716,#9288,.T.);
#9288 = SURFACE_CURVE('',#9289,(#9293,#9300),.PCURVE_S1.);
#9289 = LINE('',#9290,#9291);
#9290 = CARTESIAN_POINT('',(-30.,0.884867365357,8.819181940408));
#9291 = VECTOR('',#9292,1.);
#9292 = DIRECTION('',(1.,0.,0.));
#9293 = PCURVE('',#5564,#9294);
#9294 = DEFINITIONAL_REPRESENTATION('',(#9295),#9299);
#9295 = LINE('',#9296,#9297);
#9296 = CARTESIAN_POINT('',(0.692370824871,0.));
#9297 = VECTOR('',#9298,1.);
#9298 = DIRECTION('',(0.,1.));
#9299 = ( GEOMETRIC_REPRESENTATION_CONTEXT(2) 
PARAMETRIC_REPRESENTATION_CONTEXT() REPRESENTATION_CONTEXT('2D SPACE',''
  ) );
#9300 = PCURVE('',#5591,#9301);
#9301 = DEFINITIONAL_REPRESENTATION('',(#9302),#9306);
#9302 = LINE('',#9303,#9304);
#9303 = CARTESIAN_POINT('',(0.12728822745,10.));
#9304 = VECTOR('',#9305,1.);
#9305 = DIRECTION('',(0.,-1.));
#9306 = ( GEOMETRIC_REPRESENTATION_CONTEXT(2) 
PARAMETRIC_REPRESENTATION_CONTEXT() REPRESENTATION_CONTEXT('2D SPACE',''
  ) );
#9307 = ORIENTED_EDGE('',*,*,#5547,.T.);
#9308 = ORIENTED_EDGE('',*,*,#9234,.T.);
#9309 = ORIENTED_EDGE('',*,*,#6715,.F.);
#9310 = ADVANCED_FACE('',(#9311),#5617,.T.);
#9311 = FACE_BOUND('',#9312,.T.);
#9312 = EDGE_LOOP('',(#9313,#9314,#9315,#9336));
#9313 = ORIENTED_EDGE('',*,*,#9260,.F.);
#9314 = ORIENTED_EDGE('',*,*,#6760,.F.);
#9315 = ORIENTED_EDGE('',*,*,#9316,.F.);
#9316 = EDGE_CURVE('',#5577,#6740,#9317,.T.);
#9317 = SURFACE_CURVE('',#9318,(#9322,#9329),.PCURVE_S1.);
#9318 = LINE('',#9319,#9320);
#9319 = CARTESIAN_POINT('',(-20.,-2.934314575051,5.));
#9320 = VECTOR('',#9321,1.);
#9321 = DIRECTION('',(1.,-0.,0.));
#9322 = PCURVE('',#5617,#9323);
#9323 = DEFINITIONAL_REPRESENTATION('',(#9324),#9328);
#9324 = LINE('',#9325,#9326);
#9325 = CARTESIAN_POINT('',(1.065685424949,0.));
#9326 = VECTOR('',#9327,1.);
#9327 = DIRECTION('',(0.,-1.));
#9328 = ( GEOMETRIC_REPRESENTATION_CONTEXT(2) 
PARAMETRIC_REPRESENTATION_CONTEXT() REPRESENTATION_CONTEXT('2D SPACE',''
  ) );
#9329 = PCURVE('',#5591,#9330);
#9330 = DEFINITIONAL_REPRESENTATION('',(#9331),#9335);
#9331 = LINE('',#9332,#9333);
#9332 = CARTESIAN_POINT('',(5.528427124746,0.));
#9333 = VECTOR('',#9334,1.);
#9334 = DIRECTION('',(0.,-1.));
#9335 = ( GEOMETRIC_REPRESENTATION_CONTEXT(2) 
PARAMETRIC_REPRESENTATION_CONTEXT() REPRESENTATION_CONTEXT('2D SPACE',''
  ) );
#9336 = ORIENTED_EDGE('',*,*,#5602,.T.);
#9337 = ADVANCED_FACE('',(#9338),#5591,.F.);
#9338 = FACE_BOUND('',#9339,.F.);
#9339 = EDGE_LOOP('',(#9340,#9341,#9342,#9343));
#9340 = ORIENTED_EDGE('',*,*,#5576,.T.);
#9341 = ORIENTED_EDGE('',*,*,#9287,.T.);
#9342 = ORIENTED_EDGE('',*,*,#6739,.F.);
#9343 = ORIENTED_EDGE('',*,*,#9316,.F.);
#9344 = ADVANCED_FACE('',(#9345),#5678,.F.);
#9345 = FACE_BOUND('',#9346,.F.);
#9346 = EDGE_LOOP('',(#9347,#9368,#9369,#9390));
#9347 = ORIENTED_EDGE('',*,*,#9348,.F.);
#9348 = EDGE_CURVE('',#6499,#5664,#9349,.T.);
#9349 = SURFACE_CURVE('',#9350,(#9354,#9361),.PCURVE_S1.);
#9350 = LINE('',#9351,#9352);
#9351 = CARTESIAN_POINT('',(-20.,-1.94436508139,5.));
#9352 = VECTOR('',#9353,1.);
#9353 = DIRECTION('',(-1.,0.,0.));
#9354 = PCURVE('',#5678,#9355);
#9355 = DEFINITIONAL_REPRESENTATION('',(#9356),#9360);
#9356 = LINE('',#9357,#9358);
#9357 = CARTESIAN_POINT('',(1.371572875254,0.));
#9358 = VECTOR('',#9359,1.);
#9359 = DIRECTION('',(0.,1.));
#9360 = ( GEOMETRIC_REPRESENTATION_CONTEXT(2) 
PARAMETRIC_REPRESENTATION_CONTEXT() REPRESENTATION_CONTEXT('2D SPACE',''
  ) );
#9361 = PCURVE('',#5754,#9362);
#9362 = DEFINITIONAL_REPRESENTATION('',(#9363),#9367);
#9363 = LINE('',#9364,#9365);
#9364 = CARTESIAN_POINT('',(2.05563491861,0.));
#9365 = VECTOR('',#9366,1.);
#9366 = DIRECTION('',(0.,1.));
#9367 = ( GEOMETRIC_REPRESENTATION_CONTEXT(2) 
PARAMETRIC_REPRESENTATION_CONTEXT() REPRESENTATION_CONTEXT('2D SPACE',''
  ) );
#9368 = ORIENTED_EDGE('',*,*,#6496,.F.);
#9369 = ORIENTED_EDGE('',*,*,#9370,.F.);
#9370 = EDGE_CURVE('',#5662,#6497,#9371,.T.);
#9371 = SURFACE_CURVE('',#9372,(#9376,#9383),.PCURVE_S1.);
#9372 = LINE('',#9373,#9374);
#9373 = CARTESIAN_POINT('',(-20.,1.,7.94436508139));
#9374 = VECTOR('',#9375,1.);
#9375 = DIRECTION('',(1.,0.,0.));
#9376 = PCURVE('',#5678,#9377);
#9377 = DEFINITIONAL_REPRESENTATION('',(#9378),#9382);
#9378 = LINE('',#9379,#9380);
#9379 = CARTESIAN_POINT('',(5.535533905933,0.));
#9380 = VECTOR('',#9381,1.);
#9381 = DIRECTION('',(0.,-1.));
#9382 = ( GEOMETRIC_REPRESENTATION_CONTEXT(2) 
PARAMETRIC_REPRESENTATION_CONTEXT() REPRESENTATION_CONTEXT('2D SPACE',''
  ) );
#9383 = PCURVE('',#5704,#9384);
#9384 = DEFINITIONAL_REPRESENTATION('',(#9385),#9389);
#9385 = LINE('',#9386,#9387);
#9386 = CARTESIAN_POINT('',(2.94436508139,0.));
#9387 = VECTOR('',#9388,1.);
#9388 = DIRECTION('',(0.,-1.));
#9389 = ( GEOMETRIC_REPRESENTATION_CONTEXT(2) 
PARAMETRIC_REPRESENTATION_CONTEXT() REPRESENTATION_CONTEXT('2D SPACE',''
  ) );
#9390 = ORIENTED_EDGE('',*,*,#5661,.T.);
#9391 = ADVANCED_FACE('',(#9392),#5704,.T.);
#9392 = FACE_BOUND('',#9393,.T.);
#9393 = EDGE_LOOP('',(#9394,#9415,#9416,#9417));
#9394 = ORIENTED_EDGE('',*,*,#9395,.F.);
#9395 = EDGE_CURVE('',#6520,#5690,#9396,.T.);
#9396 = SURFACE_CURVE('',#9397,(#9401,#9408),.PCURVE_S1.);
#9397 = LINE('',#9398,#9399);
#9398 = CARTESIAN_POINT('',(-20.,1.,6.812994231491));
#9399 = VECTOR('',#9400,1.);
#9400 = DIRECTION('',(-1.,-0.,-0.));
#9401 = PCURVE('',#5704,#9402);
#9402 = DEFINITIONAL_REPRESENTATION('',(#9403),#9407);
#9403 = LINE('',#9404,#9405);
#9404 = CARTESIAN_POINT('',(1.812994231491,0.));
#9405 = VECTOR('',#9406,1.);
#9406 = DIRECTION('',(0.,1.));
#9407 = ( GEOMETRIC_REPRESENTATION_CONTEXT(2) 
PARAMETRIC_REPRESENTATION_CONTEXT() REPRESENTATION_CONTEXT('2D SPACE',''
  ) );
#9408 = PCURVE('',#5730,#9409);
#9409 = DEFINITIONAL_REPRESENTATION('',(#9410),#9414);
#9410 = LINE('',#9411,#9412);
#9411 = CARTESIAN_POINT('',(1.464466094067,0.));
#9412 = VECTOR('',#9413,1.);
#9413 = DIRECTION('',(0.,1.));
#9414 = ( GEOMETRIC_REPRESENTATION_CONTEXT(2) 
PARAMETRIC_REPRESENTATION_CONTEXT() REPRESENTATION_CONTEXT('2D SPACE',''
  ) );
#9415 = ORIENTED_EDGE('',*,*,#6519,.F.);
#9416 = ORIENTED_EDGE('',*,*,#9370,.F.);
#9417 = ORIENTED_EDGE('',*,*,#5689,.T.);
#9418 = ADVANCED_FACE('',(#9419),#5754,.T.);
#9419 = FACE_BOUND('',#9420,.T.);
#9420 = EDGE_LOOP('',(#9421,#9422,#9423,#9444));
#9421 = ORIENTED_EDGE('',*,*,#9348,.F.);
#9422 = ORIENTED_EDGE('',*,*,#6561,.F.);
#9423 = ORIENTED_EDGE('',*,*,#9424,.F.);
#9424 = EDGE_CURVE('',#5716,#6541,#9425,.T.);
#9425 = SURFACE_CURVE('',#9426,(#9430,#9437),.PCURVE_S1.);
#9426 = LINE('',#9427,#9428);
#9427 = CARTESIAN_POINT('',(-20.,-0.812994231491,5.));
#9428 = VECTOR('',#9429,1.);
#9429 = DIRECTION('',(1.,-0.,0.));
#9430 = PCURVE('',#5754,#9431);
#9431 = DEFINITIONAL_REPRESENTATION('',(#9432),#9436);
#9432 = LINE('',#9433,#9434);
#9433 = CARTESIAN_POINT('',(3.187005768509,0.));
#9434 = VECTOR('',#9435,1.);
#9435 = DIRECTION('',(0.,-1.));
#9436 = ( GEOMETRIC_REPRESENTATION_CONTEXT(2) 
PARAMETRIC_REPRESENTATION_CONTEXT() REPRESENTATION_CONTEXT('2D SPACE',''
  ) );
#9437 = PCURVE('',#5730,#9438);
#9438 = DEFINITIONAL_REPRESENTATION('',(#9439),#9443);
#9439 = LINE('',#9440,#9441);
#9440 = CARTESIAN_POINT('',(4.028427124746,0.));
#9441 = VECTOR('',#9442,1.);
#9442 = DIRECTION('',(0.,-1.));
#9443 = ( GEOMETRIC_REPRESENTATION_CONTEXT(2) 
PARAMETRIC_REPRESENTATION_CONTEXT() REPRESENTATION_CONTEXT('2D SPACE',''
  ) );
#9444 = ORIENTED_EDGE('',*,*,#5741,.T.);
#9445 = ADVANCED_FACE('',(#9446),#5730,.F.);
#9446 = FACE_BOUND('',#9447,.F.);
#9447 = EDGE_LOOP('',(#9448,#9449,#9450,#9451));
#9448 = ORIENTED_EDGE('',*,*,#9395,.F.);
#9449 = ORIENTED_EDGE('',*,*,#6540,.F.);
#9450 = ORIENTED_EDGE('',*,*,#9424,.F.);
#9451 = ORIENTED_EDGE('',*,*,#5715,.T.);
#9452 = ADVANCED_FACE('',(#9453),#5784,.F.);
#9453 = FACE_BOUND('',#9454,.F.);
#9454 = EDGE_LOOP('',(#9455,#9476,#9477,#9498));
#9455 = ORIENTED_EDGE('',*,*,#9456,.F.);
#9456 = EDGE_CURVE('',#6585,#5770,#9457,.T.);
#9457 = SURFACE_CURVE('',#9458,(#9462,#9469),.PCURVE_S1.);
#9458 = LINE('',#9459,#9460);
#9459 = CARTESIAN_POINT('',(-20.,0.17695526217,5.));
#9460 = VECTOR('',#9461,1.);
#9461 = DIRECTION('',(-1.,0.,0.));
#9462 = PCURVE('',#5784,#9463);
#9463 = DEFINITIONAL_REPRESENTATION('',(#9464),#9468);
#9464 = LINE('',#9465,#9466);
#9465 = CARTESIAN_POINT('',(2.871572875254,0.));
#9466 = VECTOR('',#9467,1.);
#9467 = DIRECTION('',(0.,1.));
#9468 = ( GEOMETRIC_REPRESENTATION_CONTEXT(2) 
PARAMETRIC_REPRESENTATION_CONTEXT() REPRESENTATION_CONTEXT('2D SPACE',''
  ) );
#9469 = PCURVE('',#5863,#9470);
#9470 = DEFINITIONAL_REPRESENTATION('',(#9471),#9475);
#9471 = LINE('',#9472,#9473);
#9472 = CARTESIAN_POINT('',(4.17695526217,0.));
#9473 = VECTOR('',#9474,1.);
#9474 = DIRECTION('',(0.,1.));
#9475 = ( GEOMETRIC_REPRESENTATION_CONTEXT(2) 
PARAMETRIC_REPRESENTATION_CONTEXT() REPRESENTATION_CONTEXT('2D SPACE',''
  ) );
#9476 = ORIENTED_EDGE('',*,*,#6582,.F.);
#9477 = ORIENTED_EDGE('',*,*,#9478,.F.);
#9478 = EDGE_CURVE('',#5768,#6583,#9479,.T.);
#9479 = SURFACE_CURVE('',#9480,(#9484,#9491),.PCURVE_S1.);
#9480 = LINE('',#9481,#9482);
#9481 = CARTESIAN_POINT('',(-20.,1.,5.82304473783));
#9482 = VECTOR('',#9483,1.);
#9483 = DIRECTION('',(1.,0.,0.));
#9484 = PCURVE('',#5784,#9485);
#9485 = DEFINITIONAL_REPRESENTATION('',(#9486),#9490);
#9486 = LINE('',#9487,#9488);
#9487 = CARTESIAN_POINT('',(4.035533905933,0.));
#9488 = VECTOR('',#9489,1.);
#9489 = DIRECTION('',(0.,-1.));
#9490 = ( GEOMETRIC_REPRESENTATION_CONTEXT(2) 
PARAMETRIC_REPRESENTATION_CONTEXT() REPRESENTATION_CONTEXT('2D SPACE',''
  ) );
#9491 = PCURVE('',#5810,#9492);
#9492 = DEFINITIONAL_REPRESENTATION('',(#9493),#9497);
#9493 = LINE('',#9494,#9495);
#9494 = CARTESIAN_POINT('',(0.82304473783,0.));
#9495 = VECTOR('',#9496,1.);
#9496 = DIRECTION('',(0.,-1.));
#9497 = ( GEOMETRIC_REPRESENTATION_CONTEXT(2) 
PARAMETRIC_REPRESENTATION_CONTEXT() REPRESENTATION_CONTEXT('2D SPACE',''
  ) );
#9498 = ORIENTED_EDGE('',*,*,#5767,.T.);
#9499 = ADVANCED_FACE('',(#9500),#5810,.T.);
#9500 = FACE_BOUND('',#9501,.T.);
#9501 = EDGE_LOOP('',(#9502,#9503,#9524,#9525));
#9502 = ORIENTED_EDGE('',*,*,#5795,.T.);
#9503 = ORIENTED_EDGE('',*,*,#9504,.T.);
#9504 = EDGE_CURVE('',#5796,#6606,#9505,.T.);
#9505 = SURFACE_CURVE('',#9506,(#9510,#9517),.PCURVE_S1.);
#9506 = LINE('',#9507,#9508);
#9507 = CARTESIAN_POINT('',(-30.,1.,5.5));
#9508 = VECTOR('',#9509,1.);
#9509 = DIRECTION('',(1.,0.,0.));
#9510 = PCURVE('',#5810,#9511);
#9511 = DEFINITIONAL_REPRESENTATION('',(#9512),#9516);
#9512 = LINE('',#9513,#9514);
#9513 = CARTESIAN_POINT('',(0.5,10.));
#9514 = VECTOR('',#9515,1.);
#9515 = DIRECTION('',(0.,-1.));
#9516 = ( GEOMETRIC_REPRESENTATION_CONTEXT(2) 
PARAMETRIC_REPRESENTATION_CONTEXT() REPRESENTATION_CONTEXT('2D SPACE',''
  ) );
#9517 = PCURVE('',#5838,#9518);
#9518 = DEFINITIONAL_REPRESENTATION('',(#9519),#9523);
#9519 = LINE('',#9520,#9521);
#9520 = CARTESIAN_POINT('',(1.570796326795,0.));
#9521 = VECTOR('',#9522,1.);
#9522 = DIRECTION('',(0.,1.));
#9523 = ( GEOMETRIC_REPRESENTATION_CONTEXT(2) 
PARAMETRIC_REPRESENTATION_CONTEXT() REPRESENTATION_CONTEXT('2D SPACE',''
  ) );
#9524 = ORIENTED_EDGE('',*,*,#6605,.F.);
#9525 = ORIENTED_EDGE('',*,*,#9478,.F.);
#9526 = ADVANCED_FACE('',(#9527),#5863,.T.);
#9527 = FACE_BOUND('',#9528,.T.);
#9528 = EDGE_LOOP('',(#9529,#9530,#9531,#9552));
#9529 = ORIENTED_EDGE('',*,*,#9456,.F.);
#9530 = ORIENTED_EDGE('',*,*,#6650,.F.);
#9531 = ORIENTED_EDGE('',*,*,#9532,.F.);
#9532 = EDGE_CURVE('',#5822,#6627,#9533,.T.);
#9533 = SURFACE_CURVE('',#9534,(#9538,#9545),.PCURVE_S1.);
#9534 = LINE('',#9535,#9536);
#9535 = CARTESIAN_POINT('',(-30.,0.5,5.));
#9536 = VECTOR('',#9537,1.);
#9537 = DIRECTION('',(1.,0.,0.));
#9538 = PCURVE('',#5863,#9539);
#9539 = DEFINITIONAL_REPRESENTATION('',(#9540),#9544);
#9540 = LINE('',#9541,#9542);
#9541 = CARTESIAN_POINT('',(4.5,10.));
#9542 = VECTOR('',#9543,1.);
#9543 = DIRECTION('',(0.,-1.));
#9544 = ( GEOMETRIC_REPRESENTATION_CONTEXT(2) 
PARAMETRIC_REPRESENTATION_CONTEXT() REPRESENTATION_CONTEXT('2D SPACE',''
  ) );
#9545 = PCURVE('',#5838,#9546);
#9546 = DEFINITIONAL_REPRESENTATION('',(#9547),#9551);
#9547 = LINE('',#9548,#9549);
#9548 = CARTESIAN_POINT('',(0.,0.));
#9549 = VECTOR('',#9550,1.);
#9550 = DIRECTION('',(0.,1.));
#9551 = ( GEOMETRIC_REPRESENTATION_CONTEXT(2) 
PARAMETRIC_REPRESENTATION_CONTEXT() REPRESENTATION_CONTEXT('2D SPACE',''
  ) );
#9552 = ORIENTED_EDGE('',*,*,#5850,.T.);
#9553 = ADVANCED_FACE('',(#9554),#5838,.F.);
#9554 = FACE_BOUND('',#9555,.F.);
#9555 = EDGE_LOOP('',(#9556,#9557,#9558,#9559));
#9556 = ORIENTED_EDGE('',*,*,#9532,.F.);
#9557 = ORIENTED_EDGE('',*,*,#5821,.T.);
#9558 = ORIENTED_EDGE('',*,*,#9504,.T.);
#9559 = ORIENTED_EDGE('',*,*,#6626,.F.);
#9560 = ADVANCED_FACE('',(#9561,#9584),#5949,.T.);
#9561 = FACE_BOUND('',#9562,.T.);
#9562 = EDGE_LOOP('',(#9563,#9564,#9565,#9566,#9567,#9568,#9569,#9570,
    #9571,#9572,#9573,#9574,#9575,#9576,#9577,#9578,#9579,#9580,#9581,
    #9582,#9583));
#9563 = ORIENTED_EDGE('',*,*,#7833,.F.);
#9564 = ORIENTED_EDGE('',*,*,#7784,.T.);
#9565 = ORIENTED_EDGE('',*,*,#7887,.T.);
#9566 = ORIENTED_EDGE('',*,*,#7987,.T.);
#9567 = ORIENTED_EDGE('',*,*,#8090,.T.);
#9568 = ORIENTED_EDGE('',*,*,#8189,.T.);
#9569 = ORIENTED_EDGE('',*,*,#8288,.T.);
#9570 = ORIENTED_EDGE('',*,*,#8392,.T.);
#9571 = ORIENTED_EDGE('',*,*,#8490,.T.);
#9572 = ORIENTED_EDGE('',*,*,#8590,.T.);
#9573 = ORIENTED_EDGE('',*,*,#8710,.F.);
#9574 = ORIENTED_EDGE('',*,*,#8796,.F.);
#9575 = ORIENTED_EDGE('',*,*,#8742,.F.);
#9576 = ORIENTED_EDGE('',*,*,#8661,.T.);
#9577 = ORIENTED_EDGE('',*,*,#8562,.T.);
#9578 = ORIENTED_EDGE('',*,*,#8463,.T.);
#9579 = ORIENTED_EDGE('',*,*,#8338,.F.);
#9580 = ORIENTED_EDGE('',*,*,#8260,.T.);
#9581 = ORIENTED_EDGE('',*,*,#8162,.T.);
#9582 = ORIENTED_EDGE('',*,*,#8036,.F.);
#9583 = ORIENTED_EDGE('',*,*,#7937,.F.);
#9584 = FACE_BOUND('',#9585,.T.);
#9585 = EDGE_LOOP('',(#9586,#9587,#9588,#9589,#9590,#9591,#9592,#9593,
    #9594,#9595,#9596,#9597,#9598,#9599,#9600,#9601,#9602,#9603,#9604));
#9586 = ORIENTED_EDGE('',*,*,#6166,.F.);
#9587 = ORIENTED_EDGE('',*,*,#6142,.F.);
#9588 = ORIENTED_EDGE('',*,*,#6088,.F.);
#9589 = ORIENTED_EDGE('',*,*,#6041,.F.);
#9590 = ORIENTED_EDGE('',*,*,#5987,.T.);
#9591 = ORIENTED_EDGE('',*,*,#5936,.F.);
#9592 = ORIENTED_EDGE('',*,*,#7322,.F.);
#9593 = ORIENTED_EDGE('',*,*,#7291,.T.);
#9594 = ORIENTED_EDGE('',*,*,#7244,.F.);
#9595 = ORIENTED_EDGE('',*,*,#7190,.F.);
#9596 = ORIENTED_EDGE('',*,*,#7143,.F.);
#9597 = ORIENTED_EDGE('',*,*,#7066,.F.);
#9598 = ORIENTED_EDGE('',*,*,#7035,.T.);
#9599 = ORIENTED_EDGE('',*,*,#6988,.F.);
#9600 = ORIENTED_EDGE('',*,*,#6934,.T.);
#9601 = ORIENTED_EDGE('',*,*,#6888,.F.);
#9602 = ORIENTED_EDGE('',*,*,#6834,.T.);
#9603 = ORIENTED_EDGE('',*,*,#6296,.F.);
#9604 = ORIENTED_EDGE('',*,*,#6242,.T.);
#9605 = ( GEOMETRIC_REPRESENTATION_CONTEXT(3) 
GLOBAL_UNCERTAINTY_ASSIGNED_CONTEXT((#9609)) 
GLOBAL_UNIT_ASSIGNED_CONTEXT((#9606,#9607,#9608)) REPRESENTATION_CONTEXT
('Context #1','3D Context with UNIT and UNCERTAINTY') );
#9606 = ( LENGTH_UNIT() NAMED_UNIT(*) SI_UNIT(.MILLI.,.METRE.) );
#9607 = ( NAMED_UNIT(*) PLANE_ANGLE_UNIT() SI_UNIT($,.RADIAN.) );
#9608 = ( NAMED_UNIT(*) SI_UNIT($,.STERADIAN.) SOLID_ANGLE_UNIT() );
#9609 = UNCERTAINTY_MEASURE_WITH_UNIT(LENGTH_MEASURE(2.E-07),#9606,
  'distance_accuracy_value','confusion accuracy');
#9610 = PRODUCT_RELATED_PRODUCT_CATEGORY('part',$,(#7));
ENDSEC;
END-ISO-10303-21;
