ISO-10303-21;
HEADER;
FILE_DESCRIPTION(('Open CASCADE Model'),'2;1');
FILE_NAME('Open CASCADE Shape Model','2026-04-23T00:25:05',('Author'),(
    'Open CASCADE'),'Open CASCADE STEP processor 7.7','Open CASCADE 7.7'
  ,'Unknown');
FILE_SCHEMA(('AUTOMOTIVE_DESIGN { 1 0 10303 214 1 1 1 1 }'));
ENDSEC;
DATA;
#1 = APPLICATION_PROTOCOL_DEFINITION('international standard',
  'automotive_design',2000,#2);
#2 = APPLICATION_CONTEXT(
  'core data for automotive mechanical design processes');
#3 = SHAPE_DEFINITION_REPRESENTATION(#4,#10);
#4 = PRODUCT_DEFINITION_SHAPE('','',#5);
#5 = PRODUCT_DEFINITION('design','',#6,#9);
#6 = PRODUCT_DEFINITION_FORMATION('','',#7);
#7 = PRODUCT('Open CASCADE STEP translator 7.7 2',
  'Open CASCADE STEP translator 7.7 2','',(#8));
#8 = PRODUCT_CONTEXT('',#2,'mechanical');
#9 = PRODUCT_DEFINITION_CONTEXT('part definition',#2,'design');
#10 = ADVANCED_BREP_SHAPE_REPRESENTATION('',(#11,#15),#7913);
#11 = AXIS2_PLACEMENT_3D('',#12,#13,#14);
#12 = CARTESIAN_POINT('',(0.,0.,0.));
#13 = DIRECTION('',(0.,0.,1.));
#14 = DIRECTION('',(1.,0.,-0.));
#15 = MANIFOLD_SOLID_BREP('',#16);
#16 = CLOSED_SHELL('',(#17,#257,#1582,#1632,#1758,#1807,#1862,#1914,
    #3116,#3144,#3171,#3198,#3225,#3252,#3279,#3306,#3334,#3362,#3712,
    #3762,#4210,#4257,#4542,#4595,#4642,#4696,#4743,#4797,#4850,#5107,
    #5160,#5207,#5260,#5307,#5361,#5415,#5462,#5516,#5563,#5617,#5649,
    #5676,#5703,#5730,#5780,#5807,#5857,#5884,#5935,#5962,#6011,#6066,
    #6093,#6120,#6191,#6245,#6295,#6345,#6394,#6448,#6498,#6547,#6596,
    #6646,#6696,#6750,#6799,#6848,#6898,#6948,#6997,#7046,#7100,#7154,
    #7182,#7232,#7284,#7337,#7364,#7391,#7418,#7445,#7472,#7499,#7526,
    #7553,#7580,#7607,#7634,#7661,#7688,#7715,#7742,#7749,#7798,#7826,
    #7833,#7878,#7906));
#17 = ADVANCED_FACE('',(#18),#32,.F.);
#18 = FACE_BOUND('',#19,.F.);
#19 = EDGE_LOOP('',(#20,#54,#94,#120,#146,#179,#205,#231));
#20 = ORIENTED_EDGE('',*,*,#21,.F.);
#21 = EDGE_CURVE('',#22,#24,#26,.T.);
#22 = VERTEX_POINT('',#23);
#23 = CARTESIAN_POINT('',(20.125,-13.81943954598,4.));
#24 = VERTEX_POINT('',#25);
#25 = CARTESIAN_POINT('',(20.125,9.85,4.));
#26 = SURFACE_CURVE('',#27,(#31,#42),.PCURVE_S1.);
#27 = LINE('',#28,#29);
#28 = CARTESIAN_POINT('',(20.125,-8.925,4.));
#29 = VECTOR('',#30,1.);
#30 = DIRECTION('',(0.,1.,-0.));
#31 = PCURVE('',#32,#37);
#32 = PLANE('',#33);
#33 = AXIS2_PLACEMENT_3D('',#34,#35,#36);
#34 = CARTESIAN_POINT('',(20.125,-17.85,0.));
#35 = DIRECTION('',(-1.,0.,0.));
#36 = DIRECTION('',(0.,1.,0.));
#37 = DEFINITIONAL_REPRESENTATION('',(#38),#41);
#38 = B_SPLINE_CURVE_WITH_KNOTS('',1,(#39,#40),.UNSPECIFIED.,.F.,.F.,(2,
    2),(-4.894439545989,18.775),.PIECEWISE_BEZIER_KNOTS.);
#39 = CARTESIAN_POINT('',(4.030560454011,-4.));
#40 = CARTESIAN_POINT('',(27.700000000001,-4.));
#41 = ( GEOMETRIC_REPRESENTATION_CONTEXT(2) 
PARAMETRIC_REPRESENTATION_CONTEXT() REPRESENTATION_CONTEXT('2D SPACE',''
  ) );
#42 = PCURVE('',#43,#48);
#43 = PLANE('',#44);
#44 = AXIS2_PLACEMENT_3D('',#45,#46,#47);
#45 = CARTESIAN_POINT('',(0.,0.,4.));
#46 = DIRECTION('',(0.,0.,1.));
#47 = DIRECTION('',(1.,0.,-0.));
#48 = DEFINITIONAL_REPRESENTATION('',(#49),#53);
#49 = LINE('',#50,#51);
#50 = CARTESIAN_POINT('',(20.125,-8.925));
#51 = VECTOR('',#52,1.);
#52 = DIRECTION('',(0.,1.));
#53 = ( GEOMETRIC_REPRESENTATION_CONTEXT(2) 
PARAMETRIC_REPRESENTATION_CONTEXT() REPRESENTATION_CONTEXT('2D SPACE',''
  ) );
#54 = ORIENTED_EDGE('',*,*,#55,.T.);
#55 = EDGE_CURVE('',#22,#56,#58,.T.);
#56 = VERTEX_POINT('',#57);
#57 = CARTESIAN_POINT('',(20.125,-13.81943954598,11.));
#58 = SURFACE_CURVE('',#59,(#65,#71),.PCURVE_S1.);
#59 = B_SPLINE_CURVE_WITH_KNOTS('',2,(#60,#61,#62,#63,#64),
  .UNSPECIFIED.,.F.,.F.,(3,1,1,3),(-0.8568,6.170714980658E-14,14.,
    14.8568),.UNSPECIFIED.);
#60 = CARTESIAN_POINT('',(20.125,-13.81943954598,-0.8568));
#61 = CARTESIAN_POINT('',(20.125,-13.81943954598,-0.4284));
#62 = CARTESIAN_POINT('',(20.125,-13.81943954598,7.));
#63 = CARTESIAN_POINT('',(20.125,-13.81943954598,14.4284));
#64 = CARTESIAN_POINT('',(20.125,-13.81943954598,14.8568));
#65 = PCURVE('',#32,#66);
#66 = DEFINITIONAL_REPRESENTATION('',(#67),#70);
#67 = B_SPLINE_CURVE_WITH_KNOTS('',1,(#68,#69),.UNSPECIFIED.,.F.,.F.,(2,
    2),(6.170714980658E-14,14.),.PIECEWISE_BEZIER_KNOTS.);
#68 = CARTESIAN_POINT('',(4.030560454011,-1.7763568394E-15));
#69 = CARTESIAN_POINT('',(4.030560454011,-14.));
#70 = ( GEOMETRIC_REPRESENTATION_CONTEXT(2) 
PARAMETRIC_REPRESENTATION_CONTEXT() REPRESENTATION_CONTEXT('2D SPACE',''
  ) );
#71 = PCURVE('',#72,#88);
#72 = ( BOUNDED_SURFACE() B_SPLINE_SURFACE(2,2,(
    (#73,#74,#75,#76,#77)
    ,(#78,#79,#80,#81,#82)
    ,(#83,#84,#85,#86,#87
)),.UNSPECIFIED.,.F.,.F.,.F.) B_SPLINE_SURFACE_WITH_KNOTS((3,3),(3,1,1,3
    ),(0.,14.),(-0.8568,6.170714980658E-14,14.,14.8568),.UNSPECIFIED.) 
GEOMETRIC_REPRESENTATION_ITEM() RATIONAL_B_SPLINE_SURFACE((
    (1.,1.,1.,1.,1.)
    ,(0.614275865735,0.614275865735,0.614275865735,0.614275865735
      ,0.614275865735)
,(1.,1.,1.,1.,1.))) REPRESENTATION_ITEM('') SURFACE() );
#73 = CARTESIAN_POINT('',(20.125,-13.81943954598,-0.8568));
#74 = CARTESIAN_POINT('',(20.125,-13.81943954598,-0.4284));
#75 = CARTESIAN_POINT('',(20.125,-13.81943954598,7.));
#76 = CARTESIAN_POINT('',(20.125,-13.81943954598,14.4284));
#77 = CARTESIAN_POINT('',(20.125,-13.81943954598,14.8568));
#78 = CARTESIAN_POINT('',(20.125,-18.95779119134,-0.8568));
#79 = CARTESIAN_POINT('',(20.125,-18.95779119134,-0.4284));
#80 = CARTESIAN_POINT('',(20.125,-18.95779119134,7.));
#81 = CARTESIAN_POINT('',(20.125,-18.95779119134,14.4284));
#82 = CARTESIAN_POINT('',(20.125,-18.95779119134,14.8568));
#83 = CARTESIAN_POINT('',(15.143678713795,-17.69719772994,-0.8568));
#84 = CARTESIAN_POINT('',(15.143678713795,-17.69719772994,-0.4284));
#85 = CARTESIAN_POINT('',(15.143678713795,-17.69719772994,7.));
#86 = CARTESIAN_POINT('',(15.143678713795,-17.69719772994,14.4284));
#87 = CARTESIAN_POINT('',(15.143678713795,-17.69719772994,14.8568));
#88 = DEFINITIONAL_REPRESENTATION('',(#89),#93);
#89 = LINE('',#90,#91);
#90 = CARTESIAN_POINT('',(0.,0.));
#91 = VECTOR('',#92,1.);
#92 = DIRECTION('',(0.,1.));
#93 = ( GEOMETRIC_REPRESENTATION_CONTEXT(2) 
PARAMETRIC_REPRESENTATION_CONTEXT() REPRESENTATION_CONTEXT('2D SPACE',''
  ) );
#94 = ORIENTED_EDGE('',*,*,#95,.T.);
#95 = EDGE_CURVE('',#56,#96,#98,.T.);
#96 = VERTEX_POINT('',#97);
#97 = CARTESIAN_POINT('',(20.125,3.5,11.));
#98 = SURFACE_CURVE('',#99,(#103,#109),.PCURVE_S1.);
#99 = LINE('',#100,#101);
#100 = CARTESIAN_POINT('',(20.125,-8.925,11.));
#101 = VECTOR('',#102,1.);
#102 = DIRECTION('',(0.,1.,-0.));
#103 = PCURVE('',#32,#104);
#104 = DEFINITIONAL_REPRESENTATION('',(#105),#108);
#105 = B_SPLINE_CURVE_WITH_KNOTS('',1,(#106,#107),.UNSPECIFIED.,.F.,.F.,
  (2,2),(-4.894439545989,18.775),.PIECEWISE_BEZIER_KNOTS.);
#106 = CARTESIAN_POINT('',(4.030560454011,-11.));
#107 = CARTESIAN_POINT('',(27.700000000001,-11.));
#108 = ( GEOMETRIC_REPRESENTATION_CONTEXT(2) 
PARAMETRIC_REPRESENTATION_CONTEXT() REPRESENTATION_CONTEXT('2D SPACE',''
  ) );
#109 = PCURVE('',#110,#115);
#110 = PLANE('',#111);
#111 = AXIS2_PLACEMENT_3D('',#112,#113,#114);
#112 = CARTESIAN_POINT('',(0.,0.,11.));
#113 = DIRECTION('',(0.,0.,1.));
#114 = DIRECTION('',(1.,0.,-0.));
#115 = DEFINITIONAL_REPRESENTATION('',(#116),#119);
#116 = B_SPLINE_CURVE_WITH_KNOTS('',1,(#117,#118),.UNSPECIFIED.,.F.,.F.,
  (2,2),(-4.894439545989,18.775),.PIECEWISE_BEZIER_KNOTS.);
#117 = CARTESIAN_POINT('',(20.125,-13.81943954598));
#118 = CARTESIAN_POINT('',(20.125,9.85));
#119 = ( GEOMETRIC_REPRESENTATION_CONTEXT(2) 
PARAMETRIC_REPRESENTATION_CONTEXT() REPRESENTATION_CONTEXT('2D SPACE',''
  ) );
#120 = ORIENTED_EDGE('',*,*,#121,.F.);
#121 = EDGE_CURVE('',#122,#96,#124,.T.);
#122 = VERTEX_POINT('',#123);
#123 = CARTESIAN_POINT('',(20.125,3.5,6.5));
#124 = SURFACE_CURVE('',#125,(#129,#135),.PCURVE_S1.);
#125 = LINE('',#126,#127);
#126 = CARTESIAN_POINT('',(20.125,3.5,8.25));
#127 = VECTOR('',#128,1.);
#128 = DIRECTION('',(0.,0.,1.));
#129 = PCURVE('',#32,#130);
#130 = DEFINITIONAL_REPRESENTATION('',(#131),#134);
#131 = B_SPLINE_CURVE_WITH_KNOTS('',1,(#132,#133),.UNSPECIFIED.,.F.,.F.,
  (2,2),(-1.75,2.75),.PIECEWISE_BEZIER_KNOTS.);
#132 = CARTESIAN_POINT('',(21.35,-6.5));
#133 = CARTESIAN_POINT('',(21.35,-11.));
#134 = ( GEOMETRIC_REPRESENTATION_CONTEXT(2) 
PARAMETRIC_REPRESENTATION_CONTEXT() REPRESENTATION_CONTEXT('2D SPACE',''
  ) );
#135 = PCURVE('',#136,#141);
#136 = PLANE('',#137);
#137 = AXIS2_PLACEMENT_3D('',#138,#139,#140);
#138 = CARTESIAN_POINT('',(17.8,3.5,16.5));
#139 = DIRECTION('',(0.,-1.,0.));
#140 = DIRECTION('',(0.,0.,-1.));
#141 = DEFINITIONAL_REPRESENTATION('',(#142),#145);
#142 = B_SPLINE_CURVE_WITH_KNOTS('',1,(#143,#144),.UNSPECIFIED.,.F.,.F.,
  (2,2),(-1.75,2.75),.PIECEWISE_BEZIER_KNOTS.);
#143 = CARTESIAN_POINT('',(10.,2.325));
#144 = CARTESIAN_POINT('',(5.5,2.325));
#145 = ( GEOMETRIC_REPRESENTATION_CONTEXT(2) 
PARAMETRIC_REPRESENTATION_CONTEXT() REPRESENTATION_CONTEXT('2D SPACE',''
  ) );
#146 = ORIENTED_EDGE('',*,*,#147,.T.);
#147 = EDGE_CURVE('',#122,#148,#150,.T.);
#148 = VERTEX_POINT('',#149);
#149 = CARTESIAN_POINT('',(20.125,6.5,6.5));
#150 = SURFACE_CURVE('',#151,(#156,#167),.PCURVE_S1.);
#151 = CIRCLE('',#152,1.5);
#152 = AXIS2_PLACEMENT_3D('',#153,#154,#155);
#153 = CARTESIAN_POINT('',(20.125,5.,6.5));
#154 = DIRECTION('',(1.,0.,0.));
#155 = DIRECTION('',(0.,-1.,-7.401486830834E-17));
#156 = PCURVE('',#32,#157);
#157 = DEFINITIONAL_REPRESENTATION('',(#158),#166);
#158 = ( BOUNDED_CURVE() B_SPLINE_CURVE(2,(#159,#160,#161,#162,#163,#164
,#165),.UNSPECIFIED.,.T.,.F.) B_SPLINE_CURVE_WITH_KNOTS((1,2,2,2,2,1),(
    -2.094395102393,0.,2.094395102393,4.188790204786,6.28318530718,
8.377580409573),.UNSPECIFIED.) CURVE() GEOMETRIC_REPRESENTATION_ITEM() 
RATIONAL_B_SPLINE_CURVE((1.,0.5,1.,0.5,1.,0.5,1.)) REPRESENTATION_ITEM(
  '') );
#159 = CARTESIAN_POINT('',(21.35,-6.5));
#160 = CARTESIAN_POINT('',(21.35,-3.901923788647));
#161 = CARTESIAN_POINT('',(23.6,-5.200961894323));
#162 = CARTESIAN_POINT('',(25.85,-6.5));
#163 = CARTESIAN_POINT('',(23.6,-7.799038105677));
#164 = CARTESIAN_POINT('',(21.35,-9.098076211353));
#165 = CARTESIAN_POINT('',(21.35,-6.5));
#166 = ( GEOMETRIC_REPRESENTATION_CONTEXT(2) 
PARAMETRIC_REPRESENTATION_CONTEXT() REPRESENTATION_CONTEXT('2D SPACE',''
  ) );
#167 = PCURVE('',#168,#173);
#168 = CYLINDRICAL_SURFACE('',#169,1.5);
#169 = AXIS2_PLACEMENT_3D('',#170,#171,#172);
#170 = CARTESIAN_POINT('',(17.8,5.,6.5));
#171 = DIRECTION('',(1.,0.,0.));
#172 = DIRECTION('',(0.,-1.,-7.401486830834E-17));
#173 = DEFINITIONAL_REPRESENTATION('',(#174),#178);
#174 = LINE('',#175,#176);
#175 = CARTESIAN_POINT('',(0.,2.325));
#176 = VECTOR('',#177,1.);
#177 = DIRECTION('',(1.,0.));
#178 = ( GEOMETRIC_REPRESENTATION_CONTEXT(2) 
PARAMETRIC_REPRESENTATION_CONTEXT() REPRESENTATION_CONTEXT('2D SPACE',''
  ) );
#179 = ORIENTED_EDGE('',*,*,#180,.F.);
#180 = EDGE_CURVE('',#181,#148,#183,.T.);
#181 = VERTEX_POINT('',#182);
#182 = CARTESIAN_POINT('',(20.125,6.5,11.));
#183 = SURFACE_CURVE('',#184,(#188,#194),.PCURVE_S1.);
#184 = LINE('',#185,#186);
#185 = CARTESIAN_POINT('',(20.125,6.5,3.25));
#186 = VECTOR('',#187,1.);
#187 = DIRECTION('',(0.,0.,-1.));
#188 = PCURVE('',#32,#189);
#189 = DEFINITIONAL_REPRESENTATION('',(#190),#193);
#190 = B_SPLINE_CURVE_WITH_KNOTS('',1,(#191,#192),.UNSPECIFIED.,.F.,.F.,
  (2,2),(-7.75,-3.25),.PIECEWISE_BEZIER_KNOTS.);
#191 = CARTESIAN_POINT('',(24.35,-11.));
#192 = CARTESIAN_POINT('',(24.35,-6.5));
#193 = ( GEOMETRIC_REPRESENTATION_CONTEXT(2) 
PARAMETRIC_REPRESENTATION_CONTEXT() REPRESENTATION_CONTEXT('2D SPACE',''
  ) );
#194 = PCURVE('',#195,#200);
#195 = PLANE('',#196);
#196 = AXIS2_PLACEMENT_3D('',#197,#198,#199);
#197 = CARTESIAN_POINT('',(17.8,6.5,6.5));
#198 = DIRECTION('',(0.,1.,0.));
#199 = DIRECTION('',(0.,-0.,1.));
#200 = DEFINITIONAL_REPRESENTATION('',(#201),#204);
#201 = B_SPLINE_CURVE_WITH_KNOTS('',1,(#202,#203),.UNSPECIFIED.,.F.,.F.,
  (2,2),(-7.75,-3.25),.PIECEWISE_BEZIER_KNOTS.);
#202 = CARTESIAN_POINT('',(4.5,2.325));
#203 = CARTESIAN_POINT('',(0.,2.325));
#204 = ( GEOMETRIC_REPRESENTATION_CONTEXT(2) 
PARAMETRIC_REPRESENTATION_CONTEXT() REPRESENTATION_CONTEXT('2D SPACE',''
  ) );
#205 = ORIENTED_EDGE('',*,*,#206,.T.);
#206 = EDGE_CURVE('',#181,#207,#209,.T.);
#207 = VERTEX_POINT('',#208);
#208 = CARTESIAN_POINT('',(20.125,9.85,11.));
#209 = SURFACE_CURVE('',#210,(#214,#220),.PCURVE_S1.);
#210 = LINE('',#211,#212);
#211 = CARTESIAN_POINT('',(20.125,-8.925,11.));
#212 = VECTOR('',#213,1.);
#213 = DIRECTION('',(0.,1.,-0.));
#214 = PCURVE('',#32,#215);
#215 = DEFINITIONAL_REPRESENTATION('',(#216),#219);
#216 = B_SPLINE_CURVE_WITH_KNOTS('',1,(#217,#218),.UNSPECIFIED.,.F.,.F.,
  (2,2),(-4.894439545989,18.775),.PIECEWISE_BEZIER_KNOTS.);
#217 = CARTESIAN_POINT('',(4.030560454011,-11.));
#218 = CARTESIAN_POINT('',(27.700000000001,-11.));
#219 = ( GEOMETRIC_REPRESENTATION_CONTEXT(2) 
PARAMETRIC_REPRESENTATION_CONTEXT() REPRESENTATION_CONTEXT('2D SPACE',''
  ) );
#220 = PCURVE('',#221,#226);
#221 = PLANE('',#222);
#222 = AXIS2_PLACEMENT_3D('',#223,#224,#225);
#223 = CARTESIAN_POINT('',(0.,0.,11.));
#224 = DIRECTION('',(0.,0.,1.));
#225 = DIRECTION('',(1.,0.,-0.));
#226 = DEFINITIONAL_REPRESENTATION('',(#227),#230);
#227 = B_SPLINE_CURVE_WITH_KNOTS('',1,(#228,#229),.UNSPECIFIED.,.F.,.F.,
  (2,2),(-4.894439545989,18.775),.PIECEWISE_BEZIER_KNOTS.);
#228 = CARTESIAN_POINT('',(20.125,-13.81943954598));
#229 = CARTESIAN_POINT('',(20.125,9.85));
#230 = ( GEOMETRIC_REPRESENTATION_CONTEXT(2) 
PARAMETRIC_REPRESENTATION_CONTEXT() REPRESENTATION_CONTEXT('2D SPACE',''
  ) );
#231 = ORIENTED_EDGE('',*,*,#232,.F.);
#232 = EDGE_CURVE('',#24,#207,#233,.T.);
#233 = SURFACE_CURVE('',#234,(#238,#245),.PCURVE_S1.);
#234 = LINE('',#235,#236);
#235 = CARTESIAN_POINT('',(20.125,9.85,0.));
#236 = VECTOR('',#237,1.);
#237 = DIRECTION('',(0.,0.,1.));
#238 = PCURVE('',#32,#239);
#239 = DEFINITIONAL_REPRESENTATION('',(#240),#244);
#240 = LINE('',#241,#242);
#241 = CARTESIAN_POINT('',(27.700000000001,0.));
#242 = VECTOR('',#243,1.);
#243 = DIRECTION('',(0.,-1.));
#244 = ( GEOMETRIC_REPRESENTATION_CONTEXT(2) 
PARAMETRIC_REPRESENTATION_CONTEXT() REPRESENTATION_CONTEXT('2D SPACE',''
  ) );
#245 = PCURVE('',#246,#251);
#246 = CYLINDRICAL_SURFACE('',#247,4.);
#247 = AXIS2_PLACEMENT_3D('',#248,#249,#250);
#248 = CARTESIAN_POINT('',(16.125,9.85,0.));
#249 = DIRECTION('',(0.,0.,1.));
#250 = DIRECTION('',(-0.,1.,0.));
#251 = DEFINITIONAL_REPRESENTATION('',(#252),#256);
#252 = LINE('',#253,#254);
#253 = CARTESIAN_POINT('',(-1.570796326795,0.));
#254 = VECTOR('',#255,1.);
#255 = DIRECTION('',(-0.,1.));
#256 = ( GEOMETRIC_REPRESENTATION_CONTEXT(2) 
PARAMETRIC_REPRESENTATION_CONTEXT() REPRESENTATION_CONTEXT('2D SPACE',''
  ) );
#257 = ADVANCED_FACE('',(#258,#1442,#1477,#1512,#1547),#43,.F.);
#258 = FACE_BOUND('',#259,.F.);
#259 = EDGE_LOOP('',(#260,#291,#381,#382,#406,#433,#461,#488,#521,#554,
    #581,#614,#641,#674,#707,#734,#767,#794,#827,#854,#887,#920,#947,
    #980,#1007,#1040,#1062,#1090,#1112,#1141,#1168,#1276,#1305,#1332,
    #1361,#1388,#1417));
#260 = ORIENTED_EDGE('',*,*,#261,.T.);
#261 = EDGE_CURVE('',#262,#264,#266,.T.);
#262 = VERTEX_POINT('',#263);
#263 = CARTESIAN_POINT('',(12.633283728133,-16.17181919415,4.));
#264 = VERTEX_POINT('',#265);
#265 = CARTESIAN_POINT('',(15.143678713795,-17.69719772994,4.));
#266 = SURFACE_CURVE('',#267,(#272,#279),.PCURVE_S1.);
#267 = CIRCLE('',#268,5.);
#268 = AXIS2_PLACEMENT_3D('',#269,#270,#271);
#269 = CARTESIAN_POINT('',(16.370330321552,-12.85,4.));
#270 = DIRECTION('',(0.,0.,1.));
#271 = DIRECTION('',(-0.747409318684,-0.66436383883,0.));
#272 = PCURVE('',#43,#273);
#273 = DEFINITIONAL_REPRESENTATION('',(#274),#278);
#274 = CIRCLE('',#275,5.);
#275 = AXIS2_PLACEMENT_2D('',#276,#277);
#276 = CARTESIAN_POINT('',(16.370330321552,-12.85));
#277 = DIRECTION('',(-0.747409318684,-0.66436383883));
#278 = ( GEOMETRIC_REPRESENTATION_CONTEXT(2) 
PARAMETRIC_REPRESENTATION_CONTEXT() REPRESENTATION_CONTEXT('2D SPACE',''
  ) );
#279 = PCURVE('',#280,#285);
#280 = CYLINDRICAL_SURFACE('',#281,5.);
#281 = AXIS2_PLACEMENT_3D('',#282,#283,#284);
#282 = CARTESIAN_POINT('',(16.370330321552,-12.85,0.));
#283 = DIRECTION('',(0.,0.,1.));
#284 = DIRECTION('',(-0.747409318684,-0.66436383883,0.));
#285 = DEFINITIONAL_REPRESENTATION('',(#286),#290);
#286 = LINE('',#287,#288);
#287 = CARTESIAN_POINT('',(0.,4.));
#288 = VECTOR('',#289,1.);
#289 = DIRECTION('',(1.,0.));
#290 = ( GEOMETRIC_REPRESENTATION_CONTEXT(2) 
PARAMETRIC_REPRESENTATION_CONTEXT() REPRESENTATION_CONTEXT('2D SPACE',''
  ) );
#291 = ORIENTED_EDGE('',*,*,#292,.T.);
#292 = EDGE_CURVE('',#264,#22,#293,.T.);
#293 = SURFACE_CURVE('',#294,(#321,#351),.PCURVE_S1.);
#294 = B_SPLINE_CURVE_WITH_KNOTS('',7,(#295,#296,#297,#298,#299,#300,
    #301,#302,#303,#304,#305,#306,#307,#308,#309,#310,#311,#312,#313,
    #314,#315,#316,#317,#318,#319,#320),.UNSPECIFIED.,.F.,.F.,(8,6,6,6,8
    ),(0.,0.163278718394,0.5,0.836721281606,1.),.UNSPECIFIED.);
#295 = CARTESIAN_POINT('',(15.143678713795,-17.69719772994,4.));
#296 = CARTESIAN_POINT('',(15.290363462091,-17.73431837002,4.));
#297 = CARTESIAN_POINT('',(15.441317696319,-17.76563142379,4.));
#298 = CARTESIAN_POINT('',(15.596215918219,-17.79060980314,4.));
#299 = CARTESIAN_POINT('',(15.754652299261,-17.80874285208,4.));
#300 = CARTESIAN_POINT('',(15.91613808075,-17.81955511142,4.));
#301 = CARTESIAN_POINT('',(16.080105287139,-17.82262615835,4.));
#302 = CARTESIAN_POINT('',(16.587861187721,-17.80727009188,4.));
#303 = CARTESIAN_POINT('',(16.937784464273,-17.762537277,4.));
#304 = CARTESIAN_POINT('',(17.2899258223,-17.68034670533,4.));
#305 = CARTESIAN_POINT('',(17.637474657575,-17.55909714123,4.));
#306 = CARTESIAN_POINT('',(17.973133067867,-17.3991921959,4.));
#307 = CARTESIAN_POINT('',(18.289936528227,-17.20324515391,4.));
#308 = CARTESIAN_POINT('',(18.874270397652,-16.74836474886,4.));
#309 = CARTESIAN_POINT('',(19.141950703874,-16.4893146969,4.));
#310 = CARTESIAN_POINT('',(19.37931606721,-16.20314369168,4.));
#311 = CARTESIAN_POINT('',(19.582124457092,-15.89596230114,4.));
#312 = CARTESIAN_POINT('',(19.748194200177,-15.57474638228,4.));
#313 = CARTESIAN_POINT('',(19.87740674988,-15.24649123578,4.));
#314 = CARTESIAN_POINT('',(20.016861446342,-14.75801989477,4.));
#315 = CARTESIAN_POINT('',(20.054110379472,-14.59831017972,4.));
#316 = CARTESIAN_POINT('',(20.083245906379,-14.43910690197,4.));
#317 = CARTESIAN_POINT('',(20.10453625996,-14.28106382194,4.));
#318 = CARTESIAN_POINT('',(20.118322461807,-14.12477140619,4.));
#319 = CARTESIAN_POINT('',(20.125,-13.97074836034,4.));
#320 = CARTESIAN_POINT('',(20.125,-13.81943954598,4.));
#321 = PCURVE('',#43,#322);
#322 = DEFINITIONAL_REPRESENTATION('',(#323),#350);
#323 = B_SPLINE_CURVE_WITH_KNOTS('',7,(#324,#325,#326,#327,#328,#329,
    #330,#331,#332,#333,#334,#335,#336,#337,#338,#339,#340,#341,#342,
    #343,#344,#345,#346,#347,#348,#349),.UNSPECIFIED.,.F.,.F.,(8,6,6,6,8
    ),(0.,0.163278718394,0.5,0.836721281606,1.),.UNSPECIFIED.);
#324 = CARTESIAN_POINT('',(15.143678713795,-17.69719772994));
#325 = CARTESIAN_POINT('',(15.290363462091,-17.73431837002));
#326 = CARTESIAN_POINT('',(15.441317696319,-17.76563142379));
#327 = CARTESIAN_POINT('',(15.596215918219,-17.79060980314));
#328 = CARTESIAN_POINT('',(15.754652299261,-17.80874285208));
#329 = CARTESIAN_POINT('',(15.91613808075,-17.81955511142));
#330 = CARTESIAN_POINT('',(16.080105287139,-17.82262615835));
#331 = CARTESIAN_POINT('',(16.587861187721,-17.80727009188));
#332 = CARTESIAN_POINT('',(16.937784464273,-17.762537277));
#333 = CARTESIAN_POINT('',(17.2899258223,-17.68034670533));
#334 = CARTESIAN_POINT('',(17.637474657575,-17.55909714123));
#335 = CARTESIAN_POINT('',(17.973133067867,-17.3991921959));
#336 = CARTESIAN_POINT('',(18.289936528227,-17.20324515391));
#337 = CARTESIAN_POINT('',(18.874270397652,-16.74836474886));
#338 = CARTESIAN_POINT('',(19.141950703874,-16.4893146969));
#339 = CARTESIAN_POINT('',(19.37931606721,-16.20314369168));
#340 = CARTESIAN_POINT('',(19.582124457092,-15.89596230114));
#341 = CARTESIAN_POINT('',(19.748194200177,-15.57474638228));
#342 = CARTESIAN_POINT('',(19.87740674988,-15.24649123578));
#343 = CARTESIAN_POINT('',(20.016861446342,-14.75801989477));
#344 = CARTESIAN_POINT('',(20.054110379472,-14.59831017972));
#345 = CARTESIAN_POINT('',(20.083245906379,-14.43910690197));
#346 = CARTESIAN_POINT('',(20.10453625996,-14.28106382194));
#347 = CARTESIAN_POINT('',(20.118322461807,-14.12477140619));
#348 = CARTESIAN_POINT('',(20.125,-13.97074836034));
#349 = CARTESIAN_POINT('',(20.125,-13.81943954598));
#350 = ( GEOMETRIC_REPRESENTATION_CONTEXT(2) 
PARAMETRIC_REPRESENTATION_CONTEXT() REPRESENTATION_CONTEXT('2D SPACE',''
  ) );
#351 = PCURVE('',#72,#352);
#352 = DEFINITIONAL_REPRESENTATION('',(#353),#380);
#353 = B_SPLINE_CURVE_WITH_KNOTS('',7,(#354,#355,#356,#357,#358,#359,
    #360,#361,#362,#363,#364,#365,#366,#367,#368,#369,#370,#371,#372,
    #373,#374,#375,#376,#377,#378,#379),.UNSPECIFIED.,.F.,.F.,(8,6,6,6,8
    ),(0.,0.163278718394,0.5,0.836721281606,1.),.UNSPECIFIED.);
#354 = CARTESIAN_POINT('',(14.,4.));
#355 = CARTESIAN_POINT('',(13.664436285261,4.));
#356 = CARTESIAN_POINT('',(13.330092069687,4.));
#357 = CARTESIAN_POINT('',(12.996963876769,4.));
#358 = CARTESIAN_POINT('',(12.665032260757,4.));
#359 = CARTESIAN_POINT('',(12.334261582963,4.));
#360 = CARTESIAN_POINT('',(12.004602905153,4.));
#361 = CARTESIAN_POINT('',(10.998339172853,4.));
#362 = CARTESIAN_POINT('',(10.324899750106,4.));
#363 = CARTESIAN_POINT('',(9.655562262594,4.));
#364 = CARTESIAN_POINT('',(8.989563407543,4.));
#365 = CARTESIAN_POINT('',(8.32570805902,4.));
#366 = CARTESIAN_POINT('',(7.662769179224,4.));
#367 = CARTESIAN_POINT('',(6.337230820777,4.));
#368 = CARTESIAN_POINT('',(5.674291940979,4.));
#369 = CARTESIAN_POINT('',(5.010436592463,4.));
#370 = CARTESIAN_POINT('',(4.3444377374,4.));
#371 = CARTESIAN_POINT('',(3.675100249899,4.));
#372 = CARTESIAN_POINT('',(3.001660827146,4.));
#373 = CARTESIAN_POINT('',(1.995397094848,4.));
#374 = CARTESIAN_POINT('',(1.665738417037,4.));
#375 = CARTESIAN_POINT('',(1.334967739244,4.));
#376 = CARTESIAN_POINT('',(1.003036123231,4.));
#377 = CARTESIAN_POINT('',(0.669907930313,4.));
#378 = CARTESIAN_POINT('',(0.33556371474,4.));
#379 = CARTESIAN_POINT('',(0.,4.));
#380 = ( GEOMETRIC_REPRESENTATION_CONTEXT(2) 
PARAMETRIC_REPRESENTATION_CONTEXT() REPRESENTATION_CONTEXT('2D SPACE',''
  ) );
#381 = ORIENTED_EDGE('',*,*,#21,.T.);
#382 = ORIENTED_EDGE('',*,*,#383,.T.);
#383 = EDGE_CURVE('',#24,#384,#386,.T.);
#384 = VERTEX_POINT('',#385);
#385 = CARTESIAN_POINT('',(16.125,13.85,4.));
#386 = SURFACE_CURVE('',#387,(#392,#399),.PCURVE_S1.);
#387 = CIRCLE('',#388,4.);
#388 = AXIS2_PLACEMENT_3D('',#389,#390,#391);
#389 = CARTESIAN_POINT('',(16.125,9.85,4.));
#390 = DIRECTION('',(0.,0.,1.));
#391 = DIRECTION('',(-0.,1.,0.));
#392 = PCURVE('',#43,#393);
#393 = DEFINITIONAL_REPRESENTATION('',(#394),#398);
#394 = CIRCLE('',#395,4.);
#395 = AXIS2_PLACEMENT_2D('',#396,#397);
#396 = CARTESIAN_POINT('',(16.125,9.85));
#397 = DIRECTION('',(0.,1.));
#398 = ( GEOMETRIC_REPRESENTATION_CONTEXT(2) 
PARAMETRIC_REPRESENTATION_CONTEXT() REPRESENTATION_CONTEXT('2D SPACE',''
  ) );
#399 = PCURVE('',#246,#400);
#400 = DEFINITIONAL_REPRESENTATION('',(#401),#405);
#401 = LINE('',#402,#403);
#402 = CARTESIAN_POINT('',(-6.28318530718,4.));
#403 = VECTOR('',#404,1.);
#404 = DIRECTION('',(1.,-0.));
#405 = ( GEOMETRIC_REPRESENTATION_CONTEXT(2) 
PARAMETRIC_REPRESENTATION_CONTEXT() REPRESENTATION_CONTEXT('2D SPACE',''
  ) );
#406 = ORIENTED_EDGE('',*,*,#407,.T.);
#407 = EDGE_CURVE('',#384,#408,#410,.T.);
#408 = VERTEX_POINT('',#409);
#409 = CARTESIAN_POINT('',(5.,13.85,4.));
#410 = SURFACE_CURVE('',#411,(#415,#422),.PCURVE_S1.);
#411 = LINE('',#412,#413);
#412 = CARTESIAN_POINT('',(10.0625,13.85,4.));
#413 = VECTOR('',#414,1.);
#414 = DIRECTION('',(-1.,0.,0.));
#415 = PCURVE('',#43,#416);
#416 = DEFINITIONAL_REPRESENTATION('',(#417),#421);
#417 = LINE('',#418,#419);
#418 = CARTESIAN_POINT('',(10.0625,13.85));
#419 = VECTOR('',#420,1.);
#420 = DIRECTION('',(-1.,0.));
#421 = ( GEOMETRIC_REPRESENTATION_CONTEXT(2) 
PARAMETRIC_REPRESENTATION_CONTEXT() REPRESENTATION_CONTEXT('2D SPACE',''
  ) );
#422 = PCURVE('',#423,#428);
#423 = PLANE('',#424);
#424 = AXIS2_PLACEMENT_3D('',#425,#426,#427);
#425 = CARTESIAN_POINT('',(20.125,13.85,0.));
#426 = DIRECTION('',(0.,-1.,0.));
#427 = DIRECTION('',(-1.,0.,0.));
#428 = DEFINITIONAL_REPRESENTATION('',(#429),#432);
#429 = B_SPLINE_CURVE_WITH_KNOTS('',1,(#430,#431),.UNSPECIFIED.,.F.,.F.,
  (2,2),(-6.0625,26.1875),.PIECEWISE_BEZIER_KNOTS.);
#430 = CARTESIAN_POINT('',(4.,-4.));
#431 = CARTESIAN_POINT('',(36.250000000001,-4.));
#432 = ( GEOMETRIC_REPRESENTATION_CONTEXT(2) 
PARAMETRIC_REPRESENTATION_CONTEXT() REPRESENTATION_CONTEXT('2D SPACE',''
  ) );
#433 = ORIENTED_EDGE('',*,*,#434,.F.);
#434 = EDGE_CURVE('',#435,#408,#437,.T.);
#435 = VERTEX_POINT('',#436);
#436 = CARTESIAN_POINT('',(5.,11.849226437686,4.));
#437 = SURFACE_CURVE('',#438,(#442,#449),.PCURVE_S1.);
#438 = LINE('',#439,#440);
#439 = CARTESIAN_POINT('',(5.,-6.123233995737E-16,4.));
#440 = VECTOR('',#441,1.);
#441 = DIRECTION('',(1.224646799147E-16,1.,0.));
#442 = PCURVE('',#43,#443);
#443 = DEFINITIONAL_REPRESENTATION('',(#444),#448);
#444 = LINE('',#445,#446);
#445 = CARTESIAN_POINT('',(5.,-6.123233995737E-16));
#446 = VECTOR('',#447,1.);
#447 = DIRECTION('',(1.224646799147E-16,1.));
#448 = ( GEOMETRIC_REPRESENTATION_CONTEXT(2) 
PARAMETRIC_REPRESENTATION_CONTEXT() REPRESENTATION_CONTEXT('2D SPACE',''
  ) );
#449 = PCURVE('',#450,#455);
#450 = PLANE('',#451);
#451 = AXIS2_PLACEMENT_3D('',#452,#453,#454);
#452 = CARTESIAN_POINT('',(5.,-6.123233995737E-16,7.6));
#453 = DIRECTION('',(-1.,1.224646799147E-16,0.));
#454 = DIRECTION('',(-0.,0.,-1.));
#455 = DEFINITIONAL_REPRESENTATION('',(#456),#460);
#456 = LINE('',#457,#458);
#457 = CARTESIAN_POINT('',(3.6,-0.));
#458 = VECTOR('',#459,1.);
#459 = DIRECTION('',(0.,-1.));
#460 = ( GEOMETRIC_REPRESENTATION_CONTEXT(2) 
PARAMETRIC_REPRESENTATION_CONTEXT() REPRESENTATION_CONTEXT('2D SPACE',''
  ) );
#461 = ORIENTED_EDGE('',*,*,#462,.T.);
#462 = EDGE_CURVE('',#435,#463,#465,.T.);
#463 = VERTEX_POINT('',#464);
#464 = CARTESIAN_POINT('',(9.324992205188,11.848993000291,4.));
#465 = SURFACE_CURVE('',#466,(#470,#477),.PCURVE_S1.);
#466 = LINE('',#467,#468);
#467 = CARTESIAN_POINT('',(4.662815885313,11.849244636882,4.));
#468 = VECTOR('',#469,1.);
#469 = DIRECTION('',(0.999999998543,-5.397406128484E-05,0.));
#470 = PCURVE('',#43,#471);
#471 = DEFINITIONAL_REPRESENTATION('',(#472),#476);
#472 = LINE('',#473,#474);
#473 = CARTESIAN_POINT('',(4.662815885313,11.849244636882));
#474 = VECTOR('',#475,1.);
#475 = DIRECTION('',(0.999999998543,-5.397406128484E-05));
#476 = ( GEOMETRIC_REPRESENTATION_CONTEXT(2) 
PARAMETRIC_REPRESENTATION_CONTEXT() REPRESENTATION_CONTEXT('2D SPACE',''
  ) );
#477 = PCURVE('',#478,#483);
#478 = PLANE('',#479);
#479 = AXIS2_PLACEMENT_3D('',#480,#481,#482);
#480 = CARTESIAN_POINT('',(9.324992205188,11.848993000291,-29.25001));
#481 = DIRECTION('',(-5.397406128484E-05,-0.999999998543,0.));
#482 = DIRECTION('',(-0.999999998543,5.397406128484E-05,0.));
#483 = DEFINITIONAL_REPRESENTATION('',(#484),#487);
#484 = B_SPLINE_CURVE_WITH_KNOTS('',1,(#485,#486),.UNSPECIFIED.,.F.,.F.,
  (2,2),(-13.99488047356,4.662176326665),.PIECEWISE_BEZIER_KNOTS.);
#485 = CARTESIAN_POINT('',(18.65705680023,-33.25001));
#486 = CARTESIAN_POINT('',(0.,-33.25001));
#487 = ( GEOMETRIC_REPRESENTATION_CONTEXT(2) 
PARAMETRIC_REPRESENTATION_CONTEXT() REPRESENTATION_CONTEXT('2D SPACE',''
  ) );
#488 = ORIENTED_EDGE('',*,*,#489,.F.);
#489 = EDGE_CURVE('',#490,#463,#492,.T.);
#490 = VERTEX_POINT('',#491);
#491 = CARTESIAN_POINT('',(9.325003149415,11.848993,4.));
#492 = SURFACE_CURVE('',#493,(#498,#509),.PCURVE_S1.);
#493 = CIRCLE('',#494,0.2);
#494 = AXIS2_PLACEMENT_3D('',#495,#496,#497);
#495 = CARTESIAN_POINT('',(9.325003,12.048993,4.));
#496 = DIRECTION('',(0.,0.,-1.));
#497 = DIRECTION('',(1.,7.470757631669E-07,0.));
#498 = PCURVE('',#43,#499);
#499 = DEFINITIONAL_REPRESENTATION('',(#500),#508);
#500 = ( BOUNDED_CURVE() B_SPLINE_CURVE(2,(#501,#502,#503,#504,#505,#506
,#507),.UNSPECIFIED.,.T.,.F.) B_SPLINE_CURVE_WITH_KNOTS((1,2,2,2,2,1),(
    -2.094395102393,0.,2.094395102393,4.188790204786,6.28318530718,
8.377580409573),.UNSPECIFIED.) CURVE() GEOMETRIC_REPRESENTATION_ITEM() 
RATIONAL_B_SPLINE_CURVE((1.,0.5,1.,0.5,1.,0.5,1.)) REPRESENTATION_ITEM(
  '') );
#501 = CARTESIAN_POINT('',(9.525003,12.048993149415));
#502 = CARTESIAN_POINT('',(9.525003258795,11.702582987901));
#503 = CARTESIAN_POINT('',(9.225003129397,11.875787844536));
#504 = CARTESIAN_POINT('',(8.925003,12.04899270117));
#505 = CARTESIAN_POINT('',(9.225002870603,12.222198006049));
#506 = CARTESIAN_POINT('',(9.525002741205,12.395403310929));
#507 = CARTESIAN_POINT('',(9.525003,12.048993149415));
#508 = ( GEOMETRIC_REPRESENTATION_CONTEXT(2) 
PARAMETRIC_REPRESENTATION_CONTEXT() REPRESENTATION_CONTEXT('2D SPACE',''
  ) );
#509 = PCURVE('',#510,#515);
#510 = CYLINDRICAL_SURFACE('',#511,0.2);
#511 = AXIS2_PLACEMENT_3D('',#512,#513,#514);
#512 = CARTESIAN_POINT('',(9.325003,12.048993,-29.25001));
#513 = DIRECTION('',(0.,0.,-1.));
#514 = DIRECTION('',(1.,7.470757631669E-07,0.));
#515 = DEFINITIONAL_REPRESENTATION('',(#516),#520);
#516 = LINE('',#517,#518);
#517 = CARTESIAN_POINT('',(0.,-33.25001));
#518 = VECTOR('',#519,1.);
#519 = DIRECTION('',(1.,0.));
#520 = ( GEOMETRIC_REPRESENTATION_CONTEXT(2) 
PARAMETRIC_REPRESENTATION_CONTEXT() REPRESENTATION_CONTEXT('2D SPACE',''
  ) );
#521 = ORIENTED_EDGE('',*,*,#522,.T.);
#522 = EDGE_CURVE('',#490,#523,#525,.T.);
#523 = VERTEX_POINT('',#524);
#524 = CARTESIAN_POINT('',(10.125003,11.048993074708,4.));
#525 = SURFACE_CURVE('',#526,(#531,#542),.PCURVE_S1.);
#526 = CIRCLE('',#527,0.799999252925);
#527 = AXIS2_PLACEMENT_3D('',#528,#529,#530);
#528 = CARTESIAN_POINT('',(9.325003747075,11.048993747075,4.));
#529 = DIRECTION('',(0.,0.,-1.));
#530 = DIRECTION('',(1.,-7.470757634981E-07,0.));
#531 = PCURVE('',#43,#532);
#532 = DEFINITIONAL_REPRESENTATION('',(#533),#541);
#533 = ( BOUNDED_CURVE() B_SPLINE_CURVE(2,(#534,#535,#536,#537,#538,#539
,#540),.UNSPECIFIED.,.T.,.F.) B_SPLINE_CURVE_WITH_KNOTS((1,2,2,2,2,1),(
    -2.094395102393,0.,2.094395102393,4.188790204786,6.28318530718,
8.377580409573),.UNSPECIFIED.) CURVE() GEOMETRIC_REPRESENTATION_ITEM() 
RATIONAL_B_SPLINE_CURVE((1.,0.5,1.,0.5,1.,0.5,1.)) REPRESENTATION_ITEM(
  '') );
#534 = CARTESIAN_POINT('',(10.125003,11.048993149415));
#535 = CARTESIAN_POINT('',(10.125001964822,9.663353797332));
#536 = CARTESIAN_POINT('',(8.925003603024,10.356174369864));
#537 = CARTESIAN_POINT('',(7.725005241226,11.048994942395));
#538 = CARTESIAN_POINT('',(8.925004638202,11.741813721947));
#539 = CARTESIAN_POINT('',(10.125004035178,12.434632501498));
#540 = CARTESIAN_POINT('',(10.125003,11.048993149415));
#541 = ( GEOMETRIC_REPRESENTATION_CONTEXT(2) 
PARAMETRIC_REPRESENTATION_CONTEXT() REPRESENTATION_CONTEXT('2D SPACE',''
  ) );
#542 = PCURVE('',#543,#548);
#543 = CYLINDRICAL_SURFACE('',#544,0.799999252925);
#544 = AXIS2_PLACEMENT_3D('',#545,#546,#547);
#545 = CARTESIAN_POINT('',(9.325003747075,11.048993747075,-29.25001));
#546 = DIRECTION('',(0.,0.,-1.));
#547 = DIRECTION('',(1.,-7.470757634981E-07,0.));
#548 = DEFINITIONAL_REPRESENTATION('',(#549),#553);
#549 = LINE('',#550,#551);
#550 = CARTESIAN_POINT('',(-12.56637061435,-33.25001));
#551 = VECTOR('',#552,1.);
#552 = DIRECTION('',(1.,-0.));
#553 = ( GEOMETRIC_REPRESENTATION_CONTEXT(2) 
PARAMETRIC_REPRESENTATION_CONTEXT() REPRESENTATION_CONTEXT('2D SPACE',''
  ) );
#554 = ORIENTED_EDGE('',*,*,#555,.T.);
#555 = EDGE_CURVE('',#523,#556,#558,.T.);
#556 = VERTEX_POINT('',#557);
#557 = CARTESIAN_POINT('',(10.125003,3.456094252925,4.));
#558 = SURFACE_CURVE('',#559,(#563,#570),.PCURVE_S1.);
#559 = LINE('',#560,#561);
#560 = CARTESIAN_POINT('',(10.125003,1.728047126462,4.));
#561 = VECTOR('',#562,1.);
#562 = DIRECTION('',(-2.339497829946E-16,-1.,0.));
#563 = PCURVE('',#43,#564);
#564 = DEFINITIONAL_REPRESENTATION('',(#565),#569);
#565 = LINE('',#566,#567);
#566 = CARTESIAN_POINT('',(10.125003,1.728047126462));
#567 = VECTOR('',#568,1.);
#568 = DIRECTION('',(-2.339497829946E-16,-1.));
#569 = ( GEOMETRIC_REPRESENTATION_CONTEXT(2) 
PARAMETRIC_REPRESENTATION_CONTEXT() REPRESENTATION_CONTEXT('2D SPACE',''
  ) );
#570 = PCURVE('',#571,#576);
#571 = PLANE('',#572);
#572 = AXIS2_PLACEMENT_3D('',#573,#574,#575);
#573 = CARTESIAN_POINT('',(10.125003,3.456094252925,-29.25001));
#574 = DIRECTION('',(-1.,2.339497829946E-16,0.));
#575 = DIRECTION('',(2.339497829946E-16,1.,0.));
#576 = DEFINITIONAL_REPRESENTATION('',(#577),#580);
#577 = B_SPLINE_CURVE_WITH_KNOTS('',1,(#578,#579),.UNSPECIFIED.,.F.,.F.,
  (2,2),(-9.320945873538,-1.728047126462),.PIECEWISE_BEZIER_KNOTS.);
#578 = CARTESIAN_POINT('',(7.592898747075,-33.25001));
#579 = CARTESIAN_POINT('',(2.22044604925E-16,-33.25001));
#580 = ( GEOMETRIC_REPRESENTATION_CONTEXT(2) 
PARAMETRIC_REPRESENTATION_CONTEXT() REPRESENTATION_CONTEXT('2D SPACE',''
  ) );
#581 = ORIENTED_EDGE('',*,*,#582,.F.);
#582 = EDGE_CURVE('',#583,#556,#585,.T.);
#583 = VERTEX_POINT('',#584);
#584 = CARTESIAN_POINT('',(11.32489686094,2.256095004628,4.));
#585 = SURFACE_CURVE('',#586,(#591,#602),.PCURVE_S1.);
#586 = CIRCLE('',#587,1.199999252925);
#587 = AXIS2_PLACEMENT_3D('',#588,#589,#590);
#588 = CARTESIAN_POINT('',(11.325002252925,3.456094252925,4.));
#589 = DIRECTION('',(-0.,0.,-1.));
#590 = DIRECTION('',(-1.,7.470757634981E-07,0.));
#591 = PCURVE('',#43,#592);
#592 = DEFINITIONAL_REPRESENTATION('',(#593),#601);
#593 = ( BOUNDED_CURVE() B_SPLINE_CURVE(2,(#594,#595,#596,#597,#598,#599
,#600),.UNSPECIFIED.,.T.,.F.) B_SPLINE_CURVE_WITH_KNOTS((1,2,2,2,2,1),(
    -2.094395102393,0.,2.094395102393,4.188790204786,6.28318530718,
8.377580409573),.UNSPECIFIED.) CURVE() GEOMETRIC_REPRESENTATION_ITEM() 
RATIONAL_B_SPLINE_CURVE((1.,0.5,1.,0.5,1.,0.5,1.)) REPRESENTATION_ITEM(
  '') );
#594 = CARTESIAN_POINT('',(10.125003,3.456095149415));
#595 = CARTESIAN_POINT('',(10.125004552767,5.534554824525));
#596 = CARTESIAN_POINT('',(11.925002655771,4.495323642235));
#597 = CARTESIAN_POINT('',(13.725000758774,3.456092459944));
#598 = CARTESIAN_POINT('',(11.925001103004,2.416863967124));
#599 = CARTESIAN_POINT('',(10.125001447233,1.377635474305));
#600 = CARTESIAN_POINT('',(10.125003,3.456095149415));
#601 = ( GEOMETRIC_REPRESENTATION_CONTEXT(2) 
PARAMETRIC_REPRESENTATION_CONTEXT() REPRESENTATION_CONTEXT('2D SPACE',''
  ) );
#602 = PCURVE('',#603,#608);
#603 = CYLINDRICAL_SURFACE('',#604,1.199999252925);
#604 = AXIS2_PLACEMENT_3D('',#605,#606,#607);
#605 = CARTESIAN_POINT('',(11.325002252925,3.456094252925,-29.25001));
#606 = DIRECTION('',(-0.,-0.,-1.));
#607 = DIRECTION('',(-1.,7.470757634981E-07,0.));
#608 = DEFINITIONAL_REPRESENTATION('',(#609),#613);
#609 = LINE('',#610,#611);
#610 = CARTESIAN_POINT('',(-12.56637061435,-33.25001));
#611 = VECTOR('',#612,1.);
#612 = DIRECTION('',(1.,-0.));
#613 = ( GEOMETRIC_REPRESENTATION_CONTEXT(2) 
PARAMETRIC_REPRESENTATION_CONTEXT() REPRESENTATION_CONTEXT('2D SPACE',''
  ) );
#614 = ORIENTED_EDGE('',*,*,#615,.T.);
#615 = EDGE_CURVE('',#583,#616,#618,.T.);
#616 = VERTEX_POINT('',#617);
#617 = CARTESIAN_POINT('',(17.324796833337,2.250000103192,4.));
#618 = SURFACE_CURVE('',#619,(#623,#630),.PCURVE_S1.);
#619 = LINE('',#620,#621);
#620 = CARTESIAN_POINT('',(8.663550167492,2.258798490662,4.));
#621 = VECTOR('',#622,1.);
#622 = DIRECTION('',(0.999999484041,-1.015833317122E-03,0.));
#623 = PCURVE('',#43,#624);
#624 = DEFINITIONAL_REPRESENTATION('',(#625),#629);
#625 = LINE('',#626,#627);
#626 = CARTESIAN_POINT('',(8.663550167492,2.258798490662));
#627 = VECTOR('',#628,1.);
#628 = DIRECTION('',(0.999999484041,-1.015833317122E-03));
#629 = ( GEOMETRIC_REPRESENTATION_CONTEXT(2) 
PARAMETRIC_REPRESENTATION_CONTEXT() REPRESENTATION_CONTEXT('2D SPACE',''
  ) );
#630 = PCURVE('',#631,#636);
#631 = PLANE('',#632);
#632 = AXIS2_PLACEMENT_3D('',#633,#634,#635);
#633 = CARTESIAN_POINT('',(17.324796833337,2.250000103192,-29.25001));
#634 = DIRECTION('',(-1.015833317122E-03,-0.999999484041,0.));
#635 = DIRECTION('',(-0.999999484041,1.015833317122E-03,0.));
#636 = DEFINITIONAL_REPRESENTATION('',(#637),#640);
#637 = B_SPLINE_CURVE_WITH_KNOTS('',1,(#638,#639),.UNSPECIFIED.,.F.,.F.,
  (2,2),(2.661348066594,8.661251134693),.PIECEWISE_BEZIER_KNOTS.);
#638 = CARTESIAN_POINT('',(5.999903068099,-33.25001));
#639 = CARTESIAN_POINT('',(0.,-33.25001));
#640 = ( GEOMETRIC_REPRESENTATION_CONTEXT(2) 
PARAMETRIC_REPRESENTATION_CONTEXT() REPRESENTATION_CONTEXT('2D SPACE',''
  ) );
#641 = ORIENTED_EDGE('',*,*,#642,.F.);
#642 = EDGE_CURVE('',#643,#616,#645,.T.);
#643 = VERTEX_POINT('',#644);
#644 = CARTESIAN_POINT('',(17.325000149415,2.25,4.));
#645 = SURFACE_CURVE('',#646,(#651,#662),.PCURVE_S1.);
#646 = CIRCLE('',#647,0.2);
#647 = AXIS2_PLACEMENT_3D('',#648,#649,#650);
#648 = CARTESIAN_POINT('',(17.325,2.45,4.));
#649 = DIRECTION('',(0.,0.,-1.));
#650 = DIRECTION('',(1.,7.470757489561E-07,0.));
#651 = PCURVE('',#43,#652);
#652 = DEFINITIONAL_REPRESENTATION('',(#653),#661);
#653 = ( BOUNDED_CURVE() B_SPLINE_CURVE(2,(#654,#655,#656,#657,#658,#659
,#660),.UNSPECIFIED.,.T.,.F.) B_SPLINE_CURVE_WITH_KNOTS((1,2,2,2,2,1),(
    -2.094395102393,0.,2.094395102393,4.188790204786,6.28318530718,
8.377580409573),.UNSPECIFIED.) CURVE() GEOMETRIC_REPRESENTATION_ITEM() 
RATIONAL_B_SPLINE_CURVE((1.,0.5,1.,0.5,1.,0.5,1.)) REPRESENTATION_ITEM(
  '') );
#654 = CARTESIAN_POINT('',(17.525,2.450000149415));
#655 = CARTESIAN_POINT('',(17.525000258795,2.103589987901));
#656 = CARTESIAN_POINT('',(17.225000129397,2.276794844536));
#657 = CARTESIAN_POINT('',(16.925,2.44999970117));
#658 = CARTESIAN_POINT('',(17.224999870603,2.623205006049));
#659 = CARTESIAN_POINT('',(17.524999741205,2.796410310929));
#660 = CARTESIAN_POINT('',(17.525,2.450000149415));
#661 = ( GEOMETRIC_REPRESENTATION_CONTEXT(2) 
PARAMETRIC_REPRESENTATION_CONTEXT() REPRESENTATION_CONTEXT('2D SPACE',''
  ) );
#662 = PCURVE('',#663,#668);
#663 = CYLINDRICAL_SURFACE('',#664,0.2);
#664 = AXIS2_PLACEMENT_3D('',#665,#666,#667);
#665 = CARTESIAN_POINT('',(17.325,2.45,-29.25001));
#666 = DIRECTION('',(0.,0.,-1.));
#667 = DIRECTION('',(1.,7.470757489561E-07,0.));
#668 = DEFINITIONAL_REPRESENTATION('',(#669),#673);
#669 = LINE('',#670,#671);
#670 = CARTESIAN_POINT('',(0.,-33.25001));
#671 = VECTOR('',#672,1.);
#672 = DIRECTION('',(1.,0.));
#673 = ( GEOMETRIC_REPRESENTATION_CONTEXT(2) 
PARAMETRIC_REPRESENTATION_CONTEXT() REPRESENTATION_CONTEXT('2D SPACE',''
  ) );
#674 = ORIENTED_EDGE('',*,*,#675,.T.);
#675 = EDGE_CURVE('',#643,#676,#678,.T.);
#676 = VERTEX_POINT('',#677);
#677 = CARTESIAN_POINT('',(18.125,1.450000074708,4.));
#678 = SURFACE_CURVE('',#679,(#684,#695),.PCURVE_S1.);
#679 = CIRCLE('',#680,0.799999252925);
#680 = AXIS2_PLACEMENT_3D('',#681,#682,#683);
#681 = CARTESIAN_POINT('',(17.325000747075,1.450000747075,4.));
#682 = DIRECTION('',(0.,0.,-1.));
#683 = DIRECTION('',(1.,-7.470757492872E-07,0.));
#684 = PCURVE('',#43,#685);
#685 = DEFINITIONAL_REPRESENTATION('',(#686),#694);
#686 = ( BOUNDED_CURVE() B_SPLINE_CURVE(2,(#687,#688,#689,#690,#691,#692
,#693),.UNSPECIFIED.,.T.,.F.) B_SPLINE_CURVE_WITH_KNOTS((1,2,2,2,2,1),(
    -2.094395102393,0.,2.094395102393,4.188790204786,6.28318530718,
8.377580409573),.UNSPECIFIED.) CURVE() GEOMETRIC_REPRESENTATION_ITEM() 
RATIONAL_B_SPLINE_CURVE((1.,0.5,1.,0.5,1.,0.5,1.)) REPRESENTATION_ITEM(
  '') );
#687 = CARTESIAN_POINT('',(18.125,1.450000149415));
#688 = CARTESIAN_POINT('',(18.124998964822,6.436079733214E-02));
#689 = CARTESIAN_POINT('',(16.925000603024,0.757181369864));
#690 = CARTESIAN_POINT('',(15.725002241225,1.450001942395));
#691 = CARTESIAN_POINT('',(16.925001638202,2.142820721947));
#692 = CARTESIAN_POINT('',(18.125001035178,2.835639501498));
#693 = CARTESIAN_POINT('',(18.125,1.450000149415));
#694 = ( GEOMETRIC_REPRESENTATION_CONTEXT(2) 
PARAMETRIC_REPRESENTATION_CONTEXT() REPRESENTATION_CONTEXT('2D SPACE',''
  ) );
#695 = PCURVE('',#696,#701);
#696 = CYLINDRICAL_SURFACE('',#697,0.799999252925);
#697 = AXIS2_PLACEMENT_3D('',#698,#699,#700);
#698 = CARTESIAN_POINT('',(17.325000747075,1.450000747075,-29.25001));
#699 = DIRECTION('',(0.,0.,-1.));
#700 = DIRECTION('',(1.,-7.470757492872E-07,0.));
#701 = DEFINITIONAL_REPRESENTATION('',(#702),#706);
#702 = LINE('',#703,#704);
#703 = CARTESIAN_POINT('',(-12.56637061435,-33.25001));
#704 = VECTOR('',#705,1.);
#705 = DIRECTION('',(1.,-0.));
#706 = ( GEOMETRIC_REPRESENTATION_CONTEXT(2) 
PARAMETRIC_REPRESENTATION_CONTEXT() REPRESENTATION_CONTEXT('2D SPACE',''
  ) );
#707 = ORIENTED_EDGE('',*,*,#708,.T.);
#708 = EDGE_CURVE('',#676,#709,#711,.T.);
#709 = VERTEX_POINT('',#710);
#710 = CARTESIAN_POINT('',(18.125,-11.0500000747,4.));
#711 = SURFACE_CURVE('',#712,(#716,#723),.PCURVE_S1.);
#712 = LINE('',#713,#714);
#713 = CARTESIAN_POINT('',(18.125,-5.525,4.));
#714 = VECTOR('',#715,1.);
#715 = DIRECTION('',(-1.224646799147E-16,-1.,0.));
#716 = PCURVE('',#43,#717);
#717 = DEFINITIONAL_REPRESENTATION('',(#718),#722);
#718 = LINE('',#719,#720);
#719 = CARTESIAN_POINT('',(18.125,-5.525));
#720 = VECTOR('',#721,1.);
#721 = DIRECTION('',(-1.224646799147E-16,-1.));
#722 = ( GEOMETRIC_REPRESENTATION_CONTEXT(2) 
PARAMETRIC_REPRESENTATION_CONTEXT() REPRESENTATION_CONTEXT('2D SPACE',''
  ) );
#723 = PCURVE('',#724,#729);
#724 = PLANE('',#725);
#725 = AXIS2_PLACEMENT_3D('',#726,#727,#728);
#726 = CARTESIAN_POINT('',(18.125,-11.05,-29.25001));
#727 = DIRECTION('',(-1.,1.224646799147E-16,0.));
#728 = DIRECTION('',(1.224646799147E-16,1.,0.));
#729 = DEFINITIONAL_REPRESENTATION('',(#730),#733);
#730 = B_SPLINE_CURVE_WITH_KNOTS('',1,(#731,#732),.UNSPECIFIED.,.F.,.F.,
  (2,2),(-6.975,5.525),.PIECEWISE_BEZIER_KNOTS.);
#731 = CARTESIAN_POINT('',(12.5,-33.25001));
#732 = CARTESIAN_POINT('',(0.,-33.25001));
#733 = ( GEOMETRIC_REPRESENTATION_CONTEXT(2) 
PARAMETRIC_REPRESENTATION_CONTEXT() REPRESENTATION_CONTEXT('2D SPACE',''
  ) );
#734 = ORIENTED_EDGE('',*,*,#735,.T.);
#735 = EDGE_CURVE('',#709,#736,#738,.T.);
#736 = VERTEX_POINT('',#737);
#737 = CARTESIAN_POINT('',(17.325000074708,-11.85,4.));
#738 = SURFACE_CURVE('',#739,(#744,#755),.PCURVE_S1.);
#739 = CIRCLE('',#740,0.799999252925);
#740 = AXIS2_PLACEMENT_3D('',#741,#742,#743);
#741 = CARTESIAN_POINT('',(17.325000747075,-11.05000074707,4.));
#742 = DIRECTION('',(-0.,0.,-1.));
#743 = DIRECTION('',(-7.470757634981E-07,-1.,0.));
#744 = PCURVE('',#43,#745);
#745 = DEFINITIONAL_REPRESENTATION('',(#746),#754);
#746 = ( BOUNDED_CURVE() B_SPLINE_CURVE(2,(#747,#748,#749,#750,#751,#752
,#753),.UNSPECIFIED.,.T.,.F.) B_SPLINE_CURVE_WITH_KNOTS((1,2,2,2,2,1),(
    -2.094395102393,0.,2.094395102393,4.188790204786,6.28318530718,
8.377580409573),.UNSPECIFIED.) CURVE() GEOMETRIC_REPRESENTATION_ITEM() 
RATIONAL_B_SPLINE_CURVE((1.,0.5,1.,0.5,1.,0.5,1.)) REPRESENTATION_ITEM(
  '') );
#747 = CARTESIAN_POINT('',(17.325000149415,-11.85));
#748 = CARTESIAN_POINT('',(15.939360797332,-11.84999896482));
#749 = CARTESIAN_POINT('',(16.632181369864,-10.65000060302));
#750 = CARTESIAN_POINT('',(17.325001942395,-9.450002241226));
#751 = CARTESIAN_POINT('',(18.017820721947,-10.6500016382));
#752 = CARTESIAN_POINT('',(18.710639501498,-11.85000103517));
#753 = CARTESIAN_POINT('',(17.325000149415,-11.85));
#754 = ( GEOMETRIC_REPRESENTATION_CONTEXT(2) 
PARAMETRIC_REPRESENTATION_CONTEXT() REPRESENTATION_CONTEXT('2D SPACE',''
  ) );
#755 = PCURVE('',#756,#761);
#756 = CYLINDRICAL_SURFACE('',#757,0.799999252925);
#757 = AXIS2_PLACEMENT_3D('',#758,#759,#760);
#758 = CARTESIAN_POINT('',(17.325000747075,-11.05000074707,-29.25001));
#759 = DIRECTION('',(-0.,-0.,-1.));
#760 = DIRECTION('',(-7.470757634981E-07,-1.,0.));
#761 = DEFINITIONAL_REPRESENTATION('',(#762),#766);
#762 = LINE('',#763,#764);
#763 = CARTESIAN_POINT('',(-12.56637061435,-33.25001));
#764 = VECTOR('',#765,1.);
#765 = DIRECTION('',(1.,-0.));
#766 = ( GEOMETRIC_REPRESENTATION_CONTEXT(2) 
PARAMETRIC_REPRESENTATION_CONTEXT() REPRESENTATION_CONTEXT('2D SPACE',''
  ) );
#767 = ORIENTED_EDGE('',*,*,#768,.T.);
#768 = EDGE_CURVE('',#736,#769,#771,.T.);
#769 = VERTEX_POINT('',#770);
#770 = CARTESIAN_POINT('',(-17.3250000747,-11.85,4.));
#771 = SURFACE_CURVE('',#772,(#776,#783),.PCURVE_S1.);
#772 = LINE('',#773,#774);
#773 = CARTESIAN_POINT('',(-8.6625,-11.85,4.));
#774 = VECTOR('',#775,1.);
#775 = DIRECTION('',(-1.,1.224646799147E-16,0.));
#776 = PCURVE('',#43,#777);
#777 = DEFINITIONAL_REPRESENTATION('',(#778),#782);
#778 = LINE('',#779,#780);
#779 = CARTESIAN_POINT('',(-8.6625,-11.85));
#780 = VECTOR('',#781,1.);
#781 = DIRECTION('',(-1.,1.224646799147E-16));
#782 = ( GEOMETRIC_REPRESENTATION_CONTEXT(2) 
PARAMETRIC_REPRESENTATION_CONTEXT() REPRESENTATION_CONTEXT('2D SPACE',''
  ) );
#783 = PCURVE('',#784,#789);
#784 = PLANE('',#785);
#785 = AXIS2_PLACEMENT_3D('',#786,#787,#788);
#786 = CARTESIAN_POINT('',(-17.325,-11.85,-29.25001));
#787 = DIRECTION('',(1.224646799147E-16,1.,0.));
#788 = DIRECTION('',(1.,-1.224646799147E-16,0.));
#789 = DEFINITIONAL_REPRESENTATION('',(#790),#793);
#790 = B_SPLINE_CURVE_WITH_KNOTS('',1,(#791,#792),.UNSPECIFIED.,.F.,.F.,
  (2,2),(-25.9875,8.6625),.PIECEWISE_BEZIER_KNOTS.);
#791 = CARTESIAN_POINT('',(34.65,-33.25001));
#792 = CARTESIAN_POINT('',(0.,-33.25001));
#793 = ( GEOMETRIC_REPRESENTATION_CONTEXT(2) 
PARAMETRIC_REPRESENTATION_CONTEXT() REPRESENTATION_CONTEXT('2D SPACE',''
  ) );
#794 = ORIENTED_EDGE('',*,*,#795,.T.);
#795 = EDGE_CURVE('',#769,#796,#798,.T.);
#796 = VERTEX_POINT('',#797);
#797 = CARTESIAN_POINT('',(-18.125,-11.0500000747,4.));
#798 = SURFACE_CURVE('',#799,(#804,#815),.PCURVE_S1.);
#799 = CIRCLE('',#800,0.799999252925);
#800 = AXIS2_PLACEMENT_3D('',#801,#802,#803);
#801 = CARTESIAN_POINT('',(-17.32500074707,-11.05000074707,4.));
#802 = DIRECTION('',(-0.,0.,-1.));
#803 = DIRECTION('',(-1.,7.470757634981E-07,0.));
#804 = PCURVE('',#43,#805);
#805 = DEFINITIONAL_REPRESENTATION('',(#806),#814);
#806 = ( BOUNDED_CURVE() B_SPLINE_CURVE(2,(#807,#808,#809,#810,#811,#812
,#813),.UNSPECIFIED.,.T.,.F.) B_SPLINE_CURVE_WITH_KNOTS((1,2,2,2,2,1),(
    -2.094395102393,0.,2.094395102393,4.188790204786,6.28318530718,
8.377580409573),.UNSPECIFIED.) CURVE() GEOMETRIC_REPRESENTATION_ITEM() 
RATIONAL_B_SPLINE_CURVE((1.,0.5,1.,0.5,1.,0.5,1.)) REPRESENTATION_ITEM(
  '') );
#807 = CARTESIAN_POINT('',(-18.125,-11.05000014941));
#808 = CARTESIAN_POINT('',(-18.12499896482,-9.664360797332));
#809 = CARTESIAN_POINT('',(-16.92500060302,-10.35718136986));
#810 = CARTESIAN_POINT('',(-15.72500224122,-11.05000194239));
#811 = CARTESIAN_POINT('',(-16.9250016382,-11.74282072194));
#812 = CARTESIAN_POINT('',(-18.12500103517,-12.43563950149));
#813 = CARTESIAN_POINT('',(-18.125,-11.05000014941));
#814 = ( GEOMETRIC_REPRESENTATION_CONTEXT(2) 
PARAMETRIC_REPRESENTATION_CONTEXT() REPRESENTATION_CONTEXT('2D SPACE',''
  ) );
#815 = PCURVE('',#816,#821);
#816 = CYLINDRICAL_SURFACE('',#817,0.799999252925);
#817 = AXIS2_PLACEMENT_3D('',#818,#819,#820);
#818 = CARTESIAN_POINT('',(-17.32500074707,-11.05000074707,-29.25001));
#819 = DIRECTION('',(-0.,-0.,-1.));
#820 = DIRECTION('',(-1.,7.470757634981E-07,0.));
#821 = DEFINITIONAL_REPRESENTATION('',(#822),#826);
#822 = LINE('',#823,#824);
#823 = CARTESIAN_POINT('',(-12.56637061435,-33.25001));
#824 = VECTOR('',#825,1.);
#825 = DIRECTION('',(1.,-0.));
#826 = ( GEOMETRIC_REPRESENTATION_CONTEXT(2) 
PARAMETRIC_REPRESENTATION_CONTEXT() REPRESENTATION_CONTEXT('2D SPACE',''
  ) );
#827 = ORIENTED_EDGE('',*,*,#828,.T.);
#828 = EDGE_CURVE('',#796,#829,#831,.T.);
#829 = VERTEX_POINT('',#830);
#830 = CARTESIAN_POINT('',(-18.125,1.450000074708,4.));
#831 = SURFACE_CURVE('',#832,(#836,#843),.PCURVE_S1.);
#832 = LINE('',#833,#834);
#833 = CARTESIAN_POINT('',(-18.125,0.725,4.));
#834 = VECTOR('',#835,1.);
#835 = DIRECTION('',(1.224646799147E-16,1.,-0.));
#836 = PCURVE('',#43,#837);
#837 = DEFINITIONAL_REPRESENTATION('',(#838),#842);
#838 = LINE('',#839,#840);
#839 = CARTESIAN_POINT('',(-18.125,0.725));
#840 = VECTOR('',#841,1.);
#841 = DIRECTION('',(1.224646799147E-16,1.));
#842 = ( GEOMETRIC_REPRESENTATION_CONTEXT(2) 
PARAMETRIC_REPRESENTATION_CONTEXT() REPRESENTATION_CONTEXT('2D SPACE',''
  ) );
#843 = PCURVE('',#844,#849);
#844 = PLANE('',#845);
#845 = AXIS2_PLACEMENT_3D('',#846,#847,#848);
#846 = CARTESIAN_POINT('',(-18.125,1.45,-29.25001));
#847 = DIRECTION('',(1.,-1.224646799147E-16,0.));
#848 = DIRECTION('',(-1.224646799147E-16,-1.,0.));
#849 = DEFINITIONAL_REPRESENTATION('',(#850),#853);
#850 = B_SPLINE_CURVE_WITH_KNOTS('',1,(#851,#852),.UNSPECIFIED.,.F.,.F.,
  (2,2),(-11.775,0.725),.PIECEWISE_BEZIER_KNOTS.);
#851 = CARTESIAN_POINT('',(12.5,-33.25001));
#852 = CARTESIAN_POINT('',(0.,-33.25001));
#853 = ( GEOMETRIC_REPRESENTATION_CONTEXT(2) 
PARAMETRIC_REPRESENTATION_CONTEXT() REPRESENTATION_CONTEXT('2D SPACE',''
  ) );
#854 = ORIENTED_EDGE('',*,*,#855,.T.);
#855 = EDGE_CURVE('',#829,#856,#858,.T.);
#856 = VERTEX_POINT('',#857);
#857 = CARTESIAN_POINT('',(-17.32500014941,2.25,4.));
#858 = SURFACE_CURVE('',#859,(#864,#875),.PCURVE_S1.);
#859 = CIRCLE('',#860,0.799999252925);
#860 = AXIS2_PLACEMENT_3D('',#861,#862,#863);
#861 = CARTESIAN_POINT('',(-17.32500074707,1.450000747075,4.));
#862 = DIRECTION('',(0.,0.,-1.));
#863 = DIRECTION('',(7.470757350764E-07,1.,0.));
#864 = PCURVE('',#43,#865);
#865 = DEFINITIONAL_REPRESENTATION('',(#866),#874);
#866 = ( BOUNDED_CURVE() B_SPLINE_CURVE(2,(#867,#868,#869,#870,#871,#872
,#873),.UNSPECIFIED.,.T.,.F.) B_SPLINE_CURVE_WITH_KNOTS((1,2,2,2,2,1),(
    -2.094395102393,0.,2.094395102393,4.188790204786,6.28318530718,
8.377580409573),.UNSPECIFIED.) CURVE() GEOMETRIC_REPRESENTATION_ITEM() 
RATIONAL_B_SPLINE_CURVE((1.,0.5,1.,0.5,1.,0.5,1.)) REPRESENTATION_ITEM(
  '') );
#867 = CARTESIAN_POINT('',(-17.32500014941,2.25));
#868 = CARTESIAN_POINT('',(-15.93936079733,2.249998964823));
#869 = CARTESIAN_POINT('',(-16.63218136986,1.050000603024));
#870 = CARTESIAN_POINT('',(-17.32500194239,-0.149997758775));
#871 = CARTESIAN_POINT('',(-18.01782072194,1.050001638202));
#872 = CARTESIAN_POINT('',(-18.71063950149,2.250001035178));
#873 = CARTESIAN_POINT('',(-17.32500014941,2.25));
#874 = ( GEOMETRIC_REPRESENTATION_CONTEXT(2) 
PARAMETRIC_REPRESENTATION_CONTEXT() REPRESENTATION_CONTEXT('2D SPACE',''
  ) );
#875 = PCURVE('',#876,#881);
#876 = CYLINDRICAL_SURFACE('',#877,0.799999252925);
#877 = AXIS2_PLACEMENT_3D('',#878,#879,#880);
#878 = CARTESIAN_POINT('',(-17.32500074707,1.450000747075,-29.25001));
#879 = DIRECTION('',(0.,0.,-1.));
#880 = DIRECTION('',(7.470757350764E-07,1.,0.));
#881 = DEFINITIONAL_REPRESENTATION('',(#882),#886);
#882 = LINE('',#883,#884);
#883 = CARTESIAN_POINT('',(-12.56637061435,-33.25001));
#884 = VECTOR('',#885,1.);
#885 = DIRECTION('',(1.,-0.));
#886 = ( GEOMETRIC_REPRESENTATION_CONTEXT(2) 
PARAMETRIC_REPRESENTATION_CONTEXT() REPRESENTATION_CONTEXT('2D SPACE',''
  ) );
#887 = ORIENTED_EDGE('',*,*,#888,.F.);
#888 = EDGE_CURVE('',#889,#856,#891,.T.);
#889 = VERTEX_POINT('',#890);
#890 = CARTESIAN_POINT('',(-17.32497660562,2.250000001368,4.));
#891 = SURFACE_CURVE('',#892,(#897,#908),.PCURVE_S1.);
#892 = CIRCLE('',#893,0.2);
#893 = AXIS2_PLACEMENT_3D('',#894,#895,#896);
#894 = CARTESIAN_POINT('',(-17.325,2.45,4.));
#895 = DIRECTION('',(0.,0.,-1.));
#896 = DIRECTION('',(0.999999993159,1.169718857316E-04,0.));
#897 = PCURVE('',#43,#898);
#898 = DEFINITIONAL_REPRESENTATION('',(#899),#907);
#899 = ( BOUNDED_CURVE() B_SPLINE_CURVE(2,(#900,#901,#902,#903,#904,#905
,#906),.UNSPECIFIED.,.T.,.F.) B_SPLINE_CURVE_WITH_KNOTS((1,2,2,2,2,1),(
    -2.094395102393,0.,2.094395102393,4.188790204786,6.28318530718,
8.377580409573),.UNSPECIFIED.) CURVE() GEOMETRIC_REPRESENTATION_ITEM() 
RATIONAL_B_SPLINE_CURVE((1.,0.5,1.,0.5,1.,0.5,1.)) REPRESENTATION_ITEM(
  '') );
#900 = CARTESIAN_POINT('',(-17.12500000136,2.450023394377));
#901 = CARTESIAN_POINT('',(-17.12495948111,2.103613235233));
#902 = CARTESIAN_POINT('',(-17.42497973919,2.276783223239));
#903 = CARTESIAN_POINT('',(-17.72499999726,2.449953211246));
#904 = CARTESIAN_POINT('',(-17.42502025944,2.623193382383));
#905 = CARTESIAN_POINT('',(-17.12504052161,2.796433553521));
#906 = CARTESIAN_POINT('',(-17.12500000136,2.450023394377));
#907 = ( GEOMETRIC_REPRESENTATION_CONTEXT(2) 
PARAMETRIC_REPRESENTATION_CONTEXT() REPRESENTATION_CONTEXT('2D SPACE',''
  ) );
#908 = PCURVE('',#909,#914);
#909 = CYLINDRICAL_SURFACE('',#910,0.2);
#910 = AXIS2_PLACEMENT_3D('',#911,#912,#913);
#911 = CARTESIAN_POINT('',(-17.325,2.45,-29.25001));
#912 = DIRECTION('',(0.,0.,-1.));
#913 = DIRECTION('',(0.999999993159,1.169718857316E-04,0.));
#914 = DEFINITIONAL_REPRESENTATION('',(#915),#919);
#915 = LINE('',#916,#917);
#916 = CARTESIAN_POINT('',(0.,-33.25001));
#917 = VECTOR('',#918,1.);
#918 = DIRECTION('',(1.,0.));
#919 = ( GEOMETRIC_REPRESENTATION_CONTEXT(2) 
PARAMETRIC_REPRESENTATION_CONTEXT() REPRESENTATION_CONTEXT('2D SPACE',''
  ) );
#920 = ORIENTED_EDGE('',*,*,#921,.T.);
#921 = EDGE_CURVE('',#889,#922,#924,.T.);
#922 = VERTEX_POINT('',#923);
#923 = CARTESIAN_POINT('',(-11.33196588675,2.250701015138,4.));
#924 = SURFACE_CURVE('',#925,(#929,#936),.PCURVE_S1.);
#925 = LINE('',#926,#927);
#926 = CARTESIAN_POINT('',(-5.66611465527,2.251363760445,4.));
#927 = VECTOR('',#928,1.);
#928 = DIRECTION('',(0.999999993159,1.169718857316E-04,-0.));
#929 = PCURVE('',#43,#930);
#930 = DEFINITIONAL_REPRESENTATION('',(#931),#935);
#931 = LINE('',#932,#933);
#932 = CARTESIAN_POINT('',(-5.66611465527,2.251363760445));
#933 = VECTOR('',#934,1.);
#934 = DIRECTION('',(0.999999993159,1.169718857316E-04));
#935 = ( GEOMETRIC_REPRESENTATION_CONTEXT(2) 
PARAMETRIC_REPRESENTATION_CONTEXT() REPRESENTATION_CONTEXT('2D SPACE',''
  ) );
#936 = PCURVE('',#937,#942);
#937 = PLANE('',#938);
#938 = AXIS2_PLACEMENT_3D('',#939,#940,#941);
#939 = CARTESIAN_POINT('',(-11.33196588675,2.250701015138,-29.25001));
#940 = DIRECTION('',(1.169718857316E-04,-0.999999993159,0.));
#941 = DIRECTION('',(-0.999999993159,-1.169718857316E-04,0.));
#942 = DEFINITIONAL_REPRESENTATION('',(#943),#946);
#943 = B_SPLINE_CURVE_WITH_KNOTS('',1,(#944,#945),.UNSPECIFIED.,.F.,.F.,
  (2,2),(-11.65886203011,-5.665851270242),.PIECEWISE_BEZIER_KNOTS.);
#944 = CARTESIAN_POINT('',(5.993010759872,-33.25001));
#945 = CARTESIAN_POINT('',(0.,-33.25001));
#946 = ( GEOMETRIC_REPRESENTATION_CONTEXT(2) 
PARAMETRIC_REPRESENTATION_CONTEXT() REPRESENTATION_CONTEXT('2D SPACE',''
  ) );
#947 = ORIENTED_EDGE('',*,*,#948,.F.);
#948 = EDGE_CURVE('',#949,#922,#951,.T.);
#949 = VERTEX_POINT('',#950);
#950 = CARTESIAN_POINT('',(-10.132107,3.450700252925,4.));
#951 = SURFACE_CURVE('',#952,(#957,#968),.PCURVE_S1.);
#952 = CIRCLE('',#953,1.199999252925);
#953 = AXIS2_PLACEMENT_3D('',#954,#955,#956);
#954 = CARTESIAN_POINT('',(-11.33210625292,3.450700252925,4.));
#955 = DIRECTION('',(-0.,0.,-1.));
#956 = DIRECTION('',(-7.470757066546E-07,-1.,0.));
#957 = PCURVE('',#43,#958);
#958 = DEFINITIONAL_REPRESENTATION('',(#959),#967);
#959 = ( BOUNDED_CURVE() B_SPLINE_CURVE(2,(#960,#961,#962,#963,#964,#965
,#966),.UNSPECIFIED.,.T.,.F.) B_SPLINE_CURVE_WITH_KNOTS((1,2,2,2,2,1),(
    -2.094395102393,0.,2.094395102393,4.188790204786,6.28318530718,
8.377580409573),.UNSPECIFIED.) CURVE() GEOMETRIC_REPRESENTATION_ITEM() 
RATIONAL_B_SPLINE_CURVE((1.,0.5,1.,0.5,1.,0.5,1.)) REPRESENTATION_ITEM(
  '') );
#960 = CARTESIAN_POINT('',(-11.33210714941,2.250701));
#961 = CARTESIAN_POINT('',(-13.41056682452,2.250702552767));
#962 = CARTESIAN_POINT('',(-12.37133564223,4.050700655771));
#963 = CARTESIAN_POINT('',(-11.33210445994,5.850698758774));
#964 = CARTESIAN_POINT('',(-10.29287596712,4.050699103004));
#965 = CARTESIAN_POINT('',(-9.253647474305,2.250699447233));
#966 = CARTESIAN_POINT('',(-11.33210714941,2.250701));
#967 = ( GEOMETRIC_REPRESENTATION_CONTEXT(2) 
PARAMETRIC_REPRESENTATION_CONTEXT() REPRESENTATION_CONTEXT('2D SPACE',''
  ) );
#968 = PCURVE('',#969,#974);
#969 = CYLINDRICAL_SURFACE('',#970,1.199999252925);
#970 = AXIS2_PLACEMENT_3D('',#971,#972,#973);
#971 = CARTESIAN_POINT('',(-11.33210625292,3.450700252925,-29.25001));
#972 = DIRECTION('',(-0.,-0.,-1.));
#973 = DIRECTION('',(-7.470757066546E-07,-1.,0.));
#974 = DEFINITIONAL_REPRESENTATION('',(#975),#979);
#975 = LINE('',#976,#977);
#976 = CARTESIAN_POINT('',(-12.56637061435,-33.25001));
#977 = VECTOR('',#978,1.);
#978 = DIRECTION('',(1.,-0.));
#979 = ( GEOMETRIC_REPRESENTATION_CONTEXT(2) 
PARAMETRIC_REPRESENTATION_CONTEXT() REPRESENTATION_CONTEXT('2D SPACE',''
  ) );
#980 = ORIENTED_EDGE('',*,*,#981,.T.);
#981 = EDGE_CURVE('',#949,#982,#984,.T.);
#982 = VERTEX_POINT('',#983);
#983 = CARTESIAN_POINT('',(-10.132107,11.050000074708,4.));
#984 = SURFACE_CURVE('',#985,(#989,#996),.PCURVE_S1.);
#985 = LINE('',#986,#987);
#986 = CARTESIAN_POINT('',(-10.132107,5.525,4.));
#987 = VECTOR('',#988,1.);
#988 = DIRECTION('',(1.224646799147E-16,1.,-0.));
#989 = PCURVE('',#43,#990);
#990 = DEFINITIONAL_REPRESENTATION('',(#991),#995);
#991 = LINE('',#992,#993);
#992 = CARTESIAN_POINT('',(-10.132107,5.525));
#993 = VECTOR('',#994,1.);
#994 = DIRECTION('',(1.224646799147E-16,1.));
#995 = ( GEOMETRIC_REPRESENTATION_CONTEXT(2) 
PARAMETRIC_REPRESENTATION_CONTEXT() REPRESENTATION_CONTEXT('2D SPACE',''
  ) );
#996 = PCURVE('',#997,#1002);
#997 = PLANE('',#998);
#998 = AXIS2_PLACEMENT_3D('',#999,#1000,#1001);
#999 = CARTESIAN_POINT('',(-10.132107,11.05,-29.25001));
#1000 = DIRECTION('',(1.,-1.224646799147E-16,0.));
#1001 = DIRECTION('',(-1.224646799147E-16,-1.,0.));
#1002 = DEFINITIONAL_REPRESENTATION('',(#1003),#1006);
#1003 = B_SPLINE_CURVE_WITH_KNOTS('',1,(#1004,#1005),.UNSPECIFIED.,.F.,
  .F.,(2,2),(-2.074299747075,5.525),.PIECEWISE_BEZIER_KNOTS.);
#1004 = CARTESIAN_POINT('',(7.599299747075,-33.25001));
#1005 = CARTESIAN_POINT('',(0.,-33.25001));
#1006 = ( GEOMETRIC_REPRESENTATION_CONTEXT(2) 
PARAMETRIC_REPRESENTATION_CONTEXT() REPRESENTATION_CONTEXT('2D SPACE',''
  ) );
#1007 = ORIENTED_EDGE('',*,*,#1008,.T.);
#1008 = EDGE_CURVE('',#982,#1009,#1011,.T.);
#1009 = VERTEX_POINT('',#1010);
#1010 = CARTESIAN_POINT('',(-9.332064567867,11.849999997418,4.));
#1011 = SURFACE_CURVE('',#1012,(#1017,#1028),.PCURVE_S1.);
#1012 = CIRCLE('',#1013,0.799999252925);
#1013 = AXIS2_PLACEMENT_3D('',#1014,#1015,#1016);
#1014 = CARTESIAN_POINT('',(-9.332107747075,11.050000747075,4.));
#1015 = DIRECTION('',(0.,0.,-1.));
#1016 = DIRECTION('',(7.470757634981E-07,1.,0.));
#1017 = PCURVE('',#43,#1018);
#1018 = DEFINITIONAL_REPRESENTATION('',(#1019),#1027);
#1019 = ( BOUNDED_CURVE() B_SPLINE_CURVE(2,(#1020,#1021,#1022,#1023,
#1024,#1025,#1026),.UNSPECIFIED.,.T.,.F.) B_SPLINE_CURVE_WITH_KNOTS((1,2
    ,2,2,2,1),(-2.094395102393,0.,2.094395102393,4.188790204786,
6.28318530718,8.377580409573),.UNSPECIFIED.) CURVE() 
GEOMETRIC_REPRESENTATION_ITEM() RATIONAL_B_SPLINE_CURVE((1.,0.5,1.,0.5,
1.,0.5,1.)) REPRESENTATION_ITEM('') );
#1020 = CARTESIAN_POINT('',(-9.332107149415,11.85));
#1021 = CARTESIAN_POINT('',(-7.946467797332,11.849998964822));
#1022 = CARTESIAN_POINT('',(-8.639288369864,10.650000603024));
#1023 = CARTESIAN_POINT('',(-9.332108942395,9.450002241226));
#1024 = CARTESIAN_POINT('',(-10.02492772194,10.650001638202));
#1025 = CARTESIAN_POINT('',(-10.71774650149,11.850001035178));
#1026 = CARTESIAN_POINT('',(-9.332107149415,11.85));
#1027 = ( GEOMETRIC_REPRESENTATION_CONTEXT(2) 
PARAMETRIC_REPRESENTATION_CONTEXT() REPRESENTATION_CONTEXT('2D SPACE',''
  ) );
#1028 = PCURVE('',#1029,#1034);
#1029 = CYLINDRICAL_SURFACE('',#1030,0.799999252925);
#1030 = AXIS2_PLACEMENT_3D('',#1031,#1032,#1033);
#1031 = CARTESIAN_POINT('',(-9.332107747075,11.050000747075,-29.25001));
#1032 = DIRECTION('',(0.,0.,-1.));
#1033 = DIRECTION('',(7.470757634981E-07,1.,0.));
#1034 = DEFINITIONAL_REPRESENTATION('',(#1035),#1039);
#1035 = LINE('',#1036,#1037);
#1036 = CARTESIAN_POINT('',(-12.56637061435,-33.25001));
#1037 = VECTOR('',#1038,1.);
#1038 = DIRECTION('',(1.,-0.));
#1039 = ( GEOMETRIC_REPRESENTATION_CONTEXT(2) 
PARAMETRIC_REPRESENTATION_CONTEXT() REPRESENTATION_CONTEXT('2D SPACE',''
  ) );
#1040 = ORIENTED_EDGE('',*,*,#1041,.T.);
#1041 = EDGE_CURVE('',#1009,#1042,#1044,.T.);
#1042 = VERTEX_POINT('',#1043);
#1043 = CARTESIAN_POINT('',(-7.45,11.84989841475,4.));
#1044 = SURFACE_CURVE('',#1045,(#1049,#1056),.PCURVE_S1.);
#1045 = LINE('',#1046,#1047);
#1046 = CARTESIAN_POINT('',(4.662815885313,11.849244636882,4.));
#1047 = VECTOR('',#1048,1.);
#1048 = DIRECTION('',(0.999999998543,-5.397406128484E-05,0.));
#1049 = PCURVE('',#43,#1050);
#1050 = DEFINITIONAL_REPRESENTATION('',(#1051),#1055);
#1051 = LINE('',#1052,#1053);
#1052 = CARTESIAN_POINT('',(4.662815885313,11.849244636882));
#1053 = VECTOR('',#1054,1.);
#1054 = DIRECTION('',(0.999999998543,-5.397406128484E-05));
#1055 = ( GEOMETRIC_REPRESENTATION_CONTEXT(2) 
PARAMETRIC_REPRESENTATION_CONTEXT() REPRESENTATION_CONTEXT('2D SPACE',''
  ) );
#1056 = PCURVE('',#478,#1057);
#1057 = DEFINITIONAL_REPRESENTATION('',(#1058),#1061);
#1058 = B_SPLINE_CURVE_WITH_KNOTS('',1,(#1059,#1060),.UNSPECIFIED.,.F.,
  .F.,(2,2),(-13.99488047356,4.662176326665),.PIECEWISE_BEZIER_KNOTS.);
#1059 = CARTESIAN_POINT('',(18.65705680023,-33.25001));
#1060 = CARTESIAN_POINT('',(0.,-33.25001));
#1061 = ( GEOMETRIC_REPRESENTATION_CONTEXT(2) 
PARAMETRIC_REPRESENTATION_CONTEXT() REPRESENTATION_CONTEXT('2D SPACE',''
  ) );
#1062 = ORIENTED_EDGE('',*,*,#1063,.T.);
#1063 = EDGE_CURVE('',#1042,#1064,#1066,.T.);
#1064 = VERTEX_POINT('',#1065);
#1065 = CARTESIAN_POINT('',(-7.45,13.85,4.));
#1066 = SURFACE_CURVE('',#1067,(#1071,#1078),.PCURVE_S1.);
#1067 = LINE('',#1068,#1069);
#1068 = CARTESIAN_POINT('',(-7.45,9.123618653648E-16,4.));
#1069 = VECTOR('',#1070,1.);
#1070 = DIRECTION('',(1.224646799147E-16,1.,0.));
#1071 = PCURVE('',#43,#1072);
#1072 = DEFINITIONAL_REPRESENTATION('',(#1073),#1077);
#1073 = LINE('',#1074,#1075);
#1074 = CARTESIAN_POINT('',(-7.45,9.123618653648E-16));
#1075 = VECTOR('',#1076,1.);
#1076 = DIRECTION('',(1.224646799147E-16,1.));
#1077 = ( GEOMETRIC_REPRESENTATION_CONTEXT(2) 
PARAMETRIC_REPRESENTATION_CONTEXT() REPRESENTATION_CONTEXT('2D SPACE',''
  ) );
#1078 = PCURVE('',#1079,#1084);
#1079 = PLANE('',#1080);
#1080 = AXIS2_PLACEMENT_3D('',#1081,#1082,#1083);
#1081 = CARTESIAN_POINT('',(-7.45,9.123618653648E-16,4.));
#1082 = DIRECTION('',(1.,-1.224646799147E-16,0.));
#1083 = DIRECTION('',(0.,0.,1.));
#1084 = DEFINITIONAL_REPRESENTATION('',(#1085),#1089);
#1085 = LINE('',#1086,#1087);
#1086 = CARTESIAN_POINT('',(0.,0.));
#1087 = VECTOR('',#1088,1.);
#1088 = DIRECTION('',(0.,-1.));
#1089 = ( GEOMETRIC_REPRESENTATION_CONTEXT(2) 
PARAMETRIC_REPRESENTATION_CONTEXT() REPRESENTATION_CONTEXT('2D SPACE',''
  ) );
#1090 = ORIENTED_EDGE('',*,*,#1091,.T.);
#1091 = EDGE_CURVE('',#1064,#1092,#1094,.T.);
#1092 = VERTEX_POINT('',#1093);
#1093 = CARTESIAN_POINT('',(-16.125,13.85,4.));
#1094 = SURFACE_CURVE('',#1095,(#1099,#1106),.PCURVE_S1.);
#1095 = LINE('',#1096,#1097);
#1096 = CARTESIAN_POINT('',(10.0625,13.85,4.));
#1097 = VECTOR('',#1098,1.);
#1098 = DIRECTION('',(-1.,0.,0.));
#1099 = PCURVE('',#43,#1100);
#1100 = DEFINITIONAL_REPRESENTATION('',(#1101),#1105);
#1101 = LINE('',#1102,#1103);
#1102 = CARTESIAN_POINT('',(10.0625,13.85));
#1103 = VECTOR('',#1104,1.);
#1104 = DIRECTION('',(-1.,0.));
#1105 = ( GEOMETRIC_REPRESENTATION_CONTEXT(2) 
PARAMETRIC_REPRESENTATION_CONTEXT() REPRESENTATION_CONTEXT('2D SPACE',''
  ) );
#1106 = PCURVE('',#423,#1107);
#1107 = DEFINITIONAL_REPRESENTATION('',(#1108),#1111);
#1108 = B_SPLINE_CURVE_WITH_KNOTS('',1,(#1109,#1110),.UNSPECIFIED.,.F.,
  .F.,(2,2),(-6.0625,26.1875),.PIECEWISE_BEZIER_KNOTS.);
#1109 = CARTESIAN_POINT('',(4.,-4.));
#1110 = CARTESIAN_POINT('',(36.250000000001,-4.));
#1111 = ( GEOMETRIC_REPRESENTATION_CONTEXT(2) 
PARAMETRIC_REPRESENTATION_CONTEXT() REPRESENTATION_CONTEXT('2D SPACE',''
  ) );
#1112 = ORIENTED_EDGE('',*,*,#1113,.T.);
#1113 = EDGE_CURVE('',#1092,#1114,#1116,.T.);
#1114 = VERTEX_POINT('',#1115);
#1115 = CARTESIAN_POINT('',(-20.125,9.85,4.));
#1116 = SURFACE_CURVE('',#1117,(#1122,#1129),.PCURVE_S1.);
#1117 = CIRCLE('',#1118,4.);
#1118 = AXIS2_PLACEMENT_3D('',#1119,#1120,#1121);
#1119 = CARTESIAN_POINT('',(-16.125,9.85,4.));
#1120 = DIRECTION('',(0.,0.,1.));
#1121 = DIRECTION('',(-1.,0.,0.));
#1122 = PCURVE('',#43,#1123);
#1123 = DEFINITIONAL_REPRESENTATION('',(#1124),#1128);
#1124 = CIRCLE('',#1125,4.);
#1125 = AXIS2_PLACEMENT_2D('',#1126,#1127);
#1126 = CARTESIAN_POINT('',(-16.125,9.85));
#1127 = DIRECTION('',(-1.,0.));
#1128 = ( GEOMETRIC_REPRESENTATION_CONTEXT(2) 
PARAMETRIC_REPRESENTATION_CONTEXT() REPRESENTATION_CONTEXT('2D SPACE',''
  ) );
#1129 = PCURVE('',#1130,#1135);
#1130 = CYLINDRICAL_SURFACE('',#1131,4.);
#1131 = AXIS2_PLACEMENT_3D('',#1132,#1133,#1134);
#1132 = CARTESIAN_POINT('',(-16.125,9.85,0.));
#1133 = DIRECTION('',(0.,0.,1.));
#1134 = DIRECTION('',(-1.,0.,0.));
#1135 = DEFINITIONAL_REPRESENTATION('',(#1136),#1140);
#1136 = LINE('',#1137,#1138);
#1137 = CARTESIAN_POINT('',(-6.28318530718,4.));
#1138 = VECTOR('',#1139,1.);
#1139 = DIRECTION('',(1.,-0.));
#1140 = ( GEOMETRIC_REPRESENTATION_CONTEXT(2) 
PARAMETRIC_REPRESENTATION_CONTEXT() REPRESENTATION_CONTEXT('2D SPACE',''
  ) );
#1141 = ORIENTED_EDGE('',*,*,#1142,.T.);
#1142 = EDGE_CURVE('',#1114,#1143,#1145,.T.);
#1143 = VERTEX_POINT('',#1144);
#1144 = CARTESIAN_POINT('',(-20.125,-13.81943954598,4.));
#1145 = SURFACE_CURVE('',#1146,(#1150,#1157),.PCURVE_S1.);
#1146 = LINE('',#1147,#1148);
#1147 = CARTESIAN_POINT('',(-20.125,6.925,4.));
#1148 = VECTOR('',#1149,1.);
#1149 = DIRECTION('',(0.,-1.,0.));
#1150 = PCURVE('',#43,#1151);
#1151 = DEFINITIONAL_REPRESENTATION('',(#1152),#1156);
#1152 = LINE('',#1153,#1154);
#1153 = CARTESIAN_POINT('',(-20.125,6.925));
#1154 = VECTOR('',#1155,1.);
#1155 = DIRECTION('',(0.,-1.));
#1156 = ( GEOMETRIC_REPRESENTATION_CONTEXT(2) 
PARAMETRIC_REPRESENTATION_CONTEXT() REPRESENTATION_CONTEXT('2D SPACE',''
  ) );
#1157 = PCURVE('',#1158,#1163);
#1158 = PLANE('',#1159);
#1159 = AXIS2_PLACEMENT_3D('',#1160,#1161,#1162);
#1160 = CARTESIAN_POINT('',(-20.125,13.85,0.));
#1161 = DIRECTION('',(1.,0.,-0.));
#1162 = DIRECTION('',(0.,-1.,0.));
#1163 = DEFINITIONAL_REPRESENTATION('',(#1164),#1167);
#1164 = B_SPLINE_CURVE_WITH_KNOTS('',1,(#1165,#1166),.UNSPECIFIED.,.F.,
  .F.,(2,2),(-2.925,20.74443954599),.PIECEWISE_BEZIER_KNOTS.);
#1165 = CARTESIAN_POINT('',(4.,-4.));
#1166 = CARTESIAN_POINT('',(27.66943954599,-4.));
#1167 = ( GEOMETRIC_REPRESENTATION_CONTEXT(2) 
PARAMETRIC_REPRESENTATION_CONTEXT() REPRESENTATION_CONTEXT('2D SPACE',''
  ) );
#1168 = ORIENTED_EDGE('',*,*,#1169,.F.);
#1169 = EDGE_CURVE('',#1170,#1143,#1172,.T.);
#1170 = VERTEX_POINT('',#1171);
#1171 = CARTESIAN_POINT('',(-15.14367871379,-17.69719772994,4.));
#1172 = SURFACE_CURVE('',#1173,(#1200,#1230),.PCURVE_S1.);
#1173 = B_SPLINE_CURVE_WITH_KNOTS('',7,(#1174,#1175,#1176,#1177,#1178,
    #1179,#1180,#1181,#1182,#1183,#1184,#1185,#1186,#1187,#1188,#1189,
    #1190,#1191,#1192,#1193,#1194,#1195,#1196,#1197,#1198,#1199),
  .UNSPECIFIED.,.F.,.F.,(8,6,6,6,8),(0.,0.163278718394,0.5,
    0.836721281606,1.),.UNSPECIFIED.);
#1174 = CARTESIAN_POINT('',(-15.14367871379,-17.69719772994,4.));
#1175 = CARTESIAN_POINT('',(-15.29036346209,-17.73431837002,4.));
#1176 = CARTESIAN_POINT('',(-15.44131769632,-17.76563142379,4.));
#1177 = CARTESIAN_POINT('',(-15.59621591821,-17.79060980314,4.));
#1178 = CARTESIAN_POINT('',(-15.75465229926,-17.80874285208,4.));
#1179 = CARTESIAN_POINT('',(-15.91613808075,-17.81955511142,4.));
#1180 = CARTESIAN_POINT('',(-16.08010528713,-17.82262615835,4.));
#1181 = CARTESIAN_POINT('',(-16.58786118772,-17.80727009188,4.));
#1182 = CARTESIAN_POINT('',(-16.93778446427,-17.762537277,4.));
#1183 = CARTESIAN_POINT('',(-17.2899258223,-17.68034670533,4.));
#1184 = CARTESIAN_POINT('',(-17.63747465757,-17.55909714123,4.));
#1185 = CARTESIAN_POINT('',(-17.97313306786,-17.39919219589,4.));
#1186 = CARTESIAN_POINT('',(-18.28993652822,-17.20324515391,4.));
#1187 = CARTESIAN_POINT('',(-18.87427039765,-16.74836474886,4.));
#1188 = CARTESIAN_POINT('',(-19.14195070387,-16.4893146969,4.));
#1189 = CARTESIAN_POINT('',(-19.37931606721,-16.20314369168,4.));
#1190 = CARTESIAN_POINT('',(-19.58212445709,-15.89596230115,4.));
#1191 = CARTESIAN_POINT('',(-19.74819420017,-15.57474638228,4.));
#1192 = CARTESIAN_POINT('',(-19.87740674988,-15.24649123578,4.));
#1193 = CARTESIAN_POINT('',(-20.01686144634,-14.75801989477,4.));
#1194 = CARTESIAN_POINT('',(-20.05411037947,-14.59831017972,4.));
#1195 = CARTESIAN_POINT('',(-20.08324590637,-14.43910690197,4.));
#1196 = CARTESIAN_POINT('',(-20.10453625995,-14.28106382194,4.));
#1197 = CARTESIAN_POINT('',(-20.1183224618,-14.12477140619,4.));
#1198 = CARTESIAN_POINT('',(-20.125,-13.97074836034,4.));
#1199 = CARTESIAN_POINT('',(-20.125,-13.81943954598,4.));
#1200 = PCURVE('',#43,#1201);
#1201 = DEFINITIONAL_REPRESENTATION('',(#1202),#1229);
#1202 = B_SPLINE_CURVE_WITH_KNOTS('',7,(#1203,#1204,#1205,#1206,#1207,
    #1208,#1209,#1210,#1211,#1212,#1213,#1214,#1215,#1216,#1217,#1218,
    #1219,#1220,#1221,#1222,#1223,#1224,#1225,#1226,#1227,#1228),
  .UNSPECIFIED.,.F.,.F.,(8,6,6,6,8),(0.,0.163278718394,0.5,
    0.836721281606,1.),.UNSPECIFIED.);
#1203 = CARTESIAN_POINT('',(-15.14367871379,-17.69719772994));
#1204 = CARTESIAN_POINT('',(-15.29036346209,-17.73431837002));
#1205 = CARTESIAN_POINT('',(-15.44131769632,-17.76563142379));
#1206 = CARTESIAN_POINT('',(-15.59621591821,-17.79060980314));
#1207 = CARTESIAN_POINT('',(-15.75465229926,-17.80874285208));
#1208 = CARTESIAN_POINT('',(-15.91613808075,-17.81955511142));
#1209 = CARTESIAN_POINT('',(-16.08010528713,-17.82262615835));
#1210 = CARTESIAN_POINT('',(-16.58786118772,-17.80727009188));
#1211 = CARTESIAN_POINT('',(-16.93778446427,-17.762537277));
#1212 = CARTESIAN_POINT('',(-17.2899258223,-17.68034670533));
#1213 = CARTESIAN_POINT('',(-17.63747465757,-17.55909714123));
#1214 = CARTESIAN_POINT('',(-17.97313306786,-17.39919219589));
#1215 = CARTESIAN_POINT('',(-18.28993652822,-17.20324515391));
#1216 = CARTESIAN_POINT('',(-18.87427039765,-16.74836474886));
#1217 = CARTESIAN_POINT('',(-19.14195070387,-16.4893146969));
#1218 = CARTESIAN_POINT('',(-19.37931606721,-16.20314369168));
#1219 = CARTESIAN_POINT('',(-19.58212445709,-15.89596230115));
#1220 = CARTESIAN_POINT('',(-19.74819420017,-15.57474638228));
#1221 = CARTESIAN_POINT('',(-19.87740674988,-15.24649123578));
#1222 = CARTESIAN_POINT('',(-20.01686144634,-14.75801989477));
#1223 = CARTESIAN_POINT('',(-20.05411037947,-14.59831017972));
#1224 = CARTESIAN_POINT('',(-20.08324590637,-14.43910690197));
#1225 = CARTESIAN_POINT('',(-20.10453625995,-14.28106382194));
#1226 = CARTESIAN_POINT('',(-20.1183224618,-14.12477140619));
#1227 = CARTESIAN_POINT('',(-20.125,-13.97074836034));
#1228 = CARTESIAN_POINT('',(-20.125,-13.81943954598));
#1229 = ( GEOMETRIC_REPRESENTATION_CONTEXT(2) 
PARAMETRIC_REPRESENTATION_CONTEXT() REPRESENTATION_CONTEXT('2D SPACE',''
  ) );
#1230 = PCURVE('',#1231,#1247);
#1231 = ( BOUNDED_SURFACE() B_SPLINE_SURFACE(2,2,(
    (#1232,#1233,#1234,#1235,#1236)
    ,(#1237,#1238,#1239,#1240,#1241)
    ,(#1242,#1243,#1244,#1245,#1246
)),.UNSPECIFIED.,.F.,.F.,.F.) B_SPLINE_SURFACE_WITH_KNOTS((3,3),(3,1,1,3
    ),(0.,14.),(-0.8568,6.227006757453E-14,14.,14.8568),.UNSPECIFIED.) 
GEOMETRIC_REPRESENTATION_ITEM() RATIONAL_B_SPLINE_SURFACE((
    (1.,1.,1.,1.,1.)
    ,(0.614275865735,0.614275865735,0.614275865735,0.614275865735
      ,0.614275865735)
,(1.,1.,1.,1.,1.))) REPRESENTATION_ITEM('') SURFACE() );
#1232 = CARTESIAN_POINT('',(-20.125,-13.81943954598,-0.8568));
#1233 = CARTESIAN_POINT('',(-20.125,-13.81943954598,-0.4284));
#1234 = CARTESIAN_POINT('',(-20.125,-13.81943954598,7.));
#1235 = CARTESIAN_POINT('',(-20.125,-13.81943954598,14.4284));
#1236 = CARTESIAN_POINT('',(-20.125,-13.81943954598,14.8568));
#1237 = CARTESIAN_POINT('',(-20.125,-18.95779119134,-0.8568));
#1238 = CARTESIAN_POINT('',(-20.125,-18.95779119134,-0.4284));
#1239 = CARTESIAN_POINT('',(-20.125,-18.95779119134,7.));
#1240 = CARTESIAN_POINT('',(-20.125,-18.95779119134,14.4284));
#1241 = CARTESIAN_POINT('',(-20.125,-18.95779119134,14.8568));
#1242 = CARTESIAN_POINT('',(-15.14367871379,-17.69719772994,-0.8568));
#1243 = CARTESIAN_POINT('',(-15.14367871379,-17.69719772994,-0.4284));
#1244 = CARTESIAN_POINT('',(-15.14367871379,-17.69719772994,7.));
#1245 = CARTESIAN_POINT('',(-15.14367871379,-17.69719772994,14.4284));
#1246 = CARTESIAN_POINT('',(-15.14367871379,-17.69719772994,14.8568));
#1247 = DEFINITIONAL_REPRESENTATION('',(#1248),#1275);
#1248 = B_SPLINE_CURVE_WITH_KNOTS('',7,(#1249,#1250,#1251,#1252,#1253,
    #1254,#1255,#1256,#1257,#1258,#1259,#1260,#1261,#1262,#1263,#1264,
    #1265,#1266,#1267,#1268,#1269,#1270,#1271,#1272,#1273,#1274),
  .UNSPECIFIED.,.F.,.F.,(8,6,6,6,8),(0.,0.163278718394,0.5,
    0.836721281606,1.),.UNSPECIFIED.);
#1249 = CARTESIAN_POINT('',(14.,4.));
#1250 = CARTESIAN_POINT('',(13.664436285261,4.));
#1251 = CARTESIAN_POINT('',(13.330092069686,4.));
#1252 = CARTESIAN_POINT('',(12.99696387677,4.));
#1253 = CARTESIAN_POINT('',(12.665032260757,4.));
#1254 = CARTESIAN_POINT('',(12.334261582962,4.));
#1255 = CARTESIAN_POINT('',(12.004602905153,4.));
#1256 = CARTESIAN_POINT('',(10.998339172852,4.));
#1257 = CARTESIAN_POINT('',(10.324899750109,4.));
#1258 = CARTESIAN_POINT('',(9.655562262587,4.));
#1259 = CARTESIAN_POINT('',(8.989563407551,4.));
#1260 = CARTESIAN_POINT('',(8.325708059014,4.));
#1261 = CARTESIAN_POINT('',(7.662769179225,4.));
#1262 = CARTESIAN_POINT('',(6.337230820777,4.));
#1263 = CARTESIAN_POINT('',(5.674291940983,4.));
#1264 = CARTESIAN_POINT('',(5.010436592456,4.));
#1265 = CARTESIAN_POINT('',(4.344437737407,4.));
#1266 = CARTESIAN_POINT('',(3.675100249895,4.));
#1267 = CARTESIAN_POINT('',(3.001660827147,4.));
#1268 = CARTESIAN_POINT('',(1.995397094848,4.));
#1269 = CARTESIAN_POINT('',(1.665738417037,4.));
#1270 = CARTESIAN_POINT('',(1.334967739244,4.));
#1271 = CARTESIAN_POINT('',(1.003036123231,4.));
#1272 = CARTESIAN_POINT('',(0.669907930313,4.));
#1273 = CARTESIAN_POINT('',(0.33556371474,4.));
#1274 = CARTESIAN_POINT('',(0.,4.));
#1275 = ( GEOMETRIC_REPRESENTATION_CONTEXT(2) 
PARAMETRIC_REPRESENTATION_CONTEXT() REPRESENTATION_CONTEXT('2D SPACE',''
  ) );
#1276 = ORIENTED_EDGE('',*,*,#1277,.T.);
#1277 = EDGE_CURVE('',#1170,#1278,#1280,.T.);
#1278 = VERTEX_POINT('',#1279);
#1279 = CARTESIAN_POINT('',(-12.63328372813,-16.17181919415,4.));
#1280 = SURFACE_CURVE('',#1281,(#1286,#1293),.PCURVE_S1.);
#1281 = CIRCLE('',#1282,5.);
#1282 = AXIS2_PLACEMENT_3D('',#1283,#1284,#1285);
#1283 = CARTESIAN_POINT('',(-16.37033032155,-12.85,4.));
#1284 = DIRECTION('',(-0.,0.,1.));
#1285 = DIRECTION('',(0.747409318684,-0.66436383883,0.));
#1286 = PCURVE('',#43,#1287);
#1287 = DEFINITIONAL_REPRESENTATION('',(#1288),#1292);
#1288 = CIRCLE('',#1289,5.);
#1289 = AXIS2_PLACEMENT_2D('',#1290,#1291);
#1290 = CARTESIAN_POINT('',(-16.37033032155,-12.85));
#1291 = DIRECTION('',(0.747409318684,-0.66436383883));
#1292 = ( GEOMETRIC_REPRESENTATION_CONTEXT(2) 
PARAMETRIC_REPRESENTATION_CONTEXT() REPRESENTATION_CONTEXT('2D SPACE',''
  ) );
#1293 = PCURVE('',#1294,#1299);
#1294 = CYLINDRICAL_SURFACE('',#1295,5.);
#1295 = AXIS2_PLACEMENT_3D('',#1296,#1297,#1298);
#1296 = CARTESIAN_POINT('',(-16.37033032155,-12.85,0.));
#1297 = DIRECTION('',(-0.,-0.,1.));
#1298 = DIRECTION('',(0.747409318684,-0.66436383883,0.));
#1299 = DEFINITIONAL_REPRESENTATION('',(#1300),#1304);
#1300 = LINE('',#1301,#1302);
#1301 = CARTESIAN_POINT('',(-6.28318530718,4.));
#1302 = VECTOR('',#1303,1.);
#1303 = DIRECTION('',(1.,-0.));
#1304 = ( GEOMETRIC_REPRESENTATION_CONTEXT(2) 
PARAMETRIC_REPRESENTATION_CONTEXT() REPRESENTATION_CONTEXT('2D SPACE',''
  ) );
#1305 = ORIENTED_EDGE('',*,*,#1306,.F.);
#1306 = EDGE_CURVE('',#1307,#1278,#1309,.T.);
#1307 = VERTEX_POINT('',#1308);
#1308 = CARTESIAN_POINT('',(-11.61671627186,-15.02818080585,4.));
#1309 = SURFACE_CURVE('',#1310,(#1314,#1321),.PCURVE_S1.);
#1310 = LINE('',#1311,#1312);
#1311 = CARTESIAN_POINT('',(-4.576034482759,-7.107413793104,4.));
#1312 = VECTOR('',#1313,1.);
#1313 = DIRECTION('',(-0.66436383883,-0.747409318684,0.));
#1314 = PCURVE('',#43,#1315);
#1315 = DEFINITIONAL_REPRESENTATION('',(#1316),#1320);
#1316 = LINE('',#1317,#1318);
#1317 = CARTESIAN_POINT('',(-4.576034482759,-7.107413793104));
#1318 = VECTOR('',#1319,1.);
#1319 = DIRECTION('',(-0.66436383883,-0.747409318684));
#1320 = ( GEOMETRIC_REPRESENTATION_CONTEXT(2) 
PARAMETRIC_REPRESENTATION_CONTEXT() REPRESENTATION_CONTEXT('2D SPACE',''
  ) );
#1321 = PCURVE('',#1322,#1327);
#1322 = PLANE('',#1323);
#1323 = AXIS2_PLACEMENT_3D('',#1324,#1325,#1326);
#1324 = CARTESIAN_POINT('',(-10.125,-13.35,0.));
#1325 = DIRECTION('',(-0.747409318684,0.66436383883,-0.));
#1326 = DIRECTION('',(0.66436383883,0.747409318684,0.));
#1327 = DEFINITIONAL_REPRESENTATION('',(#1328),#1331);
#1328 = B_SPLINE_CURVE_WITH_KNOTS('',1,(#1329,#1330),.UNSPECIFIED.,.F.,
  .F.,(2,2),(10.597629457841,12.127766104135),.PIECEWISE_BEZIER_KNOTS.);
#1329 = CARTESIAN_POINT('',(-2.245330321551,-4.));
#1330 = CARTESIAN_POINT('',(-3.775466967845,-4.));
#1331 = ( GEOMETRIC_REPRESENTATION_CONTEXT(2) 
PARAMETRIC_REPRESENTATION_CONTEXT() REPRESENTATION_CONTEXT('2D SPACE',''
  ) );
#1332 = ORIENTED_EDGE('',*,*,#1333,.F.);
#1333 = EDGE_CURVE('',#1334,#1307,#1336,.T.);
#1334 = VERTEX_POINT('',#1335);
#1335 = CARTESIAN_POINT('',(-7.879669678449,-13.35,4.));
#1336 = SURFACE_CURVE('',#1337,(#1342,#1349),.PCURVE_S1.);
#1337 = CIRCLE('',#1338,5.);
#1338 = AXIS2_PLACEMENT_3D('',#1339,#1340,#1341);
#1339 = CARTESIAN_POINT('',(-7.879669678449,-18.35,4.));
#1340 = DIRECTION('',(-0.,-0.,1.));
#1341 = DIRECTION('',(-0.,1.,0.));
#1342 = PCURVE('',#43,#1343);
#1343 = DEFINITIONAL_REPRESENTATION('',(#1344),#1348);
#1344 = CIRCLE('',#1345,5.);
#1345 = AXIS2_PLACEMENT_2D('',#1346,#1347);
#1346 = CARTESIAN_POINT('',(-7.879669678449,-18.35));
#1347 = DIRECTION('',(0.,1.));
#1348 = ( GEOMETRIC_REPRESENTATION_CONTEXT(2) 
PARAMETRIC_REPRESENTATION_CONTEXT() REPRESENTATION_CONTEXT('2D SPACE',''
  ) );
#1349 = PCURVE('',#1350,#1355);
#1350 = CYLINDRICAL_SURFACE('',#1351,5.);
#1351 = AXIS2_PLACEMENT_3D('',#1352,#1353,#1354);
#1352 = CARTESIAN_POINT('',(-7.879669678449,-18.35,0.));
#1353 = DIRECTION('',(-0.,-0.,1.));
#1354 = DIRECTION('',(-0.,1.,-0.));
#1355 = DEFINITIONAL_REPRESENTATION('',(#1356),#1360);
#1356 = LINE('',#1357,#1358);
#1357 = CARTESIAN_POINT('',(0.,4.));
#1358 = VECTOR('',#1359,1.);
#1359 = DIRECTION('',(1.,0.));
#1360 = ( GEOMETRIC_REPRESENTATION_CONTEXT(2) 
PARAMETRIC_REPRESENTATION_CONTEXT() REPRESENTATION_CONTEXT('2D SPACE',''
  ) );
#1361 = ORIENTED_EDGE('',*,*,#1362,.T.);
#1362 = EDGE_CURVE('',#1334,#1363,#1365,.T.);
#1363 = VERTEX_POINT('',#1364);
#1364 = CARTESIAN_POINT('',(7.879669678449,-13.35,4.));
#1365 = SURFACE_CURVE('',#1366,(#1370,#1377),.PCURVE_S1.);
#1366 = LINE('',#1367,#1368);
#1367 = CARTESIAN_POINT('',(0.,-13.35,4.));
#1368 = VECTOR('',#1369,1.);
#1369 = DIRECTION('',(1.,0.,0.));
#1370 = PCURVE('',#43,#1371);
#1371 = DEFINITIONAL_REPRESENTATION('',(#1372),#1376);
#1372 = LINE('',#1373,#1374);
#1373 = CARTESIAN_POINT('',(0.,-13.35));
#1374 = VECTOR('',#1375,1.);
#1375 = DIRECTION('',(1.,0.));
#1376 = ( GEOMETRIC_REPRESENTATION_CONTEXT(2) 
PARAMETRIC_REPRESENTATION_CONTEXT() REPRESENTATION_CONTEXT('2D SPACE',''
  ) );
#1377 = PCURVE('',#1378,#1383);
#1378 = PLANE('',#1379);
#1379 = AXIS2_PLACEMENT_3D('',#1380,#1381,#1382);
#1380 = CARTESIAN_POINT('',(0.,-13.35,0.));
#1381 = DIRECTION('',(0.,1.,0.));
#1382 = DIRECTION('',(1.,0.,0.));
#1383 = DEFINITIONAL_REPRESENTATION('',(#1384),#1387);
#1384 = B_SPLINE_CURVE_WITH_KNOTS('',1,(#1385,#1386),.UNSPECIFIED.,.F.,
  .F.,(2,2),(-7.879669678449,7.879669678449),.PIECEWISE_BEZIER_KNOTS.);
#1385 = CARTESIAN_POINT('',(-7.879669678449,-4.));
#1386 = CARTESIAN_POINT('',(7.879669678449,-4.));
#1387 = ( GEOMETRIC_REPRESENTATION_CONTEXT(2) 
PARAMETRIC_REPRESENTATION_CONTEXT() REPRESENTATION_CONTEXT('2D SPACE',''
  ) );
#1388 = ORIENTED_EDGE('',*,*,#1389,.F.);
#1389 = EDGE_CURVE('',#1390,#1363,#1392,.T.);
#1390 = VERTEX_POINT('',#1391);
#1391 = CARTESIAN_POINT('',(11.616716271867,-15.02818080585,4.));
#1392 = SURFACE_CURVE('',#1393,(#1398,#1405),.PCURVE_S1.);
#1393 = CIRCLE('',#1394,5.);
#1394 = AXIS2_PLACEMENT_3D('',#1395,#1396,#1397);
#1395 = CARTESIAN_POINT('',(7.879669678449,-18.35,4.));
#1396 = DIRECTION('',(0.,0.,1.));
#1397 = DIRECTION('',(-0.,1.,0.));
#1398 = PCURVE('',#43,#1399);
#1399 = DEFINITIONAL_REPRESENTATION('',(#1400),#1404);
#1400 = CIRCLE('',#1401,5.);
#1401 = AXIS2_PLACEMENT_2D('',#1402,#1403);
#1402 = CARTESIAN_POINT('',(7.879669678449,-18.35));
#1403 = DIRECTION('',(0.,1.));
#1404 = ( GEOMETRIC_REPRESENTATION_CONTEXT(2) 
PARAMETRIC_REPRESENTATION_CONTEXT() REPRESENTATION_CONTEXT('2D SPACE',''
  ) );
#1405 = PCURVE('',#1406,#1411);
#1406 = CYLINDRICAL_SURFACE('',#1407,5.);
#1407 = AXIS2_PLACEMENT_3D('',#1408,#1409,#1410);
#1408 = CARTESIAN_POINT('',(7.879669678449,-18.35,0.));
#1409 = DIRECTION('',(0.,0.,1.));
#1410 = DIRECTION('',(-0.,1.,0.));
#1411 = DEFINITIONAL_REPRESENTATION('',(#1412),#1416);
#1412 = LINE('',#1413,#1414);
#1413 = CARTESIAN_POINT('',(-6.28318530718,4.));
#1414 = VECTOR('',#1415,1.);
#1415 = DIRECTION('',(1.,-0.));
#1416 = ( GEOMETRIC_REPRESENTATION_CONTEXT(2) 
PARAMETRIC_REPRESENTATION_CONTEXT() REPRESENTATION_CONTEXT('2D SPACE',''
  ) );
#1417 = ORIENTED_EDGE('',*,*,#1418,.T.);
#1418 = EDGE_CURVE('',#1390,#262,#1419,.T.);
#1419 = SURFACE_CURVE('',#1420,(#1424,#1431),.PCURVE_S1.);
#1420 = LINE('',#1421,#1422);
#1421 = CARTESIAN_POINT('',(4.576034482759,-7.107413793104,4.));
#1422 = VECTOR('',#1423,1.);
#1423 = DIRECTION('',(0.66436383883,-0.747409318684,0.));
#1424 = PCURVE('',#43,#1425);
#1425 = DEFINITIONAL_REPRESENTATION('',(#1426),#1430);
#1426 = LINE('',#1427,#1428);
#1427 = CARTESIAN_POINT('',(4.576034482759,-7.107413793104));
#1428 = VECTOR('',#1429,1.);
#1429 = DIRECTION('',(0.66436383883,-0.747409318684));
#1430 = ( GEOMETRIC_REPRESENTATION_CONTEXT(2) 
PARAMETRIC_REPRESENTATION_CONTEXT() REPRESENTATION_CONTEXT('2D SPACE',''
  ) );
#1431 = PCURVE('',#1432,#1437);
#1432 = PLANE('',#1433);
#1433 = AXIS2_PLACEMENT_3D('',#1434,#1435,#1436);
#1434 = CARTESIAN_POINT('',(10.125,-13.35,0.));
#1435 = DIRECTION('',(0.747409318684,0.66436383883,-0.));
#1436 = DIRECTION('',(0.66436383883,-0.747409318684,0.));
#1437 = DEFINITIONAL_REPRESENTATION('',(#1438),#1441);
#1438 = B_SPLINE_CURVE_WITH_KNOTS('',1,(#1439,#1440),.UNSPECIFIED.,.F.,
  .F.,(2,2),(10.597629457841,12.127766104135),.PIECEWISE_BEZIER_KNOTS.);
#1439 = CARTESIAN_POINT('',(2.245330321551,-4.));
#1440 = CARTESIAN_POINT('',(3.775466967845,-4.));
#1441 = ( GEOMETRIC_REPRESENTATION_CONTEXT(2) 
PARAMETRIC_REPRESENTATION_CONTEXT() REPRESENTATION_CONTEXT('2D SPACE',''
  ) );
#1442 = FACE_BOUND('',#1443,.F.);
#1443 = EDGE_LOOP('',(#1444));
#1444 = ORIENTED_EDGE('',*,*,#1445,.T.);
#1445 = EDGE_CURVE('',#1446,#1446,#1448,.T.);
#1446 = VERTEX_POINT('',#1447);
#1447 = CARTESIAN_POINT('',(-15.3,-14.5,4.));
#1448 = SURFACE_CURVE('',#1449,(#1454,#1465),.PCURVE_S1.);
#1449 = CIRCLE('',#1450,1.2);
#1450 = AXIS2_PLACEMENT_3D('',#1451,#1452,#1453);
#1451 = CARTESIAN_POINT('',(-16.5,-14.5,4.));
#1452 = DIRECTION('',(0.,-1.224646799147E-16,-1.));
#1453 = DIRECTION('',(1.,0.,0.));
#1454 = PCURVE('',#43,#1455);
#1455 = DEFINITIONAL_REPRESENTATION('',(#1456),#1464);
#1456 = ( BOUNDED_CURVE() B_SPLINE_CURVE(2,(#1457,#1458,#1459,#1460,
#1461,#1462,#1463),.UNSPECIFIED.,.T.,.F.) B_SPLINE_CURVE_WITH_KNOTS((1,2
    ,2,2,2,1),(-2.094395102393,0.,2.094395102393,4.188790204786,
6.28318530718,8.377580409573),.UNSPECIFIED.) CURVE() 
GEOMETRIC_REPRESENTATION_ITEM() RATIONAL_B_SPLINE_CURVE((1.,0.5,1.,0.5,
1.,0.5,1.)) REPRESENTATION_ITEM('') );
#1457 = CARTESIAN_POINT('',(-15.3,-14.5));
#1458 = CARTESIAN_POINT('',(-15.3,-16.57846096908));
#1459 = CARTESIAN_POINT('',(-17.1,-15.53923048454));
#1460 = CARTESIAN_POINT('',(-18.9,-14.5));
#1461 = CARTESIAN_POINT('',(-17.1,-13.46076951545));
#1462 = CARTESIAN_POINT('',(-15.3,-12.42153903091));
#1463 = CARTESIAN_POINT('',(-15.3,-14.5));
#1464 = ( GEOMETRIC_REPRESENTATION_CONTEXT(2) 
PARAMETRIC_REPRESENTATION_CONTEXT() REPRESENTATION_CONTEXT('2D SPACE',''
  ) );
#1465 = PCURVE('',#1466,#1471);
#1466 = CYLINDRICAL_SURFACE('',#1467,1.2);
#1467 = AXIS2_PLACEMENT_3D('',#1468,#1469,#1470);
#1468 = CARTESIAN_POINT('',(-16.5,-14.5,12.));
#1469 = DIRECTION('',(0.,1.224646799147E-16,1.));
#1470 = DIRECTION('',(1.,0.,0.));
#1471 = DEFINITIONAL_REPRESENTATION('',(#1472),#1476);
#1472 = LINE('',#1473,#1474);
#1473 = CARTESIAN_POINT('',(-0.,-8.));
#1474 = VECTOR('',#1475,1.);
#1475 = DIRECTION('',(-1.,0.));
#1476 = ( GEOMETRIC_REPRESENTATION_CONTEXT(2) 
PARAMETRIC_REPRESENTATION_CONTEXT() REPRESENTATION_CONTEXT('2D SPACE',''
  ) );
#1477 = FACE_BOUND('',#1478,.F.);
#1478 = EDGE_LOOP('',(#1479));
#1479 = ORIENTED_EDGE('',*,*,#1480,.T.);
#1480 = EDGE_CURVE('',#1481,#1481,#1483,.T.);
#1481 = VERTEX_POINT('',#1482);
#1482 = CARTESIAN_POINT('',(17.7,-14.5,4.));
#1483 = SURFACE_CURVE('',#1484,(#1489,#1500),.PCURVE_S1.);
#1484 = CIRCLE('',#1485,1.2);
#1485 = AXIS2_PLACEMENT_3D('',#1486,#1487,#1488);
#1486 = CARTESIAN_POINT('',(16.5,-14.5,4.));
#1487 = DIRECTION('',(0.,-1.224646799147E-16,-1.));
#1488 = DIRECTION('',(1.,0.,0.));
#1489 = PCURVE('',#43,#1490);
#1490 = DEFINITIONAL_REPRESENTATION('',(#1491),#1499);
#1491 = ( BOUNDED_CURVE() B_SPLINE_CURVE(2,(#1492,#1493,#1494,#1495,
#1496,#1497,#1498),.UNSPECIFIED.,.T.,.F.) B_SPLINE_CURVE_WITH_KNOTS((1,2
    ,2,2,2,1),(-2.094395102393,0.,2.094395102393,4.188790204786,
6.28318530718,8.377580409573),.UNSPECIFIED.) CURVE() 
GEOMETRIC_REPRESENTATION_ITEM() RATIONAL_B_SPLINE_CURVE((1.,0.5,1.,0.5,
1.,0.5,1.)) REPRESENTATION_ITEM('') );
#1492 = CARTESIAN_POINT('',(17.7,-14.5));
#1493 = CARTESIAN_POINT('',(17.7,-16.57846096908));
#1494 = CARTESIAN_POINT('',(15.9,-15.53923048454));
#1495 = CARTESIAN_POINT('',(14.1,-14.5));
#1496 = CARTESIAN_POINT('',(15.9,-13.46076951545));
#1497 = CARTESIAN_POINT('',(17.7,-12.42153903091));
#1498 = CARTESIAN_POINT('',(17.7,-14.5));
#1499 = ( GEOMETRIC_REPRESENTATION_CONTEXT(2) 
PARAMETRIC_REPRESENTATION_CONTEXT() REPRESENTATION_CONTEXT('2D SPACE',''
  ) );
#1500 = PCURVE('',#1501,#1506);
#1501 = CYLINDRICAL_SURFACE('',#1502,1.2);
#1502 = AXIS2_PLACEMENT_3D('',#1503,#1504,#1505);
#1503 = CARTESIAN_POINT('',(16.5,-14.5,12.));
#1504 = DIRECTION('',(0.,1.224646799147E-16,1.));
#1505 = DIRECTION('',(1.,0.,0.));
#1506 = DEFINITIONAL_REPRESENTATION('',(#1507),#1511);
#1507 = LINE('',#1508,#1509);
#1508 = CARTESIAN_POINT('',(-0.,-8.));
#1509 = VECTOR('',#1510,1.);
#1510 = DIRECTION('',(-1.,0.));
#1511 = ( GEOMETRIC_REPRESENTATION_CONTEXT(2) 
PARAMETRIC_REPRESENTATION_CONTEXT() REPRESENTATION_CONTEXT('2D SPACE',''
  ) );
#1512 = FACE_BOUND('',#1513,.F.);
#1513 = EDGE_LOOP('',(#1514));
#1514 = ORIENTED_EDGE('',*,*,#1515,.T.);
#1515 = EDGE_CURVE('',#1516,#1516,#1518,.T.);
#1516 = VERTEX_POINT('',#1517);
#1517 = CARTESIAN_POINT('',(-15.3,10.,4.));
#1518 = SURFACE_CURVE('',#1519,(#1524,#1535),.PCURVE_S1.);
#1519 = CIRCLE('',#1520,1.2);
#1520 = AXIS2_PLACEMENT_3D('',#1521,#1522,#1523);
#1521 = CARTESIAN_POINT('',(-16.5,10.,4.));
#1522 = DIRECTION('',(0.,-1.224646799147E-16,-1.));
#1523 = DIRECTION('',(1.,0.,0.));
#1524 = PCURVE('',#43,#1525);
#1525 = DEFINITIONAL_REPRESENTATION('',(#1526),#1534);
#1526 = ( BOUNDED_CURVE() B_SPLINE_CURVE(2,(#1527,#1528,#1529,#1530,
#1531,#1532,#1533),.UNSPECIFIED.,.T.,.F.) B_SPLINE_CURVE_WITH_KNOTS((1,2
    ,2,2,2,1),(-2.094395102393,0.,2.094395102393,4.188790204786,
6.28318530718,8.377580409573),.UNSPECIFIED.) CURVE() 
GEOMETRIC_REPRESENTATION_ITEM() RATIONAL_B_SPLINE_CURVE((1.,0.5,1.,0.5,
1.,0.5,1.)) REPRESENTATION_ITEM('') );
#1527 = CARTESIAN_POINT('',(-15.3,10.));
#1528 = CARTESIAN_POINT('',(-15.3,7.921539030917));
#1529 = CARTESIAN_POINT('',(-17.1,8.960769515459));
#1530 = CARTESIAN_POINT('',(-18.9,10.));
#1531 = CARTESIAN_POINT('',(-17.1,11.039230484541));
#1532 = CARTESIAN_POINT('',(-15.3,12.078460969083));
#1533 = CARTESIAN_POINT('',(-15.3,10.));
#1534 = ( GEOMETRIC_REPRESENTATION_CONTEXT(2) 
PARAMETRIC_REPRESENTATION_CONTEXT() REPRESENTATION_CONTEXT('2D SPACE',''
  ) );
#1535 = PCURVE('',#1536,#1541);
#1536 = CYLINDRICAL_SURFACE('',#1537,1.2);
#1537 = AXIS2_PLACEMENT_3D('',#1538,#1539,#1540);
#1538 = CARTESIAN_POINT('',(-16.5,10.,12.));
#1539 = DIRECTION('',(0.,1.224646799147E-16,1.));
#1540 = DIRECTION('',(1.,0.,0.));
#1541 = DEFINITIONAL_REPRESENTATION('',(#1542),#1546);
#1542 = LINE('',#1543,#1544);
#1543 = CARTESIAN_POINT('',(-0.,-8.));
#1544 = VECTOR('',#1545,1.);
#1545 = DIRECTION('',(-1.,0.));
#1546 = ( GEOMETRIC_REPRESENTATION_CONTEXT(2) 
PARAMETRIC_REPRESENTATION_CONTEXT() REPRESENTATION_CONTEXT('2D SPACE',''
  ) );
#1547 = FACE_BOUND('',#1548,.F.);
#1548 = EDGE_LOOP('',(#1549));
#1549 = ORIENTED_EDGE('',*,*,#1550,.T.);
#1550 = EDGE_CURVE('',#1551,#1551,#1553,.T.);
#1551 = VERTEX_POINT('',#1552);
#1552 = CARTESIAN_POINT('',(17.7,10.,4.));
#1553 = SURFACE_CURVE('',#1554,(#1559,#1570),.PCURVE_S1.);
#1554 = CIRCLE('',#1555,1.2);
#1555 = AXIS2_PLACEMENT_3D('',#1556,#1557,#1558);
#1556 = CARTESIAN_POINT('',(16.5,10.,4.));
#1557 = DIRECTION('',(0.,-1.224646799147E-16,-1.));
#1558 = DIRECTION('',(1.,0.,0.));
#1559 = PCURVE('',#43,#1560);
#1560 = DEFINITIONAL_REPRESENTATION('',(#1561),#1569);
#1561 = ( BOUNDED_CURVE() B_SPLINE_CURVE(2,(#1562,#1563,#1564,#1565,
#1566,#1567,#1568),.UNSPECIFIED.,.T.,.F.) B_SPLINE_CURVE_WITH_KNOTS((1,2
    ,2,2,2,1),(-2.094395102393,0.,2.094395102393,4.188790204786,
6.28318530718,8.377580409573),.UNSPECIFIED.) CURVE() 
GEOMETRIC_REPRESENTATION_ITEM() RATIONAL_B_SPLINE_CURVE((1.,0.5,1.,0.5,
1.,0.5,1.)) REPRESENTATION_ITEM('') );
#1562 = CARTESIAN_POINT('',(17.7,10.));
#1563 = CARTESIAN_POINT('',(17.7,7.921539030917));
#1564 = CARTESIAN_POINT('',(15.9,8.960769515459));
#1565 = CARTESIAN_POINT('',(14.1,10.));
#1566 = CARTESIAN_POINT('',(15.9,11.039230484541));
#1567 = CARTESIAN_POINT('',(17.7,12.078460969083));
#1568 = CARTESIAN_POINT('',(17.7,10.));
#1569 = ( GEOMETRIC_REPRESENTATION_CONTEXT(2) 
PARAMETRIC_REPRESENTATION_CONTEXT() REPRESENTATION_CONTEXT('2D SPACE',''
  ) );
#1570 = PCURVE('',#1571,#1576);
#1571 = CYLINDRICAL_SURFACE('',#1572,1.2);
#1572 = AXIS2_PLACEMENT_3D('',#1573,#1574,#1575);
#1573 = CARTESIAN_POINT('',(16.5,10.,12.));
#1574 = DIRECTION('',(0.,1.224646799147E-16,1.));
#1575 = DIRECTION('',(1.,0.,0.));
#1576 = DEFINITIONAL_REPRESENTATION('',(#1577),#1581);
#1577 = LINE('',#1578,#1579);
#1578 = CARTESIAN_POINT('',(-0.,-8.));
#1579 = VECTOR('',#1580,1.);
#1580 = DIRECTION('',(-1.,0.));
#1581 = ( GEOMETRIC_REPRESENTATION_CONTEXT(2) 
PARAMETRIC_REPRESENTATION_CONTEXT() REPRESENTATION_CONTEXT('2D SPACE',''
  ) );
#1582 = ADVANCED_FACE('',(#1583),#246,.T.);
#1583 = FACE_BOUND('',#1584,.F.);
#1584 = EDGE_LOOP('',(#1585,#1608,#1609,#1610));
#1585 = ORIENTED_EDGE('',*,*,#1586,.F.);
#1586 = EDGE_CURVE('',#384,#1587,#1589,.T.);
#1587 = VERTEX_POINT('',#1588);
#1588 = CARTESIAN_POINT('',(16.125,13.85,11.));
#1589 = SURFACE_CURVE('',#1590,(#1594,#1601),.PCURVE_S1.);
#1590 = LINE('',#1591,#1592);
#1591 = CARTESIAN_POINT('',(16.125,13.85,0.));
#1592 = VECTOR('',#1593,1.);
#1593 = DIRECTION('',(0.,0.,1.));
#1594 = PCURVE('',#246,#1595);
#1595 = DEFINITIONAL_REPRESENTATION('',(#1596),#1600);
#1596 = LINE('',#1597,#1598);
#1597 = CARTESIAN_POINT('',(-0.,0.));
#1598 = VECTOR('',#1599,1.);
#1599 = DIRECTION('',(-0.,1.));
#1600 = ( GEOMETRIC_REPRESENTATION_CONTEXT(2) 
PARAMETRIC_REPRESENTATION_CONTEXT() REPRESENTATION_CONTEXT('2D SPACE',''
  ) );
#1601 = PCURVE('',#423,#1602);
#1602 = DEFINITIONAL_REPRESENTATION('',(#1603),#1607);
#1603 = LINE('',#1604,#1605);
#1604 = CARTESIAN_POINT('',(4.,0.));
#1605 = VECTOR('',#1606,1.);
#1606 = DIRECTION('',(0.,-1.));
#1607 = ( GEOMETRIC_REPRESENTATION_CONTEXT(2) 
PARAMETRIC_REPRESENTATION_CONTEXT() REPRESENTATION_CONTEXT('2D SPACE',''
  ) );
#1608 = ORIENTED_EDGE('',*,*,#383,.F.);
#1609 = ORIENTED_EDGE('',*,*,#232,.T.);
#1610 = ORIENTED_EDGE('',*,*,#1611,.T.);
#1611 = EDGE_CURVE('',#207,#1587,#1612,.T.);
#1612 = SURFACE_CURVE('',#1613,(#1618,#1625),.PCURVE_S1.);
#1613 = CIRCLE('',#1614,4.);
#1614 = AXIS2_PLACEMENT_3D('',#1615,#1616,#1617);
#1615 = CARTESIAN_POINT('',(16.125,9.85,11.));
#1616 = DIRECTION('',(0.,0.,1.));
#1617 = DIRECTION('',(-0.,1.,0.));
#1618 = PCURVE('',#246,#1619);
#1619 = DEFINITIONAL_REPRESENTATION('',(#1620),#1624);
#1620 = LINE('',#1621,#1622);
#1621 = CARTESIAN_POINT('',(-6.28318530718,11.));
#1622 = VECTOR('',#1623,1.);
#1623 = DIRECTION('',(1.,-0.));
#1624 = ( GEOMETRIC_REPRESENTATION_CONTEXT(2) 
PARAMETRIC_REPRESENTATION_CONTEXT() REPRESENTATION_CONTEXT('2D SPACE',''
  ) );
#1625 = PCURVE('',#221,#1626);
#1626 = DEFINITIONAL_REPRESENTATION('',(#1627),#1631);
#1627 = CIRCLE('',#1628,4.);
#1628 = AXIS2_PLACEMENT_2D('',#1629,#1630);
#1629 = CARTESIAN_POINT('',(16.125,9.85));
#1630 = DIRECTION('',(0.,1.));
#1631 = ( GEOMETRIC_REPRESENTATION_CONTEXT(2) 
PARAMETRIC_REPRESENTATION_CONTEXT() REPRESENTATION_CONTEXT('2D SPACE',''
  ) );
#1632 = ADVANCED_FACE('',(#1633,#1732),#221,.T.);
#1633 = FACE_BOUND('',#1634,.T.);
#1634 = EDGE_LOOP('',(#1635,#1656,#1657,#1658,#1679,#1705));
#1635 = ORIENTED_EDGE('',*,*,#1636,.F.);
#1636 = EDGE_CURVE('',#181,#1637,#1639,.T.);
#1637 = VERTEX_POINT('',#1638);
#1638 = CARTESIAN_POINT('',(17.8,6.5,11.));
#1639 = SURFACE_CURVE('',#1640,(#1644,#1650),.PCURVE_S1.);
#1640 = LINE('',#1641,#1642);
#1641 = CARTESIAN_POINT('',(8.9,6.5,11.));
#1642 = VECTOR('',#1643,1.);
#1643 = DIRECTION('',(-1.,0.,0.));
#1644 = PCURVE('',#221,#1645);
#1645 = DEFINITIONAL_REPRESENTATION('',(#1646),#1649);
#1646 = B_SPLINE_CURVE_WITH_KNOTS('',1,(#1647,#1648),.UNSPECIFIED.,.F.,
  .F.,(2,2),(-11.225,-8.9),.PIECEWISE_BEZIER_KNOTS.);
#1647 = CARTESIAN_POINT('',(20.125,6.5));
#1648 = CARTESIAN_POINT('',(17.8,6.5));
#1649 = ( GEOMETRIC_REPRESENTATION_CONTEXT(2) 
PARAMETRIC_REPRESENTATION_CONTEXT() REPRESENTATION_CONTEXT('2D SPACE',''
  ) );
#1650 = PCURVE('',#195,#1651);
#1651 = DEFINITIONAL_REPRESENTATION('',(#1652),#1655);
#1652 = B_SPLINE_CURVE_WITH_KNOTS('',1,(#1653,#1654),.UNSPECIFIED.,.F.,
  .F.,(2,2),(-11.225,-8.9),.PIECEWISE_BEZIER_KNOTS.);
#1653 = CARTESIAN_POINT('',(4.5,2.325));
#1654 = CARTESIAN_POINT('',(4.5,0.));
#1655 = ( GEOMETRIC_REPRESENTATION_CONTEXT(2) 
PARAMETRIC_REPRESENTATION_CONTEXT() REPRESENTATION_CONTEXT('2D SPACE',''
  ) );
#1656 = ORIENTED_EDGE('',*,*,#206,.T.);
#1657 = ORIENTED_EDGE('',*,*,#1611,.T.);
#1658 = ORIENTED_EDGE('',*,*,#1659,.T.);
#1659 = EDGE_CURVE('',#1587,#1660,#1662,.T.);
#1660 = VERTEX_POINT('',#1661);
#1661 = CARTESIAN_POINT('',(14.3,13.85,11.));
#1662 = SURFACE_CURVE('',#1663,(#1667,#1673),.PCURVE_S1.);
#1663 = LINE('',#1664,#1665);
#1664 = CARTESIAN_POINT('',(10.0625,13.85,11.));
#1665 = VECTOR('',#1666,1.);
#1666 = DIRECTION('',(-1.,0.,0.));
#1667 = PCURVE('',#221,#1668);
#1668 = DEFINITIONAL_REPRESENTATION('',(#1669),#1672);
#1669 = B_SPLINE_CURVE_WITH_KNOTS('',1,(#1670,#1671),.UNSPECIFIED.,.F.,
  .F.,(2,2),(-6.0625,26.1875),.PIECEWISE_BEZIER_KNOTS.);
#1670 = CARTESIAN_POINT('',(16.125,13.85));
#1671 = CARTESIAN_POINT('',(-16.125,13.85));
#1672 = ( GEOMETRIC_REPRESENTATION_CONTEXT(2) 
PARAMETRIC_REPRESENTATION_CONTEXT() REPRESENTATION_CONTEXT('2D SPACE',''
  ) );
#1673 = PCURVE('',#423,#1674);
#1674 = DEFINITIONAL_REPRESENTATION('',(#1675),#1678);
#1675 = B_SPLINE_CURVE_WITH_KNOTS('',1,(#1676,#1677),.UNSPECIFIED.,.F.,
  .F.,(2,2),(-6.0625,26.1875),.PIECEWISE_BEZIER_KNOTS.);
#1676 = CARTESIAN_POINT('',(4.,-11.));
#1677 = CARTESIAN_POINT('',(36.250000000001,-11.));
#1678 = ( GEOMETRIC_REPRESENTATION_CONTEXT(2) 
PARAMETRIC_REPRESENTATION_CONTEXT() REPRESENTATION_CONTEXT('2D SPACE',''
  ) );
#1679 = ORIENTED_EDGE('',*,*,#1680,.F.);
#1680 = EDGE_CURVE('',#1681,#1660,#1683,.T.);
#1681 = VERTEX_POINT('',#1682);
#1682 = CARTESIAN_POINT('',(14.3,10.,11.));
#1683 = SURFACE_CURVE('',#1684,(#1688,#1694),.PCURVE_S1.);
#1684 = LINE('',#1685,#1686);
#1685 = CARTESIAN_POINT('',(14.3,7.5,11.));
#1686 = VECTOR('',#1687,1.);
#1687 = DIRECTION('',(-0.,1.,0.));
#1688 = PCURVE('',#221,#1689);
#1689 = DEFINITIONAL_REPRESENTATION('',(#1690),#1693);
#1690 = B_SPLINE_CURVE_WITH_KNOTS('',1,(#1691,#1692),.UNSPECIFIED.,.F.,
  .F.,(2,2),(2.5,6.35),.PIECEWISE_BEZIER_KNOTS.);
#1691 = CARTESIAN_POINT('',(14.3,10.));
#1692 = CARTESIAN_POINT('',(14.3,13.85));
#1693 = ( GEOMETRIC_REPRESENTATION_CONTEXT(2) 
PARAMETRIC_REPRESENTATION_CONTEXT() REPRESENTATION_CONTEXT('2D SPACE',''
  ) );
#1694 = PCURVE('',#1695,#1700);
#1695 = PLANE('',#1696);
#1696 = AXIS2_PLACEMENT_3D('',#1697,#1698,#1699);
#1697 = CARTESIAN_POINT('',(14.3,15.,6.5));
#1698 = DIRECTION('',(1.,0.,-0.));
#1699 = DIRECTION('',(0.,0.,1.));
#1700 = DEFINITIONAL_REPRESENTATION('',(#1701),#1704);
#1701 = B_SPLINE_CURVE_WITH_KNOTS('',1,(#1702,#1703),.UNSPECIFIED.,.F.,
  .F.,(2,2),(2.5,6.35),.PIECEWISE_BEZIER_KNOTS.);
#1702 = CARTESIAN_POINT('',(4.5,5.));
#1703 = CARTESIAN_POINT('',(4.5,1.15));
#1704 = ( GEOMETRIC_REPRESENTATION_CONTEXT(2) 
PARAMETRIC_REPRESENTATION_CONTEXT() REPRESENTATION_CONTEXT('2D SPACE',''
  ) );
#1705 = ORIENTED_EDGE('',*,*,#1706,.T.);
#1706 = EDGE_CURVE('',#1681,#1637,#1707,.T.);
#1707 = SURFACE_CURVE('',#1708,(#1713,#1720),.PCURVE_S1.);
#1708 = CIRCLE('',#1709,3.5);
#1709 = AXIS2_PLACEMENT_3D('',#1710,#1711,#1712);
#1710 = CARTESIAN_POINT('',(17.8,10.,11.));
#1711 = DIRECTION('',(0.,0.,1.));
#1712 = DIRECTION('',(-1.,2.537652627715E-16,0.));
#1713 = PCURVE('',#221,#1714);
#1714 = DEFINITIONAL_REPRESENTATION('',(#1715),#1719);
#1715 = CIRCLE('',#1716,3.5);
#1716 = AXIS2_PLACEMENT_2D('',#1717,#1718);
#1717 = CARTESIAN_POINT('',(17.8,10.));
#1718 = DIRECTION('',(-1.,2.537652627715E-16));
#1719 = ( GEOMETRIC_REPRESENTATION_CONTEXT(2) 
PARAMETRIC_REPRESENTATION_CONTEXT() REPRESENTATION_CONTEXT('2D SPACE',''
  ) );
#1720 = PCURVE('',#1721,#1726);
#1721 = CYLINDRICAL_SURFACE('',#1722,3.5);
#1722 = AXIS2_PLACEMENT_3D('',#1723,#1724,#1725);
#1723 = CARTESIAN_POINT('',(17.8,10.,6.5));
#1724 = DIRECTION('',(0.,0.,1.));
#1725 = DIRECTION('',(-1.,2.537652627715E-16,0.));
#1726 = DEFINITIONAL_REPRESENTATION('',(#1727),#1731);
#1727 = LINE('',#1728,#1729);
#1728 = CARTESIAN_POINT('',(0.,4.5));
#1729 = VECTOR('',#1730,1.);
#1730 = DIRECTION('',(1.,0.));
#1731 = ( GEOMETRIC_REPRESENTATION_CONTEXT(2) 
PARAMETRIC_REPRESENTATION_CONTEXT() REPRESENTATION_CONTEXT('2D SPACE',''
  ) );
#1732 = FACE_BOUND('',#1733,.T.);
#1733 = EDGE_LOOP('',(#1734));
#1734 = ORIENTED_EDGE('',*,*,#1735,.F.);
#1735 = EDGE_CURVE('',#1736,#1736,#1738,.T.);
#1736 = VERTEX_POINT('',#1737);
#1737 = CARTESIAN_POINT('',(17.7,10.,11.));
#1738 = SURFACE_CURVE('',#1739,(#1744,#1751),.PCURVE_S1.);
#1739 = CIRCLE('',#1740,1.2);
#1740 = AXIS2_PLACEMENT_3D('',#1741,#1742,#1743);
#1741 = CARTESIAN_POINT('',(16.5,10.,11.));
#1742 = DIRECTION('',(0.,1.224646799147E-16,1.));
#1743 = DIRECTION('',(1.,0.,-0.));
#1744 = PCURVE('',#221,#1745);
#1745 = DEFINITIONAL_REPRESENTATION('',(#1746),#1750);
#1746 = CIRCLE('',#1747,1.2);
#1747 = AXIS2_PLACEMENT_2D('',#1748,#1749);
#1748 = CARTESIAN_POINT('',(16.5,10.));
#1749 = DIRECTION('',(1.,0.));
#1750 = ( GEOMETRIC_REPRESENTATION_CONTEXT(2) 
PARAMETRIC_REPRESENTATION_CONTEXT() REPRESENTATION_CONTEXT('2D SPACE',''
  ) );
#1751 = PCURVE('',#1571,#1752);
#1752 = DEFINITIONAL_REPRESENTATION('',(#1753),#1757);
#1753 = LINE('',#1754,#1755);
#1754 = CARTESIAN_POINT('',(-6.28318530718,-1.));
#1755 = VECTOR('',#1756,1.);
#1756 = DIRECTION('',(1.,-0.));
#1757 = ( GEOMETRIC_REPRESENTATION_CONTEXT(2) 
PARAMETRIC_REPRESENTATION_CONTEXT() REPRESENTATION_CONTEXT('2D SPACE',''
  ) );
#1758 = ADVANCED_FACE('',(#1759),#195,.F.);
#1759 = FACE_BOUND('',#1760,.F.);
#1760 = EDGE_LOOP('',(#1761,#1784,#1805,#1806));
#1761 = ORIENTED_EDGE('',*,*,#1762,.F.);
#1762 = EDGE_CURVE('',#1763,#148,#1765,.T.);
#1763 = VERTEX_POINT('',#1764);
#1764 = CARTESIAN_POINT('',(17.8,6.5,6.5));
#1765 = SURFACE_CURVE('',#1766,(#1770,#1777),.PCURVE_S1.);
#1766 = LINE('',#1767,#1768);
#1767 = CARTESIAN_POINT('',(17.8,6.5,6.5));
#1768 = VECTOR('',#1769,1.);
#1769 = DIRECTION('',(1.,0.,0.));
#1770 = PCURVE('',#195,#1771);
#1771 = DEFINITIONAL_REPRESENTATION('',(#1772),#1776);
#1772 = LINE('',#1773,#1774);
#1773 = CARTESIAN_POINT('',(0.,0.));
#1774 = VECTOR('',#1775,1.);
#1775 = DIRECTION('',(0.,1.));
#1776 = ( GEOMETRIC_REPRESENTATION_CONTEXT(2) 
PARAMETRIC_REPRESENTATION_CONTEXT() REPRESENTATION_CONTEXT('2D SPACE',''
  ) );
#1777 = PCURVE('',#168,#1778);
#1778 = DEFINITIONAL_REPRESENTATION('',(#1779),#1783);
#1779 = LINE('',#1780,#1781);
#1780 = CARTESIAN_POINT('',(3.14159265359,0.));
#1781 = VECTOR('',#1782,1.);
#1782 = DIRECTION('',(0.,1.));
#1783 = ( GEOMETRIC_REPRESENTATION_CONTEXT(2) 
PARAMETRIC_REPRESENTATION_CONTEXT() REPRESENTATION_CONTEXT('2D SPACE',''
  ) );
#1784 = ORIENTED_EDGE('',*,*,#1785,.T.);
#1785 = EDGE_CURVE('',#1763,#1637,#1786,.T.);
#1786 = SURFACE_CURVE('',#1787,(#1791,#1798),.PCURVE_S1.);
#1787 = LINE('',#1788,#1789);
#1788 = CARTESIAN_POINT('',(17.8,6.5,6.5));
#1789 = VECTOR('',#1790,1.);
#1790 = DIRECTION('',(0.,0.,1.));
#1791 = PCURVE('',#195,#1792);
#1792 = DEFINITIONAL_REPRESENTATION('',(#1793),#1797);
#1793 = LINE('',#1794,#1795);
#1794 = CARTESIAN_POINT('',(0.,0.));
#1795 = VECTOR('',#1796,1.);
#1796 = DIRECTION('',(1.,0.));
#1797 = ( GEOMETRIC_REPRESENTATION_CONTEXT(2) 
PARAMETRIC_REPRESENTATION_CONTEXT() REPRESENTATION_CONTEXT('2D SPACE',''
  ) );
#1798 = PCURVE('',#1721,#1799);
#1799 = DEFINITIONAL_REPRESENTATION('',(#1800),#1804);
#1800 = LINE('',#1801,#1802);
#1801 = CARTESIAN_POINT('',(1.570796326795,0.));
#1802 = VECTOR('',#1803,1.);
#1803 = DIRECTION('',(0.,1.));
#1804 = ( GEOMETRIC_REPRESENTATION_CONTEXT(2) 
PARAMETRIC_REPRESENTATION_CONTEXT() REPRESENTATION_CONTEXT('2D SPACE',''
  ) );
#1805 = ORIENTED_EDGE('',*,*,#1636,.F.);
#1806 = ORIENTED_EDGE('',*,*,#180,.T.);
#1807 = ADVANCED_FACE('',(#1808),#168,.F.);
#1808 = FACE_BOUND('',#1809,.F.);
#1809 = EDGE_LOOP('',(#1810,#1833,#1860,#1861));
#1810 = ORIENTED_EDGE('',*,*,#1811,.F.);
#1811 = EDGE_CURVE('',#1812,#122,#1814,.T.);
#1812 = VERTEX_POINT('',#1813);
#1813 = CARTESIAN_POINT('',(17.8,3.5,6.5));
#1814 = SURFACE_CURVE('',#1815,(#1819,#1826),.PCURVE_S1.);
#1815 = LINE('',#1816,#1817);
#1816 = CARTESIAN_POINT('',(17.8,3.5,6.5));
#1817 = VECTOR('',#1818,1.);
#1818 = DIRECTION('',(1.,0.,0.));
#1819 = PCURVE('',#168,#1820);
#1820 = DEFINITIONAL_REPRESENTATION('',(#1821),#1825);
#1821 = LINE('',#1822,#1823);
#1822 = CARTESIAN_POINT('',(0.,0.));
#1823 = VECTOR('',#1824,1.);
#1824 = DIRECTION('',(0.,1.));
#1825 = ( GEOMETRIC_REPRESENTATION_CONTEXT(2) 
PARAMETRIC_REPRESENTATION_CONTEXT() REPRESENTATION_CONTEXT('2D SPACE',''
  ) );
#1826 = PCURVE('',#136,#1827);
#1827 = DEFINITIONAL_REPRESENTATION('',(#1828),#1832);
#1828 = LINE('',#1829,#1830);
#1829 = CARTESIAN_POINT('',(10.,0.));
#1830 = VECTOR('',#1831,1.);
#1831 = DIRECTION('',(0.,1.));
#1832 = ( GEOMETRIC_REPRESENTATION_CONTEXT(2) 
PARAMETRIC_REPRESENTATION_CONTEXT() REPRESENTATION_CONTEXT('2D SPACE',''
  ) );
#1833 = ORIENTED_EDGE('',*,*,#1834,.F.);
#1834 = EDGE_CURVE('',#1763,#1812,#1835,.T.);
#1835 = SURFACE_CURVE('',#1836,(#1841,#1848),.PCURVE_S1.);
#1836 = CIRCLE('',#1837,1.5);
#1837 = AXIS2_PLACEMENT_3D('',#1838,#1839,#1840);
#1838 = CARTESIAN_POINT('',(17.8,5.,6.5));
#1839 = DIRECTION('',(-1.,-2.052211859527E-16,0.));
#1840 = DIRECTION('',(2.052211859527E-16,-1.,0.));
#1841 = PCURVE('',#168,#1842);
#1842 = DEFINITIONAL_REPRESENTATION('',(#1843),#1847);
#1843 = LINE('',#1844,#1845);
#1844 = CARTESIAN_POINT('',(6.28318530718,0.));
#1845 = VECTOR('',#1846,1.);
#1846 = DIRECTION('',(-1.,-0.));
#1847 = ( GEOMETRIC_REPRESENTATION_CONTEXT(2) 
PARAMETRIC_REPRESENTATION_CONTEXT() REPRESENTATION_CONTEXT('2D SPACE',''
  ) );
#1848 = PCURVE('',#1849,#1854);
#1849 = TOROIDAL_SURFACE('',#1850,5.,1.5);
#1850 = AXIS2_PLACEMENT_3D('',#1851,#1852,#1853);
#1851 = CARTESIAN_POINT('',(17.8,10.,6.5));
#1852 = DIRECTION('',(0.,0.,1.));
#1853 = DIRECTION('',(-1.,1.7763568394E-16,0.));
#1854 = DEFINITIONAL_REPRESENTATION('',(#1855),#1859);
#1855 = LINE('',#1856,#1857);
#1856 = CARTESIAN_POINT('',(1.570796326795,0.));
#1857 = VECTOR('',#1858,1.);
#1858 = DIRECTION('',(0.,1.));
#1859 = ( GEOMETRIC_REPRESENTATION_CONTEXT(2) 
PARAMETRIC_REPRESENTATION_CONTEXT() REPRESENTATION_CONTEXT('2D SPACE',''
  ) );
#1860 = ORIENTED_EDGE('',*,*,#1762,.T.);
#1861 = ORIENTED_EDGE('',*,*,#147,.F.);
#1862 = ADVANCED_FACE('',(#1863),#136,.F.);
#1863 = FACE_BOUND('',#1864,.F.);
#1864 = EDGE_LOOP('',(#1865,#1886,#1912,#1913));
#1865 = ORIENTED_EDGE('',*,*,#1866,.F.);
#1866 = EDGE_CURVE('',#1867,#96,#1869,.T.);
#1867 = VERTEX_POINT('',#1868);
#1868 = CARTESIAN_POINT('',(17.8,3.5,11.));
#1869 = SURFACE_CURVE('',#1870,(#1874,#1880),.PCURVE_S1.);
#1870 = LINE('',#1871,#1872);
#1871 = CARTESIAN_POINT('',(8.9,3.5,11.));
#1872 = VECTOR('',#1873,1.);
#1873 = DIRECTION('',(1.,0.,-0.));
#1874 = PCURVE('',#136,#1875);
#1875 = DEFINITIONAL_REPRESENTATION('',(#1876),#1879);
#1876 = B_SPLINE_CURVE_WITH_KNOTS('',1,(#1877,#1878),.UNSPECIFIED.,.F.,
  .F.,(2,2),(8.9,11.225),.PIECEWISE_BEZIER_KNOTS.);
#1877 = CARTESIAN_POINT('',(5.5,0.));
#1878 = CARTESIAN_POINT('',(5.5,2.325));
#1879 = ( GEOMETRIC_REPRESENTATION_CONTEXT(2) 
PARAMETRIC_REPRESENTATION_CONTEXT() REPRESENTATION_CONTEXT('2D SPACE',''
  ) );
#1880 = PCURVE('',#110,#1881);
#1881 = DEFINITIONAL_REPRESENTATION('',(#1882),#1885);
#1882 = B_SPLINE_CURVE_WITH_KNOTS('',1,(#1883,#1884),.UNSPECIFIED.,.F.,
  .F.,(2,2),(8.9,11.225),.PIECEWISE_BEZIER_KNOTS.);
#1883 = CARTESIAN_POINT('',(17.8,3.5));
#1884 = CARTESIAN_POINT('',(20.125,3.5));
#1885 = ( GEOMETRIC_REPRESENTATION_CONTEXT(2) 
PARAMETRIC_REPRESENTATION_CONTEXT() REPRESENTATION_CONTEXT('2D SPACE',''
  ) );
#1886 = ORIENTED_EDGE('',*,*,#1887,.T.);
#1887 = EDGE_CURVE('',#1867,#1812,#1888,.T.);
#1888 = SURFACE_CURVE('',#1889,(#1893,#1900),.PCURVE_S1.);
#1889 = LINE('',#1890,#1891);
#1890 = CARTESIAN_POINT('',(17.8,3.5,16.5));
#1891 = VECTOR('',#1892,1.);
#1892 = DIRECTION('',(-0.,-0.,-1.));
#1893 = PCURVE('',#136,#1894);
#1894 = DEFINITIONAL_REPRESENTATION('',(#1895),#1899);
#1895 = LINE('',#1896,#1897);
#1896 = CARTESIAN_POINT('',(0.,0.));
#1897 = VECTOR('',#1898,1.);
#1898 = DIRECTION('',(1.,0.));
#1899 = ( GEOMETRIC_REPRESENTATION_CONTEXT(2) 
PARAMETRIC_REPRESENTATION_CONTEXT() REPRESENTATION_CONTEXT('2D SPACE',''
  ) );
#1900 = PCURVE('',#1901,#1906);
#1901 = CYLINDRICAL_SURFACE('',#1902,6.5);
#1902 = AXIS2_PLACEMENT_3D('',#1903,#1904,#1905);
#1903 = CARTESIAN_POINT('',(17.8,10.,16.5));
#1904 = DIRECTION('',(-0.,-0.,-1.));
#1905 = DIRECTION('',(-1.,1.366428338E-16,0.));
#1906 = DEFINITIONAL_REPRESENTATION('',(#1907),#1911);
#1907 = LINE('',#1908,#1909);
#1908 = CARTESIAN_POINT('',(-1.570796326795,0.));
#1909 = VECTOR('',#1910,1.);
#1910 = DIRECTION('',(-0.,1.));
#1911 = ( GEOMETRIC_REPRESENTATION_CONTEXT(2) 
PARAMETRIC_REPRESENTATION_CONTEXT() REPRESENTATION_CONTEXT('2D SPACE',''
  ) );
#1912 = ORIENTED_EDGE('',*,*,#1811,.T.);
#1913 = ORIENTED_EDGE('',*,*,#121,.T.);
#1914 = ADVANCED_FACE('',(#1915,#2441,#2467,#2493),#110,.T.);
#1915 = FACE_BOUND('',#1916,.T.);
#1916 = EDGE_LOOP('',(#1917,#1940,#1964,#2054,#2055,#2056,#2084,#2110,
    #2131,#2157,#2190,#2216,#2237,#2329,#2353,#2374,#2398,#2419));
#1917 = ORIENTED_EDGE('',*,*,#1918,.T.);
#1918 = EDGE_CURVE('',#1919,#1921,#1923,.T.);
#1919 = VERTEX_POINT('',#1920);
#1920 = CARTESIAN_POINT('',(11.616716271867,-15.02818080585,11.));
#1921 = VERTEX_POINT('',#1922);
#1922 = CARTESIAN_POINT('',(12.633283728133,-16.17181919415,11.));
#1923 = SURFACE_CURVE('',#1924,(#1928,#1934),.PCURVE_S1.);
#1924 = LINE('',#1925,#1926);
#1925 = CARTESIAN_POINT('',(4.576034482759,-7.107413793104,11.));
#1926 = VECTOR('',#1927,1.);
#1927 = DIRECTION('',(0.66436383883,-0.747409318684,0.));
#1928 = PCURVE('',#110,#1929);
#1929 = DEFINITIONAL_REPRESENTATION('',(#1930),#1933);
#1930 = B_SPLINE_CURVE_WITH_KNOTS('',1,(#1931,#1932),.UNSPECIFIED.,.F.,
  .F.,(2,2),(10.597629457841,12.127766104135),.PIECEWISE_BEZIER_KNOTS.);
#1931 = CARTESIAN_POINT('',(11.616716271867,-15.02818080585));
#1932 = CARTESIAN_POINT('',(12.633283728133,-16.17181919415));
#1933 = ( GEOMETRIC_REPRESENTATION_CONTEXT(2) 
PARAMETRIC_REPRESENTATION_CONTEXT() REPRESENTATION_CONTEXT('2D SPACE',''
  ) );
#1934 = PCURVE('',#1432,#1935);
#1935 = DEFINITIONAL_REPRESENTATION('',(#1936),#1939);
#1936 = B_SPLINE_CURVE_WITH_KNOTS('',1,(#1937,#1938),.UNSPECIFIED.,.F.,
  .F.,(2,2),(10.597629457841,12.127766104135),.PIECEWISE_BEZIER_KNOTS.);
#1937 = CARTESIAN_POINT('',(2.245330321551,-11.));
#1938 = CARTESIAN_POINT('',(3.775466967845,-11.));
#1939 = ( GEOMETRIC_REPRESENTATION_CONTEXT(2) 
PARAMETRIC_REPRESENTATION_CONTEXT() REPRESENTATION_CONTEXT('2D SPACE',''
  ) );
#1940 = ORIENTED_EDGE('',*,*,#1941,.T.);
#1941 = EDGE_CURVE('',#1921,#1942,#1944,.T.);
#1942 = VERTEX_POINT('',#1943);
#1943 = CARTESIAN_POINT('',(15.143678713795,-17.69719772994,11.));
#1944 = SURFACE_CURVE('',#1945,(#1950,#1957),.PCURVE_S1.);
#1945 = CIRCLE('',#1946,5.);
#1946 = AXIS2_PLACEMENT_3D('',#1947,#1948,#1949);
#1947 = CARTESIAN_POINT('',(16.370330321552,-12.85,11.));
#1948 = DIRECTION('',(0.,0.,1.));
#1949 = DIRECTION('',(-0.747409318684,-0.66436383883,0.));
#1950 = PCURVE('',#110,#1951);
#1951 = DEFINITIONAL_REPRESENTATION('',(#1952),#1956);
#1952 = CIRCLE('',#1953,5.);
#1953 = AXIS2_PLACEMENT_2D('',#1954,#1955);
#1954 = CARTESIAN_POINT('',(16.370330321552,-12.85));
#1955 = DIRECTION('',(-0.747409318684,-0.66436383883));
#1956 = ( GEOMETRIC_REPRESENTATION_CONTEXT(2) 
PARAMETRIC_REPRESENTATION_CONTEXT() REPRESENTATION_CONTEXT('2D SPACE',''
  ) );
#1957 = PCURVE('',#280,#1958);
#1958 = DEFINITIONAL_REPRESENTATION('',(#1959),#1963);
#1959 = LINE('',#1960,#1961);
#1960 = CARTESIAN_POINT('',(0.,11.));
#1961 = VECTOR('',#1962,1.);
#1962 = DIRECTION('',(1.,0.));
#1963 = ( GEOMETRIC_REPRESENTATION_CONTEXT(2) 
PARAMETRIC_REPRESENTATION_CONTEXT() REPRESENTATION_CONTEXT('2D SPACE',''
  ) );
#1964 = ORIENTED_EDGE('',*,*,#1965,.T.);
#1965 = EDGE_CURVE('',#1942,#56,#1966,.T.);
#1966 = SURFACE_CURVE('',#1967,(#1994,#2024),.PCURVE_S1.);
#1967 = B_SPLINE_CURVE_WITH_KNOTS('',7,(#1968,#1969,#1970,#1971,#1972,
    #1973,#1974,#1975,#1976,#1977,#1978,#1979,#1980,#1981,#1982,#1983,
    #1984,#1985,#1986,#1987,#1988,#1989,#1990,#1991,#1992,#1993),
  .UNSPECIFIED.,.F.,.F.,(8,6,6,6,8),(0.,0.163278718394,0.5,
    0.836721281606,1.),.UNSPECIFIED.);
#1968 = CARTESIAN_POINT('',(15.143678713795,-17.69719772994,11.));
#1969 = CARTESIAN_POINT('',(15.290363462092,-17.73431837002,11.));
#1970 = CARTESIAN_POINT('',(15.441317696318,-17.76563142379,11.));
#1971 = CARTESIAN_POINT('',(15.59621591822,-17.79060980314,11.));
#1972 = CARTESIAN_POINT('',(15.754652299262,-17.80874285208,11.));
#1973 = CARTESIAN_POINT('',(15.916138080749,-17.81955511142,11.));
#1974 = CARTESIAN_POINT('',(16.08010528714,-17.82262615835,11.));
#1975 = CARTESIAN_POINT('',(16.587861187721,-17.80727009188,11.));
#1976 = CARTESIAN_POINT('',(16.937784464273,-17.762537277,11.));
#1977 = CARTESIAN_POINT('',(17.2899258223,-17.68034670533,11.));
#1978 = CARTESIAN_POINT('',(17.637474657575,-17.55909714123,11.));
#1979 = CARTESIAN_POINT('',(17.973133067867,-17.3991921959,11.));
#1980 = CARTESIAN_POINT('',(18.289936528227,-17.20324515391,11.));
#1981 = CARTESIAN_POINT('',(18.874270397652,-16.74836474886,11.));
#1982 = CARTESIAN_POINT('',(19.141950703874,-16.4893146969,11.));
#1983 = CARTESIAN_POINT('',(19.37931606721,-16.20314369168,11.));
#1984 = CARTESIAN_POINT('',(19.582124457092,-15.89596230114,11.));
#1985 = CARTESIAN_POINT('',(19.748194200177,-15.57474638228,11.));
#1986 = CARTESIAN_POINT('',(19.87740674988,-15.24649123578,11.));
#1987 = CARTESIAN_POINT('',(20.016861446342,-14.75801989477,11.));
#1988 = CARTESIAN_POINT('',(20.054110379472,-14.59831017972,11.));
#1989 = CARTESIAN_POINT('',(20.083245906379,-14.43910690197,11.));
#1990 = CARTESIAN_POINT('',(20.104536259959,-14.28106382194,11.));
#1991 = CARTESIAN_POINT('',(20.118322461807,-14.12477140619,11.));
#1992 = CARTESIAN_POINT('',(20.125,-13.97074836034,11.));
#1993 = CARTESIAN_POINT('',(20.125,-13.81943954598,11.));
#1994 = PCURVE('',#110,#1995);
#1995 = DEFINITIONAL_REPRESENTATION('',(#1996),#2023);
#1996 = B_SPLINE_CURVE_WITH_KNOTS('',7,(#1997,#1998,#1999,#2000,#2001,
    #2002,#2003,#2004,#2005,#2006,#2007,#2008,#2009,#2010,#2011,#2012,
    #2013,#2014,#2015,#2016,#2017,#2018,#2019,#2020,#2021,#2022),
  .UNSPECIFIED.,.F.,.F.,(8,6,6,6,8),(0.,0.163278718394,0.5,
    0.836721281606,1.),.UNSPECIFIED.);
#1997 = CARTESIAN_POINT('',(15.143678713795,-17.69719772994));
#1998 = CARTESIAN_POINT('',(15.290363462092,-17.73431837002));
#1999 = CARTESIAN_POINT('',(15.441317696318,-17.76563142379));
#2000 = CARTESIAN_POINT('',(15.59621591822,-17.79060980314));
#2001 = CARTESIAN_POINT('',(15.754652299262,-17.80874285208));
#2002 = CARTESIAN_POINT('',(15.916138080749,-17.81955511142));
#2003 = CARTESIAN_POINT('',(16.08010528714,-17.82262615835));
#2004 = CARTESIAN_POINT('',(16.587861187721,-17.80727009188));
#2005 = CARTESIAN_POINT('',(16.937784464273,-17.762537277));
#2006 = CARTESIAN_POINT('',(17.2899258223,-17.68034670533));
#2007 = CARTESIAN_POINT('',(17.637474657575,-17.55909714123));
#2008 = CARTESIAN_POINT('',(17.973133067867,-17.3991921959));
#2009 = CARTESIAN_POINT('',(18.289936528227,-17.20324515391));
#2010 = CARTESIAN_POINT('',(18.874270397652,-16.74836474886));
#2011 = CARTESIAN_POINT('',(19.141950703874,-16.4893146969));
#2012 = CARTESIAN_POINT('',(19.37931606721,-16.20314369168));
#2013 = CARTESIAN_POINT('',(19.582124457092,-15.89596230114));
#2014 = CARTESIAN_POINT('',(19.748194200177,-15.57474638228));
#2015 = CARTESIAN_POINT('',(19.87740674988,-15.24649123578));
#2016 = CARTESIAN_POINT('',(20.016861446342,-14.75801989477));
#2017 = CARTESIAN_POINT('',(20.054110379472,-14.59831017972));
#2018 = CARTESIAN_POINT('',(20.083245906379,-14.43910690197));
#2019 = CARTESIAN_POINT('',(20.104536259959,-14.28106382194));
#2020 = CARTESIAN_POINT('',(20.118322461807,-14.12477140619));
#2021 = CARTESIAN_POINT('',(20.125,-13.97074836034));
#2022 = CARTESIAN_POINT('',(20.125,-13.81943954598));
#2023 = ( GEOMETRIC_REPRESENTATION_CONTEXT(2) 
PARAMETRIC_REPRESENTATION_CONTEXT() REPRESENTATION_CONTEXT('2D SPACE',''
  ) );
#2024 = PCURVE('',#72,#2025);
#2025 = DEFINITIONAL_REPRESENTATION('',(#2026),#2053);
#2026 = B_SPLINE_CURVE_WITH_KNOTS('',7,(#2027,#2028,#2029,#2030,#2031,
    #2032,#2033,#2034,#2035,#2036,#2037,#2038,#2039,#2040,#2041,#2042,
    #2043,#2044,#2045,#2046,#2047,#2048,#2049,#2050,#2051,#2052),
  .UNSPECIFIED.,.F.,.F.,(8,6,6,6,8),(0.,0.163278718394,0.5,
    0.836721281606,1.),.UNSPECIFIED.);
#2027 = CARTESIAN_POINT('',(14.,11.));
#2028 = CARTESIAN_POINT('',(13.66443628526,11.));
#2029 = CARTESIAN_POINT('',(13.330092069689,11.));
#2030 = CARTESIAN_POINT('',(12.996963876768,11.));
#2031 = CARTESIAN_POINT('',(12.665032260755,11.));
#2032 = CARTESIAN_POINT('',(12.334261582966,11.));
#2033 = CARTESIAN_POINT('',(12.004602905152,11.));
#2034 = CARTESIAN_POINT('',(10.998339172853,11.));
#2035 = CARTESIAN_POINT('',(10.324899750106,11.));
#2036 = CARTESIAN_POINT('',(9.655562262594,11.));
#2037 = CARTESIAN_POINT('',(8.989563407543,11.));
#2038 = CARTESIAN_POINT('',(8.32570805902,11.));
#2039 = CARTESIAN_POINT('',(7.662769179224,11.));
#2040 = CARTESIAN_POINT('',(6.337230820777,11.));
#2041 = CARTESIAN_POINT('',(5.674291940979,11.));
#2042 = CARTESIAN_POINT('',(5.010436592463,11.));
#2043 = CARTESIAN_POINT('',(4.3444377374,11.));
#2044 = CARTESIAN_POINT('',(3.675100249899,11.));
#2045 = CARTESIAN_POINT('',(3.001660827146,11.));
#2046 = CARTESIAN_POINT('',(1.995397094848,11.));
#2047 = CARTESIAN_POINT('',(1.665738417037,11.));
#2048 = CARTESIAN_POINT('',(1.334967739244,11.));
#2049 = CARTESIAN_POINT('',(1.003036123231,11.));
#2050 = CARTESIAN_POINT('',(0.669907930313,11.));
#2051 = CARTESIAN_POINT('',(0.33556371474,11.));
#2052 = CARTESIAN_POINT('',(0.,11.));
#2053 = ( GEOMETRIC_REPRESENTATION_CONTEXT(2) 
PARAMETRIC_REPRESENTATION_CONTEXT() REPRESENTATION_CONTEXT('2D SPACE',''
  ) );
#2054 = ORIENTED_EDGE('',*,*,#95,.T.);
#2055 = ORIENTED_EDGE('',*,*,#1866,.F.);
#2056 = ORIENTED_EDGE('',*,*,#2057,.T.);
#2057 = EDGE_CURVE('',#1867,#2058,#2060,.T.);
#2058 = VERTEX_POINT('',#2059);
#2059 = CARTESIAN_POINT('',(11.3,10.,11.));
#2060 = SURFACE_CURVE('',#2061,(#2066,#2077),.PCURVE_S1.);
#2061 = CIRCLE('',#2062,6.5);
#2062 = AXIS2_PLACEMENT_3D('',#2063,#2064,#2065);
#2063 = CARTESIAN_POINT('',(17.8,10.,11.));
#2064 = DIRECTION('',(-0.,0.,-1.));
#2065 = DIRECTION('',(-1.,1.366428338E-16,0.));
#2066 = PCURVE('',#110,#2067);
#2067 = DEFINITIONAL_REPRESENTATION('',(#2068),#2076);
#2068 = ( BOUNDED_CURVE() B_SPLINE_CURVE(2,(#2069,#2070,#2071,#2072,
#2073,#2074,#2075),.UNSPECIFIED.,.T.,.F.) B_SPLINE_CURVE_WITH_KNOTS((1,2
    ,2,2,2,1),(-2.094395102393,0.,2.094395102393,4.188790204786,
6.28318530718,8.377580409573),.UNSPECIFIED.) CURVE() 
GEOMETRIC_REPRESENTATION_ITEM() RATIONAL_B_SPLINE_CURVE((1.,0.5,1.,0.5,
1.,0.5,1.)) REPRESENTATION_ITEM('') );
#2069 = CARTESIAN_POINT('',(11.3,10.));
#2070 = CARTESIAN_POINT('',(11.3,21.258330249198));
#2071 = CARTESIAN_POINT('',(21.05,15.629165124599));
#2072 = CARTESIAN_POINT('',(30.8,10.));
#2073 = CARTESIAN_POINT('',(21.05,4.370834875401));
#2074 = CARTESIAN_POINT('',(11.3,-1.258330249198));
#2075 = CARTESIAN_POINT('',(11.3,10.));
#2076 = ( GEOMETRIC_REPRESENTATION_CONTEXT(2) 
PARAMETRIC_REPRESENTATION_CONTEXT() REPRESENTATION_CONTEXT('2D SPACE',''
  ) );
#2077 = PCURVE('',#1901,#2078);
#2078 = DEFINITIONAL_REPRESENTATION('',(#2079),#2083);
#2079 = LINE('',#2080,#2081);
#2080 = CARTESIAN_POINT('',(-6.28318530718,5.5));
#2081 = VECTOR('',#2082,1.);
#2082 = DIRECTION('',(1.,-0.));
#2083 = ( GEOMETRIC_REPRESENTATION_CONTEXT(2) 
PARAMETRIC_REPRESENTATION_CONTEXT() REPRESENTATION_CONTEXT('2D SPACE',''
  ) );
#2084 = ORIENTED_EDGE('',*,*,#2085,.F.);
#2085 = EDGE_CURVE('',#2086,#2058,#2088,.T.);
#2086 = VERTEX_POINT('',#2087);
#2087 = CARTESIAN_POINT('',(11.3,13.85,11.));
#2088 = SURFACE_CURVE('',#2089,(#2093,#2099),.PCURVE_S1.);
#2089 = LINE('',#2090,#2091);
#2090 = CARTESIAN_POINT('',(11.3,7.5,11.));
#2091 = VECTOR('',#2092,1.);
#2092 = DIRECTION('',(0.,-1.,0.));
#2093 = PCURVE('',#110,#2094);
#2094 = DEFINITIONAL_REPRESENTATION('',(#2095),#2098);
#2095 = B_SPLINE_CURVE_WITH_KNOTS('',1,(#2096,#2097),.UNSPECIFIED.,.F.,
  .F.,(2,2),(-6.35,-2.5),.PIECEWISE_BEZIER_KNOTS.);
#2096 = CARTESIAN_POINT('',(11.3,13.85));
#2097 = CARTESIAN_POINT('',(11.3,10.));
#2098 = ( GEOMETRIC_REPRESENTATION_CONTEXT(2) 
PARAMETRIC_REPRESENTATION_CONTEXT() REPRESENTATION_CONTEXT('2D SPACE',''
  ) );
#2099 = PCURVE('',#2100,#2105);
#2100 = PLANE('',#2101);
#2101 = AXIS2_PLACEMENT_3D('',#2102,#2103,#2104);
#2102 = CARTESIAN_POINT('',(11.3,15.,16.5));
#2103 = DIRECTION('',(-1.,-0.,-0.));
#2104 = DIRECTION('',(0.,0.,-1.));
#2105 = DEFINITIONAL_REPRESENTATION('',(#2106),#2109);
#2106 = B_SPLINE_CURVE_WITH_KNOTS('',1,(#2107,#2108),.UNSPECIFIED.,.F.,
  .F.,(2,2),(-6.35,-2.5),.PIECEWISE_BEZIER_KNOTS.);
#2107 = CARTESIAN_POINT('',(5.5,1.15));
#2108 = CARTESIAN_POINT('',(5.5,5.));
#2109 = ( GEOMETRIC_REPRESENTATION_CONTEXT(2) 
PARAMETRIC_REPRESENTATION_CONTEXT() REPRESENTATION_CONTEXT('2D SPACE',''
  ) );
#2110 = ORIENTED_EDGE('',*,*,#2111,.T.);
#2111 = EDGE_CURVE('',#2086,#2112,#2114,.T.);
#2112 = VERTEX_POINT('',#2113);
#2113 = CARTESIAN_POINT('',(-11.3,13.85,11.));
#2114 = SURFACE_CURVE('',#2115,(#2119,#2125),.PCURVE_S1.);
#2115 = LINE('',#2116,#2117);
#2116 = CARTESIAN_POINT('',(10.0625,13.85,11.));
#2117 = VECTOR('',#2118,1.);
#2118 = DIRECTION('',(-1.,0.,0.));
#2119 = PCURVE('',#110,#2120);
#2120 = DEFINITIONAL_REPRESENTATION('',(#2121),#2124);
#2121 = B_SPLINE_CURVE_WITH_KNOTS('',1,(#2122,#2123),.UNSPECIFIED.,.F.,
  .F.,(2,2),(-6.0625,26.1875),.PIECEWISE_BEZIER_KNOTS.);
#2122 = CARTESIAN_POINT('',(16.125,13.85));
#2123 = CARTESIAN_POINT('',(-16.125,13.85));
#2124 = ( GEOMETRIC_REPRESENTATION_CONTEXT(2) 
PARAMETRIC_REPRESENTATION_CONTEXT() REPRESENTATION_CONTEXT('2D SPACE',''
  ) );
#2125 = PCURVE('',#423,#2126);
#2126 = DEFINITIONAL_REPRESENTATION('',(#2127),#2130);
#2127 = B_SPLINE_CURVE_WITH_KNOTS('',1,(#2128,#2129),.UNSPECIFIED.,.F.,
  .F.,(2,2),(-6.0625,26.1875),.PIECEWISE_BEZIER_KNOTS.);
#2128 = CARTESIAN_POINT('',(4.,-11.));
#2129 = CARTESIAN_POINT('',(36.250000000001,-11.));
#2130 = ( GEOMETRIC_REPRESENTATION_CONTEXT(2) 
PARAMETRIC_REPRESENTATION_CONTEXT() REPRESENTATION_CONTEXT('2D SPACE',''
  ) );
#2131 = ORIENTED_EDGE('',*,*,#2132,.T.);
#2132 = EDGE_CURVE('',#2112,#2133,#2135,.T.);
#2133 = VERTEX_POINT('',#2134);
#2134 = CARTESIAN_POINT('',(-11.3,10.,11.));
#2135 = SURFACE_CURVE('',#2136,(#2140,#2146),.PCURVE_S1.);
#2136 = LINE('',#2137,#2138);
#2137 = CARTESIAN_POINT('',(-11.3,7.5,11.));
#2138 = VECTOR('',#2139,1.);
#2139 = DIRECTION('',(0.,-1.,0.));
#2140 = PCURVE('',#110,#2141);
#2141 = DEFINITIONAL_REPRESENTATION('',(#2142),#2145);
#2142 = B_SPLINE_CURVE_WITH_KNOTS('',1,(#2143,#2144),.UNSPECIFIED.,.F.,
  .F.,(2,2),(-6.35,-2.5),.PIECEWISE_BEZIER_KNOTS.);
#2143 = CARTESIAN_POINT('',(-11.3,13.85));
#2144 = CARTESIAN_POINT('',(-11.3,10.));
#2145 = ( GEOMETRIC_REPRESENTATION_CONTEXT(2) 
PARAMETRIC_REPRESENTATION_CONTEXT() REPRESENTATION_CONTEXT('2D SPACE',''
  ) );
#2146 = PCURVE('',#2147,#2152);
#2147 = PLANE('',#2148);
#2148 = AXIS2_PLACEMENT_3D('',#2149,#2150,#2151);
#2149 = CARTESIAN_POINT('',(-11.3,15.,16.5));
#2150 = DIRECTION('',(1.,-0.,-0.));
#2151 = DIRECTION('',(0.,0.,1.));
#2152 = DEFINITIONAL_REPRESENTATION('',(#2153),#2156);
#2153 = B_SPLINE_CURVE_WITH_KNOTS('',1,(#2154,#2155),.UNSPECIFIED.,.F.,
  .F.,(2,2),(-6.35,-2.5),.PIECEWISE_BEZIER_KNOTS.);
#2154 = CARTESIAN_POINT('',(-5.5,1.15));
#2155 = CARTESIAN_POINT('',(-5.5,5.));
#2156 = ( GEOMETRIC_REPRESENTATION_CONTEXT(2) 
PARAMETRIC_REPRESENTATION_CONTEXT() REPRESENTATION_CONTEXT('2D SPACE',''
  ) );
#2157 = ORIENTED_EDGE('',*,*,#2158,.T.);
#2158 = EDGE_CURVE('',#2133,#2159,#2161,.T.);
#2159 = VERTEX_POINT('',#2160);
#2160 = CARTESIAN_POINT('',(-17.8,3.5,11.));
#2161 = SURFACE_CURVE('',#2162,(#2167,#2178),.PCURVE_S1.);
#2162 = CIRCLE('',#2163,6.5);
#2163 = AXIS2_PLACEMENT_3D('',#2164,#2165,#2166);
#2164 = CARTESIAN_POINT('',(-17.8,10.,11.));
#2165 = DIRECTION('',(0.,0.,-1.));
#2166 = DIRECTION('',(1.,1.366428338E-16,0.));
#2167 = PCURVE('',#110,#2168);
#2168 = DEFINITIONAL_REPRESENTATION('',(#2169),#2177);
#2169 = ( BOUNDED_CURVE() B_SPLINE_CURVE(2,(#2170,#2171,#2172,#2173,
#2174,#2175,#2176),.UNSPECIFIED.,.T.,.F.) B_SPLINE_CURVE_WITH_KNOTS((1,2
    ,2,2,2,1),(-2.094395102393,0.,2.094395102393,4.188790204786,
6.28318530718,8.377580409573),.UNSPECIFIED.) CURVE() 
GEOMETRIC_REPRESENTATION_ITEM() RATIONAL_B_SPLINE_CURVE((1.,0.5,1.,0.5,
1.,0.5,1.)) REPRESENTATION_ITEM('') );
#2170 = CARTESIAN_POINT('',(-11.3,10.));
#2171 = CARTESIAN_POINT('',(-11.3,-1.258330249198));
#2172 = CARTESIAN_POINT('',(-21.05,4.370834875401));
#2173 = CARTESIAN_POINT('',(-30.8,10.));
#2174 = CARTESIAN_POINT('',(-21.05,15.629165124599));
#2175 = CARTESIAN_POINT('',(-11.3,21.258330249198));
#2176 = CARTESIAN_POINT('',(-11.3,10.));
#2177 = ( GEOMETRIC_REPRESENTATION_CONTEXT(2) 
PARAMETRIC_REPRESENTATION_CONTEXT() REPRESENTATION_CONTEXT('2D SPACE',''
  ) );
#2178 = PCURVE('',#2179,#2184);
#2179 = CYLINDRICAL_SURFACE('',#2180,6.5);
#2180 = AXIS2_PLACEMENT_3D('',#2181,#2182,#2183);
#2181 = CARTESIAN_POINT('',(-17.8,10.,16.5));
#2182 = DIRECTION('',(0.,-0.,-1.));
#2183 = DIRECTION('',(1.,1.366428338E-16,-0.));
#2184 = DEFINITIONAL_REPRESENTATION('',(#2185),#2189);
#2185 = LINE('',#2186,#2187);
#2186 = CARTESIAN_POINT('',(0.,5.5));
#2187 = VECTOR('',#2188,1.);
#2188 = DIRECTION('',(1.,0.));
#2189 = ( GEOMETRIC_REPRESENTATION_CONTEXT(2) 
PARAMETRIC_REPRESENTATION_CONTEXT() REPRESENTATION_CONTEXT('2D SPACE',''
  ) );
#2190 = ORIENTED_EDGE('',*,*,#2191,.T.);
#2191 = EDGE_CURVE('',#2159,#2192,#2194,.T.);
#2192 = VERTEX_POINT('',#2193);
#2193 = CARTESIAN_POINT('',(-20.125,3.5,11.));
#2194 = SURFACE_CURVE('',#2195,(#2199,#2205),.PCURVE_S1.);
#2195 = LINE('',#2196,#2197);
#2196 = CARTESIAN_POINT('',(-8.9,3.5,11.));
#2197 = VECTOR('',#2198,1.);
#2198 = DIRECTION('',(-1.,0.,0.));
#2199 = PCURVE('',#110,#2200);
#2200 = DEFINITIONAL_REPRESENTATION('',(#2201),#2204);
#2201 = B_SPLINE_CURVE_WITH_KNOTS('',1,(#2202,#2203),.UNSPECIFIED.,.F.,
  .F.,(2,2),(8.9,11.225),.PIECEWISE_BEZIER_KNOTS.);
#2202 = CARTESIAN_POINT('',(-17.8,3.5));
#2203 = CARTESIAN_POINT('',(-20.125,3.5));
#2204 = ( GEOMETRIC_REPRESENTATION_CONTEXT(2) 
PARAMETRIC_REPRESENTATION_CONTEXT() REPRESENTATION_CONTEXT('2D SPACE',''
  ) );
#2205 = PCURVE('',#2206,#2211);
#2206 = PLANE('',#2207);
#2207 = AXIS2_PLACEMENT_3D('',#2208,#2209,#2210);
#2208 = CARTESIAN_POINT('',(-17.8,3.5,16.5));
#2209 = DIRECTION('',(-0.,-1.,-0.));
#2210 = DIRECTION('',(0.,0.,1.));
#2211 = DEFINITIONAL_REPRESENTATION('',(#2212),#2215);
#2212 = B_SPLINE_CURVE_WITH_KNOTS('',1,(#2213,#2214),.UNSPECIFIED.,.F.,
  .F.,(2,2),(8.9,11.225),.PIECEWISE_BEZIER_KNOTS.);
#2213 = CARTESIAN_POINT('',(-5.5,0.));
#2214 = CARTESIAN_POINT('',(-5.5,2.325));
#2215 = ( GEOMETRIC_REPRESENTATION_CONTEXT(2) 
PARAMETRIC_REPRESENTATION_CONTEXT() REPRESENTATION_CONTEXT('2D SPACE',''
  ) );
#2216 = ORIENTED_EDGE('',*,*,#2217,.T.);
#2217 = EDGE_CURVE('',#2192,#2218,#2220,.T.);
#2218 = VERTEX_POINT('',#2219);
#2219 = CARTESIAN_POINT('',(-20.125,-13.81943954598,11.));
#2220 = SURFACE_CURVE('',#2221,(#2225,#2231),.PCURVE_S1.);
#2221 = LINE('',#2222,#2223);
#2222 = CARTESIAN_POINT('',(-20.125,6.925,11.));
#2223 = VECTOR('',#2224,1.);
#2224 = DIRECTION('',(0.,-1.,0.));
#2225 = PCURVE('',#110,#2226);
#2226 = DEFINITIONAL_REPRESENTATION('',(#2227),#2230);
#2227 = B_SPLINE_CURVE_WITH_KNOTS('',1,(#2228,#2229),.UNSPECIFIED.,.F.,
  .F.,(2,2),(-2.925,20.74443954599),.PIECEWISE_BEZIER_KNOTS.);
#2228 = CARTESIAN_POINT('',(-20.125,9.85));
#2229 = CARTESIAN_POINT('',(-20.125,-13.81943954598));
#2230 = ( GEOMETRIC_REPRESENTATION_CONTEXT(2) 
PARAMETRIC_REPRESENTATION_CONTEXT() REPRESENTATION_CONTEXT('2D SPACE',''
  ) );
#2231 = PCURVE('',#1158,#2232);
#2232 = DEFINITIONAL_REPRESENTATION('',(#2233),#2236);
#2233 = B_SPLINE_CURVE_WITH_KNOTS('',1,(#2234,#2235),.UNSPECIFIED.,.F.,
  .F.,(2,2),(-2.925,20.74443954599),.PIECEWISE_BEZIER_KNOTS.);
#2234 = CARTESIAN_POINT('',(4.,-11.));
#2235 = CARTESIAN_POINT('',(27.66943954599,-11.));
#2236 = ( GEOMETRIC_REPRESENTATION_CONTEXT(2) 
PARAMETRIC_REPRESENTATION_CONTEXT() REPRESENTATION_CONTEXT('2D SPACE',''
  ) );
#2237 = ORIENTED_EDGE('',*,*,#2238,.F.);
#2238 = EDGE_CURVE('',#2239,#2218,#2241,.T.);
#2239 = VERTEX_POINT('',#2240);
#2240 = CARTESIAN_POINT('',(-15.14367871379,-17.69719772994,11.));
#2241 = SURFACE_CURVE('',#2242,(#2269,#2299),.PCURVE_S1.);
#2242 = B_SPLINE_CURVE_WITH_KNOTS('',7,(#2243,#2244,#2245,#2246,#2247,
    #2248,#2249,#2250,#2251,#2252,#2253,#2254,#2255,#2256,#2257,#2258,
    #2259,#2260,#2261,#2262,#2263,#2264,#2265,#2266,#2267,#2268),
  .UNSPECIFIED.,.F.,.F.,(8,6,6,6,8),(0.,0.163278718394,0.5,
    0.836721281606,1.),.UNSPECIFIED.);
#2243 = CARTESIAN_POINT('',(-15.14367871379,-17.69719772994,11.));
#2244 = CARTESIAN_POINT('',(-15.29036346209,-17.73431837002,11.));
#2245 = CARTESIAN_POINT('',(-15.44131769631,-17.76563142379,11.));
#2246 = CARTESIAN_POINT('',(-15.59621591822,-17.79060980314,11.));
#2247 = CARTESIAN_POINT('',(-15.75465229926,-17.80874285208,11.));
#2248 = CARTESIAN_POINT('',(-15.91613808074,-17.81955511142,11.));
#2249 = CARTESIAN_POINT('',(-16.08010528714,-17.82262615835,11.));
#2250 = CARTESIAN_POINT('',(-16.58786118772,-17.80727009188,11.));
#2251 = CARTESIAN_POINT('',(-16.93778446427,-17.762537277,11.));
#2252 = CARTESIAN_POINT('',(-17.2899258223,-17.68034670533,11.));
#2253 = CARTESIAN_POINT('',(-17.63747465757,-17.55909714123,11.));
#2254 = CARTESIAN_POINT('',(-17.97313306786,-17.39919219589,11.));
#2255 = CARTESIAN_POINT('',(-18.28993652822,-17.20324515391,11.));
#2256 = CARTESIAN_POINT('',(-18.87427039765,-16.74836474886,11.));
#2257 = CARTESIAN_POINT('',(-19.14195070387,-16.4893146969,11.));
#2258 = CARTESIAN_POINT('',(-19.37931606721,-16.20314369168,11.));
#2259 = CARTESIAN_POINT('',(-19.58212445709,-15.89596230115,11.));
#2260 = CARTESIAN_POINT('',(-19.74819420017,-15.57474638228,11.));
#2261 = CARTESIAN_POINT('',(-19.87740674988,-15.24649123578,11.));
#2262 = CARTESIAN_POINT('',(-20.01686144634,-14.75801989477,11.));
#2263 = CARTESIAN_POINT('',(-20.05411037947,-14.59831017972,11.));
#2264 = CARTESIAN_POINT('',(-20.08324590637,-14.43910690197,11.));
#2265 = CARTESIAN_POINT('',(-20.10453625995,-14.28106382194,11.));
#2266 = CARTESIAN_POINT('',(-20.1183224618,-14.12477140619,11.));
#2267 = CARTESIAN_POINT('',(-20.125,-13.97074836034,11.));
#2268 = CARTESIAN_POINT('',(-20.125,-13.81943954598,11.));
#2269 = PCURVE('',#110,#2270);
#2270 = DEFINITIONAL_REPRESENTATION('',(#2271),#2298);
#2271 = B_SPLINE_CURVE_WITH_KNOTS('',7,(#2272,#2273,#2274,#2275,#2276,
    #2277,#2278,#2279,#2280,#2281,#2282,#2283,#2284,#2285,#2286,#2287,
    #2288,#2289,#2290,#2291,#2292,#2293,#2294,#2295,#2296,#2297),
  .UNSPECIFIED.,.F.,.F.,(8,6,6,6,8),(0.,0.163278718394,0.5,
    0.836721281606,1.),.UNSPECIFIED.);
#2272 = CARTESIAN_POINT('',(-15.14367871379,-17.69719772994));
#2273 = CARTESIAN_POINT('',(-15.29036346209,-17.73431837002));
#2274 = CARTESIAN_POINT('',(-15.44131769631,-17.76563142379));
#2275 = CARTESIAN_POINT('',(-15.59621591822,-17.79060980314));
#2276 = CARTESIAN_POINT('',(-15.75465229926,-17.80874285208));
#2277 = CARTESIAN_POINT('',(-15.91613808074,-17.81955511142));
#2278 = CARTESIAN_POINT('',(-16.08010528714,-17.82262615835));
#2279 = CARTESIAN_POINT('',(-16.58786118772,-17.80727009188));
#2280 = CARTESIAN_POINT('',(-16.93778446427,-17.762537277));
#2281 = CARTESIAN_POINT('',(-17.2899258223,-17.68034670533));
#2282 = CARTESIAN_POINT('',(-17.63747465757,-17.55909714123));
#2283 = CARTESIAN_POINT('',(-17.97313306786,-17.39919219589));
#2284 = CARTESIAN_POINT('',(-18.28993652822,-17.20324515391));
#2285 = CARTESIAN_POINT('',(-18.87427039765,-16.74836474886));
#2286 = CARTESIAN_POINT('',(-19.14195070387,-16.4893146969));
#2287 = CARTESIAN_POINT('',(-19.37931606721,-16.20314369168));
#2288 = CARTESIAN_POINT('',(-19.58212445709,-15.89596230115));
#2289 = CARTESIAN_POINT('',(-19.74819420017,-15.57474638228));
#2290 = CARTESIAN_POINT('',(-19.87740674988,-15.24649123578));
#2291 = CARTESIAN_POINT('',(-20.01686144634,-14.75801989477));
#2292 = CARTESIAN_POINT('',(-20.05411037947,-14.59831017972));
#2293 = CARTESIAN_POINT('',(-20.08324590637,-14.43910690197));
#2294 = CARTESIAN_POINT('',(-20.10453625995,-14.28106382194));
#2295 = CARTESIAN_POINT('',(-20.1183224618,-14.12477140619));
#2296 = CARTESIAN_POINT('',(-20.125,-13.97074836034));
#2297 = CARTESIAN_POINT('',(-20.125,-13.81943954598));
#2298 = ( GEOMETRIC_REPRESENTATION_CONTEXT(2) 
PARAMETRIC_REPRESENTATION_CONTEXT() REPRESENTATION_CONTEXT('2D SPACE',''
  ) );
#2299 = PCURVE('',#1231,#2300);
#2300 = DEFINITIONAL_REPRESENTATION('',(#2301),#2328);
#2301 = B_SPLINE_CURVE_WITH_KNOTS('',7,(#2302,#2303,#2304,#2305,#2306,
    #2307,#2308,#2309,#2310,#2311,#2312,#2313,#2314,#2315,#2316,#2317,
    #2318,#2319,#2320,#2321,#2322,#2323,#2324,#2325,#2326,#2327),
  .UNSPECIFIED.,.F.,.F.,(8,6,6,6,8),(0.,0.163278718394,0.5,
    0.836721281606,1.),.UNSPECIFIED.);
#2302 = CARTESIAN_POINT('',(14.,11.));
#2303 = CARTESIAN_POINT('',(13.66443628526,11.));
#2304 = CARTESIAN_POINT('',(13.330092069689,11.));
#2305 = CARTESIAN_POINT('',(12.996963876768,11.));
#2306 = CARTESIAN_POINT('',(12.665032260755,11.));
#2307 = CARTESIAN_POINT('',(12.334261582966,11.));
#2308 = CARTESIAN_POINT('',(12.004602905152,11.));
#2309 = CARTESIAN_POINT('',(10.998339172852,11.));
#2310 = CARTESIAN_POINT('',(10.324899750109,11.));
#2311 = CARTESIAN_POINT('',(9.655562262587,11.));
#2312 = CARTESIAN_POINT('',(8.989563407551,11.));
#2313 = CARTESIAN_POINT('',(8.325708059014,11.));
#2314 = CARTESIAN_POINT('',(7.662769179225,11.));
#2315 = CARTESIAN_POINT('',(6.337230820777,11.));
#2316 = CARTESIAN_POINT('',(5.674291940983,11.));
#2317 = CARTESIAN_POINT('',(5.010436592456,11.));
#2318 = CARTESIAN_POINT('',(4.344437737407,11.));
#2319 = CARTESIAN_POINT('',(3.675100249895,11.));
#2320 = CARTESIAN_POINT('',(3.001660827147,11.));
#2321 = CARTESIAN_POINT('',(1.995397094848,11.));
#2322 = CARTESIAN_POINT('',(1.665738417037,11.));
#2323 = CARTESIAN_POINT('',(1.334967739244,11.));
#2324 = CARTESIAN_POINT('',(1.003036123231,11.));
#2325 = CARTESIAN_POINT('',(0.669907930313,11.));
#2326 = CARTESIAN_POINT('',(0.33556371474,11.));
#2327 = CARTESIAN_POINT('',(0.,11.));
#2328 = ( GEOMETRIC_REPRESENTATION_CONTEXT(2) 
PARAMETRIC_REPRESENTATION_CONTEXT() REPRESENTATION_CONTEXT('2D SPACE',''
  ) );
#2329 = ORIENTED_EDGE('',*,*,#2330,.T.);
#2330 = EDGE_CURVE('',#2239,#2331,#2333,.T.);
#2331 = VERTEX_POINT('',#2332);
#2332 = CARTESIAN_POINT('',(-12.63328372813,-16.17181919415,11.));
#2333 = SURFACE_CURVE('',#2334,(#2339,#2346),.PCURVE_S1.);
#2334 = CIRCLE('',#2335,5.);
#2335 = AXIS2_PLACEMENT_3D('',#2336,#2337,#2338);
#2336 = CARTESIAN_POINT('',(-16.37033032155,-12.85,11.));
#2337 = DIRECTION('',(-0.,0.,1.));
#2338 = DIRECTION('',(0.747409318684,-0.66436383883,0.));
#2339 = PCURVE('',#110,#2340);
#2340 = DEFINITIONAL_REPRESENTATION('',(#2341),#2345);
#2341 = CIRCLE('',#2342,5.);
#2342 = AXIS2_PLACEMENT_2D('',#2343,#2344);
#2343 = CARTESIAN_POINT('',(-16.37033032155,-12.85));
#2344 = DIRECTION('',(0.747409318684,-0.66436383883));
#2345 = ( GEOMETRIC_REPRESENTATION_CONTEXT(2) 
PARAMETRIC_REPRESENTATION_CONTEXT() REPRESENTATION_CONTEXT('2D SPACE',''
  ) );
#2346 = PCURVE('',#1294,#2347);
#2347 = DEFINITIONAL_REPRESENTATION('',(#2348),#2352);
#2348 = LINE('',#2349,#2350);
#2349 = CARTESIAN_POINT('',(-6.28318530718,11.));
#2350 = VECTOR('',#2351,1.);
#2351 = DIRECTION('',(1.,-0.));
#2352 = ( GEOMETRIC_REPRESENTATION_CONTEXT(2) 
PARAMETRIC_REPRESENTATION_CONTEXT() REPRESENTATION_CONTEXT('2D SPACE',''
  ) );
#2353 = ORIENTED_EDGE('',*,*,#2354,.F.);
#2354 = EDGE_CURVE('',#2355,#2331,#2357,.T.);
#2355 = VERTEX_POINT('',#2356);
#2356 = CARTESIAN_POINT('',(-11.61671627186,-15.02818080585,11.));
#2357 = SURFACE_CURVE('',#2358,(#2362,#2368),.PCURVE_S1.);
#2358 = LINE('',#2359,#2360);
#2359 = CARTESIAN_POINT('',(-4.576034482759,-7.107413793104,11.));
#2360 = VECTOR('',#2361,1.);
#2361 = DIRECTION('',(-0.66436383883,-0.747409318684,0.));
#2362 = PCURVE('',#110,#2363);
#2363 = DEFINITIONAL_REPRESENTATION('',(#2364),#2367);
#2364 = B_SPLINE_CURVE_WITH_KNOTS('',1,(#2365,#2366),.UNSPECIFIED.,.F.,
  .F.,(2,2),(10.597629457841,12.127766104135),.PIECEWISE_BEZIER_KNOTS.);
#2365 = CARTESIAN_POINT('',(-11.61671627186,-15.02818080585));
#2366 = CARTESIAN_POINT('',(-12.63328372813,-16.17181919415));
#2367 = ( GEOMETRIC_REPRESENTATION_CONTEXT(2) 
PARAMETRIC_REPRESENTATION_CONTEXT() REPRESENTATION_CONTEXT('2D SPACE',''
  ) );
#2368 = PCURVE('',#1322,#2369);
#2369 = DEFINITIONAL_REPRESENTATION('',(#2370),#2373);
#2370 = B_SPLINE_CURVE_WITH_KNOTS('',1,(#2371,#2372),.UNSPECIFIED.,.F.,
  .F.,(2,2),(10.597629457841,12.127766104135),.PIECEWISE_BEZIER_KNOTS.);
#2371 = CARTESIAN_POINT('',(-2.245330321551,-11.));
#2372 = CARTESIAN_POINT('',(-3.775466967845,-11.));
#2373 = ( GEOMETRIC_REPRESENTATION_CONTEXT(2) 
PARAMETRIC_REPRESENTATION_CONTEXT() REPRESENTATION_CONTEXT('2D SPACE',''
  ) );
#2374 = ORIENTED_EDGE('',*,*,#2375,.F.);
#2375 = EDGE_CURVE('',#2376,#2355,#2378,.T.);
#2376 = VERTEX_POINT('',#2377);
#2377 = CARTESIAN_POINT('',(-7.879669678449,-13.35,11.));
#2378 = SURFACE_CURVE('',#2379,(#2384,#2391),.PCURVE_S1.);
#2379 = CIRCLE('',#2380,5.);
#2380 = AXIS2_PLACEMENT_3D('',#2381,#2382,#2383);
#2381 = CARTESIAN_POINT('',(-7.879669678449,-18.35,11.));
#2382 = DIRECTION('',(-0.,-0.,1.));
#2383 = DIRECTION('',(-0.,1.,0.));
#2384 = PCURVE('',#110,#2385);
#2385 = DEFINITIONAL_REPRESENTATION('',(#2386),#2390);
#2386 = CIRCLE('',#2387,5.);
#2387 = AXIS2_PLACEMENT_2D('',#2388,#2389);
#2388 = CARTESIAN_POINT('',(-7.879669678449,-18.35));
#2389 = DIRECTION('',(0.,1.));
#2390 = ( GEOMETRIC_REPRESENTATION_CONTEXT(2) 
PARAMETRIC_REPRESENTATION_CONTEXT() REPRESENTATION_CONTEXT('2D SPACE',''
  ) );
#2391 = PCURVE('',#1350,#2392);
#2392 = DEFINITIONAL_REPRESENTATION('',(#2393),#2397);
#2393 = LINE('',#2394,#2395);
#2394 = CARTESIAN_POINT('',(0.,11.));
#2395 = VECTOR('',#2396,1.);
#2396 = DIRECTION('',(1.,0.));
#2397 = ( GEOMETRIC_REPRESENTATION_CONTEXT(2) 
PARAMETRIC_REPRESENTATION_CONTEXT() REPRESENTATION_CONTEXT('2D SPACE',''
  ) );
#2398 = ORIENTED_EDGE('',*,*,#2399,.T.);
#2399 = EDGE_CURVE('',#2376,#2400,#2402,.T.);
#2400 = VERTEX_POINT('',#2401);
#2401 = CARTESIAN_POINT('',(7.879669678449,-13.35,11.));
#2402 = SURFACE_CURVE('',#2403,(#2407,#2413),.PCURVE_S1.);
#2403 = LINE('',#2404,#2405);
#2404 = CARTESIAN_POINT('',(0.,-13.35,11.));
#2405 = VECTOR('',#2406,1.);
#2406 = DIRECTION('',(1.,0.,0.));
#2407 = PCURVE('',#110,#2408);
#2408 = DEFINITIONAL_REPRESENTATION('',(#2409),#2412);
#2409 = B_SPLINE_CURVE_WITH_KNOTS('',1,(#2410,#2411),.UNSPECIFIED.,.F.,
  .F.,(2,2),(-7.879669678449,7.879669678449),.PIECEWISE_BEZIER_KNOTS.);
#2410 = CARTESIAN_POINT('',(-7.879669678449,-13.35));
#2411 = CARTESIAN_POINT('',(7.879669678449,-13.35));
#2412 = ( GEOMETRIC_REPRESENTATION_CONTEXT(2) 
PARAMETRIC_REPRESENTATION_CONTEXT() REPRESENTATION_CONTEXT('2D SPACE',''
  ) );
#2413 = PCURVE('',#1378,#2414);
#2414 = DEFINITIONAL_REPRESENTATION('',(#2415),#2418);
#2415 = B_SPLINE_CURVE_WITH_KNOTS('',1,(#2416,#2417),.UNSPECIFIED.,.F.,
  .F.,(2,2),(-7.879669678449,7.879669678449),.PIECEWISE_BEZIER_KNOTS.);
#2416 = CARTESIAN_POINT('',(-7.879669678449,-11.));
#2417 = CARTESIAN_POINT('',(7.879669678449,-11.));
#2418 = ( GEOMETRIC_REPRESENTATION_CONTEXT(2) 
PARAMETRIC_REPRESENTATION_CONTEXT() REPRESENTATION_CONTEXT('2D SPACE',''
  ) );
#2419 = ORIENTED_EDGE('',*,*,#2420,.F.);
#2420 = EDGE_CURVE('',#1919,#2400,#2421,.T.);
#2421 = SURFACE_CURVE('',#2422,(#2427,#2434),.PCURVE_S1.);
#2422 = CIRCLE('',#2423,5.);
#2423 = AXIS2_PLACEMENT_3D('',#2424,#2425,#2426);
#2424 = CARTESIAN_POINT('',(7.879669678449,-18.35,11.));
#2425 = DIRECTION('',(0.,0.,1.));
#2426 = DIRECTION('',(-0.,1.,0.));
#2427 = PCURVE('',#110,#2428);
#2428 = DEFINITIONAL_REPRESENTATION('',(#2429),#2433);
#2429 = CIRCLE('',#2430,5.);
#2430 = AXIS2_PLACEMENT_2D('',#2431,#2432);
#2431 = CARTESIAN_POINT('',(7.879669678449,-18.35));
#2432 = DIRECTION('',(0.,1.));
#2433 = ( GEOMETRIC_REPRESENTATION_CONTEXT(2) 
PARAMETRIC_REPRESENTATION_CONTEXT() REPRESENTATION_CONTEXT('2D SPACE',''
  ) );
#2434 = PCURVE('',#1406,#2435);
#2435 = DEFINITIONAL_REPRESENTATION('',(#2436),#2440);
#2436 = LINE('',#2437,#2438);
#2437 = CARTESIAN_POINT('',(-6.28318530718,11.));
#2438 = VECTOR('',#2439,1.);
#2439 = DIRECTION('',(1.,-0.));
#2440 = ( GEOMETRIC_REPRESENTATION_CONTEXT(2) 
PARAMETRIC_REPRESENTATION_CONTEXT() REPRESENTATION_CONTEXT('2D SPACE',''
  ) );
#2441 = FACE_BOUND('',#2442,.T.);
#2442 = EDGE_LOOP('',(#2443));
#2443 = ORIENTED_EDGE('',*,*,#2444,.F.);
#2444 = EDGE_CURVE('',#2445,#2445,#2447,.T.);
#2445 = VERTEX_POINT('',#2446);
#2446 = CARTESIAN_POINT('',(-15.3,-14.5,11.));
#2447 = SURFACE_CURVE('',#2448,(#2453,#2460),.PCURVE_S1.);
#2448 = CIRCLE('',#2449,1.2);
#2449 = AXIS2_PLACEMENT_3D('',#2450,#2451,#2452);
#2450 = CARTESIAN_POINT('',(-16.5,-14.5,11.));
#2451 = DIRECTION('',(0.,1.224646799147E-16,1.));
#2452 = DIRECTION('',(1.,0.,-0.));
#2453 = PCURVE('',#110,#2454);
#2454 = DEFINITIONAL_REPRESENTATION('',(#2455),#2459);
#2455 = CIRCLE('',#2456,1.2);
#2456 = AXIS2_PLACEMENT_2D('',#2457,#2458);
#2457 = CARTESIAN_POINT('',(-16.5,-14.5));
#2458 = DIRECTION('',(1.,0.));
#2459 = ( GEOMETRIC_REPRESENTATION_CONTEXT(2) 
PARAMETRIC_REPRESENTATION_CONTEXT() REPRESENTATION_CONTEXT('2D SPACE',''
  ) );
#2460 = PCURVE('',#1466,#2461);
#2461 = DEFINITIONAL_REPRESENTATION('',(#2462),#2466);
#2462 = LINE('',#2463,#2464);
#2463 = CARTESIAN_POINT('',(-6.28318530718,-1.));
#2464 = VECTOR('',#2465,1.);
#2465 = DIRECTION('',(1.,-0.));
#2466 = ( GEOMETRIC_REPRESENTATION_CONTEXT(2) 
PARAMETRIC_REPRESENTATION_CONTEXT() REPRESENTATION_CONTEXT('2D SPACE',''
  ) );
#2467 = FACE_BOUND('',#2468,.T.);
#2468 = EDGE_LOOP('',(#2469));
#2469 = ORIENTED_EDGE('',*,*,#2470,.F.);
#2470 = EDGE_CURVE('',#2471,#2471,#2473,.T.);
#2471 = VERTEX_POINT('',#2472);
#2472 = CARTESIAN_POINT('',(17.7,-14.5,11.));
#2473 = SURFACE_CURVE('',#2474,(#2479,#2486),.PCURVE_S1.);
#2474 = CIRCLE('',#2475,1.2);
#2475 = AXIS2_PLACEMENT_3D('',#2476,#2477,#2478);
#2476 = CARTESIAN_POINT('',(16.5,-14.5,11.));
#2477 = DIRECTION('',(0.,1.224646799147E-16,1.));
#2478 = DIRECTION('',(1.,0.,-0.));
#2479 = PCURVE('',#110,#2480);
#2480 = DEFINITIONAL_REPRESENTATION('',(#2481),#2485);
#2481 = CIRCLE('',#2482,1.2);
#2482 = AXIS2_PLACEMENT_2D('',#2483,#2484);
#2483 = CARTESIAN_POINT('',(16.5,-14.5));
#2484 = DIRECTION('',(1.,0.));
#2485 = ( GEOMETRIC_REPRESENTATION_CONTEXT(2) 
PARAMETRIC_REPRESENTATION_CONTEXT() REPRESENTATION_CONTEXT('2D SPACE',''
  ) );
#2486 = PCURVE('',#1501,#2487);
#2487 = DEFINITIONAL_REPRESENTATION('',(#2488),#2492);
#2488 = LINE('',#2489,#2490);
#2489 = CARTESIAN_POINT('',(-6.28318530718,-1.));
#2490 = VECTOR('',#2491,1.);
#2491 = DIRECTION('',(1.,-0.));
#2492 = ( GEOMETRIC_REPRESENTATION_CONTEXT(2) 
PARAMETRIC_REPRESENTATION_CONTEXT() REPRESENTATION_CONTEXT('2D SPACE',''
  ) );
#2493 = FACE_BOUND('',#2494,.T.);
#2494 = EDGE_LOOP('',(#2495,#2525,#2558,#2587,#2620,#2648,#2677,#2710,
    #2738,#2767,#2795,#2828,#2857,#2890,#2918,#2947,#2975,#3004,#3032,
    #3061,#3089));
#2495 = ORIENTED_EDGE('',*,*,#2496,.F.);
#2496 = EDGE_CURVE('',#2497,#2499,#2501,.T.);
#2497 = VERTEX_POINT('',#2498);
#2498 = CARTESIAN_POINT('',(-11.33214209156,2.750700997948,11.));
#2499 = VERTEX_POINT('',#2500);
#2500 = CARTESIAN_POINT('',(-17.32515281043,2.749999984178,11.));
#2501 = SURFACE_CURVE('',#2502,(#2506,#2513),.PCURVE_S1.);
#2502 = LINE('',#2503,#2504);
#2503 = CARTESIAN_POINT('',(-17.32503509156,2.749999997948,11.));
#2504 = VECTOR('',#2505,1.);
#2505 = DIRECTION('',(-0.999999993159,-1.169718857316E-04,0.));
#2506 = PCURVE('',#110,#2507);
#2507 = DEFINITIONAL_REPRESENTATION('',(#2508),#2512);
#2508 = LINE('',#2509,#2510);
#2509 = CARTESIAN_POINT('',(-17.32503509156,2.749999997948));
#2510 = VECTOR('',#2511,1.);
#2511 = DIRECTION('',(-0.999999993159,-1.169718857316E-04));
#2512 = ( GEOMETRIC_REPRESENTATION_CONTEXT(2) 
PARAMETRIC_REPRESENTATION_CONTEXT() REPRESENTATION_CONTEXT('2D SPACE',''
  ) );
#2513 = PCURVE('',#2514,#2519);
#2514 = PLANE('',#2515);
#2515 = AXIS2_PLACEMENT_3D('',#2516,#2517,#2518);
#2516 = CARTESIAN_POINT('',(-11.33214209156,2.750700997948,11.));
#2517 = DIRECTION('',(-1.169718857316E-04,0.999999993159,0.));
#2518 = DIRECTION('',(-0.999999993159,-1.169718857316E-04,0.));
#2519 = DEFINITIONAL_REPRESENTATION('',(#2520),#2524);
#2520 = LINE('',#2521,#2522);
#2521 = CARTESIAN_POINT('',(5.992893040999,0.));
#2522 = VECTOR('',#2523,1.);
#2523 = DIRECTION('',(1.,0.));
#2524 = ( GEOMETRIC_REPRESENTATION_CONTEXT(2) 
PARAMETRIC_REPRESENTATION_CONTEXT() REPRESENTATION_CONTEXT('2D SPACE',''
  ) );
#2525 = ORIENTED_EDGE('',*,*,#2526,.T.);
#2526 = EDGE_CURVE('',#2497,#2527,#2529,.T.);
#2527 = VERTEX_POINT('',#2528);
#2528 = CARTESIAN_POINT('',(-11.33210677587,2.750701,11.));
#2529 = SURFACE_CURVE('',#2530,(#2535,#2546),.PCURVE_S1.);
#2530 = CIRCLE('',#2531,0.3);
#2531 = AXIS2_PLACEMENT_3D('',#2532,#2533,#2534);
#2532 = CARTESIAN_POINT('',(-11.332107,2.450701,11.));
#2533 = DIRECTION('',(-0.,0.,-1.));
#2534 = DIRECTION('',(-0.999999993159,-1.169718857316E-04,0.));
#2535 = PCURVE('',#110,#2536);
#2536 = DEFINITIONAL_REPRESENTATION('',(#2537),#2545);
#2537 = ( BOUNDED_CURVE() B_SPLINE_CURVE(2,(#2538,#2539,#2540,#2541,
#2542,#2543,#2544),.UNSPECIFIED.,.T.,.F.) B_SPLINE_CURVE_WITH_KNOTS((1,2
    ,2,2,2,1),(-2.094395102393,0.,2.094395102393,4.188790204786,
6.28318530718,8.377580409573),.UNSPECIFIED.) CURVE() 
GEOMETRIC_REPRESENTATION_ITEM() RATIONAL_B_SPLINE_CURVE((1.,0.5,1.,0.5,
1.,0.5,1.)) REPRESENTATION_ITEM('') );
#2538 = CARTESIAN_POINT('',(-11.63210699794,2.450665908434));
#2539 = CARTESIAN_POINT('',(-11.63216777832,2.97028114715));
#2540 = CARTESIAN_POINT('',(-11.18213739121,2.710526165141));
#2541 = CARTESIAN_POINT('',(-10.7321070041,2.450771183131));
#2542 = CARTESIAN_POINT('',(-11.18207661083,2.190910926425));
#2543 = CARTESIAN_POINT('',(-11.63204621757,1.931050669718));
#2544 = CARTESIAN_POINT('',(-11.63210699794,2.450665908434));
#2545 = ( GEOMETRIC_REPRESENTATION_CONTEXT(2) 
PARAMETRIC_REPRESENTATION_CONTEXT() REPRESENTATION_CONTEXT('2D SPACE',''
  ) );
#2546 = PCURVE('',#2547,#2552);
#2547 = CYLINDRICAL_SURFACE('',#2548,0.3);
#2548 = AXIS2_PLACEMENT_3D('',#2549,#2550,#2551);
#2549 = CARTESIAN_POINT('',(-11.332107,2.450701,11.));
#2550 = DIRECTION('',(0.,-0.,1.));
#2551 = DIRECTION('',(-0.999999993159,-1.169718857316E-04,0.));
#2552 = DEFINITIONAL_REPRESENTATION('',(#2553),#2557);
#2553 = LINE('',#2554,#2555);
#2554 = CARTESIAN_POINT('',(-0.,0.));
#2555 = VECTOR('',#2556,1.);
#2556 = DIRECTION('',(-1.,0.));
#2557 = ( GEOMETRIC_REPRESENTATION_CONTEXT(2) 
PARAMETRIC_REPRESENTATION_CONTEXT() REPRESENTATION_CONTEXT('2D SPACE',''
  ) );
#2558 = ORIENTED_EDGE('',*,*,#2559,.T.);
#2559 = EDGE_CURVE('',#2527,#2560,#2562,.T.);
#2560 = VERTEX_POINT('',#2561);
#2561 = CARTESIAN_POINT('',(-10.632107,3.450700775877,11.));
#2562 = SURFACE_CURVE('',#2563,(#2568,#2575),.PCURVE_S1.);
#2563 = CIRCLE('',#2564,0.699999252925);
#2564 = AXIS2_PLACEMENT_3D('',#2565,#2566,#2567);
#2565 = CARTESIAN_POINT('',(-11.33210625292,3.450700252925,11.));
#2566 = DIRECTION('',(0.,0.,1.));
#2567 = DIRECTION('',(-7.470757066546E-07,-1.,0.));
#2568 = PCURVE('',#110,#2569);
#2569 = DEFINITIONAL_REPRESENTATION('',(#2570),#2574);
#2570 = CIRCLE('',#2571,0.699999252925);
#2571 = AXIS2_PLACEMENT_2D('',#2572,#2573);
#2572 = CARTESIAN_POINT('',(-11.33210625292,3.450700252925));
#2573 = DIRECTION('',(-7.470757066546E-07,-1.));
#2574 = ( GEOMETRIC_REPRESENTATION_CONTEXT(2) 
PARAMETRIC_REPRESENTATION_CONTEXT() REPRESENTATION_CONTEXT('2D SPACE',''
  ) );
#2575 = PCURVE('',#2576,#2581);
#2576 = CYLINDRICAL_SURFACE('',#2577,0.699999252925);
#2577 = AXIS2_PLACEMENT_3D('',#2578,#2579,#2580);
#2578 = CARTESIAN_POINT('',(-11.33210625292,3.450700252925,11.));
#2579 = DIRECTION('',(0.,0.,1.));
#2580 = DIRECTION('',(-7.470757066546E-07,-1.,0.));
#2581 = DEFINITIONAL_REPRESENTATION('',(#2582),#2586);
#2582 = LINE('',#2583,#2584);
#2583 = CARTESIAN_POINT('',(0.,0.));
#2584 = VECTOR('',#2585,1.);
#2585 = DIRECTION('',(1.,0.));
#2586 = ( GEOMETRIC_REPRESENTATION_CONTEXT(2) 
PARAMETRIC_REPRESENTATION_CONTEXT() REPRESENTATION_CONTEXT('2D SPACE',''
  ) );
#2587 = ORIENTED_EDGE('',*,*,#2588,.T.);
#2588 = EDGE_CURVE('',#2560,#2589,#2591,.T.);
#2589 = VERTEX_POINT('',#2590);
#2590 = CARTESIAN_POINT('',(-10.632107,3.450701,11.));
#2591 = SURFACE_CURVE('',#2592,(#2597,#2608),.PCURVE_S1.);
#2592 = CIRCLE('',#2593,0.3);
#2593 = AXIS2_PLACEMENT_3D('',#2594,#2595,#2596);
#2594 = CARTESIAN_POINT('',(-10.332107,3.450701,11.));
#2595 = DIRECTION('',(-0.,0.,-1.));
#2596 = DIRECTION('',(7.470757063236E-07,-1.,-0.));
#2597 = PCURVE('',#110,#2598);
#2598 = DEFINITIONAL_REPRESENTATION('',(#2599),#2607);
#2599 = ( BOUNDED_CURVE() B_SPLINE_CURVE(2,(#2600,#2601,#2602,#2603,
#2604,#2605,#2606),.UNSPECIFIED.,.T.,.F.) B_SPLINE_CURVE_WITH_KNOTS((1,2
    ,2,2,2,1),(-2.094395102393,0.,2.094395102393,4.188790204786,
6.28318530718,8.377580409573),.UNSPECIFIED.) CURVE() 
GEOMETRIC_REPRESENTATION_ITEM() RATIONAL_B_SPLINE_CURVE((1.,0.5,1.,0.5,
1.,0.5,1.)) REPRESENTATION_ITEM('') );
#2600 = CARTESIAN_POINT('',(-10.33210677587,3.150701));
#2601 = CARTESIAN_POINT('',(-10.85172201814,3.150700611808));
#2602 = CARTESIAN_POINT('',(-10.59191473319,3.600700805904));
#2603 = CARTESIAN_POINT('',(-10.33210744824,4.050701));
#2604 = CARTESIAN_POINT('',(-10.07229949092,3.600701194096));
#2605 = CARTESIAN_POINT('',(-9.812491533607,3.150701388192));
#2606 = CARTESIAN_POINT('',(-10.33210677587,3.150701));
#2607 = ( GEOMETRIC_REPRESENTATION_CONTEXT(2) 
PARAMETRIC_REPRESENTATION_CONTEXT() REPRESENTATION_CONTEXT('2D SPACE',''
  ) );
#2608 = PCURVE('',#2609,#2614);
#2609 = CYLINDRICAL_SURFACE('',#2610,0.3);
#2610 = AXIS2_PLACEMENT_3D('',#2611,#2612,#2613);
#2611 = CARTESIAN_POINT('',(-10.332107,3.450701,11.));
#2612 = DIRECTION('',(0.,-0.,1.));
#2613 = DIRECTION('',(7.470757063236E-07,-1.,-0.));
#2614 = DEFINITIONAL_REPRESENTATION('',(#2615),#2619);
#2615 = LINE('',#2616,#2617);
#2616 = CARTESIAN_POINT('',(-0.,0.));
#2617 = VECTOR('',#2618,1.);
#2618 = DIRECTION('',(-1.,0.));
#2619 = ( GEOMETRIC_REPRESENTATION_CONTEXT(2) 
PARAMETRIC_REPRESENTATION_CONTEXT() REPRESENTATION_CONTEXT('2D SPACE',''
  ) );
#2620 = ORIENTED_EDGE('',*,*,#2621,.F.);
#2621 = EDGE_CURVE('',#2622,#2589,#2624,.T.);
#2622 = VERTEX_POINT('',#2623);
#2623 = CARTESIAN_POINT('',(-10.632107,11.050000747075,11.));
#2624 = SURFACE_CURVE('',#2625,(#2629,#2636),.PCURVE_S1.);
#2625 = LINE('',#2626,#2627);
#2626 = CARTESIAN_POINT('',(-10.632107,11.05,11.));
#2627 = VECTOR('',#2628,1.);
#2628 = DIRECTION('',(-1.224646799147E-16,-1.,0.));
#2629 = PCURVE('',#110,#2630);
#2630 = DEFINITIONAL_REPRESENTATION('',(#2631),#2635);
#2631 = LINE('',#2632,#2633);
#2632 = CARTESIAN_POINT('',(-10.632107,11.05));
#2633 = VECTOR('',#2634,1.);
#2634 = DIRECTION('',(-1.224646799147E-16,-1.));
#2635 = ( GEOMETRIC_REPRESENTATION_CONTEXT(2) 
PARAMETRIC_REPRESENTATION_CONTEXT() REPRESENTATION_CONTEXT('2D SPACE',''
  ) );
#2636 = PCURVE('',#2637,#2642);
#2637 = PLANE('',#2638);
#2638 = AXIS2_PLACEMENT_3D('',#2639,#2640,#2641);
#2639 = CARTESIAN_POINT('',(-10.632107,11.050000747075,11.));
#2640 = DIRECTION('',(-1.,1.224646799147E-16,0.));
#2641 = DIRECTION('',(-1.224646799147E-16,-1.,0.));
#2642 = DEFINITIONAL_REPRESENTATION('',(#2643),#2647);
#2643 = LINE('',#2644,#2645);
#2644 = CARTESIAN_POINT('',(7.470752052541E-07,0.));
#2645 = VECTOR('',#2646,1.);
#2646 = DIRECTION('',(1.,0.));
#2647 = ( GEOMETRIC_REPRESENTATION_CONTEXT(2) 
PARAMETRIC_REPRESENTATION_CONTEXT() REPRESENTATION_CONTEXT('2D SPACE',''
  ) );
#2648 = ORIENTED_EDGE('',*,*,#2649,.F.);
#2649 = EDGE_CURVE('',#2650,#2622,#2652,.T.);
#2650 = VERTEX_POINT('',#2651);
#2651 = CARTESIAN_POINT('',(-9.332106775877,12.35,11.));
#2652 = SURFACE_CURVE('',#2653,(#2658,#2665),.PCURVE_S1.);
#2653 = CIRCLE('',#2654,1.299999252925);
#2654 = AXIS2_PLACEMENT_3D('',#2655,#2656,#2657);
#2655 = CARTESIAN_POINT('',(-9.332107747075,11.050000747075,11.));
#2656 = DIRECTION('',(0.,-0.,1.));
#2657 = DIRECTION('',(7.470757634981E-07,1.,0.));
#2658 = PCURVE('',#110,#2659);
#2659 = DEFINITIONAL_REPRESENTATION('',(#2660),#2664);
#2660 = CIRCLE('',#2661,1.299999252925);
#2661 = AXIS2_PLACEMENT_2D('',#2662,#2663);
#2662 = CARTESIAN_POINT('',(-9.332107747075,11.050000747075));
#2663 = DIRECTION('',(7.470757634981E-07,1.));
#2664 = ( GEOMETRIC_REPRESENTATION_CONTEXT(2) 
PARAMETRIC_REPRESENTATION_CONTEXT() REPRESENTATION_CONTEXT('2D SPACE',''
  ) );
#2665 = PCURVE('',#2666,#2671);
#2666 = CYLINDRICAL_SURFACE('',#2667,1.299999252925);
#2667 = AXIS2_PLACEMENT_3D('',#2668,#2669,#2670);
#2668 = CARTESIAN_POINT('',(-9.332107747075,11.050000747075,11.));
#2669 = DIRECTION('',(0.,-0.,1.));
#2670 = DIRECTION('',(7.470757634981E-07,1.,0.));
#2671 = DEFINITIONAL_REPRESENTATION('',(#2672),#2676);
#2672 = LINE('',#2673,#2674);
#2673 = CARTESIAN_POINT('',(0.,0.));
#2674 = VECTOR('',#2675,1.);
#2675 = DIRECTION('',(1.,0.));
#2676 = ( GEOMETRIC_REPRESENTATION_CONTEXT(2) 
PARAMETRIC_REPRESENTATION_CONTEXT() REPRESENTATION_CONTEXT('2D SPACE',''
  ) );
#2677 = ORIENTED_EDGE('',*,*,#2678,.T.);
#2678 = EDGE_CURVE('',#2650,#2679,#2681,.T.);
#2679 = VERTEX_POINT('',#2680);
#2680 = CARTESIAN_POINT('',(-9.332090807782,12.349999999563,11.));
#2681 = SURFACE_CURVE('',#2682,(#2687,#2698),.PCURVE_S1.);
#2682 = CIRCLE('',#2683,0.3);
#2683 = AXIS2_PLACEMENT_3D('',#2684,#2685,#2686);
#2684 = CARTESIAN_POINT('',(-9.332107,12.05,11.));
#2685 = DIRECTION('',(0.,0.,-1.));
#2686 = DIRECTION('',(-1.,7.470757634981E-07,0.));
#2687 = PCURVE('',#110,#2688);
#2688 = DEFINITIONAL_REPRESENTATION('',(#2689),#2697);
#2689 = ( BOUNDED_CURVE() B_SPLINE_CURVE(2,(#2690,#2691,#2692,#2693,
#2694,#2695,#2696),.UNSPECIFIED.,.T.,.F.) B_SPLINE_CURVE_WITH_KNOTS((1,2
    ,2,2,2,1),(-2.094395102393,0.,2.094395102393,4.188790204786,
6.28318530718,8.377580409573),.UNSPECIFIED.) CURVE() 
GEOMETRIC_REPRESENTATION_ITEM() RATIONAL_B_SPLINE_CURVE((1.,0.5,1.,0.5,
1.,0.5,1.)) REPRESENTATION_ITEM('') );
#2690 = CARTESIAN_POINT('',(-9.632107,12.050000224123));
#2691 = CARTESIAN_POINT('',(-9.632106611808,12.569615466393));
#2692 = CARTESIAN_POINT('',(-9.182106805904,12.309807509074));
#2693 = CARTESIAN_POINT('',(-8.732107,12.049999551755));
#2694 = CARTESIAN_POINT('',(-9.182107194096,11.790192266803));
#2695 = CARTESIAN_POINT('',(-9.632107388192,11.530384981852));
#2696 = CARTESIAN_POINT('',(-9.632107,12.050000224123));
#2697 = ( GEOMETRIC_REPRESENTATION_CONTEXT(2) 
PARAMETRIC_REPRESENTATION_CONTEXT() REPRESENTATION_CONTEXT('2D SPACE',''
  ) );
#2698 = PCURVE('',#2699,#2704);
#2699 = CYLINDRICAL_SURFACE('',#2700,0.3);
#2700 = AXIS2_PLACEMENT_3D('',#2701,#2702,#2703);
#2701 = CARTESIAN_POINT('',(-9.332107,12.05,11.));
#2702 = DIRECTION('',(-0.,-0.,1.));
#2703 = DIRECTION('',(-1.,7.470757634981E-07,0.));
#2704 = DEFINITIONAL_REPRESENTATION('',(#2705),#2709);
#2705 = LINE('',#2706,#2707);
#2706 = CARTESIAN_POINT('',(-0.,0.));
#2707 = VECTOR('',#2708,1.);
#2708 = DIRECTION('',(-1.,0.));
#2709 = ( GEOMETRIC_REPRESENTATION_CONTEXT(2) 
PARAMETRIC_REPRESENTATION_CONTEXT() REPRESENTATION_CONTEXT('2D SPACE',''
  ) );
#2710 = ORIENTED_EDGE('',*,*,#2711,.F.);
#2711 = EDGE_CURVE('',#2712,#2679,#2714,.T.);
#2712 = VERTEX_POINT('',#2713);
#2713 = CARTESIAN_POINT('',(9.325073913315,12.348992998107,11.));
#2714 = SURFACE_CURVE('',#2715,(#2719,#2726),.PCURVE_S1.);
#2715 = LINE('',#2716,#2717);
#2716 = CARTESIAN_POINT('',(-9.332090807782,12.349999999563,11.));
#2717 = VECTOR('',#2718,1.);
#2718 = DIRECTION('',(-0.999999998543,5.397406128484E-05,0.));
#2719 = PCURVE('',#110,#2720);
#2720 = DEFINITIONAL_REPRESENTATION('',(#2721),#2725);
#2721 = LINE('',#2722,#2723);
#2722 = CARTESIAN_POINT('',(-9.332090807782,12.349999999563));
#2723 = VECTOR('',#2724,1.);
#2724 = DIRECTION('',(-0.999999998543,5.397406128484E-05));
#2725 = ( GEOMETRIC_REPRESENTATION_CONTEXT(2) 
PARAMETRIC_REPRESENTATION_CONTEXT() REPRESENTATION_CONTEXT('2D SPACE',''
  ) );
#2726 = PCURVE('',#2727,#2732);
#2727 = PLANE('',#2728);
#2728 = AXIS2_PLACEMENT_3D('',#2729,#2730,#2731);
#2729 = CARTESIAN_POINT('',(9.325073913314,12.348992996609,11.));
#2730 = DIRECTION('',(5.397406128484E-05,0.999999998543,-0.));
#2731 = DIRECTION('',(-0.999999998543,5.397406128484E-05,0.));
#2732 = DEFINITIONAL_REPRESENTATION('',(#2733),#2737);
#2733 = LINE('',#2734,#2735);
#2734 = CARTESIAN_POINT('',(18.657164748272,0.));
#2735 = VECTOR('',#2736,1.);
#2736 = DIRECTION('',(1.,0.));
#2737 = ( GEOMETRIC_REPRESENTATION_CONTEXT(2) 
PARAMETRIC_REPRESENTATION_CONTEXT() REPRESENTATION_CONTEXT('2D SPACE',''
  ) );
#2738 = ORIENTED_EDGE('',*,*,#2739,.F.);
#2739 = EDGE_CURVE('',#2740,#2712,#2742,.T.);
#2740 = VERTEX_POINT('',#2741);
#2741 = CARTESIAN_POINT('',(10.625003,11.048993747075,11.));
#2742 = SURFACE_CURVE('',#2743,(#2748,#2755),.PCURVE_S1.);
#2743 = CIRCLE('',#2744,1.299999252925);
#2744 = AXIS2_PLACEMENT_3D('',#2745,#2746,#2747);
#2745 = CARTESIAN_POINT('',(9.325003747075,11.048993747075,11.));
#2746 = DIRECTION('',(0.,-0.,1.));
#2747 = DIRECTION('',(1.,-7.470757634981E-07,-0.));
#2748 = PCURVE('',#110,#2749);
#2749 = DEFINITIONAL_REPRESENTATION('',(#2750),#2754);
#2750 = CIRCLE('',#2751,1.299999252925);
#2751 = AXIS2_PLACEMENT_2D('',#2752,#2753);
#2752 = CARTESIAN_POINT('',(9.325003747075,11.048993747075));
#2753 = DIRECTION('',(1.,-7.470757634981E-07));
#2754 = ( GEOMETRIC_REPRESENTATION_CONTEXT(2) 
PARAMETRIC_REPRESENTATION_CONTEXT() REPRESENTATION_CONTEXT('2D SPACE',''
  ) );
#2755 = PCURVE('',#2756,#2761);
#2756 = CYLINDRICAL_SURFACE('',#2757,1.299999252925);
#2757 = AXIS2_PLACEMENT_3D('',#2758,#2759,#2760);
#2758 = CARTESIAN_POINT('',(9.325003747075,11.048993747075,11.));
#2759 = DIRECTION('',(0.,-0.,1.));
#2760 = DIRECTION('',(1.,-7.470757634981E-07,-0.));
#2761 = DEFINITIONAL_REPRESENTATION('',(#2762),#2766);
#2762 = LINE('',#2763,#2764);
#2763 = CARTESIAN_POINT('',(0.,0.));
#2764 = VECTOR('',#2765,1.);
#2765 = DIRECTION('',(1.,0.));
#2766 = ( GEOMETRIC_REPRESENTATION_CONTEXT(2) 
PARAMETRIC_REPRESENTATION_CONTEXT() REPRESENTATION_CONTEXT('2D SPACE',''
  ) );
#2767 = ORIENTED_EDGE('',*,*,#2768,.F.);
#2768 = EDGE_CURVE('',#2769,#2740,#2771,.T.);
#2769 = VERTEX_POINT('',#2770);
#2770 = CARTESIAN_POINT('',(10.625003,3.456095,11.));
#2771 = SURFACE_CURVE('',#2772,(#2776,#2783),.PCURVE_S1.);
#2772 = LINE('',#2773,#2774);
#2773 = CARTESIAN_POINT('',(10.625003,11.048993,11.));
#2774 = VECTOR('',#2775,1.);
#2775 = DIRECTION('',(2.339497829946E-16,1.,0.));
#2776 = PCURVE('',#110,#2777);
#2777 = DEFINITIONAL_REPRESENTATION('',(#2778),#2782);
#2778 = LINE('',#2779,#2780);
#2779 = CARTESIAN_POINT('',(10.625003,11.048993));
#2780 = VECTOR('',#2781,1.);
#2781 = DIRECTION('',(2.339497829946E-16,1.));
#2782 = ( GEOMETRIC_REPRESENTATION_CONTEXT(2) 
PARAMETRIC_REPRESENTATION_CONTEXT() REPRESENTATION_CONTEXT('2D SPACE',''
  ) );
#2783 = PCURVE('',#2784,#2789);
#2784 = PLANE('',#2785);
#2785 = AXIS2_PLACEMENT_3D('',#2786,#2787,#2788);
#2786 = CARTESIAN_POINT('',(10.625003,3.456095,11.));
#2787 = DIRECTION('',(1.,-2.339497829946E-16,0.));
#2788 = DIRECTION('',(2.339497829946E-16,1.,0.));
#2789 = DEFINITIONAL_REPRESENTATION('',(#2790),#2794);
#2790 = LINE('',#2791,#2792);
#2791 = CARTESIAN_POINT('',(7.592898,0.));
#2792 = VECTOR('',#2793,1.);
#2793 = DIRECTION('',(1.,0.));
#2794 = ( GEOMETRIC_REPRESENTATION_CONTEXT(2) 
PARAMETRIC_REPRESENTATION_CONTEXT() REPRESENTATION_CONTEXT('2D SPACE',''
  ) );
#2795 = ORIENTED_EDGE('',*,*,#2796,.T.);
#2796 = EDGE_CURVE('',#2769,#2797,#2799,.T.);
#2797 = VERTEX_POINT('',#2798);
#2798 = CARTESIAN_POINT('',(10.625003,3.456094775877,11.));
#2799 = SURFACE_CURVE('',#2800,(#2805,#2816),.PCURVE_S1.);
#2800 = CIRCLE('',#2801,0.3);
#2801 = AXIS2_PLACEMENT_3D('',#2802,#2803,#2804);
#2802 = CARTESIAN_POINT('',(10.325003,3.456095,11.));
#2803 = DIRECTION('',(0.,0.,-1.));
#2804 = DIRECTION('',(2.339497829946E-16,1.,0.));
#2805 = PCURVE('',#110,#2806);
#2806 = DEFINITIONAL_REPRESENTATION('',(#2807),#2815);
#2807 = ( BOUNDED_CURVE() B_SPLINE_CURVE(2,(#2808,#2809,#2810,#2811,
#2812,#2813,#2814),.UNSPECIFIED.,.T.,.F.) B_SPLINE_CURVE_WITH_KNOTS((1,2
    ,2,2,2,1),(-2.094395102393,0.,2.094395102393,4.188790204786,
6.28318530718,8.377580409573),.UNSPECIFIED.) CURVE() 
GEOMETRIC_REPRESENTATION_ITEM() RATIONAL_B_SPLINE_CURVE((1.,0.5,1.,0.5,
1.,0.5,1.)) REPRESENTATION_ITEM('') );
#2808 = CARTESIAN_POINT('',(10.325003,3.756095));
#2809 = CARTESIAN_POINT('',(10.844618242271,3.756095));
#2810 = CARTESIAN_POINT('',(10.584810621135,3.306095));
#2811 = CARTESIAN_POINT('',(10.325003,2.856095));
#2812 = CARTESIAN_POINT('',(10.065195378865,3.306095));
#2813 = CARTESIAN_POINT('',(9.805387757729,3.756095));
#2814 = CARTESIAN_POINT('',(10.325003,3.756095));
#2815 = ( GEOMETRIC_REPRESENTATION_CONTEXT(2) 
PARAMETRIC_REPRESENTATION_CONTEXT() REPRESENTATION_CONTEXT('2D SPACE',''
  ) );
#2816 = PCURVE('',#2817,#2822);
#2817 = CYLINDRICAL_SURFACE('',#2818,0.3);
#2818 = AXIS2_PLACEMENT_3D('',#2819,#2820,#2821);
#2819 = CARTESIAN_POINT('',(10.325003,3.456095,11.));
#2820 = DIRECTION('',(-0.,-0.,1.));
#2821 = DIRECTION('',(2.339497829946E-16,1.,0.));
#2822 = DEFINITIONAL_REPRESENTATION('',(#2823),#2827);
#2823 = LINE('',#2824,#2825);
#2824 = CARTESIAN_POINT('',(-0.,0.));
#2825 = VECTOR('',#2826,1.);
#2826 = DIRECTION('',(-1.,0.));
#2827 = ( GEOMETRIC_REPRESENTATION_CONTEXT(2) 
PARAMETRIC_REPRESENTATION_CONTEXT() REPRESENTATION_CONTEXT('2D SPACE',''
  ) );
#2828 = ORIENTED_EDGE('',*,*,#2829,.T.);
#2829 = EDGE_CURVE('',#2797,#2830,#2832,.T.);
#2830 = VERTEX_POINT('',#2831);
#2831 = CARTESIAN_POINT('',(11.325002775877,2.756095,11.));
#2832 = SURFACE_CURVE('',#2833,(#2838,#2845),.PCURVE_S1.);
#2833 = CIRCLE('',#2834,0.699999252925);
#2834 = AXIS2_PLACEMENT_3D('',#2835,#2836,#2837);
#2835 = CARTESIAN_POINT('',(11.325002252925,3.456094252925,11.));
#2836 = DIRECTION('',(0.,0.,1.));
#2837 = DIRECTION('',(-1.,7.470757634981E-07,0.));
#2838 = PCURVE('',#110,#2839);
#2839 = DEFINITIONAL_REPRESENTATION('',(#2840),#2844);
#2840 = CIRCLE('',#2841,0.699999252925);
#2841 = AXIS2_PLACEMENT_2D('',#2842,#2843);
#2842 = CARTESIAN_POINT('',(11.325002252925,3.456094252925));
#2843 = DIRECTION('',(-1.,7.470757634981E-07));
#2844 = ( GEOMETRIC_REPRESENTATION_CONTEXT(2) 
PARAMETRIC_REPRESENTATION_CONTEXT() REPRESENTATION_CONTEXT('2D SPACE',''
  ) );
#2845 = PCURVE('',#2846,#2851);
#2846 = CYLINDRICAL_SURFACE('',#2847,0.699999252925);
#2847 = AXIS2_PLACEMENT_3D('',#2848,#2849,#2850);
#2848 = CARTESIAN_POINT('',(11.325002252925,3.456094252925,11.));
#2849 = DIRECTION('',(0.,0.,1.));
#2850 = DIRECTION('',(-1.,7.470757634981E-07,0.));
#2851 = DEFINITIONAL_REPRESENTATION('',(#2852),#2856);
#2852 = LINE('',#2853,#2854);
#2853 = CARTESIAN_POINT('',(0.,0.));
#2854 = VECTOR('',#2855,1.);
#2855 = DIRECTION('',(1.,0.));
#2856 = ( GEOMETRIC_REPRESENTATION_CONTEXT(2) 
PARAMETRIC_REPRESENTATION_CONTEXT() REPRESENTATION_CONTEXT('2D SPACE',''
  ) );
#2857 = ORIENTED_EDGE('',*,*,#2858,.T.);
#2858 = EDGE_CURVE('',#2830,#2859,#2861,.T.);
#2859 = VERTEX_POINT('',#2860);
#2860 = CARTESIAN_POINT('',(11.325307749995,2.756094845212,11.));
#2861 = SURFACE_CURVE('',#2862,(#2867,#2878),.PCURVE_S1.);
#2862 = CIRCLE('',#2863,0.3);
#2863 = AXIS2_PLACEMENT_3D('',#2864,#2865,#2866);
#2864 = CARTESIAN_POINT('',(11.325003,2.456095,11.));
#2865 = DIRECTION('',(-0.,0.,-1.));
#2866 = DIRECTION('',(-1.,-7.470757631669E-07,0.));
#2867 = PCURVE('',#110,#2868);
#2868 = DEFINITIONAL_REPRESENTATION('',(#2869),#2877);
#2869 = ( BOUNDED_CURVE() B_SPLINE_CURVE(2,(#2870,#2871,#2872,#2873,
#2874,#2875,#2876),.UNSPECIFIED.,.T.,.F.) B_SPLINE_CURVE_WITH_KNOTS((1,2
    ,2,2,2,1),(-2.094395102393,0.,2.094395102393,4.188790204786,
6.28318530718,8.377580409573),.UNSPECIFIED.) CURVE() 
GEOMETRIC_REPRESENTATION_ITEM() RATIONAL_B_SPLINE_CURVE((1.,0.5,1.,0.5,
1.,0.5,1.)) REPRESENTATION_ITEM('') );
#2870 = CARTESIAN_POINT('',(11.025003,2.456094775877));
#2871 = CARTESIAN_POINT('',(11.025002611808,2.975710018148));
#2872 = CARTESIAN_POINT('',(11.475002805904,2.715902733197));
#2873 = CARTESIAN_POINT('',(11.925003,2.456095448245));
#2874 = CARTESIAN_POINT('',(11.475003194096,2.196287490926));
#2875 = CARTESIAN_POINT('',(11.025003388192,1.936479533607));
#2876 = CARTESIAN_POINT('',(11.025003,2.456094775877));
#2877 = ( GEOMETRIC_REPRESENTATION_CONTEXT(2) 
PARAMETRIC_REPRESENTATION_CONTEXT() REPRESENTATION_CONTEXT('2D SPACE',''
  ) );
#2878 = PCURVE('',#2879,#2884);
#2879 = CYLINDRICAL_SURFACE('',#2880,0.3);
#2880 = AXIS2_PLACEMENT_3D('',#2881,#2882,#2883);
#2881 = CARTESIAN_POINT('',(11.325003,2.456095,11.));
#2882 = DIRECTION('',(0.,-0.,1.));
#2883 = DIRECTION('',(-1.,-7.470757631669E-07,0.));
#2884 = DEFINITIONAL_REPRESENTATION('',(#2885),#2889);
#2885 = LINE('',#2886,#2887);
#2886 = CARTESIAN_POINT('',(-0.,0.));
#2887 = VECTOR('',#2888,1.);
#2888 = DIRECTION('',(-1.,0.));
#2889 = ( GEOMETRIC_REPRESENTATION_CONTEXT(2) 
PARAMETRIC_REPRESENTATION_CONTEXT() REPRESENTATION_CONTEXT('2D SPACE',''
  ) );
#2890 = ORIENTED_EDGE('',*,*,#2891,.F.);
#2891 = EDGE_CURVE('',#2892,#2859,#2894,.T.);
#2892 = VERTEX_POINT('',#2893);
#2893 = CARTESIAN_POINT('',(17.325162250452,2.749999989968,11.));
#2894 = SURFACE_CURVE('',#2895,(#2899,#2906),.PCURVE_S1.);
#2895 = LINE('',#2896,#2897);
#2896 = CARTESIAN_POINT('',(17.325304749995,2.749999845212,11.));
#2897 = VECTOR('',#2898,1.);
#2898 = DIRECTION('',(-0.999999484041,1.015833317122E-03,0.));
#2899 = PCURVE('',#110,#2900);
#2900 = DEFINITIONAL_REPRESENTATION('',(#2901),#2905);
#2901 = LINE('',#2902,#2903);
#2902 = CARTESIAN_POINT('',(17.325304749995,2.749999845212));
#2903 = VECTOR('',#2904,1.);
#2904 = DIRECTION('',(-0.999999484041,1.015833317122E-03));
#2905 = ( GEOMETRIC_REPRESENTATION_CONTEXT(2) 
PARAMETRIC_REPRESENTATION_CONTEXT() REPRESENTATION_CONTEXT('2D SPACE',''
  ) );
#2906 = PCURVE('',#2907,#2912);
#2907 = PLANE('',#2908);
#2908 = AXIS2_PLACEMENT_3D('',#2909,#2910,#2911);
#2909 = CARTESIAN_POINT('',(17.325162250452,2.749999989968,11.));
#2910 = DIRECTION('',(1.015833317122E-03,0.999999484041,-0.));
#2911 = DIRECTION('',(-0.999999484041,1.015833317122E-03,0.));
#2912 = DEFINITIONAL_REPRESENTATION('',(#2913),#2917);
#2913 = LINE('',#2914,#2915);
#2914 = CARTESIAN_POINT('',(-1.42499616477E-04,0.));
#2915 = VECTOR('',#2916,1.);
#2916 = DIRECTION('',(1.,0.));
#2917 = ( GEOMETRIC_REPRESENTATION_CONTEXT(2) 
PARAMETRIC_REPRESENTATION_CONTEXT() REPRESENTATION_CONTEXT('2D SPACE',''
  ) );
#2918 = ORIENTED_EDGE('',*,*,#2919,.F.);
#2919 = EDGE_CURVE('',#2920,#2892,#2922,.T.);
#2920 = VERTEX_POINT('',#2921);
#2921 = CARTESIAN_POINT('',(18.625,1.450000747075,11.));
#2922 = SURFACE_CURVE('',#2923,(#2928,#2935),.PCURVE_S1.);
#2923 = CIRCLE('',#2924,1.299999252925);
#2924 = AXIS2_PLACEMENT_3D('',#2925,#2926,#2927);
#2925 = CARTESIAN_POINT('',(17.325000747075,1.450000747075,11.));
#2926 = DIRECTION('',(0.,-0.,1.));
#2927 = DIRECTION('',(1.,-7.470757492872E-07,-0.));
#2928 = PCURVE('',#110,#2929);
#2929 = DEFINITIONAL_REPRESENTATION('',(#2930),#2934);
#2930 = CIRCLE('',#2931,1.299999252925);
#2931 = AXIS2_PLACEMENT_2D('',#2932,#2933);
#2932 = CARTESIAN_POINT('',(17.325000747075,1.450000747075));
#2933 = DIRECTION('',(1.,-7.470757492872E-07));
#2934 = ( GEOMETRIC_REPRESENTATION_CONTEXT(2) 
PARAMETRIC_REPRESENTATION_CONTEXT() REPRESENTATION_CONTEXT('2D SPACE',''
  ) );
#2935 = PCURVE('',#2936,#2941);
#2936 = CYLINDRICAL_SURFACE('',#2937,1.299999252925);
#2937 = AXIS2_PLACEMENT_3D('',#2938,#2939,#2940);
#2938 = CARTESIAN_POINT('',(17.325000747075,1.450000747075,11.));
#2939 = DIRECTION('',(0.,-0.,1.));
#2940 = DIRECTION('',(1.,-7.470757492872E-07,-0.));
#2941 = DEFINITIONAL_REPRESENTATION('',(#2942),#2946);
#2942 = LINE('',#2943,#2944);
#2943 = CARTESIAN_POINT('',(0.,0.));
#2944 = VECTOR('',#2945,1.);
#2945 = DIRECTION('',(1.,0.));
#2946 = ( GEOMETRIC_REPRESENTATION_CONTEXT(2) 
PARAMETRIC_REPRESENTATION_CONTEXT() REPRESENTATION_CONTEXT('2D SPACE',''
  ) );
#2947 = ORIENTED_EDGE('',*,*,#2948,.F.);
#2948 = EDGE_CURVE('',#2949,#2920,#2951,.T.);
#2949 = VERTEX_POINT('',#2950);
#2950 = CARTESIAN_POINT('',(18.625,-11.05000074707,11.));
#2951 = SURFACE_CURVE('',#2952,(#2956,#2963),.PCURVE_S1.);
#2952 = LINE('',#2953,#2954);
#2953 = CARTESIAN_POINT('',(18.625,-11.05,11.));
#2954 = VECTOR('',#2955,1.);
#2955 = DIRECTION('',(1.224646799147E-16,1.,0.));
#2956 = PCURVE('',#110,#2957);
#2957 = DEFINITIONAL_REPRESENTATION('',(#2958),#2962);
#2958 = LINE('',#2959,#2960);
#2959 = CARTESIAN_POINT('',(18.625,-11.05));
#2960 = VECTOR('',#2961,1.);
#2961 = DIRECTION('',(1.224646799147E-16,1.));
#2962 = ( GEOMETRIC_REPRESENTATION_CONTEXT(2) 
PARAMETRIC_REPRESENTATION_CONTEXT() REPRESENTATION_CONTEXT('2D SPACE',''
  ) );
#2963 = PCURVE('',#2964,#2969);
#2964 = PLANE('',#2965);
#2965 = AXIS2_PLACEMENT_3D('',#2966,#2967,#2968);
#2966 = CARTESIAN_POINT('',(18.625,-11.05000074707,11.));
#2967 = DIRECTION('',(1.,-1.224646799147E-16,0.));
#2968 = DIRECTION('',(1.224646799147E-16,1.,0.));
#2969 = DEFINITIONAL_REPRESENTATION('',(#2970),#2974);
#2970 = LINE('',#2971,#2972);
#2971 = CARTESIAN_POINT('',(7.470752052541E-07,0.));
#2972 = VECTOR('',#2973,1.);
#2973 = DIRECTION('',(1.,0.));
#2974 = ( GEOMETRIC_REPRESENTATION_CONTEXT(2) 
PARAMETRIC_REPRESENTATION_CONTEXT() REPRESENTATION_CONTEXT('2D SPACE',''
  ) );
#2975 = ORIENTED_EDGE('',*,*,#2976,.F.);
#2976 = EDGE_CURVE('',#2977,#2949,#2979,.T.);
#2977 = VERTEX_POINT('',#2978);
#2978 = CARTESIAN_POINT('',(17.325000747075,-12.35,11.));
#2979 = SURFACE_CURVE('',#2980,(#2985,#2992),.PCURVE_S1.);
#2980 = CIRCLE('',#2981,1.299999252925);
#2981 = AXIS2_PLACEMENT_3D('',#2982,#2983,#2984);
#2982 = CARTESIAN_POINT('',(17.325000747075,-11.05000074707,11.));
#2983 = DIRECTION('',(0.,0.,1.));
#2984 = DIRECTION('',(-7.470757634981E-07,-1.,0.));
#2985 = PCURVE('',#110,#2986);
#2986 = DEFINITIONAL_REPRESENTATION('',(#2987),#2991);
#2987 = CIRCLE('',#2988,1.299999252925);
#2988 = AXIS2_PLACEMENT_2D('',#2989,#2990);
#2989 = CARTESIAN_POINT('',(17.325000747075,-11.05000074707));
#2990 = DIRECTION('',(-7.470757634981E-07,-1.));
#2991 = ( GEOMETRIC_REPRESENTATION_CONTEXT(2) 
PARAMETRIC_REPRESENTATION_CONTEXT() REPRESENTATION_CONTEXT('2D SPACE',''
  ) );
#2992 = PCURVE('',#2993,#2998);
#2993 = CYLINDRICAL_SURFACE('',#2994,1.299999252925);
#2994 = AXIS2_PLACEMENT_3D('',#2995,#2996,#2997);
#2995 = CARTESIAN_POINT('',(17.325000747075,-11.05000074707,11.));
#2996 = DIRECTION('',(0.,0.,1.));
#2997 = DIRECTION('',(-7.470757634981E-07,-1.,0.));
#2998 = DEFINITIONAL_REPRESENTATION('',(#2999),#3003);
#2999 = LINE('',#3000,#3001);
#3000 = CARTESIAN_POINT('',(0.,0.));
#3001 = VECTOR('',#3002,1.);
#3002 = DIRECTION('',(1.,0.));
#3003 = ( GEOMETRIC_REPRESENTATION_CONTEXT(2) 
PARAMETRIC_REPRESENTATION_CONTEXT() REPRESENTATION_CONTEXT('2D SPACE',''
  ) );
#3004 = ORIENTED_EDGE('',*,*,#3005,.F.);
#3005 = EDGE_CURVE('',#3006,#2977,#3008,.T.);
#3006 = VERTEX_POINT('',#3007);
#3007 = CARTESIAN_POINT('',(-17.32500074707,-12.35,11.));
#3008 = SURFACE_CURVE('',#3009,(#3013,#3020),.PCURVE_S1.);
#3009 = LINE('',#3010,#3011);
#3010 = CARTESIAN_POINT('',(-17.325,-12.35,11.));
#3011 = VECTOR('',#3012,1.);
#3012 = DIRECTION('',(1.,-1.224646799147E-16,-0.));
#3013 = PCURVE('',#110,#3014);
#3014 = DEFINITIONAL_REPRESENTATION('',(#3015),#3019);
#3015 = LINE('',#3016,#3017);
#3016 = CARTESIAN_POINT('',(-17.325,-12.35));
#3017 = VECTOR('',#3018,1.);
#3018 = DIRECTION('',(1.,-1.224646799147E-16));
#3019 = ( GEOMETRIC_REPRESENTATION_CONTEXT(2) 
PARAMETRIC_REPRESENTATION_CONTEXT() REPRESENTATION_CONTEXT('2D SPACE',''
  ) );
#3020 = PCURVE('',#3021,#3026);
#3021 = PLANE('',#3022);
#3022 = AXIS2_PLACEMENT_3D('',#3023,#3024,#3025);
#3023 = CARTESIAN_POINT('',(-17.32500074707,-12.35,11.));
#3024 = DIRECTION('',(-1.224646799147E-16,-1.,0.));
#3025 = DIRECTION('',(1.,-1.224646799147E-16,-0.));
#3026 = DEFINITIONAL_REPRESENTATION('',(#3027),#3031);
#3027 = LINE('',#3028,#3029);
#3028 = CARTESIAN_POINT('',(7.470752052541E-07,0.));
#3029 = VECTOR('',#3030,1.);
#3030 = DIRECTION('',(1.,0.));
#3031 = ( GEOMETRIC_REPRESENTATION_CONTEXT(2) 
PARAMETRIC_REPRESENTATION_CONTEXT() REPRESENTATION_CONTEXT('2D SPACE',''
  ) );
#3032 = ORIENTED_EDGE('',*,*,#3033,.F.);
#3033 = EDGE_CURVE('',#3034,#3006,#3036,.T.);
#3034 = VERTEX_POINT('',#3035);
#3035 = CARTESIAN_POINT('',(-18.625,-11.05000074707,11.));
#3036 = SURFACE_CURVE('',#3037,(#3042,#3049),.PCURVE_S1.);
#3037 = CIRCLE('',#3038,1.299999252925);
#3038 = AXIS2_PLACEMENT_3D('',#3039,#3040,#3041);
#3039 = CARTESIAN_POINT('',(-17.32500074707,-11.05000074707,11.));
#3040 = DIRECTION('',(0.,0.,1.));
#3041 = DIRECTION('',(-1.,7.470757634981E-07,0.));
#3042 = PCURVE('',#110,#3043);
#3043 = DEFINITIONAL_REPRESENTATION('',(#3044),#3048);
#3044 = CIRCLE('',#3045,1.299999252925);
#3045 = AXIS2_PLACEMENT_2D('',#3046,#3047);
#3046 = CARTESIAN_POINT('',(-17.32500074707,-11.05000074707));
#3047 = DIRECTION('',(-1.,7.470757634981E-07));
#3048 = ( GEOMETRIC_REPRESENTATION_CONTEXT(2) 
PARAMETRIC_REPRESENTATION_CONTEXT() REPRESENTATION_CONTEXT('2D SPACE',''
  ) );
#3049 = PCURVE('',#3050,#3055);
#3050 = CYLINDRICAL_SURFACE('',#3051,1.299999252925);
#3051 = AXIS2_PLACEMENT_3D('',#3052,#3053,#3054);
#3052 = CARTESIAN_POINT('',(-17.32500074707,-11.05000074707,11.));
#3053 = DIRECTION('',(0.,0.,1.));
#3054 = DIRECTION('',(-1.,7.470757634981E-07,0.));
#3055 = DEFINITIONAL_REPRESENTATION('',(#3056),#3060);
#3056 = LINE('',#3057,#3058);
#3057 = CARTESIAN_POINT('',(0.,0.));
#3058 = VECTOR('',#3059,1.);
#3059 = DIRECTION('',(1.,0.));
#3060 = ( GEOMETRIC_REPRESENTATION_CONTEXT(2) 
PARAMETRIC_REPRESENTATION_CONTEXT() REPRESENTATION_CONTEXT('2D SPACE',''
  ) );
#3061 = ORIENTED_EDGE('',*,*,#3062,.F.);
#3062 = EDGE_CURVE('',#3063,#3034,#3065,.T.);
#3063 = VERTEX_POINT('',#3064);
#3064 = CARTESIAN_POINT('',(-18.625,1.450000747075,11.));
#3065 = SURFACE_CURVE('',#3066,(#3070,#3077),.PCURVE_S1.);
#3066 = LINE('',#3067,#3068);
#3067 = CARTESIAN_POINT('',(-18.625,1.45,11.));
#3068 = VECTOR('',#3069,1.);
#3069 = DIRECTION('',(-1.224646799147E-16,-1.,0.));
#3070 = PCURVE('',#110,#3071);
#3071 = DEFINITIONAL_REPRESENTATION('',(#3072),#3076);
#3072 = LINE('',#3073,#3074);
#3073 = CARTESIAN_POINT('',(-18.625,1.45));
#3074 = VECTOR('',#3075,1.);
#3075 = DIRECTION('',(-1.224646799147E-16,-1.));
#3076 = ( GEOMETRIC_REPRESENTATION_CONTEXT(2) 
PARAMETRIC_REPRESENTATION_CONTEXT() REPRESENTATION_CONTEXT('2D SPACE',''
  ) );
#3077 = PCURVE('',#3078,#3083);
#3078 = PLANE('',#3079);
#3079 = AXIS2_PLACEMENT_3D('',#3080,#3081,#3082);
#3080 = CARTESIAN_POINT('',(-18.625,1.450000747075,11.));
#3081 = DIRECTION('',(-1.,1.224646799147E-16,0.));
#3082 = DIRECTION('',(-1.224646799147E-16,-1.,0.));
#3083 = DEFINITIONAL_REPRESENTATION('',(#3084),#3088);
#3084 = LINE('',#3085,#3086);
#3085 = CARTESIAN_POINT('',(7.470751912653E-07,0.));
#3086 = VECTOR('',#3087,1.);
#3087 = DIRECTION('',(1.,0.));
#3088 = ( GEOMETRIC_REPRESENTATION_CONTEXT(2) 
PARAMETRIC_REPRESENTATION_CONTEXT() REPRESENTATION_CONTEXT('2D SPACE',''
  ) );
#3089 = ORIENTED_EDGE('',*,*,#3090,.F.);
#3090 = EDGE_CURVE('',#2499,#3063,#3091,.T.);
#3091 = SURFACE_CURVE('',#3092,(#3097,#3104),.PCURVE_S1.);
#3092 = CIRCLE('',#3093,1.299999252925);
#3093 = AXIS2_PLACEMENT_3D('',#3094,#3095,#3096);
#3094 = CARTESIAN_POINT('',(-17.32500074707,1.450000747075,11.));
#3095 = DIRECTION('',(0.,-0.,1.));
#3096 = DIRECTION('',(7.470757350764E-07,1.,0.));
#3097 = PCURVE('',#110,#3098);
#3098 = DEFINITIONAL_REPRESENTATION('',(#3099),#3103);
#3099 = CIRCLE('',#3100,1.299999252925);
#3100 = AXIS2_PLACEMENT_2D('',#3101,#3102);
#3101 = CARTESIAN_POINT('',(-17.32500074707,1.450000747075));
#3102 = DIRECTION('',(7.470757350764E-07,1.));
#3103 = ( GEOMETRIC_REPRESENTATION_CONTEXT(2) 
PARAMETRIC_REPRESENTATION_CONTEXT() REPRESENTATION_CONTEXT('2D SPACE',''
  ) );
#3104 = PCURVE('',#3105,#3110);
#3105 = CYLINDRICAL_SURFACE('',#3106,1.299999252925);
#3106 = AXIS2_PLACEMENT_3D('',#3107,#3108,#3109);
#3107 = CARTESIAN_POINT('',(-17.32500074707,1.450000747075,11.));
#3108 = DIRECTION('',(0.,-0.,1.));
#3109 = DIRECTION('',(7.470757350764E-07,1.,0.));
#3110 = DEFINITIONAL_REPRESENTATION('',(#3111),#3115);
#3111 = LINE('',#3112,#3113);
#3112 = CARTESIAN_POINT('',(0.,0.));
#3113 = VECTOR('',#3114,1.);
#3114 = DIRECTION('',(1.,0.));
#3115 = ( GEOMETRIC_REPRESENTATION_CONTEXT(2) 
PARAMETRIC_REPRESENTATION_CONTEXT() REPRESENTATION_CONTEXT('2D SPACE',''
  ) );
#3116 = ADVANCED_FACE('',(#3117),#72,.F.);
#3117 = FACE_BOUND('',#3118,.F.);
#3118 = EDGE_LOOP('',(#3119,#3120,#3121,#3143));
#3119 = ORIENTED_EDGE('',*,*,#55,.F.);
#3120 = ORIENTED_EDGE('',*,*,#292,.F.);
#3121 = ORIENTED_EDGE('',*,*,#3122,.T.);
#3122 = EDGE_CURVE('',#264,#1942,#3123,.T.);
#3123 = SURFACE_CURVE('',#3124,(#3130,#3137),.PCURVE_S1.);
#3124 = B_SPLINE_CURVE_WITH_KNOTS('',2,(#3125,#3126,#3127,#3128,#3129),
  .UNSPECIFIED.,.F.,.F.,(3,1,1,3),(-0.8568,6.170714980658E-14,14.,
    14.8568),.UNSPECIFIED.);
#3125 = CARTESIAN_POINT('',(15.143678713795,-17.69719772994,-0.8568));
#3126 = CARTESIAN_POINT('',(15.143678713795,-17.69719772994,-0.4284));
#3127 = CARTESIAN_POINT('',(15.143678713795,-17.69719772994,7.));
#3128 = CARTESIAN_POINT('',(15.143678713795,-17.69719772994,14.4284));
#3129 = CARTESIAN_POINT('',(15.143678713795,-17.69719772994,14.8568));
#3130 = PCURVE('',#72,#3131);
#3131 = DEFINITIONAL_REPRESENTATION('',(#3132),#3136);
#3132 = LINE('',#3133,#3134);
#3133 = CARTESIAN_POINT('',(14.,0.));
#3134 = VECTOR('',#3135,1.);
#3135 = DIRECTION('',(0.,1.));
#3136 = ( GEOMETRIC_REPRESENTATION_CONTEXT(2) 
PARAMETRIC_REPRESENTATION_CONTEXT() REPRESENTATION_CONTEXT('2D SPACE',''
  ) );
#3137 = PCURVE('',#280,#3138);
#3138 = DEFINITIONAL_REPRESENTATION('',(#3139),#3142);
#3139 = B_SPLINE_CURVE_WITH_KNOTS('',1,(#3140,#3141),.UNSPECIFIED.,.F.,
  .F.,(2,2),(6.170714980658E-14,14.),.PIECEWISE_BEZIER_KNOTS.);
#3140 = CARTESIAN_POINT('',(0.596293573708,-1.11022302461E-15));
#3141 = CARTESIAN_POINT('',(0.596293573708,14.));
#3142 = ( GEOMETRIC_REPRESENTATION_CONTEXT(2) 
PARAMETRIC_REPRESENTATION_CONTEXT() REPRESENTATION_CONTEXT('2D SPACE',''
  ) );
#3143 = ORIENTED_EDGE('',*,*,#1965,.T.);
#3144 = ADVANCED_FACE('',(#3145),#280,.T.);
#3145 = FACE_BOUND('',#3146,.T.);
#3146 = EDGE_LOOP('',(#3147,#3168,#3169,#3170));
#3147 = ORIENTED_EDGE('',*,*,#3148,.F.);
#3148 = EDGE_CURVE('',#262,#1921,#3149,.T.);
#3149 = SURFACE_CURVE('',#3150,(#3154,#3161),.PCURVE_S1.);
#3150 = LINE('',#3151,#3152);
#3151 = CARTESIAN_POINT('',(12.633283728133,-16.17181919415,0.));
#3152 = VECTOR('',#3153,1.);
#3153 = DIRECTION('',(0.,0.,1.));
#3154 = PCURVE('',#280,#3155);
#3155 = DEFINITIONAL_REPRESENTATION('',(#3156),#3160);
#3156 = LINE('',#3157,#3158);
#3157 = CARTESIAN_POINT('',(0.,0.));
#3158 = VECTOR('',#3159,1.);
#3159 = DIRECTION('',(0.,1.));
#3160 = ( GEOMETRIC_REPRESENTATION_CONTEXT(2) 
PARAMETRIC_REPRESENTATION_CONTEXT() REPRESENTATION_CONTEXT('2D SPACE',''
  ) );
#3161 = PCURVE('',#1432,#3162);
#3162 = DEFINITIONAL_REPRESENTATION('',(#3163),#3167);
#3163 = LINE('',#3164,#3165);
#3164 = CARTESIAN_POINT('',(3.775466967845,0.));
#3165 = VECTOR('',#3166,1.);
#3166 = DIRECTION('',(0.,-1.));
#3167 = ( GEOMETRIC_REPRESENTATION_CONTEXT(2) 
PARAMETRIC_REPRESENTATION_CONTEXT() REPRESENTATION_CONTEXT('2D SPACE',''
  ) );
#3168 = ORIENTED_EDGE('',*,*,#261,.T.);
#3169 = ORIENTED_EDGE('',*,*,#3122,.T.);
#3170 = ORIENTED_EDGE('',*,*,#1941,.F.);
#3171 = ADVANCED_FACE('',(#3172),#1432,.F.);
#3172 = FACE_BOUND('',#3173,.F.);
#3173 = EDGE_LOOP('',(#3174,#3175,#3196,#3197));
#3174 = ORIENTED_EDGE('',*,*,#1418,.F.);
#3175 = ORIENTED_EDGE('',*,*,#3176,.T.);
#3176 = EDGE_CURVE('',#1390,#1919,#3177,.T.);
#3177 = SURFACE_CURVE('',#3178,(#3182,#3189),.PCURVE_S1.);
#3178 = LINE('',#3179,#3180);
#3179 = CARTESIAN_POINT('',(11.616716271867,-15.02818080585,0.));
#3180 = VECTOR('',#3181,1.);
#3181 = DIRECTION('',(0.,0.,1.));
#3182 = PCURVE('',#1432,#3183);
#3183 = DEFINITIONAL_REPRESENTATION('',(#3184),#3188);
#3184 = LINE('',#3185,#3186);
#3185 = CARTESIAN_POINT('',(2.245330321551,0.));
#3186 = VECTOR('',#3187,1.);
#3187 = DIRECTION('',(0.,-1.));
#3188 = ( GEOMETRIC_REPRESENTATION_CONTEXT(2) 
PARAMETRIC_REPRESENTATION_CONTEXT() REPRESENTATION_CONTEXT('2D SPACE',''
  ) );
#3189 = PCURVE('',#1406,#3190);
#3190 = DEFINITIONAL_REPRESENTATION('',(#3191),#3195);
#3191 = LINE('',#3192,#3193);
#3192 = CARTESIAN_POINT('',(-0.844153986113,0.));
#3193 = VECTOR('',#3194,1.);
#3194 = DIRECTION('',(-0.,1.));
#3195 = ( GEOMETRIC_REPRESENTATION_CONTEXT(2) 
PARAMETRIC_REPRESENTATION_CONTEXT() REPRESENTATION_CONTEXT('2D SPACE',''
  ) );
#3196 = ORIENTED_EDGE('',*,*,#1918,.T.);
#3197 = ORIENTED_EDGE('',*,*,#3148,.F.);
#3198 = ADVANCED_FACE('',(#3199),#1406,.F.);
#3199 = FACE_BOUND('',#3200,.T.);
#3200 = EDGE_LOOP('',(#3201,#3222,#3223,#3224));
#3201 = ORIENTED_EDGE('',*,*,#3202,.F.);
#3202 = EDGE_CURVE('',#1363,#2400,#3203,.T.);
#3203 = SURFACE_CURVE('',#3204,(#3208,#3215),.PCURVE_S1.);
#3204 = LINE('',#3205,#3206);
#3205 = CARTESIAN_POINT('',(7.879669678449,-13.35,0.));
#3206 = VECTOR('',#3207,1.);
#3207 = DIRECTION('',(0.,0.,1.));
#3208 = PCURVE('',#1406,#3209);
#3209 = DEFINITIONAL_REPRESENTATION('',(#3210),#3214);
#3210 = LINE('',#3211,#3212);
#3211 = CARTESIAN_POINT('',(-0.,0.));
#3212 = VECTOR('',#3213,1.);
#3213 = DIRECTION('',(-0.,1.));
#3214 = ( GEOMETRIC_REPRESENTATION_CONTEXT(2) 
PARAMETRIC_REPRESENTATION_CONTEXT() REPRESENTATION_CONTEXT('2D SPACE',''
  ) );
#3215 = PCURVE('',#1378,#3216);
#3216 = DEFINITIONAL_REPRESENTATION('',(#3217),#3221);
#3217 = LINE('',#3218,#3219);
#3218 = CARTESIAN_POINT('',(7.879669678449,0.));
#3219 = VECTOR('',#3220,1.);
#3220 = DIRECTION('',(0.,-1.));
#3221 = ( GEOMETRIC_REPRESENTATION_CONTEXT(2) 
PARAMETRIC_REPRESENTATION_CONTEXT() REPRESENTATION_CONTEXT('2D SPACE',''
  ) );
#3222 = ORIENTED_EDGE('',*,*,#1389,.F.);
#3223 = ORIENTED_EDGE('',*,*,#3176,.T.);
#3224 = ORIENTED_EDGE('',*,*,#2420,.T.);
#3225 = ADVANCED_FACE('',(#3226),#1378,.F.);
#3226 = FACE_BOUND('',#3227,.F.);
#3227 = EDGE_LOOP('',(#3228,#3229,#3250,#3251));
#3228 = ORIENTED_EDGE('',*,*,#1362,.F.);
#3229 = ORIENTED_EDGE('',*,*,#3230,.T.);
#3230 = EDGE_CURVE('',#1334,#2376,#3231,.T.);
#3231 = SURFACE_CURVE('',#3232,(#3236,#3243),.PCURVE_S1.);
#3232 = LINE('',#3233,#3234);
#3233 = CARTESIAN_POINT('',(-7.879669678449,-13.35,0.));
#3234 = VECTOR('',#3235,1.);
#3235 = DIRECTION('',(-0.,-0.,1.));
#3236 = PCURVE('',#1378,#3237);
#3237 = DEFINITIONAL_REPRESENTATION('',(#3238),#3242);
#3238 = LINE('',#3239,#3240);
#3239 = CARTESIAN_POINT('',(-7.879669678449,0.));
#3240 = VECTOR('',#3241,1.);
#3241 = DIRECTION('',(0.,-1.));
#3242 = ( GEOMETRIC_REPRESENTATION_CONTEXT(2) 
PARAMETRIC_REPRESENTATION_CONTEXT() REPRESENTATION_CONTEXT('2D SPACE',''
  ) );
#3243 = PCURVE('',#1350,#3244);
#3244 = DEFINITIONAL_REPRESENTATION('',(#3245),#3249);
#3245 = LINE('',#3246,#3247);
#3246 = CARTESIAN_POINT('',(0.,0.));
#3247 = VECTOR('',#3248,1.);
#3248 = DIRECTION('',(0.,1.));
#3249 = ( GEOMETRIC_REPRESENTATION_CONTEXT(2) 
PARAMETRIC_REPRESENTATION_CONTEXT() REPRESENTATION_CONTEXT('2D SPACE',''
  ) );
#3250 = ORIENTED_EDGE('',*,*,#2399,.T.);
#3251 = ORIENTED_EDGE('',*,*,#3202,.F.);
#3252 = ADVANCED_FACE('',(#3253),#1350,.F.);
#3253 = FACE_BOUND('',#3254,.F.);
#3254 = EDGE_LOOP('',(#3255,#3256,#3257,#3278));
#3255 = ORIENTED_EDGE('',*,*,#3230,.F.);
#3256 = ORIENTED_EDGE('',*,*,#1333,.T.);
#3257 = ORIENTED_EDGE('',*,*,#3258,.T.);
#3258 = EDGE_CURVE('',#1307,#2355,#3259,.T.);
#3259 = SURFACE_CURVE('',#3260,(#3264,#3271),.PCURVE_S1.);
#3260 = LINE('',#3261,#3262);
#3261 = CARTESIAN_POINT('',(-11.61671627186,-15.02818080585,0.));
#3262 = VECTOR('',#3263,1.);
#3263 = DIRECTION('',(-0.,-0.,1.));
#3264 = PCURVE('',#1350,#3265);
#3265 = DEFINITIONAL_REPRESENTATION('',(#3266),#3270);
#3266 = LINE('',#3267,#3268);
#3267 = CARTESIAN_POINT('',(0.844153986113,0.));
#3268 = VECTOR('',#3269,1.);
#3269 = DIRECTION('',(0.,1.));
#3270 = ( GEOMETRIC_REPRESENTATION_CONTEXT(2) 
PARAMETRIC_REPRESENTATION_CONTEXT() REPRESENTATION_CONTEXT('2D SPACE',''
  ) );
#3271 = PCURVE('',#1322,#3272);
#3272 = DEFINITIONAL_REPRESENTATION('',(#3273),#3277);
#3273 = LINE('',#3274,#3275);
#3274 = CARTESIAN_POINT('',(-2.245330321551,0.));
#3275 = VECTOR('',#3276,1.);
#3276 = DIRECTION('',(-0.,-1.));
#3277 = ( GEOMETRIC_REPRESENTATION_CONTEXT(2) 
PARAMETRIC_REPRESENTATION_CONTEXT() REPRESENTATION_CONTEXT('2D SPACE',''
  ) );
#3278 = ORIENTED_EDGE('',*,*,#2375,.F.);
#3279 = ADVANCED_FACE('',(#3280),#1322,.F.);
#3280 = FACE_BOUND('',#3281,.T.);
#3281 = EDGE_LOOP('',(#3282,#3283,#3284,#3285));
#3282 = ORIENTED_EDGE('',*,*,#1306,.F.);
#3283 = ORIENTED_EDGE('',*,*,#3258,.T.);
#3284 = ORIENTED_EDGE('',*,*,#2354,.T.);
#3285 = ORIENTED_EDGE('',*,*,#3286,.F.);
#3286 = EDGE_CURVE('',#1278,#2331,#3287,.T.);
#3287 = SURFACE_CURVE('',#3288,(#3292,#3299),.PCURVE_S1.);
#3288 = LINE('',#3289,#3290);
#3289 = CARTESIAN_POINT('',(-12.63328372813,-16.17181919415,0.));
#3290 = VECTOR('',#3291,1.);
#3291 = DIRECTION('',(-0.,-0.,1.));
#3292 = PCURVE('',#1322,#3293);
#3293 = DEFINITIONAL_REPRESENTATION('',(#3294),#3298);
#3294 = LINE('',#3295,#3296);
#3295 = CARTESIAN_POINT('',(-3.775466967845,0.));
#3296 = VECTOR('',#3297,1.);
#3297 = DIRECTION('',(-0.,-1.));
#3298 = ( GEOMETRIC_REPRESENTATION_CONTEXT(2) 
PARAMETRIC_REPRESENTATION_CONTEXT() REPRESENTATION_CONTEXT('2D SPACE',''
  ) );
#3299 = PCURVE('',#1294,#3300);
#3300 = DEFINITIONAL_REPRESENTATION('',(#3301),#3305);
#3301 = LINE('',#3302,#3303);
#3302 = CARTESIAN_POINT('',(-0.,0.));
#3303 = VECTOR('',#3304,1.);
#3304 = DIRECTION('',(-0.,1.));
#3305 = ( GEOMETRIC_REPRESENTATION_CONTEXT(2) 
PARAMETRIC_REPRESENTATION_CONTEXT() REPRESENTATION_CONTEXT('2D SPACE',''
  ) );
#3306 = ADVANCED_FACE('',(#3307),#1294,.T.);
#3307 = FACE_BOUND('',#3308,.F.);
#3308 = EDGE_LOOP('',(#3309,#3310,#3332,#3333));
#3309 = ORIENTED_EDGE('',*,*,#1277,.F.);
#3310 = ORIENTED_EDGE('',*,*,#3311,.T.);
#3311 = EDGE_CURVE('',#1170,#2239,#3312,.T.);
#3312 = SURFACE_CURVE('',#3313,(#3319,#3325),.PCURVE_S1.);
#3313 = B_SPLINE_CURVE_WITH_KNOTS('',2,(#3314,#3315,#3316,#3317,#3318),
  .UNSPECIFIED.,.F.,.F.,(3,1,1,3),(-0.8568,6.227006757453E-14,14.,
    14.8568),.UNSPECIFIED.);
#3314 = CARTESIAN_POINT('',(-15.14367871379,-17.69719772994,-0.8568));
#3315 = CARTESIAN_POINT('',(-15.14367871379,-17.69719772994,-0.4284));
#3316 = CARTESIAN_POINT('',(-15.14367871379,-17.69719772994,7.));
#3317 = CARTESIAN_POINT('',(-15.14367871379,-17.69719772994,14.4284));
#3318 = CARTESIAN_POINT('',(-15.14367871379,-17.69719772994,14.8568));
#3319 = PCURVE('',#1294,#3320);
#3320 = DEFINITIONAL_REPRESENTATION('',(#3321),#3324);
#3321 = B_SPLINE_CURVE_WITH_KNOTS('',1,(#3322,#3323),.UNSPECIFIED.,.F.,
  .F.,(2,2),(6.227006757453E-14,14.),.PIECEWISE_BEZIER_KNOTS.);
#3322 = CARTESIAN_POINT('',(-0.596293573708,0.));
#3323 = CARTESIAN_POINT('',(-0.596293573708,14.));
#3324 = ( GEOMETRIC_REPRESENTATION_CONTEXT(2) 
PARAMETRIC_REPRESENTATION_CONTEXT() REPRESENTATION_CONTEXT('2D SPACE',''
  ) );
#3325 = PCURVE('',#1231,#3326);
#3326 = DEFINITIONAL_REPRESENTATION('',(#3327),#3331);
#3327 = LINE('',#3328,#3329);
#3328 = CARTESIAN_POINT('',(14.,0.));
#3329 = VECTOR('',#3330,1.);
#3330 = DIRECTION('',(0.,1.));
#3331 = ( GEOMETRIC_REPRESENTATION_CONTEXT(2) 
PARAMETRIC_REPRESENTATION_CONTEXT() REPRESENTATION_CONTEXT('2D SPACE',''
  ) );
#3332 = ORIENTED_EDGE('',*,*,#2330,.T.);
#3333 = ORIENTED_EDGE('',*,*,#3286,.F.);
#3334 = ADVANCED_FACE('',(#3335),#1231,.T.);
#3335 = FACE_BOUND('',#3336,.T.);
#3336 = EDGE_LOOP('',(#3337,#3359,#3360,#3361));
#3337 = ORIENTED_EDGE('',*,*,#3338,.F.);
#3338 = EDGE_CURVE('',#1143,#2218,#3339,.T.);
#3339 = SURFACE_CURVE('',#3340,(#3346,#3353),.PCURVE_S1.);
#3340 = B_SPLINE_CURVE_WITH_KNOTS('',2,(#3341,#3342,#3343,#3344,#3345),
  .UNSPECIFIED.,.F.,.F.,(3,1,1,3),(-0.8568,6.227006757453E-14,14.,
    14.8568),.UNSPECIFIED.);
#3341 = CARTESIAN_POINT('',(-20.125,-13.81943954598,-0.8568));
#3342 = CARTESIAN_POINT('',(-20.125,-13.81943954598,-0.4284));
#3343 = CARTESIAN_POINT('',(-20.125,-13.81943954598,7.));
#3344 = CARTESIAN_POINT('',(-20.125,-13.81943954598,14.4284));
#3345 = CARTESIAN_POINT('',(-20.125,-13.81943954598,14.8568));
#3346 = PCURVE('',#1231,#3347);
#3347 = DEFINITIONAL_REPRESENTATION('',(#3348),#3352);
#3348 = LINE('',#3349,#3350);
#3349 = CARTESIAN_POINT('',(0.,0.));
#3350 = VECTOR('',#3351,1.);
#3351 = DIRECTION('',(0.,1.));
#3352 = ( GEOMETRIC_REPRESENTATION_CONTEXT(2) 
PARAMETRIC_REPRESENTATION_CONTEXT() REPRESENTATION_CONTEXT('2D SPACE',''
  ) );
#3353 = PCURVE('',#1158,#3354);
#3354 = DEFINITIONAL_REPRESENTATION('',(#3355),#3358);
#3355 = B_SPLINE_CURVE_WITH_KNOTS('',1,(#3356,#3357),.UNSPECIFIED.,.F.,
  .F.,(2,2),(6.227006757453E-14,14.),.PIECEWISE_BEZIER_KNOTS.);
#3356 = CARTESIAN_POINT('',(27.66943954599,-2.6645352591E-15));
#3357 = CARTESIAN_POINT('',(27.66943954599,-14.));
#3358 = ( GEOMETRIC_REPRESENTATION_CONTEXT(2) 
PARAMETRIC_REPRESENTATION_CONTEXT() REPRESENTATION_CONTEXT('2D SPACE',''
  ) );
#3359 = ORIENTED_EDGE('',*,*,#1169,.F.);
#3360 = ORIENTED_EDGE('',*,*,#3311,.T.);
#3361 = ORIENTED_EDGE('',*,*,#2238,.T.);
#3362 = ADVANCED_FACE('',(#3363,#3495,#3526,#3557,#3588,#3619,#3650,
    #3681),#1158,.F.);
#3363 = FACE_BOUND('',#3364,.F.);
#3364 = EDGE_LOOP('',(#3365,#3366,#3367,#3390,#3416,#3442,#3475,#3494));
#3365 = ORIENTED_EDGE('',*,*,#3338,.F.);
#3366 = ORIENTED_EDGE('',*,*,#1142,.F.);
#3367 = ORIENTED_EDGE('',*,*,#3368,.T.);
#3368 = EDGE_CURVE('',#1114,#3369,#3371,.T.);
#3369 = VERTEX_POINT('',#3370);
#3370 = CARTESIAN_POINT('',(-20.125,9.85,11.));
#3371 = SURFACE_CURVE('',#3372,(#3376,#3383),.PCURVE_S1.);
#3372 = LINE('',#3373,#3374);
#3373 = CARTESIAN_POINT('',(-20.125,9.85,0.));
#3374 = VECTOR('',#3375,1.);
#3375 = DIRECTION('',(0.,0.,1.));
#3376 = PCURVE('',#1158,#3377);
#3377 = DEFINITIONAL_REPRESENTATION('',(#3378),#3382);
#3378 = LINE('',#3379,#3380);
#3379 = CARTESIAN_POINT('',(4.,0.));
#3380 = VECTOR('',#3381,1.);
#3381 = DIRECTION('',(0.,-1.));
#3382 = ( GEOMETRIC_REPRESENTATION_CONTEXT(2) 
PARAMETRIC_REPRESENTATION_CONTEXT() REPRESENTATION_CONTEXT('2D SPACE',''
  ) );
#3383 = PCURVE('',#1130,#3384);
#3384 = DEFINITIONAL_REPRESENTATION('',(#3385),#3389);
#3385 = LINE('',#3386,#3387);
#3386 = CARTESIAN_POINT('',(-0.,0.));
#3387 = VECTOR('',#3388,1.);
#3388 = DIRECTION('',(-0.,1.));
#3389 = ( GEOMETRIC_REPRESENTATION_CONTEXT(2) 
PARAMETRIC_REPRESENTATION_CONTEXT() REPRESENTATION_CONTEXT('2D SPACE',''
  ) );
#3390 = ORIENTED_EDGE('',*,*,#3391,.T.);
#3391 = EDGE_CURVE('',#3369,#3392,#3394,.T.);
#3392 = VERTEX_POINT('',#3393);
#3393 = CARTESIAN_POINT('',(-20.125,6.5,11.));
#3394 = SURFACE_CURVE('',#3395,(#3399,#3405),.PCURVE_S1.);
#3395 = LINE('',#3396,#3397);
#3396 = CARTESIAN_POINT('',(-20.125,6.925,11.));
#3397 = VECTOR('',#3398,1.);
#3398 = DIRECTION('',(0.,-1.,0.));
#3399 = PCURVE('',#1158,#3400);
#3400 = DEFINITIONAL_REPRESENTATION('',(#3401),#3404);
#3401 = B_SPLINE_CURVE_WITH_KNOTS('',1,(#3402,#3403),.UNSPECIFIED.,.F.,
  .F.,(2,2),(-2.925,20.74443954599),.PIECEWISE_BEZIER_KNOTS.);
#3402 = CARTESIAN_POINT('',(4.,-11.));
#3403 = CARTESIAN_POINT('',(27.66943954599,-11.));
#3404 = ( GEOMETRIC_REPRESENTATION_CONTEXT(2) 
PARAMETRIC_REPRESENTATION_CONTEXT() REPRESENTATION_CONTEXT('2D SPACE',''
  ) );
#3405 = PCURVE('',#3406,#3411);
#3406 = PLANE('',#3407);
#3407 = AXIS2_PLACEMENT_3D('',#3408,#3409,#3410);
#3408 = CARTESIAN_POINT('',(0.,0.,11.));
#3409 = DIRECTION('',(0.,0.,1.));
#3410 = DIRECTION('',(1.,0.,-0.));
#3411 = DEFINITIONAL_REPRESENTATION('',(#3412),#3415);
#3412 = B_SPLINE_CURVE_WITH_KNOTS('',1,(#3413,#3414),.UNSPECIFIED.,.F.,
  .F.,(2,2),(-2.925,20.74443954599),.PIECEWISE_BEZIER_KNOTS.);
#3413 = CARTESIAN_POINT('',(-20.125,9.85));
#3414 = CARTESIAN_POINT('',(-20.125,-13.81943954598));
#3415 = ( GEOMETRIC_REPRESENTATION_CONTEXT(2) 
PARAMETRIC_REPRESENTATION_CONTEXT() REPRESENTATION_CONTEXT('2D SPACE',''
  ) );
#3416 = ORIENTED_EDGE('',*,*,#3417,.T.);
#3417 = EDGE_CURVE('',#3392,#3418,#3420,.T.);
#3418 = VERTEX_POINT('',#3419);
#3419 = CARTESIAN_POINT('',(-20.125,6.5,6.5));
#3420 = SURFACE_CURVE('',#3421,(#3425,#3431),.PCURVE_S1.);
#3421 = LINE('',#3422,#3423);
#3422 = CARTESIAN_POINT('',(-20.125,6.5,3.25));
#3423 = VECTOR('',#3424,1.);
#3424 = DIRECTION('',(0.,-0.,-1.));
#3425 = PCURVE('',#1158,#3426);
#3426 = DEFINITIONAL_REPRESENTATION('',(#3427),#3430);
#3427 = B_SPLINE_CURVE_WITH_KNOTS('',1,(#3428,#3429),.UNSPECIFIED.,.F.,
  .F.,(2,2),(-7.75,-3.25),.PIECEWISE_BEZIER_KNOTS.);
#3428 = CARTESIAN_POINT('',(7.35,-11.));
#3429 = CARTESIAN_POINT('',(7.35,-6.5));
#3430 = ( GEOMETRIC_REPRESENTATION_CONTEXT(2) 
PARAMETRIC_REPRESENTATION_CONTEXT() REPRESENTATION_CONTEXT('2D SPACE',''
  ) );
#3431 = PCURVE('',#3432,#3437);
#3432 = PLANE('',#3433);
#3433 = AXIS2_PLACEMENT_3D('',#3434,#3435,#3436);
#3434 = CARTESIAN_POINT('',(-17.8,6.5,6.5));
#3435 = DIRECTION('',(-0.,1.,-0.));
#3436 = DIRECTION('',(0.,0.,-1.));
#3437 = DEFINITIONAL_REPRESENTATION('',(#3438),#3441);
#3438 = B_SPLINE_CURVE_WITH_KNOTS('',1,(#3439,#3440),.UNSPECIFIED.,.F.,
  .F.,(2,2),(-7.75,-3.25),.PIECEWISE_BEZIER_KNOTS.);
#3439 = CARTESIAN_POINT('',(-4.5,2.325));
#3440 = CARTESIAN_POINT('',(0.,2.325));
#3441 = ( GEOMETRIC_REPRESENTATION_CONTEXT(2) 
PARAMETRIC_REPRESENTATION_CONTEXT() REPRESENTATION_CONTEXT('2D SPACE',''
  ) );
#3442 = ORIENTED_EDGE('',*,*,#3443,.T.);
#3443 = EDGE_CURVE('',#3418,#3444,#3446,.T.);
#3444 = VERTEX_POINT('',#3445);
#3445 = CARTESIAN_POINT('',(-20.125,3.5,6.5));
#3446 = SURFACE_CURVE('',#3447,(#3452,#3463),.PCURVE_S1.);
#3447 = CIRCLE('',#3448,1.5);
#3448 = AXIS2_PLACEMENT_3D('',#3449,#3450,#3451);
#3449 = CARTESIAN_POINT('',(-20.125,5.,6.5));
#3450 = DIRECTION('',(-1.,-0.,0.));
#3451 = DIRECTION('',(0.,-1.,-7.401486830834E-17));
#3452 = PCURVE('',#1158,#3453);
#3453 = DEFINITIONAL_REPRESENTATION('',(#3454),#3462);
#3454 = ( BOUNDED_CURVE() B_SPLINE_CURVE(2,(#3455,#3456,#3457,#3458,
#3459,#3460,#3461),.UNSPECIFIED.,.T.,.F.) B_SPLINE_CURVE_WITH_KNOTS((1,2
    ,2,2,2,1),(-2.094395102393,0.,2.094395102393,4.188790204786,
6.28318530718,8.377580409573),.UNSPECIFIED.) CURVE() 
GEOMETRIC_REPRESENTATION_ITEM() RATIONAL_B_SPLINE_CURVE((1.,0.5,1.,0.5,
1.,0.5,1.)) REPRESENTATION_ITEM('') );
#3455 = CARTESIAN_POINT('',(10.35,-6.5));
#3456 = CARTESIAN_POINT('',(10.35,-9.098076211353));
#3457 = CARTESIAN_POINT('',(8.1,-7.799038105677));
#3458 = CARTESIAN_POINT('',(5.85,-6.5));
#3459 = CARTESIAN_POINT('',(8.1,-5.200961894323));
#3460 = CARTESIAN_POINT('',(10.35,-3.901923788647));
#3461 = CARTESIAN_POINT('',(10.35,-6.5));
#3462 = ( GEOMETRIC_REPRESENTATION_CONTEXT(2) 
PARAMETRIC_REPRESENTATION_CONTEXT() REPRESENTATION_CONTEXT('2D SPACE',''
  ) );
#3463 = PCURVE('',#3464,#3469);
#3464 = CYLINDRICAL_SURFACE('',#3465,1.5);
#3465 = AXIS2_PLACEMENT_3D('',#3466,#3467,#3468);
#3466 = CARTESIAN_POINT('',(-17.8,5.,6.5));
#3467 = DIRECTION('',(-1.,-0.,-0.));
#3468 = DIRECTION('',(-0.,-1.,-7.401486830834E-17));
#3469 = DEFINITIONAL_REPRESENTATION('',(#3470),#3474);
#3470 = LINE('',#3471,#3472);
#3471 = CARTESIAN_POINT('',(-6.28318530718,2.325));
#3472 = VECTOR('',#3473,1.);
#3473 = DIRECTION('',(1.,-0.));
#3474 = ( GEOMETRIC_REPRESENTATION_CONTEXT(2) 
PARAMETRIC_REPRESENTATION_CONTEXT() REPRESENTATION_CONTEXT('2D SPACE',''
  ) );
#3475 = ORIENTED_EDGE('',*,*,#3476,.T.);
#3476 = EDGE_CURVE('',#3444,#2192,#3477,.T.);
#3477 = SURFACE_CURVE('',#3478,(#3482,#3488),.PCURVE_S1.);
#3478 = LINE('',#3479,#3480);
#3479 = CARTESIAN_POINT('',(-20.125,3.5,8.25));
#3480 = VECTOR('',#3481,1.);
#3481 = DIRECTION('',(0.,-0.,1.));
#3482 = PCURVE('',#1158,#3483);
#3483 = DEFINITIONAL_REPRESENTATION('',(#3484),#3487);
#3484 = B_SPLINE_CURVE_WITH_KNOTS('',1,(#3485,#3486),.UNSPECIFIED.,.F.,
  .F.,(2,2),(-1.75,2.75),.PIECEWISE_BEZIER_KNOTS.);
#3485 = CARTESIAN_POINT('',(10.35,-6.5));
#3486 = CARTESIAN_POINT('',(10.35,-11.));
#3487 = ( GEOMETRIC_REPRESENTATION_CONTEXT(2) 
PARAMETRIC_REPRESENTATION_CONTEXT() REPRESENTATION_CONTEXT('2D SPACE',''
  ) );
#3488 = PCURVE('',#2206,#3489);
#3489 = DEFINITIONAL_REPRESENTATION('',(#3490),#3493);
#3490 = B_SPLINE_CURVE_WITH_KNOTS('',1,(#3491,#3492),.UNSPECIFIED.,.F.,
  .F.,(2,2),(-1.75,2.75),.PIECEWISE_BEZIER_KNOTS.);
#3491 = CARTESIAN_POINT('',(-10.,2.325));
#3492 = CARTESIAN_POINT('',(-5.5,2.325));
#3493 = ( GEOMETRIC_REPRESENTATION_CONTEXT(2) 
PARAMETRIC_REPRESENTATION_CONTEXT() REPRESENTATION_CONTEXT('2D SPACE',''
  ) );
#3494 = ORIENTED_EDGE('',*,*,#2217,.T.);
#3495 = FACE_BOUND('',#3496,.F.);
#3496 = EDGE_LOOP('',(#3497));
#3497 = ORIENTED_EDGE('',*,*,#3498,.F.);
#3498 = EDGE_CURVE('',#3499,#3499,#3501,.T.);
#3499 = VERTEX_POINT('',#3500);
#3500 = CARTESIAN_POINT('',(-20.125,2.22044604925E-16,8.558845726812));
#3501 = SURFACE_CURVE('',#3502,(#3507,#3514),.PCURVE_S1.);
#3502 = CIRCLE('',#3503,0.6);
#3503 = AXIS2_PLACEMENT_3D('',#3504,#3505,#3506);
#3504 = CARTESIAN_POINT('',(-20.125,-0.6,8.558845726812));
#3505 = DIRECTION('',(1.,0.,0.));
#3506 = DIRECTION('',(-0.,1.,0.));
#3507 = PCURVE('',#1158,#3508);
#3508 = DEFINITIONAL_REPRESENTATION('',(#3509),#3513);
#3509 = CIRCLE('',#3510,0.6);
#3510 = AXIS2_PLACEMENT_2D('',#3511,#3512);
#3511 = CARTESIAN_POINT('',(14.45,-8.558845726812));
#3512 = DIRECTION('',(-1.,-0.));
#3513 = ( GEOMETRIC_REPRESENTATION_CONTEXT(2) 
PARAMETRIC_REPRESENTATION_CONTEXT() REPRESENTATION_CONTEXT('2D SPACE',''
  ) );
#3514 = PCURVE('',#3515,#3520);
#3515 = CYLINDRICAL_SURFACE('',#3516,0.6);
#3516 = AXIS2_PLACEMENT_3D('',#3517,#3518,#3519);
#3517 = CARTESIAN_POINT('',(-20.,-0.6,8.558845726812));
#3518 = DIRECTION('',(1.,0.,0.));
#3519 = DIRECTION('',(0.,1.,0.));
#3520 = DEFINITIONAL_REPRESENTATION('',(#3521),#3525);
#3521 = LINE('',#3522,#3523);
#3522 = CARTESIAN_POINT('',(0.,-0.125));
#3523 = VECTOR('',#3524,1.);
#3524 = DIRECTION('',(1.,0.));
#3525 = ( GEOMETRIC_REPRESENTATION_CONTEXT(2) 
PARAMETRIC_REPRESENTATION_CONTEXT() REPRESENTATION_CONTEXT('2D SPACE',''
  ) );
#3526 = FACE_BOUND('',#3527,.F.);
#3527 = EDGE_LOOP('',(#3528));
#3528 = ORIENTED_EDGE('',*,*,#3529,.F.);
#3529 = EDGE_CURVE('',#3530,#3530,#3532,.T.);
#3530 = VERTEX_POINT('',#3531);
#3531 = CARTESIAN_POINT('',(-20.125,-1.8,8.558845726812));
#3532 = SURFACE_CURVE('',#3533,(#3538,#3545),.PCURVE_S1.);
#3533 = CIRCLE('',#3534,0.6);
#3534 = AXIS2_PLACEMENT_3D('',#3535,#3536,#3537);
#3535 = CARTESIAN_POINT('',(-20.125,-2.4,8.558845726812));
#3536 = DIRECTION('',(1.,0.,0.));
#3537 = DIRECTION('',(-0.,1.,0.));
#3538 = PCURVE('',#1158,#3539);
#3539 = DEFINITIONAL_REPRESENTATION('',(#3540),#3544);
#3540 = CIRCLE('',#3541,0.6);
#3541 = AXIS2_PLACEMENT_2D('',#3542,#3543);
#3542 = CARTESIAN_POINT('',(16.25,-8.558845726812));
#3543 = DIRECTION('',(-1.,-0.));
#3544 = ( GEOMETRIC_REPRESENTATION_CONTEXT(2) 
PARAMETRIC_REPRESENTATION_CONTEXT() REPRESENTATION_CONTEXT('2D SPACE',''
  ) );
#3545 = PCURVE('',#3546,#3551);
#3546 = CYLINDRICAL_SURFACE('',#3547,0.6);
#3547 = AXIS2_PLACEMENT_3D('',#3548,#3549,#3550);
#3548 = CARTESIAN_POINT('',(-20.,-2.4,8.558845726812));
#3549 = DIRECTION('',(1.,0.,0.));
#3550 = DIRECTION('',(0.,1.,0.));
#3551 = DEFINITIONAL_REPRESENTATION('',(#3552),#3556);
#3552 = LINE('',#3553,#3554);
#3553 = CARTESIAN_POINT('',(0.,-0.125));
#3554 = VECTOR('',#3555,1.);
#3555 = DIRECTION('',(1.,0.));
#3556 = ( GEOMETRIC_REPRESENTATION_CONTEXT(2) 
PARAMETRIC_REPRESENTATION_CONTEXT() REPRESENTATION_CONTEXT('2D SPACE',''
  ) );
#3557 = FACE_BOUND('',#3558,.F.);
#3558 = EDGE_LOOP('',(#3559));
#3559 = ORIENTED_EDGE('',*,*,#3560,.F.);
#3560 = EDGE_CURVE('',#3561,#3561,#3563,.T.);
#3561 = VERTEX_POINT('',#3562);
#3562 = CARTESIAN_POINT('',(-20.125,0.9,7.));
#3563 = SURFACE_CURVE('',#3564,(#3569,#3576),.PCURVE_S1.);
#3564 = CIRCLE('',#3565,0.6);
#3565 = AXIS2_PLACEMENT_3D('',#3566,#3567,#3568);
#3566 = CARTESIAN_POINT('',(-20.125,0.3,7.));
#3567 = DIRECTION('',(1.,0.,0.));
#3568 = DIRECTION('',(-0.,1.,0.));
#3569 = PCURVE('',#1158,#3570);
#3570 = DEFINITIONAL_REPRESENTATION('',(#3571),#3575);
#3571 = CIRCLE('',#3572,0.6);
#3572 = AXIS2_PLACEMENT_2D('',#3573,#3574);
#3573 = CARTESIAN_POINT('',(13.55,-7.));
#3574 = DIRECTION('',(-1.,-0.));
#3575 = ( GEOMETRIC_REPRESENTATION_CONTEXT(2) 
PARAMETRIC_REPRESENTATION_CONTEXT() REPRESENTATION_CONTEXT('2D SPACE',''
  ) );
#3576 = PCURVE('',#3577,#3582);
#3577 = CYLINDRICAL_SURFACE('',#3578,0.6);
#3578 = AXIS2_PLACEMENT_3D('',#3579,#3580,#3581);
#3579 = CARTESIAN_POINT('',(-20.,0.3,7.));
#3580 = DIRECTION('',(1.,0.,0.));
#3581 = DIRECTION('',(0.,1.,0.));
#3582 = DEFINITIONAL_REPRESENTATION('',(#3583),#3587);
#3583 = LINE('',#3584,#3585);
#3584 = CARTESIAN_POINT('',(0.,-0.125));
#3585 = VECTOR('',#3586,1.);
#3586 = DIRECTION('',(1.,0.));
#3587 = ( GEOMETRIC_REPRESENTATION_CONTEXT(2) 
PARAMETRIC_REPRESENTATION_CONTEXT() REPRESENTATION_CONTEXT('2D SPACE',''
  ) );
#3588 = FACE_BOUND('',#3589,.F.);
#3589 = EDGE_LOOP('',(#3590));
#3590 = ORIENTED_EDGE('',*,*,#3591,.F.);
#3591 = EDGE_CURVE('',#3592,#3592,#3594,.T.);
#3592 = VERTEX_POINT('',#3593);
#3593 = CARTESIAN_POINT('',(-20.125,-0.9,7.));
#3594 = SURFACE_CURVE('',#3595,(#3600,#3607),.PCURVE_S1.);
#3595 = CIRCLE('',#3596,0.6);
#3596 = AXIS2_PLACEMENT_3D('',#3597,#3598,#3599);
#3597 = CARTESIAN_POINT('',(-20.125,-1.5,7.));
#3598 = DIRECTION('',(1.,0.,0.));
#3599 = DIRECTION('',(-0.,1.,0.));
#3600 = PCURVE('',#1158,#3601);
#3601 = DEFINITIONAL_REPRESENTATION('',(#3602),#3606);
#3602 = CIRCLE('',#3603,0.6);
#3603 = AXIS2_PLACEMENT_2D('',#3604,#3605);
#3604 = CARTESIAN_POINT('',(15.35,-7.));
#3605 = DIRECTION('',(-1.,-0.));
#3606 = ( GEOMETRIC_REPRESENTATION_CONTEXT(2) 
PARAMETRIC_REPRESENTATION_CONTEXT() REPRESENTATION_CONTEXT('2D SPACE',''
  ) );
#3607 = PCURVE('',#3608,#3613);
#3608 = CYLINDRICAL_SURFACE('',#3609,0.6);
#3609 = AXIS2_PLACEMENT_3D('',#3610,#3611,#3612);
#3610 = CARTESIAN_POINT('',(-20.,-1.5,7.));
#3611 = DIRECTION('',(1.,0.,0.));
#3612 = DIRECTION('',(0.,1.,0.));
#3613 = DEFINITIONAL_REPRESENTATION('',(#3614),#3618);
#3614 = LINE('',#3615,#3616);
#3615 = CARTESIAN_POINT('',(0.,-0.125));
#3616 = VECTOR('',#3617,1.);
#3617 = DIRECTION('',(1.,0.));
#3618 = ( GEOMETRIC_REPRESENTATION_CONTEXT(2) 
PARAMETRIC_REPRESENTATION_CONTEXT() REPRESENTATION_CONTEXT('2D SPACE',''
  ) );
#3619 = FACE_BOUND('',#3620,.F.);
#3620 = EDGE_LOOP('',(#3621));
#3621 = ORIENTED_EDGE('',*,*,#3622,.F.);
#3622 = EDGE_CURVE('',#3623,#3623,#3625,.T.);
#3623 = VERTEX_POINT('',#3624);
#3624 = CARTESIAN_POINT('',(-20.125,-1.33226762955E-15,5.441154273188));
#3625 = SURFACE_CURVE('',#3626,(#3631,#3638),.PCURVE_S1.);
#3626 = CIRCLE('',#3627,0.6);
#3627 = AXIS2_PLACEMENT_3D('',#3628,#3629,#3630);
#3628 = CARTESIAN_POINT('',(-20.125,-0.6,5.441154273188));
#3629 = DIRECTION('',(1.,0.,0.));
#3630 = DIRECTION('',(-0.,1.,0.));
#3631 = PCURVE('',#1158,#3632);
#3632 = DEFINITIONAL_REPRESENTATION('',(#3633),#3637);
#3633 = CIRCLE('',#3634,0.6);
#3634 = AXIS2_PLACEMENT_2D('',#3635,#3636);
#3635 = CARTESIAN_POINT('',(14.45,-5.441154273188));
#3636 = DIRECTION('',(-1.,-0.));
#3637 = ( GEOMETRIC_REPRESENTATION_CONTEXT(2) 
PARAMETRIC_REPRESENTATION_CONTEXT() REPRESENTATION_CONTEXT('2D SPACE',''
  ) );
#3638 = PCURVE('',#3639,#3644);
#3639 = CYLINDRICAL_SURFACE('',#3640,0.6);
#3640 = AXIS2_PLACEMENT_3D('',#3641,#3642,#3643);
#3641 = CARTESIAN_POINT('',(-20.,-0.6,5.441154273188));
#3642 = DIRECTION('',(1.,0.,0.));
#3643 = DIRECTION('',(0.,1.,0.));
#3644 = DEFINITIONAL_REPRESENTATION('',(#3645),#3649);
#3645 = LINE('',#3646,#3647);
#3646 = CARTESIAN_POINT('',(0.,-0.125));
#3647 = VECTOR('',#3648,1.);
#3648 = DIRECTION('',(1.,0.));
#3649 = ( GEOMETRIC_REPRESENTATION_CONTEXT(2) 
PARAMETRIC_REPRESENTATION_CONTEXT() REPRESENTATION_CONTEXT('2D SPACE',''
  ) );
#3650 = FACE_BOUND('',#3651,.F.);
#3651 = EDGE_LOOP('',(#3652));
#3652 = ORIENTED_EDGE('',*,*,#3653,.F.);
#3653 = EDGE_CURVE('',#3654,#3654,#3656,.T.);
#3654 = VERTEX_POINT('',#3655);
#3655 = CARTESIAN_POINT('',(-20.125,-2.7,7.));
#3656 = SURFACE_CURVE('',#3657,(#3662,#3669),.PCURVE_S1.);
#3657 = CIRCLE('',#3658,0.6);
#3658 = AXIS2_PLACEMENT_3D('',#3659,#3660,#3661);
#3659 = CARTESIAN_POINT('',(-20.125,-3.3,7.));
#3660 = DIRECTION('',(1.,0.,0.));
#3661 = DIRECTION('',(-0.,1.,0.));
#3662 = PCURVE('',#1158,#3663);
#3663 = DEFINITIONAL_REPRESENTATION('',(#3664),#3668);
#3664 = CIRCLE('',#3665,0.6);
#3665 = AXIS2_PLACEMENT_2D('',#3666,#3667);
#3666 = CARTESIAN_POINT('',(17.15,-7.));
#3667 = DIRECTION('',(-1.,-0.));
#3668 = ( GEOMETRIC_REPRESENTATION_CONTEXT(2) 
PARAMETRIC_REPRESENTATION_CONTEXT() REPRESENTATION_CONTEXT('2D SPACE',''
  ) );
#3669 = PCURVE('',#3670,#3675);
#3670 = CYLINDRICAL_SURFACE('',#3671,0.6);
#3671 = AXIS2_PLACEMENT_3D('',#3672,#3673,#3674);
#3672 = CARTESIAN_POINT('',(-20.,-3.3,7.));
#3673 = DIRECTION('',(1.,0.,0.));
#3674 = DIRECTION('',(0.,1.,0.));
#3675 = DEFINITIONAL_REPRESENTATION('',(#3676),#3680);
#3676 = LINE('',#3677,#3678);
#3677 = CARTESIAN_POINT('',(0.,-0.125));
#3678 = VECTOR('',#3679,1.);
#3679 = DIRECTION('',(1.,0.));
#3680 = ( GEOMETRIC_REPRESENTATION_CONTEXT(2) 
PARAMETRIC_REPRESENTATION_CONTEXT() REPRESENTATION_CONTEXT('2D SPACE',''
  ) );
#3681 = FACE_BOUND('',#3682,.F.);
#3682 = EDGE_LOOP('',(#3683));
#3683 = ORIENTED_EDGE('',*,*,#3684,.F.);
#3684 = EDGE_CURVE('',#3685,#3685,#3687,.T.);
#3685 = VERTEX_POINT('',#3686);
#3686 = CARTESIAN_POINT('',(-20.125,-1.8,5.441154273188));
#3687 = SURFACE_CURVE('',#3688,(#3693,#3700),.PCURVE_S1.);
#3688 = CIRCLE('',#3689,0.6);
#3689 = AXIS2_PLACEMENT_3D('',#3690,#3691,#3692);
#3690 = CARTESIAN_POINT('',(-20.125,-2.4,5.441154273188));
#3691 = DIRECTION('',(1.,0.,0.));
#3692 = DIRECTION('',(-0.,1.,0.));
#3693 = PCURVE('',#1158,#3694);
#3694 = DEFINITIONAL_REPRESENTATION('',(#3695),#3699);
#3695 = CIRCLE('',#3696,0.6);
#3696 = AXIS2_PLACEMENT_2D('',#3697,#3698);
#3697 = CARTESIAN_POINT('',(16.25,-5.441154273188));
#3698 = DIRECTION('',(-1.,-0.));
#3699 = ( GEOMETRIC_REPRESENTATION_CONTEXT(2) 
PARAMETRIC_REPRESENTATION_CONTEXT() REPRESENTATION_CONTEXT('2D SPACE',''
  ) );
#3700 = PCURVE('',#3701,#3706);
#3701 = CYLINDRICAL_SURFACE('',#3702,0.6);
#3702 = AXIS2_PLACEMENT_3D('',#3703,#3704,#3705);
#3703 = CARTESIAN_POINT('',(-20.,-2.4,5.441154273188));
#3704 = DIRECTION('',(1.,0.,0.));
#3705 = DIRECTION('',(0.,1.,0.));
#3706 = DEFINITIONAL_REPRESENTATION('',(#3707),#3711);
#3707 = LINE('',#3708,#3709);
#3708 = CARTESIAN_POINT('',(0.,-0.125));
#3709 = VECTOR('',#3710,1.);
#3710 = DIRECTION('',(1.,0.));
#3711 = ( GEOMETRIC_REPRESENTATION_CONTEXT(2) 
PARAMETRIC_REPRESENTATION_CONTEXT() REPRESENTATION_CONTEXT('2D SPACE',''
  ) );
#3712 = ADVANCED_FACE('',(#3713),#1130,.T.);
#3713 = FACE_BOUND('',#3714,.F.);
#3714 = EDGE_LOOP('',(#3715,#3716,#3717,#3740));
#3715 = ORIENTED_EDGE('',*,*,#3368,.F.);
#3716 = ORIENTED_EDGE('',*,*,#1113,.F.);
#3717 = ORIENTED_EDGE('',*,*,#3718,.T.);
#3718 = EDGE_CURVE('',#1092,#3719,#3721,.T.);
#3719 = VERTEX_POINT('',#3720);
#3720 = CARTESIAN_POINT('',(-16.125,13.85,11.));
#3721 = SURFACE_CURVE('',#3722,(#3726,#3733),.PCURVE_S1.);
#3722 = LINE('',#3723,#3724);
#3723 = CARTESIAN_POINT('',(-16.125,13.85,0.));
#3724 = VECTOR('',#3725,1.);
#3725 = DIRECTION('',(0.,0.,1.));
#3726 = PCURVE('',#1130,#3727);
#3727 = DEFINITIONAL_REPRESENTATION('',(#3728),#3732);
#3728 = LINE('',#3729,#3730);
#3729 = CARTESIAN_POINT('',(-1.570796326795,0.));
#3730 = VECTOR('',#3731,1.);
#3731 = DIRECTION('',(-0.,1.));
#3732 = ( GEOMETRIC_REPRESENTATION_CONTEXT(2) 
PARAMETRIC_REPRESENTATION_CONTEXT() REPRESENTATION_CONTEXT('2D SPACE',''
  ) );
#3733 = PCURVE('',#423,#3734);
#3734 = DEFINITIONAL_REPRESENTATION('',(#3735),#3739);
#3735 = LINE('',#3736,#3737);
#3736 = CARTESIAN_POINT('',(36.250000000001,0.));
#3737 = VECTOR('',#3738,1.);
#3738 = DIRECTION('',(0.,-1.));
#3739 = ( GEOMETRIC_REPRESENTATION_CONTEXT(2) 
PARAMETRIC_REPRESENTATION_CONTEXT() REPRESENTATION_CONTEXT('2D SPACE',''
  ) );
#3740 = ORIENTED_EDGE('',*,*,#3741,.T.);
#3741 = EDGE_CURVE('',#3719,#3369,#3742,.T.);
#3742 = SURFACE_CURVE('',#3743,(#3748,#3755),.PCURVE_S1.);
#3743 = CIRCLE('',#3744,4.);
#3744 = AXIS2_PLACEMENT_3D('',#3745,#3746,#3747);
#3745 = CARTESIAN_POINT('',(-16.125,9.85,11.));
#3746 = DIRECTION('',(0.,0.,1.));
#3747 = DIRECTION('',(-1.,0.,0.));
#3748 = PCURVE('',#1130,#3749);
#3749 = DEFINITIONAL_REPRESENTATION('',(#3750),#3754);
#3750 = LINE('',#3751,#3752);
#3751 = CARTESIAN_POINT('',(-6.28318530718,11.));
#3752 = VECTOR('',#3753,1.);
#3753 = DIRECTION('',(1.,-0.));
#3754 = ( GEOMETRIC_REPRESENTATION_CONTEXT(2) 
PARAMETRIC_REPRESENTATION_CONTEXT() REPRESENTATION_CONTEXT('2D SPACE',''
  ) );
#3755 = PCURVE('',#3406,#3756);
#3756 = DEFINITIONAL_REPRESENTATION('',(#3757),#3761);
#3757 = CIRCLE('',#3758,4.);
#3758 = AXIS2_PLACEMENT_2D('',#3759,#3760);
#3759 = CARTESIAN_POINT('',(-16.125,9.85));
#3760 = DIRECTION('',(-1.,0.));
#3761 = ( GEOMETRIC_REPRESENTATION_CONTEXT(2) 
PARAMETRIC_REPRESENTATION_CONTEXT() REPRESENTATION_CONTEXT('2D SPACE',''
  ) );
#3762 = ADVANCED_FACE('',(#3763),#423,.F.);
#3763 = FACE_BOUND('',#3764,.F.);
#3764 = EDGE_LOOP('',(#3765,#3766,#3767,#3768,#3789,#3818,#3837,#3838,
    #3859,#3888,#3914,#3933,#3934,#3935,#3956,#3982,#4008,#4034,#4060,
    #4087,#4113,#4139,#4165,#4191));
#3765 = ORIENTED_EDGE('',*,*,#407,.F.);
#3766 = ORIENTED_EDGE('',*,*,#1586,.T.);
#3767 = ORIENTED_EDGE('',*,*,#1659,.T.);
#3768 = ORIENTED_EDGE('',*,*,#3769,.F.);
#3769 = EDGE_CURVE('',#3770,#1660,#3772,.T.);
#3770 = VERTEX_POINT('',#3771);
#3771 = CARTESIAN_POINT('',(14.3,13.85,6.5));
#3772 = SURFACE_CURVE('',#3773,(#3777,#3783),.PCURVE_S1.);
#3773 = LINE('',#3774,#3775);
#3774 = CARTESIAN_POINT('',(14.3,13.85,3.25));
#3775 = VECTOR('',#3776,1.);
#3776 = DIRECTION('',(0.,0.,1.));
#3777 = PCURVE('',#423,#3778);
#3778 = DEFINITIONAL_REPRESENTATION('',(#3779),#3782);
#3779 = B_SPLINE_CURVE_WITH_KNOTS('',1,(#3780,#3781),.UNSPECIFIED.,.F.,
  .F.,(2,2),(3.25,7.75),.PIECEWISE_BEZIER_KNOTS.);
#3780 = CARTESIAN_POINT('',(5.825,-6.5));
#3781 = CARTESIAN_POINT('',(5.825,-11.));
#3782 = ( GEOMETRIC_REPRESENTATION_CONTEXT(2) 
PARAMETRIC_REPRESENTATION_CONTEXT() REPRESENTATION_CONTEXT('2D SPACE',''
  ) );
#3783 = PCURVE('',#1695,#3784);
#3784 = DEFINITIONAL_REPRESENTATION('',(#3785),#3788);
#3785 = B_SPLINE_CURVE_WITH_KNOTS('',1,(#3786,#3787),.UNSPECIFIED.,.F.,
  .F.,(2,2),(3.25,7.75),.PIECEWISE_BEZIER_KNOTS.);
#3786 = CARTESIAN_POINT('',(0.,1.15));
#3787 = CARTESIAN_POINT('',(4.5,1.15));
#3788 = ( GEOMETRIC_REPRESENTATION_CONTEXT(2) 
PARAMETRIC_REPRESENTATION_CONTEXT() REPRESENTATION_CONTEXT('2D SPACE',''
  ) );
#3789 = ORIENTED_EDGE('',*,*,#3790,.F.);
#3790 = EDGE_CURVE('',#3791,#3770,#3793,.T.);
#3791 = VERTEX_POINT('',#3792);
#3792 = CARTESIAN_POINT('',(11.3,13.85,6.5));
#3793 = SURFACE_CURVE('',#3794,(#3799,#3806),.PCURVE_S1.);
#3794 = CIRCLE('',#3795,1.5);
#3795 = AXIS2_PLACEMENT_3D('',#3796,#3797,#3798);
#3796 = CARTESIAN_POINT('',(12.8,13.85,6.5));
#3797 = DIRECTION('',(0.,-1.,0.));
#3798 = DIRECTION('',(-1.,-0.,-7.401486830834E-17));
#3799 = PCURVE('',#423,#3800);
#3800 = DEFINITIONAL_REPRESENTATION('',(#3801),#3805);
#3801 = CIRCLE('',#3802,1.5);
#3802 = AXIS2_PLACEMENT_2D('',#3803,#3804);
#3803 = CARTESIAN_POINT('',(7.325,-6.5));
#3804 = DIRECTION('',(1.,7.401486830834E-17));
#3805 = ( GEOMETRIC_REPRESENTATION_CONTEXT(2) 
PARAMETRIC_REPRESENTATION_CONTEXT() REPRESENTATION_CONTEXT('2D SPACE',''
  ) );
#3806 = PCURVE('',#3807,#3812);
#3807 = CYLINDRICAL_SURFACE('',#3808,1.5);
#3808 = AXIS2_PLACEMENT_3D('',#3809,#3810,#3811);
#3809 = CARTESIAN_POINT('',(12.8,15.,6.5));
#3810 = DIRECTION('',(0.,-1.,0.));
#3811 = DIRECTION('',(-1.,-0.,-7.401486830834E-17));
#3812 = DEFINITIONAL_REPRESENTATION('',(#3813),#3817);
#3813 = LINE('',#3814,#3815);
#3814 = CARTESIAN_POINT('',(0.,1.15));
#3815 = VECTOR('',#3816,1.);
#3816 = DIRECTION('',(1.,0.));
#3817 = ( GEOMETRIC_REPRESENTATION_CONTEXT(2) 
PARAMETRIC_REPRESENTATION_CONTEXT() REPRESENTATION_CONTEXT('2D SPACE',''
  ) );
#3818 = ORIENTED_EDGE('',*,*,#3819,.F.);
#3819 = EDGE_CURVE('',#2086,#3791,#3820,.T.);
#3820 = SURFACE_CURVE('',#3821,(#3825,#3831),.PCURVE_S1.);
#3821 = LINE('',#3822,#3823);
#3822 = CARTESIAN_POINT('',(11.3,13.85,8.25));
#3823 = VECTOR('',#3824,1.);
#3824 = DIRECTION('',(0.,0.,-1.));
#3825 = PCURVE('',#423,#3826);
#3826 = DEFINITIONAL_REPRESENTATION('',(#3827),#3830);
#3827 = B_SPLINE_CURVE_WITH_KNOTS('',1,(#3828,#3829),.UNSPECIFIED.,.F.,
  .F.,(2,2),(-2.75,1.75),.PIECEWISE_BEZIER_KNOTS.);
#3828 = CARTESIAN_POINT('',(8.825,-11.));
#3829 = CARTESIAN_POINT('',(8.825,-6.5));
#3830 = ( GEOMETRIC_REPRESENTATION_CONTEXT(2) 
PARAMETRIC_REPRESENTATION_CONTEXT() REPRESENTATION_CONTEXT('2D SPACE',''
  ) );
#3831 = PCURVE('',#2100,#3832);
#3832 = DEFINITIONAL_REPRESENTATION('',(#3833),#3836);
#3833 = B_SPLINE_CURVE_WITH_KNOTS('',1,(#3834,#3835),.UNSPECIFIED.,.F.,
  .F.,(2,2),(-2.75,1.75),.PIECEWISE_BEZIER_KNOTS.);
#3834 = CARTESIAN_POINT('',(5.5,1.15));
#3835 = CARTESIAN_POINT('',(10.,1.15));
#3836 = ( GEOMETRIC_REPRESENTATION_CONTEXT(2) 
PARAMETRIC_REPRESENTATION_CONTEXT() REPRESENTATION_CONTEXT('2D SPACE',''
  ) );
#3837 = ORIENTED_EDGE('',*,*,#2111,.T.);
#3838 = ORIENTED_EDGE('',*,*,#3839,.T.);
#3839 = EDGE_CURVE('',#2112,#3840,#3842,.T.);
#3840 = VERTEX_POINT('',#3841);
#3841 = CARTESIAN_POINT('',(-11.3,13.85,6.5));
#3842 = SURFACE_CURVE('',#3843,(#3847,#3853),.PCURVE_S1.);
#3843 = LINE('',#3844,#3845);
#3844 = CARTESIAN_POINT('',(-11.3,13.85,8.25));
#3845 = VECTOR('',#3846,1.);
#3846 = DIRECTION('',(-0.,-0.,-1.));
#3847 = PCURVE('',#423,#3848);
#3848 = DEFINITIONAL_REPRESENTATION('',(#3849),#3852);
#3849 = B_SPLINE_CURVE_WITH_KNOTS('',1,(#3850,#3851),.UNSPECIFIED.,.F.,
  .F.,(2,2),(-2.75,1.75),.PIECEWISE_BEZIER_KNOTS.);
#3850 = CARTESIAN_POINT('',(31.425,-11.));
#3851 = CARTESIAN_POINT('',(31.425,-6.5));
#3852 = ( GEOMETRIC_REPRESENTATION_CONTEXT(2) 
PARAMETRIC_REPRESENTATION_CONTEXT() REPRESENTATION_CONTEXT('2D SPACE',''
  ) );
#3853 = PCURVE('',#2147,#3854);
#3854 = DEFINITIONAL_REPRESENTATION('',(#3855),#3858);
#3855 = B_SPLINE_CURVE_WITH_KNOTS('',1,(#3856,#3857),.UNSPECIFIED.,.F.,
  .F.,(2,2),(-2.75,1.75),.PIECEWISE_BEZIER_KNOTS.);
#3856 = CARTESIAN_POINT('',(-5.5,1.15));
#3857 = CARTESIAN_POINT('',(-10.,1.15));
#3858 = ( GEOMETRIC_REPRESENTATION_CONTEXT(2) 
PARAMETRIC_REPRESENTATION_CONTEXT() REPRESENTATION_CONTEXT('2D SPACE',''
  ) );
#3859 = ORIENTED_EDGE('',*,*,#3860,.F.);
#3860 = EDGE_CURVE('',#3861,#3840,#3863,.T.);
#3861 = VERTEX_POINT('',#3862);
#3862 = CARTESIAN_POINT('',(-14.3,13.85,6.5));
#3863 = SURFACE_CURVE('',#3864,(#3869,#3876),.PCURVE_S1.);
#3864 = CIRCLE('',#3865,1.5);
#3865 = AXIS2_PLACEMENT_3D('',#3866,#3867,#3868);
#3866 = CARTESIAN_POINT('',(-12.8,13.85,6.5));
#3867 = DIRECTION('',(0.,-1.,-0.));
#3868 = DIRECTION('',(1.,0.,-7.401486830834E-17));
#3869 = PCURVE('',#423,#3870);
#3870 = DEFINITIONAL_REPRESENTATION('',(#3871),#3875);
#3871 = CIRCLE('',#3872,1.5);
#3872 = AXIS2_PLACEMENT_2D('',#3873,#3874);
#3873 = CARTESIAN_POINT('',(32.925,-6.5));
#3874 = DIRECTION('',(-1.,7.401486830834E-17));
#3875 = ( GEOMETRIC_REPRESENTATION_CONTEXT(2) 
PARAMETRIC_REPRESENTATION_CONTEXT() REPRESENTATION_CONTEXT('2D SPACE',''
  ) );
#3876 = PCURVE('',#3877,#3882);
#3877 = CYLINDRICAL_SURFACE('',#3878,1.5);
#3878 = AXIS2_PLACEMENT_3D('',#3879,#3880,#3881);
#3879 = CARTESIAN_POINT('',(-12.8,15.,6.5));
#3880 = DIRECTION('',(-0.,-1.,-0.));
#3881 = DIRECTION('',(1.,-0.,-7.401486830834E-17));
#3882 = DEFINITIONAL_REPRESENTATION('',(#3883),#3887);
#3883 = LINE('',#3884,#3885);
#3884 = CARTESIAN_POINT('',(-6.28318530718,1.15));
#3885 = VECTOR('',#3886,1.);
#3886 = DIRECTION('',(1.,-0.));
#3887 = ( GEOMETRIC_REPRESENTATION_CONTEXT(2) 
PARAMETRIC_REPRESENTATION_CONTEXT() REPRESENTATION_CONTEXT('2D SPACE',''
  ) );
#3888 = ORIENTED_EDGE('',*,*,#3889,.T.);
#3889 = EDGE_CURVE('',#3861,#3890,#3892,.T.);
#3890 = VERTEX_POINT('',#3891);
#3891 = CARTESIAN_POINT('',(-14.3,13.85,11.));
#3892 = SURFACE_CURVE('',#3893,(#3897,#3903),.PCURVE_S1.);
#3893 = LINE('',#3894,#3895);
#3894 = CARTESIAN_POINT('',(-14.3,13.85,3.25));
#3895 = VECTOR('',#3896,1.);
#3896 = DIRECTION('',(-0.,0.,1.));
#3897 = PCURVE('',#423,#3898);
#3898 = DEFINITIONAL_REPRESENTATION('',(#3899),#3902);
#3899 = B_SPLINE_CURVE_WITH_KNOTS('',1,(#3900,#3901),.UNSPECIFIED.,.F.,
  .F.,(2,2),(3.25,7.75),.PIECEWISE_BEZIER_KNOTS.);
#3900 = CARTESIAN_POINT('',(34.425,-6.5));
#3901 = CARTESIAN_POINT('',(34.425,-11.));
#3902 = ( GEOMETRIC_REPRESENTATION_CONTEXT(2) 
PARAMETRIC_REPRESENTATION_CONTEXT() REPRESENTATION_CONTEXT('2D SPACE',''
  ) );
#3903 = PCURVE('',#3904,#3909);
#3904 = PLANE('',#3905);
#3905 = AXIS2_PLACEMENT_3D('',#3906,#3907,#3908);
#3906 = CARTESIAN_POINT('',(-14.3,15.,6.5));
#3907 = DIRECTION('',(-1.,-0.,-0.));
#3908 = DIRECTION('',(0.,0.,-1.));
#3909 = DEFINITIONAL_REPRESENTATION('',(#3910),#3913);
#3910 = B_SPLINE_CURVE_WITH_KNOTS('',1,(#3911,#3912),.UNSPECIFIED.,.F.,
  .F.,(2,2),(3.25,7.75),.PIECEWISE_BEZIER_KNOTS.);
#3911 = CARTESIAN_POINT('',(0.,1.15));
#3912 = CARTESIAN_POINT('',(-4.5,1.15));
#3913 = ( GEOMETRIC_REPRESENTATION_CONTEXT(2) 
PARAMETRIC_REPRESENTATION_CONTEXT() REPRESENTATION_CONTEXT('2D SPACE',''
  ) );
#3914 = ORIENTED_EDGE('',*,*,#3915,.T.);
#3915 = EDGE_CURVE('',#3890,#3719,#3916,.T.);
#3916 = SURFACE_CURVE('',#3917,(#3921,#3927),.PCURVE_S1.);
#3917 = LINE('',#3918,#3919);
#3918 = CARTESIAN_POINT('',(10.0625,13.85,11.));
#3919 = VECTOR('',#3920,1.);
#3920 = DIRECTION('',(-1.,0.,0.));
#3921 = PCURVE('',#423,#3922);
#3922 = DEFINITIONAL_REPRESENTATION('',(#3923),#3926);
#3923 = B_SPLINE_CURVE_WITH_KNOTS('',1,(#3924,#3925),.UNSPECIFIED.,.F.,
  .F.,(2,2),(-6.0625,26.1875),.PIECEWISE_BEZIER_KNOTS.);
#3924 = CARTESIAN_POINT('',(4.,-11.));
#3925 = CARTESIAN_POINT('',(36.250000000001,-11.));
#3926 = ( GEOMETRIC_REPRESENTATION_CONTEXT(2) 
PARAMETRIC_REPRESENTATION_CONTEXT() REPRESENTATION_CONTEXT('2D SPACE',''
  ) );
#3927 = PCURVE('',#3406,#3928);
#3928 = DEFINITIONAL_REPRESENTATION('',(#3929),#3932);
#3929 = B_SPLINE_CURVE_WITH_KNOTS('',1,(#3930,#3931),.UNSPECIFIED.,.F.,
  .F.,(2,2),(-6.0625,26.1875),.PIECEWISE_BEZIER_KNOTS.);
#3930 = CARTESIAN_POINT('',(16.125,13.85));
#3931 = CARTESIAN_POINT('',(-16.125,13.85));
#3932 = ( GEOMETRIC_REPRESENTATION_CONTEXT(2) 
PARAMETRIC_REPRESENTATION_CONTEXT() REPRESENTATION_CONTEXT('2D SPACE',''
  ) );
#3933 = ORIENTED_EDGE('',*,*,#3718,.F.);
#3934 = ORIENTED_EDGE('',*,*,#1091,.F.);
#3935 = ORIENTED_EDGE('',*,*,#3936,.T.);
#3936 = EDGE_CURVE('',#1064,#3937,#3939,.T.);
#3937 = VERTEX_POINT('',#3938);
#3938 = CARTESIAN_POINT('',(-7.45,13.85,5.));
#3939 = SURFACE_CURVE('',#3940,(#3944,#3950),.PCURVE_S1.);
#3940 = LINE('',#3941,#3942);
#3941 = CARTESIAN_POINT('',(-7.45,13.85,2.));
#3942 = VECTOR('',#3943,1.);
#3943 = DIRECTION('',(0.,0.,1.));
#3944 = PCURVE('',#423,#3945);
#3945 = DEFINITIONAL_REPRESENTATION('',(#3946),#3949);
#3946 = B_SPLINE_CURVE_WITH_KNOTS('',1,(#3947,#3948),.UNSPECIFIED.,.F.,
  .F.,(2,2),(2.,3.),.PIECEWISE_BEZIER_KNOTS.);
#3947 = CARTESIAN_POINT('',(27.575,-4.));
#3948 = CARTESIAN_POINT('',(27.575,-5.));
#3949 = ( GEOMETRIC_REPRESENTATION_CONTEXT(2) 
PARAMETRIC_REPRESENTATION_CONTEXT() REPRESENTATION_CONTEXT('2D SPACE',''
  ) );
#3950 = PCURVE('',#1079,#3951);
#3951 = DEFINITIONAL_REPRESENTATION('',(#3952),#3955);
#3952 = B_SPLINE_CURVE_WITH_KNOTS('',1,(#3953,#3954),.UNSPECIFIED.,.F.,
  .F.,(2,2),(2.,3.),.PIECEWISE_BEZIER_KNOTS.);
#3953 = CARTESIAN_POINT('',(0.,-13.85));
#3954 = CARTESIAN_POINT('',(1.,-13.85));
#3955 = ( GEOMETRIC_REPRESENTATION_CONTEXT(2) 
PARAMETRIC_REPRESENTATION_CONTEXT() REPRESENTATION_CONTEXT('2D SPACE',''
  ) );
#3956 = ORIENTED_EDGE('',*,*,#3957,.T.);
#3957 = EDGE_CURVE('',#3937,#3958,#3960,.T.);
#3958 = VERTEX_POINT('',#3959);
#3959 = CARTESIAN_POINT('',(-6.95,13.85,5.5));
#3960 = SURFACE_CURVE('',#3961,(#3965,#3971),.PCURVE_S1.);
#3961 = LINE('',#3962,#3963);
#3962 = CARTESIAN_POINT('',(-1.68125,13.85,10.76875));
#3963 = VECTOR('',#3964,1.);
#3964 = DIRECTION('',(0.707106781187,0.,0.707106781187));
#3965 = PCURVE('',#423,#3966);
#3966 = DEFINITIONAL_REPRESENTATION('',(#3967),#3970);
#3967 = B_SPLINE_CURVE_WITH_KNOTS('',1,(#3968,#3969),.UNSPECIFIED.,.F.,
  .F.,(2,2),(-8.15824448794,-7.451137706753),.PIECEWISE_BEZIER_KNOTS.);
#3968 = CARTESIAN_POINT('',(27.575,-5.));
#3969 = CARTESIAN_POINT('',(27.075,-5.5));
#3970 = ( GEOMETRIC_REPRESENTATION_CONTEXT(2) 
PARAMETRIC_REPRESENTATION_CONTEXT() REPRESENTATION_CONTEXT('2D SPACE',''
  ) );
#3971 = PCURVE('',#3972,#3977);
#3972 = PLANE('',#3973);
#3973 = AXIS2_PLACEMENT_3D('',#3974,#3975,#3976);
#3974 = CARTESIAN_POINT('',(-7.2,8.817456953861E-16,5.25));
#3975 = DIRECTION('',(-0.707106781187,8.659560562355E-17,0.707106781187)
  );
#3976 = DIRECTION('',(-1.224646799147E-16,-1.,-0.));
#3977 = DEFINITIONAL_REPRESENTATION('',(#3978),#3981);
#3978 = B_SPLINE_CURVE_WITH_KNOTS('',1,(#3979,#3980),.UNSPECIFIED.,.F.,
  .F.,(2,2),(-8.15824448794,-7.451137706753),.PIECEWISE_BEZIER_KNOTS.);
#3979 = CARTESIAN_POINT('',(-13.85,-0.353553390593));
#3980 = CARTESIAN_POINT('',(-13.85,0.353553390593));
#3981 = ( GEOMETRIC_REPRESENTATION_CONTEXT(2) 
PARAMETRIC_REPRESENTATION_CONTEXT() REPRESENTATION_CONTEXT('2D SPACE',''
  ) );
#3982 = ORIENTED_EDGE('',*,*,#3983,.T.);
#3983 = EDGE_CURVE('',#3958,#3984,#3986,.T.);
#3984 = VERTEX_POINT('',#3985);
#3985 = CARTESIAN_POINT('',(-6.45,13.85,5.5));
#3986 = SURFACE_CURVE('',#3987,(#3991,#3997),.PCURVE_S1.);
#3987 = LINE('',#3988,#3989);
#3988 = CARTESIAN_POINT('',(6.3375,13.85,5.5));
#3989 = VECTOR('',#3990,1.);
#3990 = DIRECTION('',(1.,0.,0.));
#3991 = PCURVE('',#423,#3992);
#3992 = DEFINITIONAL_REPRESENTATION('',(#3993),#3996);
#3993 = B_SPLINE_CURVE_WITH_KNOTS('',1,(#3994,#3995),.UNSPECIFIED.,.F.,
  .F.,(2,2),(-13.2875,-12.7875),.PIECEWISE_BEZIER_KNOTS.);
#3994 = CARTESIAN_POINT('',(27.075,-5.5));
#3995 = CARTESIAN_POINT('',(26.575,-5.5));
#3996 = ( GEOMETRIC_REPRESENTATION_CONTEXT(2) 
PARAMETRIC_REPRESENTATION_CONTEXT() REPRESENTATION_CONTEXT('2D SPACE',''
  ) );
#3997 = PCURVE('',#3998,#4003);
#3998 = PLANE('',#3999);
#3999 = AXIS2_PLACEMENT_3D('',#4000,#4001,#4002);
#4000 = CARTESIAN_POINT('',(-7.45,9.123618653648E-16,5.5));
#4001 = DIRECTION('',(0.,0.,-1.));
#4002 = DIRECTION('',(1.,-1.224646799147E-16,0.));
#4003 = DEFINITIONAL_REPRESENTATION('',(#4004),#4007);
#4004 = B_SPLINE_CURVE_WITH_KNOTS('',1,(#4005,#4006),.UNSPECIFIED.,.F.,
  .F.,(2,2),(-13.2875,-12.7875),.PIECEWISE_BEZIER_KNOTS.);
#4005 = CARTESIAN_POINT('',(0.5,-13.85));
#4006 = CARTESIAN_POINT('',(1.,-13.85));
#4007 = ( GEOMETRIC_REPRESENTATION_CONTEXT(2) 
PARAMETRIC_REPRESENTATION_CONTEXT() REPRESENTATION_CONTEXT('2D SPACE',''
  ) );
#4008 = ORIENTED_EDGE('',*,*,#4009,.T.);
#4009 = EDGE_CURVE('',#3984,#4010,#4012,.T.);
#4010 = VERTEX_POINT('',#4011);
#4011 = CARTESIAN_POINT('',(-5.95,13.85,5.));
#4012 = SURFACE_CURVE('',#4013,(#4017,#4023),.PCURVE_S1.);
#4013 = LINE('',#4014,#4015);
#4014 = CARTESIAN_POINT('',(1.69375,13.85,-2.64375));
#4015 = VECTOR('',#4016,1.);
#4016 = DIRECTION('',(0.707106781187,0.,-0.707106781187));
#4017 = PCURVE('',#423,#4018);
#4018 = DEFINITIONAL_REPRESENTATION('',(#4019),#4022);
#4019 = B_SPLINE_CURVE_WITH_KNOTS('',1,(#4020,#4021),.UNSPECIFIED.,.F.,
  .F.,(2,2),(-11.51700169857,-10.80989491738),.PIECEWISE_BEZIER_KNOTS.);
#4020 = CARTESIAN_POINT('',(26.575,-5.5));
#4021 = CARTESIAN_POINT('',(26.075,-5.));
#4022 = ( GEOMETRIC_REPRESENTATION_CONTEXT(2) 
PARAMETRIC_REPRESENTATION_CONTEXT() REPRESENTATION_CONTEXT('2D SPACE',''
  ) );
#4023 = PCURVE('',#4024,#4029);
#4024 = PLANE('',#4025);
#4025 = AXIS2_PLACEMENT_3D('',#4026,#4027,#4028);
#4026 = CARTESIAN_POINT('',(-6.2,7.592810154714E-16,5.25));
#4027 = DIRECTION('',(0.707106781187,-8.659560562355E-17,0.707106781187)
  );
#4028 = DIRECTION('',(-1.224646799147E-16,-1.,-0.));
#4029 = DEFINITIONAL_REPRESENTATION('',(#4030),#4033);
#4030 = B_SPLINE_CURVE_WITH_KNOTS('',1,(#4031,#4032),.UNSPECIFIED.,.F.,
  .F.,(2,2),(-11.51700169857,-10.80989491738),.PIECEWISE_BEZIER_KNOTS.);
#4031 = CARTESIAN_POINT('',(-13.85,-0.353553390593));
#4032 = CARTESIAN_POINT('',(-13.85,0.353553390593));
#4033 = ( GEOMETRIC_REPRESENTATION_CONTEXT(2) 
PARAMETRIC_REPRESENTATION_CONTEXT() REPRESENTATION_CONTEXT('2D SPACE',''
  ) );
#4034 = ORIENTED_EDGE('',*,*,#4035,.T.);
#4035 = EDGE_CURVE('',#4010,#4036,#4038,.T.);
#4036 = VERTEX_POINT('',#4037);
#4037 = CARTESIAN_POINT('',(-5.95,13.85,4.));
#4038 = SURFACE_CURVE('',#4039,(#4043,#4049),.PCURVE_S1.);
#4039 = LINE('',#4040,#4041);
#4040 = CARTESIAN_POINT('',(-5.95,13.85,2.75));
#4041 = VECTOR('',#4042,1.);
#4042 = DIRECTION('',(-0.,-0.,-1.));
#4043 = PCURVE('',#423,#4044);
#4044 = DEFINITIONAL_REPRESENTATION('',(#4045),#4048);
#4045 = B_SPLINE_CURVE_WITH_KNOTS('',1,(#4046,#4047),.UNSPECIFIED.,.F.,
  .F.,(2,2),(-2.25,-1.25),.PIECEWISE_BEZIER_KNOTS.);
#4046 = CARTESIAN_POINT('',(26.075,-5.));
#4047 = CARTESIAN_POINT('',(26.075,-4.));
#4048 = ( GEOMETRIC_REPRESENTATION_CONTEXT(2) 
PARAMETRIC_REPRESENTATION_CONTEXT() REPRESENTATION_CONTEXT('2D SPACE',''
  ) );
#4049 = PCURVE('',#4050,#4055);
#4050 = PLANE('',#4051);
#4051 = AXIS2_PLACEMENT_3D('',#4052,#4053,#4054);
#4052 = CARTESIAN_POINT('',(-5.95,7.286648454927E-16,5.5));
#4053 = DIRECTION('',(-1.,1.224646799147E-16,0.));
#4054 = DIRECTION('',(-0.,0.,-1.));
#4055 = DEFINITIONAL_REPRESENTATION('',(#4056),#4059);
#4056 = B_SPLINE_CURVE_WITH_KNOTS('',1,(#4057,#4058),.UNSPECIFIED.,.F.,
  .F.,(2,2),(-2.25,-1.25),.PIECEWISE_BEZIER_KNOTS.);
#4057 = CARTESIAN_POINT('',(0.5,-13.85));
#4058 = CARTESIAN_POINT('',(1.5,-13.85));
#4059 = ( GEOMETRIC_REPRESENTATION_CONTEXT(2) 
PARAMETRIC_REPRESENTATION_CONTEXT() REPRESENTATION_CONTEXT('2D SPACE',''
  ) );
#4060 = ORIENTED_EDGE('',*,*,#4061,.F.);
#4061 = EDGE_CURVE('',#4062,#4036,#4064,.T.);
#4062 = VERTEX_POINT('',#4063);
#4063 = CARTESIAN_POINT('',(-4.,13.85,4.));
#4064 = SURFACE_CURVE('',#4065,(#4069,#4075),.PCURVE_S1.);
#4065 = LINE('',#4066,#4067);
#4066 = CARTESIAN_POINT('',(10.0625,13.85,4.));
#4067 = VECTOR('',#4068,1.);
#4068 = DIRECTION('',(-1.,0.,0.));
#4069 = PCURVE('',#423,#4070);
#4070 = DEFINITIONAL_REPRESENTATION('',(#4071),#4074);
#4071 = B_SPLINE_CURVE_WITH_KNOTS('',1,(#4072,#4073),.UNSPECIFIED.,.F.,
  .F.,(2,2),(-6.0625,26.1875),.PIECEWISE_BEZIER_KNOTS.);
#4072 = CARTESIAN_POINT('',(4.,-4.));
#4073 = CARTESIAN_POINT('',(36.250000000001,-4.));
#4074 = ( GEOMETRIC_REPRESENTATION_CONTEXT(2) 
PARAMETRIC_REPRESENTATION_CONTEXT() REPRESENTATION_CONTEXT('2D SPACE',''
  ) );
#4075 = PCURVE('',#4076,#4081);
#4076 = PLANE('',#4077);
#4077 = AXIS2_PLACEMENT_3D('',#4078,#4079,#4080);
#4078 = CARTESIAN_POINT('',(0.,0.,4.));
#4079 = DIRECTION('',(0.,0.,1.));
#4080 = DIRECTION('',(1.,0.,-0.));
#4081 = DEFINITIONAL_REPRESENTATION('',(#4082),#4086);
#4082 = LINE('',#4083,#4084);
#4083 = CARTESIAN_POINT('',(10.0625,13.85));
#4084 = VECTOR('',#4085,1.);
#4085 = DIRECTION('',(-1.,0.));
#4086 = ( GEOMETRIC_REPRESENTATION_CONTEXT(2) 
PARAMETRIC_REPRESENTATION_CONTEXT() REPRESENTATION_CONTEXT('2D SPACE',''
  ) );
#4087 = ORIENTED_EDGE('',*,*,#4088,.T.);
#4088 = EDGE_CURVE('',#4062,#4089,#4091,.T.);
#4089 = VERTEX_POINT('',#4090);
#4090 = CARTESIAN_POINT('',(-4.,13.85,6.6));
#4091 = SURFACE_CURVE('',#4092,(#4096,#4102),.PCURVE_S1.);
#4092 = LINE('',#4093,#4094);
#4093 = CARTESIAN_POINT('',(-4.,13.85,2.));
#4094 = VECTOR('',#4095,1.);
#4095 = DIRECTION('',(0.,0.,1.));
#4096 = PCURVE('',#423,#4097);
#4097 = DEFINITIONAL_REPRESENTATION('',(#4098),#4101);
#4098 = B_SPLINE_CURVE_WITH_KNOTS('',1,(#4099,#4100),.UNSPECIFIED.,.F.,
  .F.,(2,2),(2.,4.6),.PIECEWISE_BEZIER_KNOTS.);
#4099 = CARTESIAN_POINT('',(24.125,-4.));
#4100 = CARTESIAN_POINT('',(24.125,-6.6));
#4101 = ( GEOMETRIC_REPRESENTATION_CONTEXT(2) 
PARAMETRIC_REPRESENTATION_CONTEXT() REPRESENTATION_CONTEXT('2D SPACE',''
  ) );
#4102 = PCURVE('',#4103,#4108);
#4103 = PLANE('',#4104);
#4104 = AXIS2_PLACEMENT_3D('',#4105,#4106,#4107);
#4105 = CARTESIAN_POINT('',(-4.,4.898587196589E-16,4.));
#4106 = DIRECTION('',(1.,-1.224646799147E-16,0.));
#4107 = DIRECTION('',(0.,0.,1.));
#4108 = DEFINITIONAL_REPRESENTATION('',(#4109),#4112);
#4109 = B_SPLINE_CURVE_WITH_KNOTS('',1,(#4110,#4111),.UNSPECIFIED.,.F.,
  .F.,(2,2),(2.,4.6),.PIECEWISE_BEZIER_KNOTS.);
#4110 = CARTESIAN_POINT('',(0.,-13.85));
#4111 = CARTESIAN_POINT('',(2.6,-13.85));
#4112 = ( GEOMETRIC_REPRESENTATION_CONTEXT(2) 
PARAMETRIC_REPRESENTATION_CONTEXT() REPRESENTATION_CONTEXT('2D SPACE',''
  ) );
#4113 = ORIENTED_EDGE('',*,*,#4114,.T.);
#4114 = EDGE_CURVE('',#4089,#4115,#4117,.T.);
#4115 = VERTEX_POINT('',#4116);
#4116 = CARTESIAN_POINT('',(-3.,13.85,7.6));
#4117 = SURFACE_CURVE('',#4118,(#4122,#4128),.PCURVE_S1.);
#4118 = LINE('',#4119,#4120);
#4119 = CARTESIAN_POINT('',(0.63125,13.85,11.23125));
#4120 = VECTOR('',#4121,1.);
#4121 = DIRECTION('',(0.707106781187,0.,0.707106781187));
#4122 = PCURVE('',#423,#4123);
#4123 = DEFINITIONAL_REPRESENTATION('',(#4124),#4127);
#4124 = B_SPLINE_CURVE_WITH_KNOTS('',1,(#4125,#4126),.UNSPECIFIED.,.F.,
  .F.,(2,2),(-6.54957656074,-5.135362998367),.PIECEWISE_BEZIER_KNOTS.);
#4125 = CARTESIAN_POINT('',(24.125,-6.6));
#4126 = CARTESIAN_POINT('',(23.125,-7.6));
#4127 = ( GEOMETRIC_REPRESENTATION_CONTEXT(2) 
PARAMETRIC_REPRESENTATION_CONTEXT() REPRESENTATION_CONTEXT('2D SPACE',''
  ) );
#4128 = PCURVE('',#4129,#4134);
#4129 = PLANE('',#4130);
#4130 = AXIS2_PLACEMENT_3D('',#4131,#4132,#4133);
#4131 = CARTESIAN_POINT('',(-3.5,4.286263797016E-16,7.1));
#4132 = DIRECTION('',(-0.707106781187,8.659560562355E-17,0.707106781187)
  );
#4133 = DIRECTION('',(-1.224646799147E-16,-1.,-0.));
#4134 = DEFINITIONAL_REPRESENTATION('',(#4135),#4138);
#4135 = B_SPLINE_CURVE_WITH_KNOTS('',1,(#4136,#4137),.UNSPECIFIED.,.F.,
  .F.,(2,2),(-6.54957656074,-5.135362998367),.PIECEWISE_BEZIER_KNOTS.);
#4136 = CARTESIAN_POINT('',(-13.85,-0.707106781187));
#4137 = CARTESIAN_POINT('',(-13.85,0.707106781187));
#4138 = ( GEOMETRIC_REPRESENTATION_CONTEXT(2) 
PARAMETRIC_REPRESENTATION_CONTEXT() REPRESENTATION_CONTEXT('2D SPACE',''
  ) );
#4139 = ORIENTED_EDGE('',*,*,#4140,.T.);
#4140 = EDGE_CURVE('',#4115,#4141,#4143,.T.);
#4141 = VERTEX_POINT('',#4142);
#4142 = CARTESIAN_POINT('',(4.,13.85,7.6));
#4143 = SURFACE_CURVE('',#4144,(#4148,#4154),.PCURVE_S1.);
#4144 = LINE('',#4145,#4146);
#4145 = CARTESIAN_POINT('',(8.0625,13.85,7.6));
#4146 = VECTOR('',#4147,1.);
#4147 = DIRECTION('',(1.,0.,0.));
#4148 = PCURVE('',#423,#4149);
#4149 = DEFINITIONAL_REPRESENTATION('',(#4150),#4153);
#4150 = B_SPLINE_CURVE_WITH_KNOTS('',1,(#4151,#4152),.UNSPECIFIED.,.F.,
  .F.,(2,2),(-11.0625,-4.0625),.PIECEWISE_BEZIER_KNOTS.);
#4151 = CARTESIAN_POINT('',(23.125,-7.6));
#4152 = CARTESIAN_POINT('',(16.125,-7.6));
#4153 = ( GEOMETRIC_REPRESENTATION_CONTEXT(2) 
PARAMETRIC_REPRESENTATION_CONTEXT() REPRESENTATION_CONTEXT('2D SPACE',''
  ) );
#4154 = PCURVE('',#4155,#4160);
#4155 = PLANE('',#4156);
#4156 = AXIS2_PLACEMENT_3D('',#4157,#4158,#4159);
#4157 = CARTESIAN_POINT('',(-4.,4.898587196589E-16,7.6));
#4158 = DIRECTION('',(0.,0.,-1.));
#4159 = DIRECTION('',(1.,-1.224646799147E-16,0.));
#4160 = DEFINITIONAL_REPRESENTATION('',(#4161),#4164);
#4161 = B_SPLINE_CURVE_WITH_KNOTS('',1,(#4162,#4163),.UNSPECIFIED.,.F.,
  .F.,(2,2),(-11.0625,-4.0625),.PIECEWISE_BEZIER_KNOTS.);
#4162 = CARTESIAN_POINT('',(1.,-13.85));
#4163 = CARTESIAN_POINT('',(8.,-13.85));
#4164 = ( GEOMETRIC_REPRESENTATION_CONTEXT(2) 
PARAMETRIC_REPRESENTATION_CONTEXT() REPRESENTATION_CONTEXT('2D SPACE',''
  ) );
#4165 = ORIENTED_EDGE('',*,*,#4166,.T.);
#4166 = EDGE_CURVE('',#4141,#4167,#4169,.T.);
#4167 = VERTEX_POINT('',#4168);
#4168 = CARTESIAN_POINT('',(5.,13.85,6.6));
#4169 = SURFACE_CURVE('',#4170,(#4174,#4180),.PCURVE_S1.);
#4170 = LINE('',#4171,#4172);
#4171 = CARTESIAN_POINT('',(10.18125,13.85,1.41875));
#4172 = VECTOR('',#4173,1.);
#4173 = DIRECTION('',(0.707106781187,0.,-0.707106781187));
#4174 = PCURVE('',#423,#4175);
#4175 = DEFINITIONAL_REPRESENTATION('',(#4176),#4179);
#4176 = B_SPLINE_CURVE_WITH_KNOTS('',1,(#4177,#4178),.UNSPECIFIED.,.F.,
  .F.,(2,2),(-8.741607582419,-7.327394020046),.PIECEWISE_BEZIER_KNOTS.);
#4177 = CARTESIAN_POINT('',(16.125,-7.6));
#4178 = CARTESIAN_POINT('',(15.125,-6.6));
#4179 = ( GEOMETRIC_REPRESENTATION_CONTEXT(2) 
PARAMETRIC_REPRESENTATION_CONTEXT() REPRESENTATION_CONTEXT('2D SPACE',''
  ) );
#4180 = PCURVE('',#4181,#4186);
#4181 = PLANE('',#4182);
#4182 = AXIS2_PLACEMENT_3D('',#4183,#4184,#4185);
#4183 = CARTESIAN_POINT('',(4.5,-5.510910596163E-16,7.1));
#4184 = DIRECTION('',(0.707106781187,-8.659560562355E-17,0.707106781187)
  );
#4185 = DIRECTION('',(-1.224646799147E-16,-1.,-0.));
#4186 = DEFINITIONAL_REPRESENTATION('',(#4187),#4190);
#4187 = B_SPLINE_CURVE_WITH_KNOTS('',1,(#4188,#4189),.UNSPECIFIED.,.F.,
  .F.,(2,2),(-8.741607582419,-7.327394020046),.PIECEWISE_BEZIER_KNOTS.);
#4188 = CARTESIAN_POINT('',(-13.85,-0.707106781187));
#4189 = CARTESIAN_POINT('',(-13.85,0.707106781187));
#4190 = ( GEOMETRIC_REPRESENTATION_CONTEXT(2) 
PARAMETRIC_REPRESENTATION_CONTEXT() REPRESENTATION_CONTEXT('2D SPACE',''
  ) );
#4191 = ORIENTED_EDGE('',*,*,#4192,.T.);
#4192 = EDGE_CURVE('',#4167,#408,#4193,.T.);
#4193 = SURFACE_CURVE('',#4194,(#4198,#4204),.PCURVE_S1.);
#4194 = LINE('',#4195,#4196);
#4195 = CARTESIAN_POINT('',(5.,13.85,3.8));
#4196 = VECTOR('',#4197,1.);
#4197 = DIRECTION('',(-0.,-0.,-1.));
#4198 = PCURVE('',#423,#4199);
#4199 = DEFINITIONAL_REPRESENTATION('',(#4200),#4203);
#4200 = B_SPLINE_CURVE_WITH_KNOTS('',1,(#4201,#4202),.UNSPECIFIED.,.F.,
  .F.,(2,2),(-2.8,-0.2),.PIECEWISE_BEZIER_KNOTS.);
#4201 = CARTESIAN_POINT('',(15.125,-6.6));
#4202 = CARTESIAN_POINT('',(15.125,-4.));
#4203 = ( GEOMETRIC_REPRESENTATION_CONTEXT(2) 
PARAMETRIC_REPRESENTATION_CONTEXT() REPRESENTATION_CONTEXT('2D SPACE',''
  ) );
#4204 = PCURVE('',#450,#4205);
#4205 = DEFINITIONAL_REPRESENTATION('',(#4206),#4209);
#4206 = B_SPLINE_CURVE_WITH_KNOTS('',1,(#4207,#4208),.UNSPECIFIED.,.F.,
  .F.,(2,2),(-2.8,-0.2),.PIECEWISE_BEZIER_KNOTS.);
#4207 = CARTESIAN_POINT('',(1.,-13.85));
#4208 = CARTESIAN_POINT('',(3.6,-13.85));
#4209 = ( GEOMETRIC_REPRESENTATION_CONTEXT(2) 
PARAMETRIC_REPRESENTATION_CONTEXT() REPRESENTATION_CONTEXT('2D SPACE',''
  ) );
#4210 = ADVANCED_FACE('',(#4211),#1079,.T.);
#4211 = FACE_BOUND('',#4212,.T.);
#4212 = EDGE_LOOP('',(#4213,#4236,#4255,#4256));
#4213 = ORIENTED_EDGE('',*,*,#4214,.F.);
#4214 = EDGE_CURVE('',#4215,#3937,#4217,.T.);
#4215 = VERTEX_POINT('',#4216);
#4216 = CARTESIAN_POINT('',(-7.45,11.84989841475,5.));
#4217 = SURFACE_CURVE('',#4218,(#4222,#4229),.PCURVE_S1.);
#4218 = LINE('',#4219,#4220);
#4219 = CARTESIAN_POINT('',(-7.45,9.123618653648E-16,5.));
#4220 = VECTOR('',#4221,1.);
#4221 = DIRECTION('',(1.224646799147E-16,1.,0.));
#4222 = PCURVE('',#1079,#4223);
#4223 = DEFINITIONAL_REPRESENTATION('',(#4224),#4228);
#4224 = LINE('',#4225,#4226);
#4225 = CARTESIAN_POINT('',(1.,0.));
#4226 = VECTOR('',#4227,1.);
#4227 = DIRECTION('',(0.,-1.));
#4228 = ( GEOMETRIC_REPRESENTATION_CONTEXT(2) 
PARAMETRIC_REPRESENTATION_CONTEXT() REPRESENTATION_CONTEXT('2D SPACE',''
  ) );
#4229 = PCURVE('',#3972,#4230);
#4230 = DEFINITIONAL_REPRESENTATION('',(#4231),#4235);
#4231 = LINE('',#4232,#4233);
#4232 = CARTESIAN_POINT('',(4.314083075427E-32,-0.353553390593));
#4233 = VECTOR('',#4234,1.);
#4234 = DIRECTION('',(-1.,6.162975822039E-33));
#4235 = ( GEOMETRIC_REPRESENTATION_CONTEXT(2) 
PARAMETRIC_REPRESENTATION_CONTEXT() REPRESENTATION_CONTEXT('2D SPACE',''
  ) );
#4236 = ORIENTED_EDGE('',*,*,#4237,.F.);
#4237 = EDGE_CURVE('',#1042,#4215,#4238,.T.);
#4238 = SURFACE_CURVE('',#4239,(#4243,#4249),.PCURVE_S1.);
#4239 = LINE('',#4240,#4241);
#4240 = CARTESIAN_POINT('',(-7.45,11.84989841475,-12.625005));
#4241 = VECTOR('',#4242,1.);
#4242 = DIRECTION('',(0.,0.,1.));
#4243 = PCURVE('',#1079,#4244);
#4244 = DEFINITIONAL_REPRESENTATION('',(#4245),#4248);
#4245 = B_SPLINE_CURVE_WITH_KNOTS('',1,(#4246,#4247),.UNSPECIFIED.,.F.,
  .F.,(2,2),(16.625005,17.625005),.PIECEWISE_BEZIER_KNOTS.);
#4246 = CARTESIAN_POINT('',(0.,-11.84989841475));
#4247 = CARTESIAN_POINT('',(1.,-11.84989841475));
#4248 = ( GEOMETRIC_REPRESENTATION_CONTEXT(2) 
PARAMETRIC_REPRESENTATION_CONTEXT() REPRESENTATION_CONTEXT('2D SPACE',''
  ) );
#4249 = PCURVE('',#478,#4250);
#4250 = DEFINITIONAL_REPRESENTATION('',(#4251),#4254);
#4251 = B_SPLINE_CURVE_WITH_KNOTS('',1,(#4252,#4253),.UNSPECIFIED.,.F.,
  .F.,(2,2),(16.625005,17.625005),.PIECEWISE_BEZIER_KNOTS.);
#4252 = CARTESIAN_POINT('',(16.774992229622,-33.25001));
#4253 = CARTESIAN_POINT('',(16.774992229622,-34.25001));
#4254 = ( GEOMETRIC_REPRESENTATION_CONTEXT(2) 
PARAMETRIC_REPRESENTATION_CONTEXT() REPRESENTATION_CONTEXT('2D SPACE',''
  ) );
#4255 = ORIENTED_EDGE('',*,*,#1063,.T.);
#4256 = ORIENTED_EDGE('',*,*,#3936,.T.);
#4257 = ADVANCED_FACE('',(#4258),#478,.T.);
#4258 = FACE_BOUND('',#4259,.T.);
#4259 = EDGE_LOOP('',(#4260,#4283,#4284,#4285,#4306,#4327,#4348,#4369,
    #4391,#4412,#4433,#4454,#4475,#4494,#4495,#4518));
#4260 = ORIENTED_EDGE('',*,*,#4261,.F.);
#4261 = EDGE_CURVE('',#1009,#4262,#4264,.T.);
#4262 = VERTEX_POINT('',#4263);
#4263 = CARTESIAN_POINT('',(-9.332064567867,11.849999997418,9.4));
#4264 = SURFACE_CURVE('',#4265,(#4269,#4276),.PCURVE_S1.);
#4265 = LINE('',#4266,#4267);
#4266 = CARTESIAN_POINT('',(-9.332064567867,11.849999997418,-29.25001));
#4267 = VECTOR('',#4268,1.);
#4268 = DIRECTION('',(0.,0.,1.));
#4269 = PCURVE('',#478,#4270);
#4270 = DEFINITIONAL_REPRESENTATION('',(#4271),#4275);
#4271 = LINE('',#4272,#4273);
#4272 = CARTESIAN_POINT('',(18.65705680023,0.));
#4273 = VECTOR('',#4274,1.);
#4274 = DIRECTION('',(0.,-1.));
#4275 = ( GEOMETRIC_REPRESENTATION_CONTEXT(2) 
PARAMETRIC_REPRESENTATION_CONTEXT() REPRESENTATION_CONTEXT('2D SPACE',''
  ) );
#4276 = PCURVE('',#1029,#4277);
#4277 = DEFINITIONAL_REPRESENTATION('',(#4278),#4282);
#4278 = LINE('',#4279,#4280);
#4279 = CARTESIAN_POINT('',(-6.283132080194,0.));
#4280 = VECTOR('',#4281,1.);
#4281 = DIRECTION('',(-0.,-1.));
#4282 = ( GEOMETRIC_REPRESENTATION_CONTEXT(2) 
PARAMETRIC_REPRESENTATION_CONTEXT() REPRESENTATION_CONTEXT('2D SPACE',''
  ) );
#4283 = ORIENTED_EDGE('',*,*,#1041,.T.);
#4284 = ORIENTED_EDGE('',*,*,#4237,.T.);
#4285 = ORIENTED_EDGE('',*,*,#4286,.T.);
#4286 = EDGE_CURVE('',#4215,#4287,#4289,.T.);
#4287 = VERTEX_POINT('',#4288);
#4288 = CARTESIAN_POINT('',(-6.95,11.849871427719,5.5));
#4289 = SURFACE_CURVE('',#4290,(#4294,#4300),.PCURVE_S1.);
#4290 = LINE('',#4291,#4292);
#4291 = CARTESIAN_POINT('',(-11.69359453351,11.850127458782,
    0.756405466481));
#4292 = VECTOR('',#4293,1.);
#4293 = DIRECTION('',(0.707106780672,-3.816542477049E-05,0.707106780672)
  );
#4294 = PCURVE('',#478,#4295);
#4295 = DEFINITIONAL_REPRESENTATION('',(#4296),#4299);
#4296 = B_SPLINE_CURVE_WITH_KNOTS('',1,(#4297,#4298),.UNSPECIFIED.,.F.,
  .F.,(2,2),(6.001348946885,6.708455728587),.PIECEWISE_BEZIER_KNOTS.);
#4297 = CARTESIAN_POINT('',(16.774992229622,-34.25001));
#4298 = CARTESIAN_POINT('',(16.274992228894,-34.75001));
#4299 = ( GEOMETRIC_REPRESENTATION_CONTEXT(2) 
PARAMETRIC_REPRESENTATION_CONTEXT() REPRESENTATION_CONTEXT('2D SPACE',''
  ) );
#4300 = PCURVE('',#3972,#4301);
#4301 = DEFINITIONAL_REPRESENTATION('',(#4302),#4305);
#4302 = B_SPLINE_CURVE_WITH_KNOTS('',1,(#4303,#4304),.UNSPECIFIED.,.F.,
  .F.,(2,2),(6.001348946885,6.708455728587),.PIECEWISE_BEZIER_KNOTS.);
#4303 = CARTESIAN_POINT('',(-11.84989841475,-0.353553390593));
#4304 = CARTESIAN_POINT('',(-11.84987142771,0.353553390593));
#4305 = ( GEOMETRIC_REPRESENTATION_CONTEXT(2) 
PARAMETRIC_REPRESENTATION_CONTEXT() REPRESENTATION_CONTEXT('2D SPACE',''
  ) );
#4306 = ORIENTED_EDGE('',*,*,#4307,.T.);
#4307 = EDGE_CURVE('',#4287,#4308,#4310,.T.);
#4308 = VERTEX_POINT('',#4309);
#4309 = CARTESIAN_POINT('',(-6.45,11.849844440689,5.5));
#4310 = SURFACE_CURVE('',#4311,(#4315,#4321),.PCURVE_S1.);
#4311 = LINE('',#4312,#4313);
#4312 = CARTESIAN_POINT('',(0.937815896165,11.84944569026,5.5));
#4313 = VECTOR('',#4314,1.);
#4314 = DIRECTION('',(0.999999998543,-5.397406128484E-05,0.));
#4315 = PCURVE('',#478,#4316);
#4316 = DEFINITIONAL_REPRESENTATION('',(#4317),#4320);
#4317 = B_SPLINE_CURVE_WITH_KNOTS('',1,(#4318,#4319),.UNSPECIFIED.,.F.,
  .F.,(2,2),(-7.887815907654,-7.387815906926),.PIECEWISE_BEZIER_KNOTS.);
#4318 = CARTESIAN_POINT('',(16.274992228894,-34.75001));
#4319 = CARTESIAN_POINT('',(15.774992228166,-34.75001));
#4320 = ( GEOMETRIC_REPRESENTATION_CONTEXT(2) 
PARAMETRIC_REPRESENTATION_CONTEXT() REPRESENTATION_CONTEXT('2D SPACE',''
  ) );
#4321 = PCURVE('',#3998,#4322);
#4322 = DEFINITIONAL_REPRESENTATION('',(#4323),#4326);
#4323 = B_SPLINE_CURVE_WITH_KNOTS('',1,(#4324,#4325),.UNSPECIFIED.,.F.,
  .F.,(2,2),(-7.887815907654,-7.387815906926),.PIECEWISE_BEZIER_KNOTS.);
#4324 = CARTESIAN_POINT('',(0.5,-11.84987142771));
#4325 = CARTESIAN_POINT('',(1.,-11.84984444068));
#4326 = ( GEOMETRIC_REPRESENTATION_CONTEXT(2) 
PARAMETRIC_REPRESENTATION_CONTEXT() REPRESENTATION_CONTEXT('2D SPACE',''
  ) );
#4327 = ORIENTED_EDGE('',*,*,#4328,.T.);
#4328 = EDGE_CURVE('',#4308,#4329,#4331,.T.);
#4329 = VERTEX_POINT('',#4330);
#4330 = CARTESIAN_POINT('',(-5.95,11.849817453658,5.));
#4331 = SURFACE_CURVE('',#4332,(#4336,#4342),.PCURVE_S1.);
#4332 = LINE('',#4333,#4334);
#4333 = CARTESIAN_POINT('',(6.306410440263,11.849155925409,
    -7.256410440263));
#4334 = VECTOR('',#4335,1.);
#4335 = DIRECTION('',(0.707106780672,-3.816542477049E-05,-0.707106780672
    ));
#4336 = PCURVE('',#478,#4337);
#4337 = DEFINITIONAL_REPRESENTATION('',(#4338),#4341);
#4338 = B_SPLINE_CURVE_WITH_KNOTS('',1,(#4339,#4340),.UNSPECIFIED.,.F.,
  .F.,(2,2),(-18.04028866495,-17.33318188325),.PIECEWISE_BEZIER_KNOTS.);
#4339 = CARTESIAN_POINT('',(15.774992228166,-34.75001));
#4340 = CARTESIAN_POINT('',(15.274992227437,-34.25001));
#4341 = ( GEOMETRIC_REPRESENTATION_CONTEXT(2) 
PARAMETRIC_REPRESENTATION_CONTEXT() REPRESENTATION_CONTEXT('2D SPACE',''
  ) );
#4342 = PCURVE('',#4024,#4343);
#4343 = DEFINITIONAL_REPRESENTATION('',(#4344),#4347);
#4344 = B_SPLINE_CURVE_WITH_KNOTS('',1,(#4345,#4346),.UNSPECIFIED.,.F.,
  .F.,(2,2),(-18.04028866495,-17.33318188325),.PIECEWISE_BEZIER_KNOTS.);
#4345 = CARTESIAN_POINT('',(-11.84984444068,-0.353553390593));
#4346 = CARTESIAN_POINT('',(-11.84981745365,0.353553390593));
#4347 = ( GEOMETRIC_REPRESENTATION_CONTEXT(2) 
PARAMETRIC_REPRESENTATION_CONTEXT() REPRESENTATION_CONTEXT('2D SPACE',''
  ) );
#4348 = ORIENTED_EDGE('',*,*,#4349,.T.);
#4349 = EDGE_CURVE('',#4329,#4350,#4352,.T.);
#4350 = VERTEX_POINT('',#4351);
#4351 = CARTESIAN_POINT('',(-5.95,11.849817453658,4.));
#4352 = SURFACE_CURVE('',#4353,(#4357,#4363),.PCURVE_S1.);
#4353 = LINE('',#4354,#4355);
#4354 = CARTESIAN_POINT('',(-5.95,11.849817453658,-11.875005));
#4355 = VECTOR('',#4356,1.);
#4356 = DIRECTION('',(-0.,0.,-1.));
#4357 = PCURVE('',#478,#4358);
#4358 = DEFINITIONAL_REPRESENTATION('',(#4359),#4362);
#4359 = B_SPLINE_CURVE_WITH_KNOTS('',1,(#4360,#4361),.UNSPECIFIED.,.F.,
  .F.,(2,2),(-16.875005,-15.875005),.PIECEWISE_BEZIER_KNOTS.);
#4360 = CARTESIAN_POINT('',(15.274992227437,-34.25001));
#4361 = CARTESIAN_POINT('',(15.274992227437,-33.25001));
#4362 = ( GEOMETRIC_REPRESENTATION_CONTEXT(2) 
PARAMETRIC_REPRESENTATION_CONTEXT() REPRESENTATION_CONTEXT('2D SPACE',''
  ) );
#4363 = PCURVE('',#4050,#4364);
#4364 = DEFINITIONAL_REPRESENTATION('',(#4365),#4368);
#4365 = B_SPLINE_CURVE_WITH_KNOTS('',1,(#4366,#4367),.UNSPECIFIED.,.F.,
  .F.,(2,2),(-16.875005,-15.875005),.PIECEWISE_BEZIER_KNOTS.);
#4366 = CARTESIAN_POINT('',(0.5,-11.84981745365));
#4367 = CARTESIAN_POINT('',(1.5,-11.84981745365));
#4368 = ( GEOMETRIC_REPRESENTATION_CONTEXT(2) 
PARAMETRIC_REPRESENTATION_CONTEXT() REPRESENTATION_CONTEXT('2D SPACE',''
  ) );
#4369 = ORIENTED_EDGE('',*,*,#4370,.T.);
#4370 = EDGE_CURVE('',#4350,#4371,#4373,.T.);
#4371 = VERTEX_POINT('',#4372);
#4372 = CARTESIAN_POINT('',(-4.,11.849712204238,4.));
#4373 = SURFACE_CURVE('',#4374,(#4378,#4384),.PCURVE_S1.);
#4374 = LINE('',#4375,#4376);
#4375 = CARTESIAN_POINT('',(4.662815885313,11.849244636882,4.));
#4376 = VECTOR('',#4377,1.);
#4377 = DIRECTION('',(0.999999998543,-5.397406128484E-05,0.));
#4378 = PCURVE('',#478,#4379);
#4379 = DEFINITIONAL_REPRESENTATION('',(#4380),#4383);
#4380 = B_SPLINE_CURVE_WITH_KNOTS('',1,(#4381,#4382),.UNSPECIFIED.,.F.,
  .F.,(2,2),(-13.99488047356,4.662176326665),.PIECEWISE_BEZIER_KNOTS.);
#4381 = CARTESIAN_POINT('',(18.65705680023,-33.25001));
#4382 = CARTESIAN_POINT('',(0.,-33.25001));
#4383 = ( GEOMETRIC_REPRESENTATION_CONTEXT(2) 
PARAMETRIC_REPRESENTATION_CONTEXT() REPRESENTATION_CONTEXT('2D SPACE',''
  ) );
#4384 = PCURVE('',#4076,#4385);
#4385 = DEFINITIONAL_REPRESENTATION('',(#4386),#4390);
#4386 = LINE('',#4387,#4388);
#4387 = CARTESIAN_POINT('',(4.662815885313,11.849244636882));
#4388 = VECTOR('',#4389,1.);
#4389 = DIRECTION('',(0.999999998543,-5.397406128484E-05));
#4390 = ( GEOMETRIC_REPRESENTATION_CONTEXT(2) 
PARAMETRIC_REPRESENTATION_CONTEXT() REPRESENTATION_CONTEXT('2D SPACE',''
  ) );
#4391 = ORIENTED_EDGE('',*,*,#4392,.T.);
#4392 = EDGE_CURVE('',#4371,#4393,#4395,.T.);
#4393 = VERTEX_POINT('',#4394);
#4394 = CARTESIAN_POINT('',(-4.,11.849712204238,6.6));
#4395 = SURFACE_CURVE('',#4396,(#4400,#4406),.PCURVE_S1.);
#4396 = LINE('',#4397,#4398);
#4397 = CARTESIAN_POINT('',(-4.,11.849712204238,-12.625005));
#4398 = VECTOR('',#4399,1.);
#4399 = DIRECTION('',(0.,0.,1.));
#4400 = PCURVE('',#478,#4401);
#4401 = DEFINITIONAL_REPRESENTATION('',(#4402),#4405);
#4402 = B_SPLINE_CURVE_WITH_KNOTS('',1,(#4403,#4404),.UNSPECIFIED.,.F.,
  .F.,(2,2),(16.625005,19.225005),.PIECEWISE_BEZIER_KNOTS.);
#4403 = CARTESIAN_POINT('',(13.324992224597,-33.25001));
#4404 = CARTESIAN_POINT('',(13.324992224597,-35.85001));
#4405 = ( GEOMETRIC_REPRESENTATION_CONTEXT(2) 
PARAMETRIC_REPRESENTATION_CONTEXT() REPRESENTATION_CONTEXT('2D SPACE',''
  ) );
#4406 = PCURVE('',#4103,#4407);
#4407 = DEFINITIONAL_REPRESENTATION('',(#4408),#4411);
#4408 = B_SPLINE_CURVE_WITH_KNOTS('',1,(#4409,#4410),.UNSPECIFIED.,.F.,
  .F.,(2,2),(16.625005,19.225005),.PIECEWISE_BEZIER_KNOTS.);
#4409 = CARTESIAN_POINT('',(0.,-11.84971220423));
#4410 = CARTESIAN_POINT('',(2.6,-11.84971220423));
#4411 = ( GEOMETRIC_REPRESENTATION_CONTEXT(2) 
PARAMETRIC_REPRESENTATION_CONTEXT() REPRESENTATION_CONTEXT('2D SPACE',''
  ) );
#4412 = ORIENTED_EDGE('',*,*,#4413,.T.);
#4413 = EDGE_CURVE('',#4393,#4414,#4416,.T.);
#4414 = VERTEX_POINT('',#4415);
#4415 = CARTESIAN_POINT('',(-3.,11.849658230177,7.6));
#4416 = SURFACE_CURVE('',#4417,(#4421,#4427),.PCURVE_S1.);
#4417 = LINE('',#4418,#4419);
#4418 = CARTESIAN_POINT('',(-9.381094536887,11.850002643765,
    1.218905463113));
#4419 = VECTOR('',#4420,1.);
#4420 = DIRECTION('',(0.707106780672,-3.816542477049E-05,0.707106780672)
  );
#4421 = PCURVE('',#478,#4422);
#4422 = DEFINITIONAL_REPRESENTATION('',(#4423),#4426);
#4423 = B_SPLINE_CURVE_WITH_KNOTS('',1,(#4424,#4425),.UNSPECIFIED.,.F.,
  .F.,(2,2),(7.61001688002,9.024230443423),.PIECEWISE_BEZIER_KNOTS.);
#4424 = CARTESIAN_POINT('',(13.324992224597,-35.85001));
#4425 = CARTESIAN_POINT('',(12.32499222314,-36.85001));
#4426 = ( GEOMETRIC_REPRESENTATION_CONTEXT(2) 
PARAMETRIC_REPRESENTATION_CONTEXT() REPRESENTATION_CONTEXT('2D SPACE',''
  ) );
#4427 = PCURVE('',#4129,#4428);
#4428 = DEFINITIONAL_REPRESENTATION('',(#4429),#4432);
#4429 = B_SPLINE_CURVE_WITH_KNOTS('',1,(#4430,#4431),.UNSPECIFIED.,.F.,
  .F.,(2,2),(7.61001688002,9.024230443423),.PIECEWISE_BEZIER_KNOTS.);
#4430 = CARTESIAN_POINT('',(-11.84971220423,-0.707106781187));
#4431 = CARTESIAN_POINT('',(-11.84965823017,0.707106781187));
#4432 = ( GEOMETRIC_REPRESENTATION_CONTEXT(2) 
PARAMETRIC_REPRESENTATION_CONTEXT() REPRESENTATION_CONTEXT('2D SPACE',''
  ) );
#4433 = ORIENTED_EDGE('',*,*,#4434,.T.);
#4434 = EDGE_CURVE('',#4414,#4435,#4437,.T.);
#4435 = VERTEX_POINT('',#4436);
#4436 = CARTESIAN_POINT('',(4.,11.849280411747,7.6));
#4437 = SURFACE_CURVE('',#4438,(#4442,#4448),.PCURVE_S1.);
#4438 = LINE('',#4439,#4440);
#4439 = CARTESIAN_POINT('',(2.66281589114,11.849352585005,7.6));
#4440 = VECTOR('',#4441,1.);
#4441 = DIRECTION('',(0.999999998543,-5.397406128484E-05,0.));
#4442 = PCURVE('',#478,#4443);
#4443 = DEFINITIONAL_REPRESENTATION('',(#4444),#4447);
#4444 = B_SPLINE_CURVE_WITH_KNOTS('',1,(#4445,#4446),.UNSPECIFIED.,.F.,
  .F.,(2,2),(-5.662815899388,1.337184110808),.PIECEWISE_BEZIER_KNOTS.);
#4445 = CARTESIAN_POINT('',(12.32499222314,-36.85001));
#4446 = CARTESIAN_POINT('',(5.324992212944,-36.85001));
#4447 = ( GEOMETRIC_REPRESENTATION_CONTEXT(2) 
PARAMETRIC_REPRESENTATION_CONTEXT() REPRESENTATION_CONTEXT('2D SPACE',''
  ) );
#4448 = PCURVE('',#4155,#4449);
#4449 = DEFINITIONAL_REPRESENTATION('',(#4450),#4453);
#4450 = B_SPLINE_CURVE_WITH_KNOTS('',1,(#4451,#4452),.UNSPECIFIED.,.F.,
  .F.,(2,2),(-5.662815899388,1.337184110808),.PIECEWISE_BEZIER_KNOTS.);
#4451 = CARTESIAN_POINT('',(1.,-11.84965823017));
#4452 = CARTESIAN_POINT('',(8.,-11.84928041174));
#4453 = ( GEOMETRIC_REPRESENTATION_CONTEXT(2) 
PARAMETRIC_REPRESENTATION_CONTEXT() REPRESENTATION_CONTEXT('2D SPACE',''
  ) );
#4454 = ORIENTED_EDGE('',*,*,#4455,.T.);
#4455 = EDGE_CURVE('',#4435,#4456,#4458,.T.);
#4456 = VERTEX_POINT('',#4457);
#4457 = CARTESIAN_POINT('',(5.,11.849226437686,6.6));
#4458 = SURFACE_CURVE('',#4459,(#4463,#4469),.PCURVE_S1.);
#4459 = LINE('',#4460,#4461);
#4460 = CARTESIAN_POINT('',(14.7939104279,11.848697820564,-3.1939104279)
  );
#4461 = VECTOR('',#4462,1.);
#4462 = DIRECTION('',(0.707106780672,-3.816542477049E-05,-0.707106780672
    ));
#4463 = PCURVE('',#478,#4464);
#4464 = DEFINITIONAL_REPRESENTATION('',(#4465),#4468);
#4465 = B_SPLINE_CURVE_WITH_KNOTS('',1,(#4466,#4467),.UNSPECIFIED.,.F.,
  .F.,(2,2),(-15.26489452929,-13.85068096589),.PIECEWISE_BEZIER_KNOTS.);
#4466 = CARTESIAN_POINT('',(5.324992212944,-36.85001));
#4467 = CARTESIAN_POINT('',(4.324992211488,-35.85001));
#4468 = ( GEOMETRIC_REPRESENTATION_CONTEXT(2) 
PARAMETRIC_REPRESENTATION_CONTEXT() REPRESENTATION_CONTEXT('2D SPACE',''
  ) );
#4469 = PCURVE('',#4181,#4470);
#4470 = DEFINITIONAL_REPRESENTATION('',(#4471),#4474);
#4471 = B_SPLINE_CURVE_WITH_KNOTS('',1,(#4472,#4473),.UNSPECIFIED.,.F.,
  .F.,(2,2),(-15.26489452929,-13.85068096589),.PIECEWISE_BEZIER_KNOTS.);
#4472 = CARTESIAN_POINT('',(-11.84928041174,-0.707106781187));
#4473 = CARTESIAN_POINT('',(-11.84922643768,0.707106781187));
#4474 = ( GEOMETRIC_REPRESENTATION_CONTEXT(2) 
PARAMETRIC_REPRESENTATION_CONTEXT() REPRESENTATION_CONTEXT('2D SPACE',''
  ) );
#4475 = ORIENTED_EDGE('',*,*,#4476,.T.);
#4476 = EDGE_CURVE('',#4456,#435,#4477,.T.);
#4477 = SURFACE_CURVE('',#4478,(#4482,#4488),.PCURVE_S1.);
#4478 = LINE('',#4479,#4480);
#4479 = CARTESIAN_POINT('',(5.,11.849226437686,-10.825005));
#4480 = VECTOR('',#4481,1.);
#4481 = DIRECTION('',(-0.,0.,-1.));
#4482 = PCURVE('',#478,#4483);
#4483 = DEFINITIONAL_REPRESENTATION('',(#4484),#4487);
#4484 = B_SPLINE_CURVE_WITH_KNOTS('',1,(#4485,#4486),.UNSPECIFIED.,.F.,
  .F.,(2,2),(-17.425005,-14.825005),.PIECEWISE_BEZIER_KNOTS.);
#4485 = CARTESIAN_POINT('',(4.324992211488,-35.85001));
#4486 = CARTESIAN_POINT('',(4.324992211488,-33.25001));
#4487 = ( GEOMETRIC_REPRESENTATION_CONTEXT(2) 
PARAMETRIC_REPRESENTATION_CONTEXT() REPRESENTATION_CONTEXT('2D SPACE',''
  ) );
#4488 = PCURVE('',#450,#4489);
#4489 = DEFINITIONAL_REPRESENTATION('',(#4490),#4493);
#4490 = B_SPLINE_CURVE_WITH_KNOTS('',1,(#4491,#4492),.UNSPECIFIED.,.F.,
  .F.,(2,2),(-17.425005,-14.825005),.PIECEWISE_BEZIER_KNOTS.);
#4491 = CARTESIAN_POINT('',(1.,-11.84922643768));
#4492 = CARTESIAN_POINT('',(3.6,-11.84922643768));
#4493 = ( GEOMETRIC_REPRESENTATION_CONTEXT(2) 
PARAMETRIC_REPRESENTATION_CONTEXT() REPRESENTATION_CONTEXT('2D SPACE',''
  ) );
#4494 = ORIENTED_EDGE('',*,*,#462,.T.);
#4495 = ORIENTED_EDGE('',*,*,#4496,.T.);
#4496 = EDGE_CURVE('',#463,#4497,#4499,.T.);
#4497 = VERTEX_POINT('',#4498);
#4498 = CARTESIAN_POINT('',(9.324992205188,11.848993000291,9.4));
#4499 = SURFACE_CURVE('',#4500,(#4504,#4511),.PCURVE_S1.);
#4500 = LINE('',#4501,#4502);
#4501 = CARTESIAN_POINT('',(9.324992205188,11.848993000291,-29.25001));
#4502 = VECTOR('',#4503,1.);
#4503 = DIRECTION('',(0.,0.,1.));
#4504 = PCURVE('',#478,#4505);
#4505 = DEFINITIONAL_REPRESENTATION('',(#4506),#4510);
#4506 = LINE('',#4507,#4508);
#4507 = CARTESIAN_POINT('',(0.,0.));
#4508 = VECTOR('',#4509,1.);
#4509 = DIRECTION('',(0.,-1.));
#4510 = ( GEOMETRIC_REPRESENTATION_CONTEXT(2) 
PARAMETRIC_REPRESENTATION_CONTEXT() REPRESENTATION_CONTEXT('2D SPACE',''
  ) );
#4511 = PCURVE('',#510,#4512);
#4512 = DEFINITIONAL_REPRESENTATION('',(#4513),#4517);
#4513 = LINE('',#4514,#4515);
#4514 = CARTESIAN_POINT('',(1.570851047932,0.));
#4515 = VECTOR('',#4516,1.);
#4516 = DIRECTION('',(0.,-1.));
#4517 = ( GEOMETRIC_REPRESENTATION_CONTEXT(2) 
PARAMETRIC_REPRESENTATION_CONTEXT() REPRESENTATION_CONTEXT('2D SPACE',''
  ) );
#4518 = ORIENTED_EDGE('',*,*,#4519,.T.);
#4519 = EDGE_CURVE('',#4497,#4262,#4520,.T.);
#4520 = SURFACE_CURVE('',#4521,(#4525,#4531),.PCURVE_S1.);
#4521 = LINE('',#4522,#4523);
#4522 = CARTESIAN_POINT('',(4.661791533299,11.849244692171,9.4));
#4523 = VECTOR('',#4524,1.);
#4524 = DIRECTION('',(-0.999999998543,5.397406128484E-05,0.));
#4525 = PCURVE('',#478,#4526);
#4526 = DEFINITIONAL_REPRESENTATION('',(#4527),#4530);
#4527 = B_SPLINE_CURVE_WITH_KNOTS('',1,(#4528,#4529),.UNSPECIFIED.,.F.,
  .F.,(2,2),(-4.663200678681,13.993856121549),.PIECEWISE_BEZIER_KNOTS.);
#4528 = CARTESIAN_POINT('',(0.,-38.65001));
#4529 = CARTESIAN_POINT('',(18.65705680023,-38.65001));
#4530 = ( GEOMETRIC_REPRESENTATION_CONTEXT(2) 
PARAMETRIC_REPRESENTATION_CONTEXT() REPRESENTATION_CONTEXT('2D SPACE',''
  ) );
#4531 = PCURVE('',#4532,#4537);
#4532 = PLANE('',#4533);
#4533 = AXIS2_PLACEMENT_3D('',#4534,#4535,#4536);
#4534 = CARTESIAN_POINT('',(-2.121008405577E-03,-1.339613301536,9.4));
#4535 = DIRECTION('',(0.,0.,1.));
#4536 = DIRECTION('',(1.,0.,-0.));
#4537 = DEFINITIONAL_REPRESENTATION('',(#4538),#4541);
#4538 = B_SPLINE_CURVE_WITH_KNOTS('',1,(#4539,#4540),.UNSPECIFIED.,.F.,
  .F.,(2,2),(-4.663200678681,13.993856121549),.PIECEWISE_BEZIER_KNOTS.);
#4539 = CARTESIAN_POINT('',(9.327113213593,13.188606301827));
#4540 = CARTESIAN_POINT('',(-9.329943559461,13.189613298954));
#4541 = ( GEOMETRIC_REPRESENTATION_CONTEXT(2) 
PARAMETRIC_REPRESENTATION_CONTEXT() REPRESENTATION_CONTEXT('2D SPACE',''
  ) );
#4542 = ADVANCED_FACE('',(#4543),#1029,.F.);
#4543 = FACE_BOUND('',#4544,.T.);
#4544 = EDGE_LOOP('',(#4545,#4567,#4568,#4569));
#4545 = ORIENTED_EDGE('',*,*,#4546,.F.);
#4546 = EDGE_CURVE('',#982,#4547,#4549,.T.);
#4547 = VERTEX_POINT('',#4548);
#4548 = CARTESIAN_POINT('',(-10.132107,11.05,9.4));
#4549 = SURFACE_CURVE('',#4550,(#4554,#4560),.PCURVE_S1.);
#4550 = LINE('',#4551,#4552);
#4551 = CARTESIAN_POINT('',(-10.132107,11.05,-29.25001));
#4552 = VECTOR('',#4553,1.);
#4553 = DIRECTION('',(0.,0.,1.));
#4554 = PCURVE('',#1029,#4555);
#4555 = DEFINITIONAL_REPRESENTATION('',(#4556),#4559);
#4556 = B_SPLINE_CURVE_WITH_KNOTS('',1,(#4557,#4558),.UNSPECIFIED.,.F.,
  .F.,(2,2),(33.250010000001,40.250010000001),.PIECEWISE_BEZIER_KNOTS.);
#4557 = CARTESIAN_POINT('',(-7.853983128126,-33.25001));
#4558 = CARTESIAN_POINT('',(-7.853983128126,-40.25001));
#4559 = ( GEOMETRIC_REPRESENTATION_CONTEXT(2) 
PARAMETRIC_REPRESENTATION_CONTEXT() REPRESENTATION_CONTEXT('2D SPACE',''
  ) );
#4560 = PCURVE('',#997,#4561);
#4561 = DEFINITIONAL_REPRESENTATION('',(#4562),#4566);
#4562 = LINE('',#4563,#4564);
#4563 = CARTESIAN_POINT('',(0.,0.));
#4564 = VECTOR('',#4565,1.);
#4565 = DIRECTION('',(0.,-1.));
#4566 = ( GEOMETRIC_REPRESENTATION_CONTEXT(2) 
PARAMETRIC_REPRESENTATION_CONTEXT() REPRESENTATION_CONTEXT('2D SPACE',''
  ) );
#4567 = ORIENTED_EDGE('',*,*,#1008,.T.);
#4568 = ORIENTED_EDGE('',*,*,#4261,.T.);
#4569 = ORIENTED_EDGE('',*,*,#4570,.F.);
#4570 = EDGE_CURVE('',#4547,#4262,#4571,.T.);
#4571 = SURFACE_CURVE('',#4572,(#4577,#4584),.PCURVE_S1.);
#4572 = CIRCLE('',#4573,0.799999252925);
#4573 = AXIS2_PLACEMENT_3D('',#4574,#4575,#4576);
#4574 = CARTESIAN_POINT('',(-9.332107747075,11.050000747075,9.4));
#4575 = DIRECTION('',(0.,0.,-1.));
#4576 = DIRECTION('',(7.470757634981E-07,1.,0.));
#4577 = PCURVE('',#1029,#4578);
#4578 = DEFINITIONAL_REPRESENTATION('',(#4579),#4583);
#4579 = LINE('',#4580,#4581);
#4580 = CARTESIAN_POINT('',(-12.56637061435,-38.65001));
#4581 = VECTOR('',#4582,1.);
#4582 = DIRECTION('',(1.,-0.));
#4583 = ( GEOMETRIC_REPRESENTATION_CONTEXT(2) 
PARAMETRIC_REPRESENTATION_CONTEXT() REPRESENTATION_CONTEXT('2D SPACE',''
  ) );
#4584 = PCURVE('',#4532,#4585);
#4585 = DEFINITIONAL_REPRESENTATION('',(#4586),#4594);
#4586 = ( BOUNDED_CURVE() B_SPLINE_CURVE(2,(#4587,#4588,#4589,#4590,
#4591,#4592,#4593),.UNSPECIFIED.,.T.,.F.) B_SPLINE_CURVE_WITH_KNOTS((1,2
    ,2,2,2,1),(-2.094395102393,0.,2.094395102393,4.188790204786,
6.28318530718,8.377580409573),.UNSPECIFIED.) CURVE() 
GEOMETRIC_REPRESENTATION_ITEM() RATIONAL_B_SPLINE_CURVE((1.,0.5,1.,0.5,
1.,0.5,1.)) REPRESENTATION_ITEM('') );
#4587 = CARTESIAN_POINT('',(-9.32998614101,13.189613301536));
#4588 = CARTESIAN_POINT('',(-7.944346788927,13.189612266358));
#4589 = CARTESIAN_POINT('',(-8.637167361458,11.98961390456));
#4590 = CARTESIAN_POINT('',(-9.32998793399,10.789615542761));
#4591 = CARTESIAN_POINT('',(-10.02280671354,11.989614939737));
#4592 = CARTESIAN_POINT('',(-10.71562549309,13.189614336713));
#4593 = CARTESIAN_POINT('',(-9.32998614101,13.189613301536));
#4594 = ( GEOMETRIC_REPRESENTATION_CONTEXT(2) 
PARAMETRIC_REPRESENTATION_CONTEXT() REPRESENTATION_CONTEXT('2D SPACE',''
  ) );
#4595 = ADVANCED_FACE('',(#4596),#997,.T.);
#4596 = FACE_BOUND('',#4597,.T.);
#4597 = EDGE_LOOP('',(#4598,#4621,#4622,#4623));
#4598 = ORIENTED_EDGE('',*,*,#4599,.F.);
#4599 = EDGE_CURVE('',#949,#4600,#4602,.T.);
#4600 = VERTEX_POINT('',#4601);
#4601 = CARTESIAN_POINT('',(-10.132107,3.450700252925,9.4));
#4602 = SURFACE_CURVE('',#4603,(#4607,#4614),.PCURVE_S1.);
#4603 = LINE('',#4604,#4605);
#4604 = CARTESIAN_POINT('',(-10.132107,3.450700252925,-29.25001));
#4605 = VECTOR('',#4606,1.);
#4606 = DIRECTION('',(0.,0.,1.));
#4607 = PCURVE('',#997,#4608);
#4608 = DEFINITIONAL_REPRESENTATION('',(#4609),#4613);
#4609 = LINE('',#4610,#4611);
#4610 = CARTESIAN_POINT('',(7.599299747075,0.));
#4611 = VECTOR('',#4612,1.);
#4612 = DIRECTION('',(0.,-1.));
#4613 = ( GEOMETRIC_REPRESENTATION_CONTEXT(2) 
PARAMETRIC_REPRESENTATION_CONTEXT() REPRESENTATION_CONTEXT('2D SPACE',''
  ) );
#4614 = PCURVE('',#969,#4615);
#4615 = DEFINITIONAL_REPRESENTATION('',(#4616),#4620);
#4616 = LINE('',#4617,#4618);
#4617 = CARTESIAN_POINT('',(-7.85398238105,0.));
#4618 = VECTOR('',#4619,1.);
#4619 = DIRECTION('',(-0.,-1.));
#4620 = ( GEOMETRIC_REPRESENTATION_CONTEXT(2) 
PARAMETRIC_REPRESENTATION_CONTEXT() REPRESENTATION_CONTEXT('2D SPACE',''
  ) );
#4621 = ORIENTED_EDGE('',*,*,#981,.T.);
#4622 = ORIENTED_EDGE('',*,*,#4546,.T.);
#4623 = ORIENTED_EDGE('',*,*,#4624,.T.);
#4624 = EDGE_CURVE('',#4547,#4600,#4625,.T.);
#4625 = SURFACE_CURVE('',#4626,(#4630,#4636),.PCURVE_S1.);
#4626 = LINE('',#4627,#4628);
#4627 = CARTESIAN_POINT('',(-10.132107,4.855193349232,9.4));
#4628 = VECTOR('',#4629,1.);
#4629 = DIRECTION('',(-1.224646799147E-16,-1.,0.));
#4630 = PCURVE('',#997,#4631);
#4631 = DEFINITIONAL_REPRESENTATION('',(#4632),#4635);
#4632 = B_SPLINE_CURVE_WITH_KNOTS('',1,(#4633,#4634),.UNSPECIFIED.,.F.,
  .F.,(2,2),(-6.194806650768,1.404493096307),.PIECEWISE_BEZIER_KNOTS.);
#4633 = CARTESIAN_POINT('',(0.,-38.65001));
#4634 = CARTESIAN_POINT('',(7.599299747075,-38.65001));
#4635 = ( GEOMETRIC_REPRESENTATION_CONTEXT(2) 
PARAMETRIC_REPRESENTATION_CONTEXT() REPRESENTATION_CONTEXT('2D SPACE',''
  ) );
#4636 = PCURVE('',#4532,#4637);
#4637 = DEFINITIONAL_REPRESENTATION('',(#4638),#4641);
#4638 = B_SPLINE_CURVE_WITH_KNOTS('',1,(#4639,#4640),.UNSPECIFIED.,.F.,
  .F.,(2,2),(-6.194806650768,1.404493096307),.PIECEWISE_BEZIER_KNOTS.);
#4639 = CARTESIAN_POINT('',(-10.12998599159,12.389613301536));
#4640 = CARTESIAN_POINT('',(-10.12998599159,4.79031355446));
#4641 = ( GEOMETRIC_REPRESENTATION_CONTEXT(2) 
PARAMETRIC_REPRESENTATION_CONTEXT() REPRESENTATION_CONTEXT('2D SPACE',''
  ) );
#4642 = ADVANCED_FACE('',(#4643),#969,.T.);
#4643 = FACE_BOUND('',#4644,.F.);
#4644 = EDGE_LOOP('',(#4645,#4646,#4647,#4670));
#4645 = ORIENTED_EDGE('',*,*,#4599,.F.);
#4646 = ORIENTED_EDGE('',*,*,#948,.T.);
#4647 = ORIENTED_EDGE('',*,*,#4648,.T.);
#4648 = EDGE_CURVE('',#922,#4649,#4651,.T.);
#4649 = VERTEX_POINT('',#4650);
#4650 = CARTESIAN_POINT('',(-11.33196588675,2.250701015138,9.4));
#4651 = SURFACE_CURVE('',#4652,(#4656,#4663),.PCURVE_S1.);
#4652 = LINE('',#4653,#4654);
#4653 = CARTESIAN_POINT('',(-11.33196588675,2.250701015138,-29.25001));
#4654 = VECTOR('',#4655,1.);
#4655 = DIRECTION('',(0.,0.,1.));
#4656 = PCURVE('',#969,#4657);
#4657 = DEFINITIONAL_REPRESENTATION('',(#4658),#4662);
#4658 = LINE('',#4659,#4660);
#4659 = CARTESIAN_POINT('',(-6.283303026141,0.));
#4660 = VECTOR('',#4661,1.);
#4661 = DIRECTION('',(-0.,-1.));
#4662 = ( GEOMETRIC_REPRESENTATION_CONTEXT(2) 
PARAMETRIC_REPRESENTATION_CONTEXT() REPRESENTATION_CONTEXT('2D SPACE',''
  ) );
#4663 = PCURVE('',#937,#4664);
#4664 = DEFINITIONAL_REPRESENTATION('',(#4665),#4669);
#4665 = LINE('',#4666,#4667);
#4666 = CARTESIAN_POINT('',(0.,0.));
#4667 = VECTOR('',#4668,1.);
#4668 = DIRECTION('',(0.,-1.));
#4669 = ( GEOMETRIC_REPRESENTATION_CONTEXT(2) 
PARAMETRIC_REPRESENTATION_CONTEXT() REPRESENTATION_CONTEXT('2D SPACE',''
  ) );
#4670 = ORIENTED_EDGE('',*,*,#4671,.F.);
#4671 = EDGE_CURVE('',#4600,#4649,#4672,.T.);
#4672 = SURFACE_CURVE('',#4673,(#4678,#4685),.PCURVE_S1.);
#4673 = CIRCLE('',#4674,1.199999252925);
#4674 = AXIS2_PLACEMENT_3D('',#4675,#4676,#4677);
#4675 = CARTESIAN_POINT('',(-11.33210625292,3.450700252925,9.4));
#4676 = DIRECTION('',(-0.,0.,-1.));
#4677 = DIRECTION('',(-7.470757066546E-07,-1.,0.));
#4678 = PCURVE('',#969,#4679);
#4679 = DEFINITIONAL_REPRESENTATION('',(#4680),#4684);
#4680 = LINE('',#4681,#4682);
#4681 = CARTESIAN_POINT('',(-12.56637061435,-38.65001));
#4682 = VECTOR('',#4683,1.);
#4683 = DIRECTION('',(1.,-0.));
#4684 = ( GEOMETRIC_REPRESENTATION_CONTEXT(2) 
PARAMETRIC_REPRESENTATION_CONTEXT() REPRESENTATION_CONTEXT('2D SPACE',''
  ) );
#4685 = PCURVE('',#4532,#4686);
#4686 = DEFINITIONAL_REPRESENTATION('',(#4687),#4695);
#4687 = ( BOUNDED_CURVE() B_SPLINE_CURVE(2,(#4688,#4689,#4690,#4691,
#4692,#4693,#4694),.UNSPECIFIED.,.T.,.F.) B_SPLINE_CURVE_WITH_KNOTS((1,2
    ,2,2,2,1),(-2.094395102393,0.,2.094395102393,4.188790204786,
6.28318530718,8.377580409573),.UNSPECIFIED.) CURVE() 
GEOMETRIC_REPRESENTATION_ITEM() RATIONAL_B_SPLINE_CURVE((1.,0.5,1.,0.5,
1.,0.5,1.)) REPRESENTATION_ITEM('') );
#4688 = CARTESIAN_POINT('',(-11.32998614101,3.590314301536));
#4689 = CARTESIAN_POINT('',(-13.40844581612,3.590315854302));
#4690 = CARTESIAN_POINT('',(-12.36921463382,5.390313957306));
#4691 = CARTESIAN_POINT('',(-11.32998345153,7.19031206031));
#4692 = CARTESIAN_POINT('',(-10.29075495871,5.390312404539));
#4693 = CARTESIAN_POINT('',(-9.251526465899,3.590312748769));
#4694 = CARTESIAN_POINT('',(-11.32998614101,3.590314301536));
#4695 = ( GEOMETRIC_REPRESENTATION_CONTEXT(2) 
PARAMETRIC_REPRESENTATION_CONTEXT() REPRESENTATION_CONTEXT('2D SPACE',''
  ) );
#4696 = ADVANCED_FACE('',(#4697),#937,.T.);
#4697 = FACE_BOUND('',#4698,.T.);
#4698 = EDGE_LOOP('',(#4699,#4722,#4723,#4724));
#4699 = ORIENTED_EDGE('',*,*,#4700,.F.);
#4700 = EDGE_CURVE('',#889,#4701,#4703,.T.);
#4701 = VERTEX_POINT('',#4702);
#4702 = CARTESIAN_POINT('',(-17.32497660562,2.250000001368,9.4));
#4703 = SURFACE_CURVE('',#4704,(#4708,#4715),.PCURVE_S1.);
#4704 = LINE('',#4705,#4706);
#4705 = CARTESIAN_POINT('',(-17.32497660562,2.250000001368,-29.25001));
#4706 = VECTOR('',#4707,1.);
#4707 = DIRECTION('',(0.,0.,1.));
#4708 = PCURVE('',#937,#4709);
#4709 = DEFINITIONAL_REPRESENTATION('',(#4710),#4714);
#4710 = LINE('',#4711,#4712);
#4711 = CARTESIAN_POINT('',(5.993010759872,0.));
#4712 = VECTOR('',#4713,1.);
#4713 = DIRECTION('',(0.,-1.));
#4714 = ( GEOMETRIC_REPRESENTATION_CONTEXT(2) 
PARAMETRIC_REPRESENTATION_CONTEXT() REPRESENTATION_CONTEXT('2D SPACE',''
  ) );
#4715 = PCURVE('',#909,#4716);
#4716 = DEFINITIONAL_REPRESENTATION('',(#4717),#4721);
#4717 = LINE('',#4718,#4719);
#4718 = CARTESIAN_POINT('',(1.570796326795,0.));
#4719 = VECTOR('',#4720,1.);
#4720 = DIRECTION('',(0.,-1.));
#4721 = ( GEOMETRIC_REPRESENTATION_CONTEXT(2) 
PARAMETRIC_REPRESENTATION_CONTEXT() REPRESENTATION_CONTEXT('2D SPACE',''
  ) );
#4722 = ORIENTED_EDGE('',*,*,#921,.T.);
#4723 = ORIENTED_EDGE('',*,*,#4648,.T.);
#4724 = ORIENTED_EDGE('',*,*,#4725,.T.);
#4725 = EDGE_CURVE('',#4649,#4701,#4726,.T.);
#4726 = SURFACE_CURVE('',#4727,(#4731,#4737),.PCURVE_S1.);
#4727 = LINE('',#4728,#4729);
#4728 = CARTESIAN_POINT('',(-5.667253508004,2.251363627232,9.4));
#4729 = VECTOR('',#4730,1.);
#4730 = DIRECTION('',(-0.999999993159,-1.169718857316E-04,0.));
#4731 = PCURVE('',#937,#4732);
#4732 = DEFINITIONAL_REPRESENTATION('',(#4733),#4736);
#4733 = B_SPLINE_CURVE_WITH_KNOTS('',1,(#4734,#4735),.UNSPECIFIED.,.F.,
  .F.,(2,2),(5.664712417499,11.657723177372),.PIECEWISE_BEZIER_KNOTS.);
#4734 = CARTESIAN_POINT('',(0.,-38.65001));
#4735 = CARTESIAN_POINT('',(5.993010759872,-38.65001));
#4736 = ( GEOMETRIC_REPRESENTATION_CONTEXT(2) 
PARAMETRIC_REPRESENTATION_CONTEXT() REPRESENTATION_CONTEXT('2D SPACE',''
  ) );
#4737 = PCURVE('',#4532,#4738);
#4738 = DEFINITIONAL_REPRESENTATION('',(#4739),#4742);
#4739 = B_SPLINE_CURVE_WITH_KNOTS('',1,(#4740,#4741),.UNSPECIFIED.,.F.,
  .F.,(2,2),(5.664712417499,11.657723177372),.PIECEWISE_BEZIER_KNOTS.);
#4740 = CARTESIAN_POINT('',(-11.32984487834,3.590314316674));
#4741 = CARTESIAN_POINT('',(-17.32285559721,3.589613302904));
#4742 = ( GEOMETRIC_REPRESENTATION_CONTEXT(2) 
PARAMETRIC_REPRESENTATION_CONTEXT() REPRESENTATION_CONTEXT('2D SPACE',''
  ) );
#4743 = ADVANCED_FACE('',(#4744),#909,.T.);
#4744 = FACE_BOUND('',#4745,.T.);
#4745 = EDGE_LOOP('',(#4746,#4747,#4748,#4776));
#4746 = ORIENTED_EDGE('',*,*,#888,.F.);
#4747 = ORIENTED_EDGE('',*,*,#4700,.T.);
#4748 = ORIENTED_EDGE('',*,*,#4749,.T.);
#4749 = EDGE_CURVE('',#4701,#4750,#4752,.T.);
#4750 = VERTEX_POINT('',#4751);
#4751 = CARTESIAN_POINT('',(-17.32500014941,2.25,9.4));
#4752 = SURFACE_CURVE('',#4753,(#4758,#4765),.PCURVE_S1.);
#4753 = CIRCLE('',#4754,0.2);
#4754 = AXIS2_PLACEMENT_3D('',#4755,#4756,#4757);
#4755 = CARTESIAN_POINT('',(-17.325,2.45,9.4));
#4756 = DIRECTION('',(0.,0.,-1.));
#4757 = DIRECTION('',(0.999999993159,1.169718857316E-04,0.));
#4758 = PCURVE('',#909,#4759);
#4759 = DEFINITIONAL_REPRESENTATION('',(#4760),#4764);
#4760 = LINE('',#4761,#4762);
#4761 = CARTESIAN_POINT('',(0.,-38.65001));
#4762 = VECTOR('',#4763,1.);
#4763 = DIRECTION('',(1.,0.));
#4764 = ( GEOMETRIC_REPRESENTATION_CONTEXT(2) 
PARAMETRIC_REPRESENTATION_CONTEXT() REPRESENTATION_CONTEXT('2D SPACE',''
  ) );
#4765 = PCURVE('',#4532,#4766);
#4766 = DEFINITIONAL_REPRESENTATION('',(#4767),#4775);
#4767 = ( BOUNDED_CURVE() B_SPLINE_CURVE(2,(#4768,#4769,#4770,#4771,
#4772,#4773,#4774),.UNSPECIFIED.,.T.,.F.) B_SPLINE_CURVE_WITH_KNOTS((1,2
    ,2,2,2,1),(-2.094395102393,0.,2.094395102393,4.188790204786,
6.28318530718,8.377580409573),.UNSPECIFIED.) CURVE() 
GEOMETRIC_REPRESENTATION_ITEM() RATIONAL_B_SPLINE_CURVE((1.,0.5,1.,0.5,
1.,0.5,1.)) REPRESENTATION_ITEM('') );
#4768 = CARTESIAN_POINT('',(-17.12287899296,3.789636695913));
#4769 = CARTESIAN_POINT('',(-17.12283847271,3.443226536769));
#4770 = CARTESIAN_POINT('',(-17.42285873078,3.616396524775));
#4771 = CARTESIAN_POINT('',(-17.72287898885,3.789566512781));
#4772 = CARTESIAN_POINT('',(-17.42289925103,3.962806683919));
#4773 = CARTESIAN_POINT('',(-17.12291951321,4.136046855057));
#4774 = CARTESIAN_POINT('',(-17.12287899296,3.789636695913));
#4775 = ( GEOMETRIC_REPRESENTATION_CONTEXT(2) 
PARAMETRIC_REPRESENTATION_CONTEXT() REPRESENTATION_CONTEXT('2D SPACE',''
  ) );
#4776 = ORIENTED_EDGE('',*,*,#4777,.F.);
#4777 = EDGE_CURVE('',#856,#4750,#4778,.T.);
#4778 = SURFACE_CURVE('',#4779,(#4783,#4790),.PCURVE_S1.);
#4779 = LINE('',#4780,#4781);
#4780 = CARTESIAN_POINT('',(-17.32500014941,2.25,-29.25001));
#4781 = VECTOR('',#4782,1.);
#4782 = DIRECTION('',(0.,0.,1.));
#4783 = PCURVE('',#909,#4784);
#4784 = DEFINITIONAL_REPRESENTATION('',(#4785),#4789);
#4785 = LINE('',#4786,#4787);
#4786 = CARTESIAN_POINT('',(1.570914045757,0.));
#4787 = VECTOR('',#4788,1.);
#4788 = DIRECTION('',(0.,-1.));
#4789 = ( GEOMETRIC_REPRESENTATION_CONTEXT(2) 
PARAMETRIC_REPRESENTATION_CONTEXT() REPRESENTATION_CONTEXT('2D SPACE',''
  ) );
#4790 = PCURVE('',#876,#4791);
#4791 = DEFINITIONAL_REPRESENTATION('',(#4792),#4796);
#4792 = LINE('',#4793,#4794);
#4793 = CARTESIAN_POINT('',(-6.28318530718,0.));
#4794 = VECTOR('',#4795,1.);
#4795 = DIRECTION('',(-0.,-1.));
#4796 = ( GEOMETRIC_REPRESENTATION_CONTEXT(2) 
PARAMETRIC_REPRESENTATION_CONTEXT() REPRESENTATION_CONTEXT('2D SPACE',''
  ) );
#4797 = ADVANCED_FACE('',(#4798),#876,.F.);
#4798 = FACE_BOUND('',#4799,.T.);
#4799 = EDGE_LOOP('',(#4800,#4822,#4823,#4824));
#4800 = ORIENTED_EDGE('',*,*,#4801,.F.);
#4801 = EDGE_CURVE('',#829,#4802,#4804,.T.);
#4802 = VERTEX_POINT('',#4803);
#4803 = CARTESIAN_POINT('',(-18.125,1.45,9.4));
#4804 = SURFACE_CURVE('',#4805,(#4809,#4815),.PCURVE_S1.);
#4805 = LINE('',#4806,#4807);
#4806 = CARTESIAN_POINT('',(-18.125,1.45,-29.25001));
#4807 = VECTOR('',#4808,1.);
#4808 = DIRECTION('',(0.,0.,1.));
#4809 = PCURVE('',#876,#4810);
#4810 = DEFINITIONAL_REPRESENTATION('',(#4811),#4814);
#4811 = B_SPLINE_CURVE_WITH_KNOTS('',1,(#4812,#4813),.UNSPECIFIED.,.F.,
  .F.,(2,2),(33.250010000001,40.250010000001),.PIECEWISE_BEZIER_KNOTS.);
#4812 = CARTESIAN_POINT('',(-7.853983128126,-33.25001));
#4813 = CARTESIAN_POINT('',(-7.853983128126,-40.25001));
#4814 = ( GEOMETRIC_REPRESENTATION_CONTEXT(2) 
PARAMETRIC_REPRESENTATION_CONTEXT() REPRESENTATION_CONTEXT('2D SPACE',''
  ) );
#4815 = PCURVE('',#844,#4816);
#4816 = DEFINITIONAL_REPRESENTATION('',(#4817),#4821);
#4817 = LINE('',#4818,#4819);
#4818 = CARTESIAN_POINT('',(0.,0.));
#4819 = VECTOR('',#4820,1.);
#4820 = DIRECTION('',(0.,-1.));
#4821 = ( GEOMETRIC_REPRESENTATION_CONTEXT(2) 
PARAMETRIC_REPRESENTATION_CONTEXT() REPRESENTATION_CONTEXT('2D SPACE',''
  ) );
#4822 = ORIENTED_EDGE('',*,*,#855,.T.);
#4823 = ORIENTED_EDGE('',*,*,#4777,.T.);
#4824 = ORIENTED_EDGE('',*,*,#4825,.F.);
#4825 = EDGE_CURVE('',#4802,#4750,#4826,.T.);
#4826 = SURFACE_CURVE('',#4827,(#4832,#4839),.PCURVE_S1.);
#4827 = CIRCLE('',#4828,0.799999252925);
#4828 = AXIS2_PLACEMENT_3D('',#4829,#4830,#4831);
#4829 = CARTESIAN_POINT('',(-17.32500074707,1.450000747075,9.4));
#4830 = DIRECTION('',(0.,0.,-1.));
#4831 = DIRECTION('',(7.470757350764E-07,1.,0.));
#4832 = PCURVE('',#876,#4833);
#4833 = DEFINITIONAL_REPRESENTATION('',(#4834),#4838);
#4834 = LINE('',#4835,#4836);
#4835 = CARTESIAN_POINT('',(-12.56637061435,-38.65001));
#4836 = VECTOR('',#4837,1.);
#4837 = DIRECTION('',(1.,-0.));
#4838 = ( GEOMETRIC_REPRESENTATION_CONTEXT(2) 
PARAMETRIC_REPRESENTATION_CONTEXT() REPRESENTATION_CONTEXT('2D SPACE',''
  ) );
#4839 = PCURVE('',#4532,#4840);
#4840 = DEFINITIONAL_REPRESENTATION('',(#4841),#4849);
#4841 = ( BOUNDED_CURVE() B_SPLINE_CURVE(2,(#4842,#4843,#4844,#4845,
#4846,#4847,#4848),.UNSPECIFIED.,.T.,.F.) B_SPLINE_CURVE_WITH_KNOTS((1,2
    ,2,2,2,1),(-2.094395102393,0.,2.094395102393,4.188790204786,
6.28318530718,8.377580409573),.UNSPECIFIED.) CURVE() 
GEOMETRIC_REPRESENTATION_ITEM() RATIONAL_B_SPLINE_CURVE((1.,0.5,1.,0.5,
1.,0.5,1.)) REPRESENTATION_ITEM('') );
#4842 = CARTESIAN_POINT('',(-17.32287914101,3.589613301536));
#4843 = CARTESIAN_POINT('',(-15.93723978892,3.589612266358));
#4844 = CARTESIAN_POINT('',(-16.63006036145,2.38961390456));
#4845 = CARTESIAN_POINT('',(-17.32288093399,1.189615542761));
#4846 = CARTESIAN_POINT('',(-18.01569971354,2.389614939737));
#4847 = CARTESIAN_POINT('',(-18.70851849309,3.589614336713));
#4848 = CARTESIAN_POINT('',(-17.32287914101,3.589613301536));
#4849 = ( GEOMETRIC_REPRESENTATION_CONTEXT(2) 
PARAMETRIC_REPRESENTATION_CONTEXT() REPRESENTATION_CONTEXT('2D SPACE',''
  ) );
#4850 = ADVANCED_FACE('',(#4851,#4897,#4927,#4957,#4987,#5017,#5047,
    #5077),#844,.T.);
#4851 = FACE_BOUND('',#4852,.T.);
#4852 = EDGE_LOOP('',(#4853,#4876,#4877,#4878));
#4853 = ORIENTED_EDGE('',*,*,#4854,.F.);
#4854 = EDGE_CURVE('',#796,#4855,#4857,.T.);
#4855 = VERTEX_POINT('',#4856);
#4856 = CARTESIAN_POINT('',(-18.125,-11.05000014941,9.4));
#4857 = SURFACE_CURVE('',#4858,(#4862,#4869),.PCURVE_S1.);
#4858 = LINE('',#4859,#4860);
#4859 = CARTESIAN_POINT('',(-18.125,-11.05000014941,-29.25001));
#4860 = VECTOR('',#4861,1.);
#4861 = DIRECTION('',(0.,0.,1.));
#4862 = PCURVE('',#844,#4863);
#4863 = DEFINITIONAL_REPRESENTATION('',(#4864),#4868);
#4864 = LINE('',#4865,#4866);
#4865 = CARTESIAN_POINT('',(12.500000149415,0.));
#4866 = VECTOR('',#4867,1.);
#4867 = DIRECTION('',(0.,-1.));
#4868 = ( GEOMETRIC_REPRESENTATION_CONTEXT(2) 
PARAMETRIC_REPRESENTATION_CONTEXT() REPRESENTATION_CONTEXT('2D SPACE',''
  ) );
#4869 = PCURVE('',#816,#4870);
#4870 = DEFINITIONAL_REPRESENTATION('',(#4871),#4875);
#4871 = LINE('',#4872,#4873);
#4872 = CARTESIAN_POINT('',(-6.28318530718,0.));
#4873 = VECTOR('',#4874,1.);
#4874 = DIRECTION('',(-0.,-1.));
#4875 = ( GEOMETRIC_REPRESENTATION_CONTEXT(2) 
PARAMETRIC_REPRESENTATION_CONTEXT() REPRESENTATION_CONTEXT('2D SPACE',''
  ) );
#4876 = ORIENTED_EDGE('',*,*,#828,.T.);
#4877 = ORIENTED_EDGE('',*,*,#4801,.T.);
#4878 = ORIENTED_EDGE('',*,*,#4879,.T.);
#4879 = EDGE_CURVE('',#4802,#4855,#4880,.T.);
#4880 = SURFACE_CURVE('',#4881,(#4885,#4891),.PCURVE_S1.);
#4881 = LINE('',#4882,#4883);
#4882 = CARTESIAN_POINT('',(-18.125,5.51933492322E-02,9.4));
#4883 = VECTOR('',#4884,1.);
#4884 = DIRECTION('',(-1.224646799147E-16,-1.,0.));
#4885 = PCURVE('',#844,#4886);
#4886 = DEFINITIONAL_REPRESENTATION('',(#4887),#4890);
#4887 = B_SPLINE_CURVE_WITH_KNOTS('',1,(#4888,#4889),.UNSPECIFIED.,.F.,
  .F.,(2,2),(-1.394806650768,11.105193498647),.PIECEWISE_BEZIER_KNOTS.);
#4888 = CARTESIAN_POINT('',(0.,-38.65001));
#4889 = CARTESIAN_POINT('',(12.500000149415,-38.65001));
#4890 = ( GEOMETRIC_REPRESENTATION_CONTEXT(2) 
PARAMETRIC_REPRESENTATION_CONTEXT() REPRESENTATION_CONTEXT('2D SPACE',''
  ) );
#4891 = PCURVE('',#4532,#4892);
#4892 = DEFINITIONAL_REPRESENTATION('',(#4893),#4896);
#4893 = B_SPLINE_CURVE_WITH_KNOTS('',1,(#4894,#4895),.UNSPECIFIED.,.F.,
  .F.,(2,2),(-1.394806650768,11.105193498647),.PIECEWISE_BEZIER_KNOTS.);
#4894 = CARTESIAN_POINT('',(-18.12287899159,2.789613301536));
#4895 = CARTESIAN_POINT('',(-18.12287899159,-9.71038684788));
#4896 = ( GEOMETRIC_REPRESENTATION_CONTEXT(2) 
PARAMETRIC_REPRESENTATION_CONTEXT() REPRESENTATION_CONTEXT('2D SPACE',''
  ) );
#4897 = FACE_BOUND('',#4898,.T.);
#4898 = EDGE_LOOP('',(#4899));
#4899 = ORIENTED_EDGE('',*,*,#4900,.T.);
#4900 = EDGE_CURVE('',#4901,#4901,#4903,.T.);
#4901 = VERTEX_POINT('',#4902);
#4902 = CARTESIAN_POINT('',(-18.125,2.22044604925E-16,8.558845726812));
#4903 = SURFACE_CURVE('',#4904,(#4909,#4920),.PCURVE_S1.);
#4904 = CIRCLE('',#4905,0.6);
#4905 = AXIS2_PLACEMENT_3D('',#4906,#4907,#4908);
#4906 = CARTESIAN_POINT('',(-18.125,-0.6,8.558845726812));
#4907 = DIRECTION('',(-1.,0.,0.));
#4908 = DIRECTION('',(0.,1.,0.));
#4909 = PCURVE('',#844,#4910);
#4910 = DEFINITIONAL_REPRESENTATION('',(#4911),#4919);
#4911 = ( BOUNDED_CURVE() B_SPLINE_CURVE(2,(#4912,#4913,#4914,#4915,
#4916,#4917,#4918),.UNSPECIFIED.,.T.,.F.) B_SPLINE_CURVE_WITH_KNOTS((1,2
    ,2,2,2,1),(-2.094395102393,0.,2.094395102393,4.188790204786,
6.28318530718,8.377580409573),.UNSPECIFIED.) CURVE() 
GEOMETRIC_REPRESENTATION_ITEM() RATIONAL_B_SPLINE_CURVE((1.,0.5,1.,0.5,
1.,0.5,1.)) REPRESENTATION_ITEM('') );
#4912 = CARTESIAN_POINT('',(1.45,-37.80885572681));
#4913 = CARTESIAN_POINT('',(1.45,-36.76962524227));
#4914 = CARTESIAN_POINT('',(2.35,-37.28924048454));
#4915 = CARTESIAN_POINT('',(3.25,-37.80885572681));
#4916 = CARTESIAN_POINT('',(2.35,-38.32847096908));
#4917 = CARTESIAN_POINT('',(1.45,-38.84808621135));
#4918 = CARTESIAN_POINT('',(1.45,-37.80885572681));
#4919 = ( GEOMETRIC_REPRESENTATION_CONTEXT(2) 
PARAMETRIC_REPRESENTATION_CONTEXT() REPRESENTATION_CONTEXT('2D SPACE',''
  ) );
#4920 = PCURVE('',#3515,#4921);
#4921 = DEFINITIONAL_REPRESENTATION('',(#4922),#4926);
#4922 = LINE('',#4923,#4924);
#4923 = CARTESIAN_POINT('',(6.28318530718,1.875));
#4924 = VECTOR('',#4925,1.);
#4925 = DIRECTION('',(-1.,-0.));
#4926 = ( GEOMETRIC_REPRESENTATION_CONTEXT(2) 
PARAMETRIC_REPRESENTATION_CONTEXT() REPRESENTATION_CONTEXT('2D SPACE',''
  ) );
#4927 = FACE_BOUND('',#4928,.T.);
#4928 = EDGE_LOOP('',(#4929));
#4929 = ORIENTED_EDGE('',*,*,#4930,.T.);
#4930 = EDGE_CURVE('',#4931,#4931,#4933,.T.);
#4931 = VERTEX_POINT('',#4932);
#4932 = CARTESIAN_POINT('',(-18.125,-1.8,8.558845726812));
#4933 = SURFACE_CURVE('',#4934,(#4939,#4950),.PCURVE_S1.);
#4934 = CIRCLE('',#4935,0.6);
#4935 = AXIS2_PLACEMENT_3D('',#4936,#4937,#4938);
#4936 = CARTESIAN_POINT('',(-18.125,-2.4,8.558845726812));
#4937 = DIRECTION('',(-1.,0.,0.));
#4938 = DIRECTION('',(0.,1.,0.));
#4939 = PCURVE('',#844,#4940);
#4940 = DEFINITIONAL_REPRESENTATION('',(#4941),#4949);
#4941 = ( BOUNDED_CURVE() B_SPLINE_CURVE(2,(#4942,#4943,#4944,#4945,
#4946,#4947,#4948),.UNSPECIFIED.,.T.,.F.) B_SPLINE_CURVE_WITH_KNOTS((1,2
    ,2,2,2,1),(-2.094395102393,0.,2.094395102393,4.188790204786,
6.28318530718,8.377580409573),.UNSPECIFIED.) CURVE() 
GEOMETRIC_REPRESENTATION_ITEM() RATIONAL_B_SPLINE_CURVE((1.,0.5,1.,0.5,
1.,0.5,1.)) REPRESENTATION_ITEM('') );
#4942 = CARTESIAN_POINT('',(3.25,-37.80885572681));
#4943 = CARTESIAN_POINT('',(3.25,-36.76962524227));
#4944 = CARTESIAN_POINT('',(4.15,-37.28924048454));
#4945 = CARTESIAN_POINT('',(5.05,-37.80885572681));
#4946 = CARTESIAN_POINT('',(4.15,-38.32847096908));
#4947 = CARTESIAN_POINT('',(3.25,-38.84808621135));
#4948 = CARTESIAN_POINT('',(3.25,-37.80885572681));
#4949 = ( GEOMETRIC_REPRESENTATION_CONTEXT(2) 
PARAMETRIC_REPRESENTATION_CONTEXT() REPRESENTATION_CONTEXT('2D SPACE',''
  ) );
#4950 = PCURVE('',#3546,#4951);
#4951 = DEFINITIONAL_REPRESENTATION('',(#4952),#4956);
#4952 = LINE('',#4953,#4954);
#4953 = CARTESIAN_POINT('',(6.28318530718,1.875));
#4954 = VECTOR('',#4955,1.);
#4955 = DIRECTION('',(-1.,-0.));
#4956 = ( GEOMETRIC_REPRESENTATION_CONTEXT(2) 
PARAMETRIC_REPRESENTATION_CONTEXT() REPRESENTATION_CONTEXT('2D SPACE',''
  ) );
#4957 = FACE_BOUND('',#4958,.T.);
#4958 = EDGE_LOOP('',(#4959));
#4959 = ORIENTED_EDGE('',*,*,#4960,.T.);
#4960 = EDGE_CURVE('',#4961,#4961,#4963,.T.);
#4961 = VERTEX_POINT('',#4962);
#4962 = CARTESIAN_POINT('',(-18.125,0.9,7.));
#4963 = SURFACE_CURVE('',#4964,(#4969,#4980),.PCURVE_S1.);
#4964 = CIRCLE('',#4965,0.6);
#4965 = AXIS2_PLACEMENT_3D('',#4966,#4967,#4968);
#4966 = CARTESIAN_POINT('',(-18.125,0.3,7.));
#4967 = DIRECTION('',(-1.,0.,0.));
#4968 = DIRECTION('',(0.,1.,0.));
#4969 = PCURVE('',#844,#4970);
#4970 = DEFINITIONAL_REPRESENTATION('',(#4971),#4979);
#4971 = ( BOUNDED_CURVE() B_SPLINE_CURVE(2,(#4972,#4973,#4974,#4975,
#4976,#4977,#4978),.UNSPECIFIED.,.T.,.F.) B_SPLINE_CURVE_WITH_KNOTS((1,2
    ,2,2,2,1),(-2.094395102393,0.,2.094395102393,4.188790204786,
6.28318530718,8.377580409573),.UNSPECIFIED.) CURVE() 
GEOMETRIC_REPRESENTATION_ITEM() RATIONAL_B_SPLINE_CURVE((1.,0.5,1.,0.5,
1.,0.5,1.)) REPRESENTATION_ITEM('') );
#4972 = CARTESIAN_POINT('',(0.55,-36.25001));
#4973 = CARTESIAN_POINT('',(0.55,-35.21077951545));
#4974 = CARTESIAN_POINT('',(1.45,-35.73039475773));
#4975 = CARTESIAN_POINT('',(2.35,-36.25001));
#4976 = CARTESIAN_POINT('',(1.45,-36.76962524227));
#4977 = CARTESIAN_POINT('',(0.55,-37.28924048454));
#4978 = CARTESIAN_POINT('',(0.55,-36.25001));
#4979 = ( GEOMETRIC_REPRESENTATION_CONTEXT(2) 
PARAMETRIC_REPRESENTATION_CONTEXT() REPRESENTATION_CONTEXT('2D SPACE',''
  ) );
#4980 = PCURVE('',#3577,#4981);
#4981 = DEFINITIONAL_REPRESENTATION('',(#4982),#4986);
#4982 = LINE('',#4983,#4984);
#4983 = CARTESIAN_POINT('',(6.28318530718,1.875));
#4984 = VECTOR('',#4985,1.);
#4985 = DIRECTION('',(-1.,-0.));
#4986 = ( GEOMETRIC_REPRESENTATION_CONTEXT(2) 
PARAMETRIC_REPRESENTATION_CONTEXT() REPRESENTATION_CONTEXT('2D SPACE',''
  ) );
#4987 = FACE_BOUND('',#4988,.T.);
#4988 = EDGE_LOOP('',(#4989));
#4989 = ORIENTED_EDGE('',*,*,#4990,.T.);
#4990 = EDGE_CURVE('',#4991,#4991,#4993,.T.);
#4991 = VERTEX_POINT('',#4992);
#4992 = CARTESIAN_POINT('',(-18.125,-1.33226762955E-15,5.441154273188));
#4993 = SURFACE_CURVE('',#4994,(#4999,#5010),.PCURVE_S1.);
#4994 = CIRCLE('',#4995,0.6);
#4995 = AXIS2_PLACEMENT_3D('',#4996,#4997,#4998);
#4996 = CARTESIAN_POINT('',(-18.125,-0.6,5.441154273188));
#4997 = DIRECTION('',(-1.,0.,0.));
#4998 = DIRECTION('',(0.,1.,0.));
#4999 = PCURVE('',#844,#5000);
#5000 = DEFINITIONAL_REPRESENTATION('',(#5001),#5009);
#5001 = ( BOUNDED_CURVE() B_SPLINE_CURVE(2,(#5002,#5003,#5004,#5005,
#5006,#5007,#5008),.UNSPECIFIED.,.T.,.F.) B_SPLINE_CURVE_WITH_KNOTS((1,2
    ,2,2,2,1),(-2.094395102393,0.,2.094395102393,4.188790204786,
6.28318530718,8.377580409573),.UNSPECIFIED.) CURVE() 
GEOMETRIC_REPRESENTATION_ITEM() RATIONAL_B_SPLINE_CURVE((1.,0.5,1.,0.5,
1.,0.5,1.)) REPRESENTATION_ITEM('') );
#5002 = CARTESIAN_POINT('',(1.45,-34.69116427318));
#5003 = CARTESIAN_POINT('',(1.45,-33.65193378864));
#5004 = CARTESIAN_POINT('',(2.35,-34.17154903091));
#5005 = CARTESIAN_POINT('',(3.25,-34.69116427318));
#5006 = CARTESIAN_POINT('',(2.35,-35.21077951545));
#5007 = CARTESIAN_POINT('',(1.45,-35.73039475773));
#5008 = CARTESIAN_POINT('',(1.45,-34.69116427318));
#5009 = ( GEOMETRIC_REPRESENTATION_CONTEXT(2) 
PARAMETRIC_REPRESENTATION_CONTEXT() REPRESENTATION_CONTEXT('2D SPACE',''
  ) );
#5010 = PCURVE('',#3639,#5011);
#5011 = DEFINITIONAL_REPRESENTATION('',(#5012),#5016);
#5012 = LINE('',#5013,#5014);
#5013 = CARTESIAN_POINT('',(6.28318530718,1.875));
#5014 = VECTOR('',#5015,1.);
#5015 = DIRECTION('',(-1.,-0.));
#5016 = ( GEOMETRIC_REPRESENTATION_CONTEXT(2) 
PARAMETRIC_REPRESENTATION_CONTEXT() REPRESENTATION_CONTEXT('2D SPACE',''
  ) );
#5017 = FACE_BOUND('',#5018,.T.);
#5018 = EDGE_LOOP('',(#5019));
#5019 = ORIENTED_EDGE('',*,*,#5020,.T.);
#5020 = EDGE_CURVE('',#5021,#5021,#5023,.T.);
#5021 = VERTEX_POINT('',#5022);
#5022 = CARTESIAN_POINT('',(-18.125,-0.9,7.));
#5023 = SURFACE_CURVE('',#5024,(#5029,#5040),.PCURVE_S1.);
#5024 = CIRCLE('',#5025,0.6);
#5025 = AXIS2_PLACEMENT_3D('',#5026,#5027,#5028);
#5026 = CARTESIAN_POINT('',(-18.125,-1.5,7.));
#5027 = DIRECTION('',(-1.,0.,0.));
#5028 = DIRECTION('',(0.,1.,0.));
#5029 = PCURVE('',#844,#5030);
#5030 = DEFINITIONAL_REPRESENTATION('',(#5031),#5039);
#5031 = ( BOUNDED_CURVE() B_SPLINE_CURVE(2,(#5032,#5033,#5034,#5035,
#5036,#5037,#5038),.UNSPECIFIED.,.T.,.F.) B_SPLINE_CURVE_WITH_KNOTS((1,2
    ,2,2,2,1),(-2.094395102393,0.,2.094395102393,4.188790204786,
6.28318530718,8.377580409573),.UNSPECIFIED.) CURVE() 
GEOMETRIC_REPRESENTATION_ITEM() RATIONAL_B_SPLINE_CURVE((1.,0.5,1.,0.5,
1.,0.5,1.)) REPRESENTATION_ITEM('') );
#5032 = CARTESIAN_POINT('',(2.35,-36.25001));
#5033 = CARTESIAN_POINT('',(2.35,-35.21077951545));
#5034 = CARTESIAN_POINT('',(3.25,-35.73039475773));
#5035 = CARTESIAN_POINT('',(4.15,-36.25001));
#5036 = CARTESIAN_POINT('',(3.25,-36.76962524227));
#5037 = CARTESIAN_POINT('',(2.35,-37.28924048454));
#5038 = CARTESIAN_POINT('',(2.35,-36.25001));
#5039 = ( GEOMETRIC_REPRESENTATION_CONTEXT(2) 
PARAMETRIC_REPRESENTATION_CONTEXT() REPRESENTATION_CONTEXT('2D SPACE',''
  ) );
#5040 = PCURVE('',#3608,#5041);
#5041 = DEFINITIONAL_REPRESENTATION('',(#5042),#5046);
#5042 = LINE('',#5043,#5044);
#5043 = CARTESIAN_POINT('',(6.28318530718,1.875));
#5044 = VECTOR('',#5045,1.);
#5045 = DIRECTION('',(-1.,-0.));
#5046 = ( GEOMETRIC_REPRESENTATION_CONTEXT(2) 
PARAMETRIC_REPRESENTATION_CONTEXT() REPRESENTATION_CONTEXT('2D SPACE',''
  ) );
#5047 = FACE_BOUND('',#5048,.T.);
#5048 = EDGE_LOOP('',(#5049));
#5049 = ORIENTED_EDGE('',*,*,#5050,.T.);
#5050 = EDGE_CURVE('',#5051,#5051,#5053,.T.);
#5051 = VERTEX_POINT('',#5052);
#5052 = CARTESIAN_POINT('',(-18.125,-2.7,7.));
#5053 = SURFACE_CURVE('',#5054,(#5059,#5070),.PCURVE_S1.);
#5054 = CIRCLE('',#5055,0.6);
#5055 = AXIS2_PLACEMENT_3D('',#5056,#5057,#5058);
#5056 = CARTESIAN_POINT('',(-18.125,-3.3,7.));
#5057 = DIRECTION('',(-1.,0.,0.));
#5058 = DIRECTION('',(0.,1.,0.));
#5059 = PCURVE('',#844,#5060);
#5060 = DEFINITIONAL_REPRESENTATION('',(#5061),#5069);
#5061 = ( BOUNDED_CURVE() B_SPLINE_CURVE(2,(#5062,#5063,#5064,#5065,
#5066,#5067,#5068),.UNSPECIFIED.,.T.,.F.) B_SPLINE_CURVE_WITH_KNOTS((1,2
    ,2,2,2,1),(-2.094395102393,0.,2.094395102393,4.188790204786,
6.28318530718,8.377580409573),.UNSPECIFIED.) CURVE() 
GEOMETRIC_REPRESENTATION_ITEM() RATIONAL_B_SPLINE_CURVE((1.,0.5,1.,0.5,
1.,0.5,1.)) REPRESENTATION_ITEM('') );
#5062 = CARTESIAN_POINT('',(4.15,-36.25001));
#5063 = CARTESIAN_POINT('',(4.15,-35.21077951545));
#5064 = CARTESIAN_POINT('',(5.05,-35.73039475773));
#5065 = CARTESIAN_POINT('',(5.95,-36.25001));
#5066 = CARTESIAN_POINT('',(5.05,-36.76962524227));
#5067 = CARTESIAN_POINT('',(4.15,-37.28924048454));
#5068 = CARTESIAN_POINT('',(4.15,-36.25001));
#5069 = ( GEOMETRIC_REPRESENTATION_CONTEXT(2) 
PARAMETRIC_REPRESENTATION_CONTEXT() REPRESENTATION_CONTEXT('2D SPACE',''
  ) );
#5070 = PCURVE('',#3670,#5071);
#5071 = DEFINITIONAL_REPRESENTATION('',(#5072),#5076);
#5072 = LINE('',#5073,#5074);
#5073 = CARTESIAN_POINT('',(6.28318530718,1.875));
#5074 = VECTOR('',#5075,1.);
#5075 = DIRECTION('',(-1.,-0.));
#5076 = ( GEOMETRIC_REPRESENTATION_CONTEXT(2) 
PARAMETRIC_REPRESENTATION_CONTEXT() REPRESENTATION_CONTEXT('2D SPACE',''
  ) );
#5077 = FACE_BOUND('',#5078,.T.);
#5078 = EDGE_LOOP('',(#5079));
#5079 = ORIENTED_EDGE('',*,*,#5080,.T.);
#5080 = EDGE_CURVE('',#5081,#5081,#5083,.T.);
#5081 = VERTEX_POINT('',#5082);
#5082 = CARTESIAN_POINT('',(-18.125,-1.8,5.441154273188));
#5083 = SURFACE_CURVE('',#5084,(#5089,#5100),.PCURVE_S1.);
#5084 = CIRCLE('',#5085,0.6);
#5085 = AXIS2_PLACEMENT_3D('',#5086,#5087,#5088);
#5086 = CARTESIAN_POINT('',(-18.125,-2.4,5.441154273188));
#5087 = DIRECTION('',(-1.,0.,0.));
#5088 = DIRECTION('',(0.,1.,0.));
#5089 = PCURVE('',#844,#5090);
#5090 = DEFINITIONAL_REPRESENTATION('',(#5091),#5099);
#5091 = ( BOUNDED_CURVE() B_SPLINE_CURVE(2,(#5092,#5093,#5094,#5095,
#5096,#5097,#5098),.UNSPECIFIED.,.T.,.F.) B_SPLINE_CURVE_WITH_KNOTS((1,2
    ,2,2,2,1),(-2.094395102393,0.,2.094395102393,4.188790204786,
6.28318530718,8.377580409573),.UNSPECIFIED.) CURVE() 
GEOMETRIC_REPRESENTATION_ITEM() RATIONAL_B_SPLINE_CURVE((1.,0.5,1.,0.5,
1.,0.5,1.)) REPRESENTATION_ITEM('') );
#5092 = CARTESIAN_POINT('',(3.25,-34.69116427318));
#5093 = CARTESIAN_POINT('',(3.25,-33.65193378864));
#5094 = CARTESIAN_POINT('',(4.15,-34.17154903091));
#5095 = CARTESIAN_POINT('',(5.05,-34.69116427318));
#5096 = CARTESIAN_POINT('',(4.15,-35.21077951545));
#5097 = CARTESIAN_POINT('',(3.25,-35.73039475773));
#5098 = CARTESIAN_POINT('',(3.25,-34.69116427318));
#5099 = ( GEOMETRIC_REPRESENTATION_CONTEXT(2) 
PARAMETRIC_REPRESENTATION_CONTEXT() REPRESENTATION_CONTEXT('2D SPACE',''
  ) );
#5100 = PCURVE('',#3701,#5101);
#5101 = DEFINITIONAL_REPRESENTATION('',(#5102),#5106);
#5102 = LINE('',#5103,#5104);
#5103 = CARTESIAN_POINT('',(6.28318530718,1.875));
#5104 = VECTOR('',#5105,1.);
#5105 = DIRECTION('',(-1.,-0.));
#5106 = ( GEOMETRIC_REPRESENTATION_CONTEXT(2) 
PARAMETRIC_REPRESENTATION_CONTEXT() REPRESENTATION_CONTEXT('2D SPACE',''
  ) );
#5107 = ADVANCED_FACE('',(#5108),#816,.F.);
#5108 = FACE_BOUND('',#5109,.T.);
#5109 = EDGE_LOOP('',(#5110,#5132,#5133,#5134));
#5110 = ORIENTED_EDGE('',*,*,#5111,.F.);
#5111 = EDGE_CURVE('',#769,#5112,#5114,.T.);
#5112 = VERTEX_POINT('',#5113);
#5113 = CARTESIAN_POINT('',(-17.325,-11.85,9.4));
#5114 = SURFACE_CURVE('',#5115,(#5119,#5125),.PCURVE_S1.);
#5115 = LINE('',#5116,#5117);
#5116 = CARTESIAN_POINT('',(-17.325,-11.85,-29.25001));
#5117 = VECTOR('',#5118,1.);
#5118 = DIRECTION('',(0.,0.,1.));
#5119 = PCURVE('',#816,#5120);
#5120 = DEFINITIONAL_REPRESENTATION('',(#5121),#5124);
#5121 = B_SPLINE_CURVE_WITH_KNOTS('',1,(#5122,#5123),.UNSPECIFIED.,.F.,
  .F.,(2,2),(33.250010000001,40.250010000001),.PIECEWISE_BEZIER_KNOTS.);
#5122 = CARTESIAN_POINT('',(-7.853983128126,-33.25001));
#5123 = CARTESIAN_POINT('',(-7.853983128126,-40.25001));
#5124 = ( GEOMETRIC_REPRESENTATION_CONTEXT(2) 
PARAMETRIC_REPRESENTATION_CONTEXT() REPRESENTATION_CONTEXT('2D SPACE',''
  ) );
#5125 = PCURVE('',#784,#5126);
#5126 = DEFINITIONAL_REPRESENTATION('',(#5127),#5131);
#5127 = LINE('',#5128,#5129);
#5128 = CARTESIAN_POINT('',(0.,0.));
#5129 = VECTOR('',#5130,1.);
#5130 = DIRECTION('',(0.,-1.));
#5131 = ( GEOMETRIC_REPRESENTATION_CONTEXT(2) 
PARAMETRIC_REPRESENTATION_CONTEXT() REPRESENTATION_CONTEXT('2D SPACE',''
  ) );
#5132 = ORIENTED_EDGE('',*,*,#795,.T.);
#5133 = ORIENTED_EDGE('',*,*,#4854,.T.);
#5134 = ORIENTED_EDGE('',*,*,#5135,.F.);
#5135 = EDGE_CURVE('',#5112,#4855,#5136,.T.);
#5136 = SURFACE_CURVE('',#5137,(#5142,#5149),.PCURVE_S1.);
#5137 = CIRCLE('',#5138,0.799999252925);
#5138 = AXIS2_PLACEMENT_3D('',#5139,#5140,#5141);
#5139 = CARTESIAN_POINT('',(-17.32500074707,-11.05000074707,9.4));
#5140 = DIRECTION('',(-0.,0.,-1.));
#5141 = DIRECTION('',(-1.,7.470757634981E-07,0.));
#5142 = PCURVE('',#816,#5143);
#5143 = DEFINITIONAL_REPRESENTATION('',(#5144),#5148);
#5144 = LINE('',#5145,#5146);
#5145 = CARTESIAN_POINT('',(-12.56637061435,-38.65001));
#5146 = VECTOR('',#5147,1.);
#5147 = DIRECTION('',(1.,-0.));
#5148 = ( GEOMETRIC_REPRESENTATION_CONTEXT(2) 
PARAMETRIC_REPRESENTATION_CONTEXT() REPRESENTATION_CONTEXT('2D SPACE',''
  ) );
#5149 = PCURVE('',#4532,#5150);
#5150 = DEFINITIONAL_REPRESENTATION('',(#5151),#5159);
#5151 = ( BOUNDED_CURVE() B_SPLINE_CURVE(2,(#5152,#5153,#5154,#5155,
#5156,#5157,#5158),.UNSPECIFIED.,.T.,.F.) B_SPLINE_CURVE_WITH_KNOTS((1,2
    ,2,2,2,1),(-2.094395102393,0.,2.094395102393,4.188790204786,
6.28318530718,8.377580409573),.UNSPECIFIED.) CURVE() 
GEOMETRIC_REPRESENTATION_ITEM() RATIONAL_B_SPLINE_CURVE((1.,0.5,1.,0.5,
1.,0.5,1.)) REPRESENTATION_ITEM('') );
#5152 = CARTESIAN_POINT('',(-18.12287899159,-9.71038684788));
#5153 = CARTESIAN_POINT('',(-18.12287795641,-8.324747495797));
#5154 = CARTESIAN_POINT('',(-16.92287959461,-9.017568068328));
#5155 = CARTESIAN_POINT('',(-15.72288123282,-9.71038864086));
#5156 = CARTESIAN_POINT('',(-16.92288062979,-10.40320742041));
#5157 = CARTESIAN_POINT('',(-18.12288002677,-11.09602619996));
#5158 = CARTESIAN_POINT('',(-18.12287899159,-9.71038684788));
#5159 = ( GEOMETRIC_REPRESENTATION_CONTEXT(2) 
PARAMETRIC_REPRESENTATION_CONTEXT() REPRESENTATION_CONTEXT('2D SPACE',''
  ) );
#5160 = ADVANCED_FACE('',(#5161),#784,.T.);
#5161 = FACE_BOUND('',#5162,.T.);
#5162 = EDGE_LOOP('',(#5163,#5186,#5187,#5188));
#5163 = ORIENTED_EDGE('',*,*,#5164,.F.);
#5164 = EDGE_CURVE('',#736,#5165,#5167,.T.);
#5165 = VERTEX_POINT('',#5166);
#5166 = CARTESIAN_POINT('',(17.325000149415,-11.85,9.4));
#5167 = SURFACE_CURVE('',#5168,(#5172,#5179),.PCURVE_S1.);
#5168 = LINE('',#5169,#5170);
#5169 = CARTESIAN_POINT('',(17.325000149415,-11.85,-29.25001));
#5170 = VECTOR('',#5171,1.);
#5171 = DIRECTION('',(0.,0.,1.));
#5172 = PCURVE('',#784,#5173);
#5173 = DEFINITIONAL_REPRESENTATION('',(#5174),#5178);
#5174 = LINE('',#5175,#5176);
#5175 = CARTESIAN_POINT('',(34.650000149415,0.));
#5176 = VECTOR('',#5177,1.);
#5177 = DIRECTION('',(0.,-1.));
#5178 = ( GEOMETRIC_REPRESENTATION_CONTEXT(2) 
PARAMETRIC_REPRESENTATION_CONTEXT() REPRESENTATION_CONTEXT('2D SPACE',''
  ) );
#5179 = PCURVE('',#756,#5180);
#5180 = DEFINITIONAL_REPRESENTATION('',(#5181),#5185);
#5181 = LINE('',#5182,#5183);
#5182 = CARTESIAN_POINT('',(-6.28318530718,0.));
#5183 = VECTOR('',#5184,1.);
#5184 = DIRECTION('',(-0.,-1.));
#5185 = ( GEOMETRIC_REPRESENTATION_CONTEXT(2) 
PARAMETRIC_REPRESENTATION_CONTEXT() REPRESENTATION_CONTEXT('2D SPACE',''
  ) );
#5186 = ORIENTED_EDGE('',*,*,#768,.T.);
#5187 = ORIENTED_EDGE('',*,*,#5111,.T.);
#5188 = ORIENTED_EDGE('',*,*,#5189,.T.);
#5189 = EDGE_CURVE('',#5112,#5165,#5190,.T.);
#5190 = SURFACE_CURVE('',#5191,(#5195,#5201),.PCURVE_S1.);
#5191 = LINE('',#5192,#5193);
#5192 = CARTESIAN_POINT('',(-8.663560504203,-11.85,9.4));
#5193 = VECTOR('',#5194,1.);
#5194 = DIRECTION('',(1.,-1.224646799147E-16,0.));
#5195 = PCURVE('',#784,#5196);
#5196 = DEFINITIONAL_REPRESENTATION('',(#5197),#5200);
#5197 = B_SPLINE_CURVE_WITH_KNOTS('',1,(#5198,#5199),.UNSPECIFIED.,.F.,
  .F.,(2,2),(-8.661439495797,25.988560653618),.PIECEWISE_BEZIER_KNOTS.);
#5198 = CARTESIAN_POINT('',(0.,-38.65001));
#5199 = CARTESIAN_POINT('',(34.650000149415,-38.65001));
#5200 = ( GEOMETRIC_REPRESENTATION_CONTEXT(2) 
PARAMETRIC_REPRESENTATION_CONTEXT() REPRESENTATION_CONTEXT('2D SPACE',''
  ) );
#5201 = PCURVE('',#4532,#5202);
#5202 = DEFINITIONAL_REPRESENTATION('',(#5203),#5206);
#5203 = B_SPLINE_CURVE_WITH_KNOTS('',1,(#5204,#5205),.UNSPECIFIED.,.F.,
  .F.,(2,2),(-8.661439495797,25.988560653618),.PIECEWISE_BEZIER_KNOTS.);
#5204 = CARTESIAN_POINT('',(-17.32287899159,-10.51038669846));
#5205 = CARTESIAN_POINT('',(17.327121157821,-10.51038669846));
#5206 = ( GEOMETRIC_REPRESENTATION_CONTEXT(2) 
PARAMETRIC_REPRESENTATION_CONTEXT() REPRESENTATION_CONTEXT('2D SPACE',''
  ) );
#5207 = ADVANCED_FACE('',(#5208),#756,.F.);
#5208 = FACE_BOUND('',#5209,.T.);
#5209 = EDGE_LOOP('',(#5210,#5232,#5233,#5234));
#5210 = ORIENTED_EDGE('',*,*,#5211,.F.);
#5211 = EDGE_CURVE('',#709,#5212,#5214,.T.);
#5212 = VERTEX_POINT('',#5213);
#5213 = CARTESIAN_POINT('',(18.125,-11.05,9.4));
#5214 = SURFACE_CURVE('',#5215,(#5219,#5225),.PCURVE_S1.);
#5215 = LINE('',#5216,#5217);
#5216 = CARTESIAN_POINT('',(18.125,-11.05,-29.25001));
#5217 = VECTOR('',#5218,1.);
#5218 = DIRECTION('',(0.,0.,1.));
#5219 = PCURVE('',#756,#5220);
#5220 = DEFINITIONAL_REPRESENTATION('',(#5221),#5224);
#5221 = B_SPLINE_CURVE_WITH_KNOTS('',1,(#5222,#5223),.UNSPECIFIED.,.F.,
  .F.,(2,2),(33.250010000001,40.250010000001),.PIECEWISE_BEZIER_KNOTS.);
#5222 = CARTESIAN_POINT('',(-7.853983128126,-33.25001));
#5223 = CARTESIAN_POINT('',(-7.853983128126,-40.25001));
#5224 = ( GEOMETRIC_REPRESENTATION_CONTEXT(2) 
PARAMETRIC_REPRESENTATION_CONTEXT() REPRESENTATION_CONTEXT('2D SPACE',''
  ) );
#5225 = PCURVE('',#724,#5226);
#5226 = DEFINITIONAL_REPRESENTATION('',(#5227),#5231);
#5227 = LINE('',#5228,#5229);
#5228 = CARTESIAN_POINT('',(0.,0.));
#5229 = VECTOR('',#5230,1.);
#5230 = DIRECTION('',(0.,-1.));
#5231 = ( GEOMETRIC_REPRESENTATION_CONTEXT(2) 
PARAMETRIC_REPRESENTATION_CONTEXT() REPRESENTATION_CONTEXT('2D SPACE',''
  ) );
#5232 = ORIENTED_EDGE('',*,*,#735,.T.);
#5233 = ORIENTED_EDGE('',*,*,#5164,.T.);
#5234 = ORIENTED_EDGE('',*,*,#5235,.F.);
#5235 = EDGE_CURVE('',#5212,#5165,#5236,.T.);
#5236 = SURFACE_CURVE('',#5237,(#5242,#5249),.PCURVE_S1.);
#5237 = CIRCLE('',#5238,0.799999252925);
#5238 = AXIS2_PLACEMENT_3D('',#5239,#5240,#5241);
#5239 = CARTESIAN_POINT('',(17.325000747075,-11.05000074707,9.4));
#5240 = DIRECTION('',(-0.,0.,-1.));
#5241 = DIRECTION('',(-7.470757634981E-07,-1.,0.));
#5242 = PCURVE('',#756,#5243);
#5243 = DEFINITIONAL_REPRESENTATION('',(#5244),#5248);
#5244 = LINE('',#5245,#5246);
#5245 = CARTESIAN_POINT('',(-12.56637061435,-38.65001));
#5246 = VECTOR('',#5247,1.);
#5247 = DIRECTION('',(1.,-0.));
#5248 = ( GEOMETRIC_REPRESENTATION_CONTEXT(2) 
PARAMETRIC_REPRESENTATION_CONTEXT() REPRESENTATION_CONTEXT('2D SPACE',''
  ) );
#5249 = PCURVE('',#4532,#5250);
#5250 = DEFINITIONAL_REPRESENTATION('',(#5251),#5259);
#5251 = ( BOUNDED_CURVE() B_SPLINE_CURVE(2,(#5252,#5253,#5254,#5255,
#5256,#5257,#5258),.UNSPECIFIED.,.T.,.F.) B_SPLINE_CURVE_WITH_KNOTS((1,2
    ,2,2,2,1),(-2.094395102393,0.,2.094395102393,4.188790204786,
6.28318530718,8.377580409573),.UNSPECIFIED.) CURVE() 
GEOMETRIC_REPRESENTATION_ITEM() RATIONAL_B_SPLINE_CURVE((1.,0.5,1.,0.5,
1.,0.5,1.)) REPRESENTATION_ITEM('') );
#5252 = CARTESIAN_POINT('',(17.327121157821,-10.51038669846));
#5253 = CARTESIAN_POINT('',(15.941481805738,-10.51038566328));
#5254 = CARTESIAN_POINT('',(16.634302378269,-9.310387301488));
#5255 = CARTESIAN_POINT('',(17.327122950801,-8.11038893969));
#5256 = CARTESIAN_POINT('',(18.019941730352,-9.310388336666));
#5257 = CARTESIAN_POINT('',(18.712760509904,-10.51038773364));
#5258 = CARTESIAN_POINT('',(17.327121157821,-10.51038669846));
#5259 = ( GEOMETRIC_REPRESENTATION_CONTEXT(2) 
PARAMETRIC_REPRESENTATION_CONTEXT() REPRESENTATION_CONTEXT('2D SPACE',''
  ) );
#5260 = ADVANCED_FACE('',(#5261),#724,.T.);
#5261 = FACE_BOUND('',#5262,.T.);
#5262 = EDGE_LOOP('',(#5263,#5286,#5287,#5288));
#5263 = ORIENTED_EDGE('',*,*,#5264,.F.);
#5264 = EDGE_CURVE('',#676,#5265,#5267,.T.);
#5265 = VERTEX_POINT('',#5266);
#5266 = CARTESIAN_POINT('',(18.125,1.450000149415,9.4));
#5267 = SURFACE_CURVE('',#5268,(#5272,#5279),.PCURVE_S1.);
#5268 = LINE('',#5269,#5270);
#5269 = CARTESIAN_POINT('',(18.125,1.450000149415,-29.25001));
#5270 = VECTOR('',#5271,1.);
#5271 = DIRECTION('',(0.,0.,1.));
#5272 = PCURVE('',#724,#5273);
#5273 = DEFINITIONAL_REPRESENTATION('',(#5274),#5278);
#5274 = LINE('',#5275,#5276);
#5275 = CARTESIAN_POINT('',(12.500000149415,0.));
#5276 = VECTOR('',#5277,1.);
#5277 = DIRECTION('',(0.,-1.));
#5278 = ( GEOMETRIC_REPRESENTATION_CONTEXT(2) 
PARAMETRIC_REPRESENTATION_CONTEXT() REPRESENTATION_CONTEXT('2D SPACE',''
  ) );
#5279 = PCURVE('',#696,#5280);
#5280 = DEFINITIONAL_REPRESENTATION('',(#5281),#5285);
#5281 = LINE('',#5282,#5283);
#5282 = CARTESIAN_POINT('',(-6.28318530718,0.));
#5283 = VECTOR('',#5284,1.);
#5284 = DIRECTION('',(-0.,-1.));
#5285 = ( GEOMETRIC_REPRESENTATION_CONTEXT(2) 
PARAMETRIC_REPRESENTATION_CONTEXT() REPRESENTATION_CONTEXT('2D SPACE',''
  ) );
#5286 = ORIENTED_EDGE('',*,*,#708,.T.);
#5287 = ORIENTED_EDGE('',*,*,#5211,.T.);
#5288 = ORIENTED_EDGE('',*,*,#5289,.T.);
#5289 = EDGE_CURVE('',#5212,#5265,#5290,.T.);
#5290 = SURFACE_CURVE('',#5291,(#5295,#5301),.PCURVE_S1.);
#5291 = LINE('',#5292,#5293);
#5292 = CARTESIAN_POINT('',(18.125,-6.194806650768,9.4));
#5293 = VECTOR('',#5294,1.);
#5294 = DIRECTION('',(1.224646799147E-16,1.,-0.));
#5295 = PCURVE('',#724,#5296);
#5296 = DEFINITIONAL_REPRESENTATION('',(#5297),#5300);
#5297 = B_SPLINE_CURVE_WITH_KNOTS('',1,(#5298,#5299),.UNSPECIFIED.,.F.,
  .F.,(2,2),(-4.855193349232,7.644806800183),.PIECEWISE_BEZIER_KNOTS.);
#5298 = CARTESIAN_POINT('',(0.,-38.65001));
#5299 = CARTESIAN_POINT('',(12.500000149415,-38.65001));
#5300 = ( GEOMETRIC_REPRESENTATION_CONTEXT(2) 
PARAMETRIC_REPRESENTATION_CONTEXT() REPRESENTATION_CONTEXT('2D SPACE',''
  ) );
#5301 = PCURVE('',#4532,#5302);
#5302 = DEFINITIONAL_REPRESENTATION('',(#5303),#5306);
#5303 = B_SPLINE_CURVE_WITH_KNOTS('',1,(#5304,#5305),.UNSPECIFIED.,.F.,
  .F.,(2,2),(-4.855193349232,7.644806800183),.PIECEWISE_BEZIER_KNOTS.);
#5304 = CARTESIAN_POINT('',(18.127121008406,-9.710386698464));
#5305 = CARTESIAN_POINT('',(18.127121008406,2.789613450951));
#5306 = ( GEOMETRIC_REPRESENTATION_CONTEXT(2) 
PARAMETRIC_REPRESENTATION_CONTEXT() REPRESENTATION_CONTEXT('2D SPACE',''
  ) );
#5307 = ADVANCED_FACE('',(#5308),#696,.F.);
#5308 = FACE_BOUND('',#5309,.T.);
#5309 = EDGE_LOOP('',(#5310,#5333,#5334,#5335));
#5310 = ORIENTED_EDGE('',*,*,#5311,.F.);
#5311 = EDGE_CURVE('',#643,#5312,#5314,.T.);
#5312 = VERTEX_POINT('',#5313);
#5313 = CARTESIAN_POINT('',(17.325000149415,2.25,9.4));
#5314 = SURFACE_CURVE('',#5315,(#5319,#5326),.PCURVE_S1.);
#5315 = LINE('',#5316,#5317);
#5316 = CARTESIAN_POINT('',(17.325000149415,2.25,-29.25001));
#5317 = VECTOR('',#5318,1.);
#5318 = DIRECTION('',(0.,0.,1.));
#5319 = PCURVE('',#696,#5320);
#5320 = DEFINITIONAL_REPRESENTATION('',(#5321),#5325);
#5321 = LINE('',#5322,#5323);
#5322 = CARTESIAN_POINT('',(-7.853983128126,0.));
#5323 = VECTOR('',#5324,1.);
#5324 = DIRECTION('',(-0.,-1.));
#5325 = ( GEOMETRIC_REPRESENTATION_CONTEXT(2) 
PARAMETRIC_REPRESENTATION_CONTEXT() REPRESENTATION_CONTEXT('2D SPACE',''
  ) );
#5326 = PCURVE('',#663,#5327);
#5327 = DEFINITIONAL_REPRESENTATION('',(#5328),#5332);
#5328 = LINE('',#5329,#5330);
#5329 = CARTESIAN_POINT('',(1.570796326795,0.));
#5330 = VECTOR('',#5331,1.);
#5331 = DIRECTION('',(0.,-1.));
#5332 = ( GEOMETRIC_REPRESENTATION_CONTEXT(2) 
PARAMETRIC_REPRESENTATION_CONTEXT() REPRESENTATION_CONTEXT('2D SPACE',''
  ) );
#5333 = ORIENTED_EDGE('',*,*,#675,.T.);
#5334 = ORIENTED_EDGE('',*,*,#5264,.T.);
#5335 = ORIENTED_EDGE('',*,*,#5336,.F.);
#5336 = EDGE_CURVE('',#5312,#5265,#5337,.T.);
#5337 = SURFACE_CURVE('',#5338,(#5343,#5350),.PCURVE_S1.);
#5338 = CIRCLE('',#5339,0.799999252925);
#5339 = AXIS2_PLACEMENT_3D('',#5340,#5341,#5342);
#5340 = CARTESIAN_POINT('',(17.325000747075,1.450000747075,9.4));
#5341 = DIRECTION('',(0.,0.,-1.));
#5342 = DIRECTION('',(1.,-7.470757492872E-07,0.));
#5343 = PCURVE('',#696,#5344);
#5344 = DEFINITIONAL_REPRESENTATION('',(#5345),#5349);
#5345 = LINE('',#5346,#5347);
#5346 = CARTESIAN_POINT('',(-12.56637061435,-38.65001));
#5347 = VECTOR('',#5348,1.);
#5348 = DIRECTION('',(1.,-0.));
#5349 = ( GEOMETRIC_REPRESENTATION_CONTEXT(2) 
PARAMETRIC_REPRESENTATION_CONTEXT() REPRESENTATION_CONTEXT('2D SPACE',''
  ) );
#5350 = PCURVE('',#4532,#5351);
#5351 = DEFINITIONAL_REPRESENTATION('',(#5352),#5360);
#5352 = ( BOUNDED_CURVE() B_SPLINE_CURVE(2,(#5353,#5354,#5355,#5356,
#5357,#5358,#5359),.UNSPECIFIED.,.T.,.F.) B_SPLINE_CURVE_WITH_KNOTS((1,2
    ,2,2,2,1),(-2.094395102393,0.,2.094395102393,4.188790204786,
6.28318530718,8.377580409573),.UNSPECIFIED.) CURVE() 
GEOMETRIC_REPRESENTATION_ITEM() RATIONAL_B_SPLINE_CURVE((1.,0.5,1.,0.5,
1.,0.5,1.)) REPRESENTATION_ITEM('') );
#5353 = CARTESIAN_POINT('',(18.127121008406,2.789613450951));
#5354 = CARTESIAN_POINT('',(18.127119973228,1.403974098868));
#5355 = CARTESIAN_POINT('',(16.92712161143,2.096794671399));
#5356 = CARTESIAN_POINT('',(15.727123249631,2.789615243931));
#5357 = CARTESIAN_POINT('',(16.927122646607,3.482434023482));
#5358 = CARTESIAN_POINT('',(18.127122043583,4.175252803034));
#5359 = CARTESIAN_POINT('',(18.127121008406,2.789613450951));
#5360 = ( GEOMETRIC_REPRESENTATION_CONTEXT(2) 
PARAMETRIC_REPRESENTATION_CONTEXT() REPRESENTATION_CONTEXT('2D SPACE',''
  ) );
#5361 = ADVANCED_FACE('',(#5362),#663,.T.);
#5362 = FACE_BOUND('',#5363,.T.);
#5363 = EDGE_LOOP('',(#5364,#5365,#5366,#5394));
#5364 = ORIENTED_EDGE('',*,*,#642,.F.);
#5365 = ORIENTED_EDGE('',*,*,#5311,.T.);
#5366 = ORIENTED_EDGE('',*,*,#5367,.T.);
#5367 = EDGE_CURVE('',#5312,#5368,#5370,.T.);
#5368 = VERTEX_POINT('',#5369);
#5369 = CARTESIAN_POINT('',(17.324796833337,2.250000103192,9.4));
#5370 = SURFACE_CURVE('',#5371,(#5376,#5383),.PCURVE_S1.);
#5371 = CIRCLE('',#5372,0.2);
#5372 = AXIS2_PLACEMENT_3D('',#5373,#5374,#5375);
#5373 = CARTESIAN_POINT('',(17.325,2.45,9.4));
#5374 = DIRECTION('',(0.,0.,-1.));
#5375 = DIRECTION('',(1.,7.470757489561E-07,0.));
#5376 = PCURVE('',#663,#5377);
#5377 = DEFINITIONAL_REPRESENTATION('',(#5378),#5382);
#5378 = LINE('',#5379,#5380);
#5379 = CARTESIAN_POINT('',(0.,-38.65001));
#5380 = VECTOR('',#5381,1.);
#5381 = DIRECTION('',(1.,0.));
#5382 = ( GEOMETRIC_REPRESENTATION_CONTEXT(2) 
PARAMETRIC_REPRESENTATION_CONTEXT() REPRESENTATION_CONTEXT('2D SPACE',''
  ) );
#5383 = PCURVE('',#4532,#5384);
#5384 = DEFINITIONAL_REPRESENTATION('',(#5385),#5393);
#5385 = ( BOUNDED_CURVE() B_SPLINE_CURVE(2,(#5386,#5387,#5388,#5389,
#5390,#5391,#5392),.UNSPECIFIED.,.T.,.F.) B_SPLINE_CURVE_WITH_KNOTS((1,2
    ,2,2,2,1),(-2.094395102393,0.,2.094395102393,4.188790204786,
6.28318530718,8.377580409573),.UNSPECIFIED.) CURVE() 
GEOMETRIC_REPRESENTATION_ITEM() RATIONAL_B_SPLINE_CURVE((1.,0.5,1.,0.5,
1.,0.5,1.)) REPRESENTATION_ITEM('') );
#5386 = CARTESIAN_POINT('',(17.527121008406,3.789613450951));
#5387 = CARTESIAN_POINT('',(17.5271212672,3.443203289437));
#5388 = CARTESIAN_POINT('',(17.227121137803,3.616408146071));
#5389 = CARTESIAN_POINT('',(16.927121008406,3.789613002705));
#5390 = CARTESIAN_POINT('',(17.227120879008,3.962818307585));
#5391 = CARTESIAN_POINT('',(17.527120749611,4.136023612464));
#5392 = CARTESIAN_POINT('',(17.527121008406,3.789613450951));
#5393 = ( GEOMETRIC_REPRESENTATION_CONTEXT(2) 
PARAMETRIC_REPRESENTATION_CONTEXT() REPRESENTATION_CONTEXT('2D SPACE',''
  ) );
#5394 = ORIENTED_EDGE('',*,*,#5395,.F.);
#5395 = EDGE_CURVE('',#616,#5368,#5396,.T.);
#5396 = SURFACE_CURVE('',#5397,(#5401,#5408),.PCURVE_S1.);
#5397 = LINE('',#5398,#5399);
#5398 = CARTESIAN_POINT('',(17.324796833337,2.250000103192,-29.25001));
#5399 = VECTOR('',#5400,1.);
#5400 = DIRECTION('',(0.,0.,1.));
#5401 = PCURVE('',#663,#5402);
#5402 = DEFINITIONAL_REPRESENTATION('',(#5403),#5407);
#5403 = LINE('',#5404,#5405);
#5404 = CARTESIAN_POINT('',(1.571812907362,0.));
#5405 = VECTOR('',#5406,1.);
#5406 = DIRECTION('',(0.,-1.));
#5407 = ( GEOMETRIC_REPRESENTATION_CONTEXT(2) 
PARAMETRIC_REPRESENTATION_CONTEXT() REPRESENTATION_CONTEXT('2D SPACE',''
  ) );
#5408 = PCURVE('',#631,#5409);
#5409 = DEFINITIONAL_REPRESENTATION('',(#5410),#5414);
#5410 = LINE('',#5411,#5412);
#5411 = CARTESIAN_POINT('',(0.,0.));
#5412 = VECTOR('',#5413,1.);
#5413 = DIRECTION('',(0.,-1.));
#5414 = ( GEOMETRIC_REPRESENTATION_CONTEXT(2) 
PARAMETRIC_REPRESENTATION_CONTEXT() REPRESENTATION_CONTEXT('2D SPACE',''
  ) );
#5415 = ADVANCED_FACE('',(#5416),#631,.T.);
#5416 = FACE_BOUND('',#5417,.T.);
#5417 = EDGE_LOOP('',(#5418,#5441,#5442,#5443));
#5418 = ORIENTED_EDGE('',*,*,#5419,.F.);
#5419 = EDGE_CURVE('',#583,#5420,#5422,.T.);
#5420 = VERTEX_POINT('',#5421);
#5421 = CARTESIAN_POINT('',(11.32489686094,2.256095004628,9.4));
#5422 = SURFACE_CURVE('',#5423,(#5427,#5434),.PCURVE_S1.);
#5423 = LINE('',#5424,#5425);
#5424 = CARTESIAN_POINT('',(11.32489686094,2.256095004628,-29.25001));
#5425 = VECTOR('',#5426,1.);
#5426 = DIRECTION('',(0.,0.,1.));
#5427 = PCURVE('',#631,#5428);
#5428 = DEFINITIONAL_REPRESENTATION('',(#5429),#5433);
#5429 = LINE('',#5430,#5431);
#5430 = CARTESIAN_POINT('',(5.999903068099,0.));
#5431 = VECTOR('',#5432,1.);
#5432 = DIRECTION('',(0.,-1.));
#5433 = ( GEOMETRIC_REPRESENTATION_CONTEXT(2) 
PARAMETRIC_REPRESENTATION_CONTEXT() REPRESENTATION_CONTEXT('2D SPACE',''
  ) );
#5434 = PCURVE('',#603,#5435);
#5435 = DEFINITIONAL_REPRESENTATION('',(#5436),#5440);
#5436 = LINE('',#5437,#5438);
#5437 = CARTESIAN_POINT('',(-7.853894554341,0.));
#5438 = VECTOR('',#5439,1.);
#5439 = DIRECTION('',(-0.,-1.));
#5440 = ( GEOMETRIC_REPRESENTATION_CONTEXT(2) 
PARAMETRIC_REPRESENTATION_CONTEXT() REPRESENTATION_CONTEXT('2D SPACE',''
  ) );
#5441 = ORIENTED_EDGE('',*,*,#615,.T.);
#5442 = ORIENTED_EDGE('',*,*,#5395,.T.);
#5443 = ORIENTED_EDGE('',*,*,#5444,.T.);
#5444 = EDGE_CURVE('',#5368,#5420,#5445,.T.);
#5445 = SURFACE_CURVE('',#5446,(#5450,#5456),.PCURVE_S1.);
#5446 = LINE('',#5447,#5448);
#5447 = CARTESIAN_POINT('',(8.663170075944,2.258798876772,9.4));
#5448 = VECTOR('',#5449,1.);
#5449 = DIRECTION('',(-0.999999484041,1.015833317122E-03,0.));
#5450 = PCURVE('',#631,#5451);
#5451 = DEFINITIONAL_REPRESENTATION('',(#5452),#5455);
#5452 = B_SPLINE_CURVE_WITH_KNOTS('',1,(#5453,#5454),.UNSPECIFIED.,.F.,
  .F.,(2,2),(-8.661631226437,-2.661728158338),.PIECEWISE_BEZIER_KNOTS.);
#5453 = CARTESIAN_POINT('',(0.,-38.65001));
#5454 = CARTESIAN_POINT('',(5.999903068099,-38.65001));
#5455 = ( GEOMETRIC_REPRESENTATION_CONTEXT(2) 
PARAMETRIC_REPRESENTATION_CONTEXT() REPRESENTATION_CONTEXT('2D SPACE',''
  ) );
#5456 = PCURVE('',#4532,#5457);
#5457 = DEFINITIONAL_REPRESENTATION('',(#5458),#5461);
#5458 = B_SPLINE_CURVE_WITH_KNOTS('',1,(#5459,#5460),.UNSPECIFIED.,.F.,
  .F.,(2,2),(-8.661631226437,-2.661728158338),.PIECEWISE_BEZIER_KNOTS.);
#5459 = CARTESIAN_POINT('',(17.326917841742,3.589613404727));
#5460 = CARTESIAN_POINT('',(11.327017869345,3.595708306163));
#5461 = ( GEOMETRIC_REPRESENTATION_CONTEXT(2) 
PARAMETRIC_REPRESENTATION_CONTEXT() REPRESENTATION_CONTEXT('2D SPACE',''
  ) );
#5462 = ADVANCED_FACE('',(#5463),#603,.T.);
#5463 = FACE_BOUND('',#5464,.F.);
#5464 = EDGE_LOOP('',(#5465,#5466,#5467,#5490));
#5465 = ORIENTED_EDGE('',*,*,#5419,.F.);
#5466 = ORIENTED_EDGE('',*,*,#582,.T.);
#5467 = ORIENTED_EDGE('',*,*,#5468,.T.);
#5468 = EDGE_CURVE('',#556,#5469,#5471,.T.);
#5469 = VERTEX_POINT('',#5470);
#5470 = CARTESIAN_POINT('',(10.125003,3.456094252925,9.4));
#5471 = SURFACE_CURVE('',#5472,(#5476,#5483),.PCURVE_S1.);
#5472 = LINE('',#5473,#5474);
#5473 = CARTESIAN_POINT('',(10.125003,3.456094252925,-29.25001));
#5474 = VECTOR('',#5475,1.);
#5475 = DIRECTION('',(0.,0.,1.));
#5476 = PCURVE('',#603,#5477);
#5477 = DEFINITIONAL_REPRESENTATION('',(#5478),#5482);
#5478 = LINE('',#5479,#5480);
#5479 = CARTESIAN_POINT('',(-6.283186054255,0.));
#5480 = VECTOR('',#5481,1.);
#5481 = DIRECTION('',(-0.,-1.));
#5482 = ( GEOMETRIC_REPRESENTATION_CONTEXT(2) 
PARAMETRIC_REPRESENTATION_CONTEXT() REPRESENTATION_CONTEXT('2D SPACE',''
  ) );
#5483 = PCURVE('',#571,#5484);
#5484 = DEFINITIONAL_REPRESENTATION('',(#5485),#5489);
#5485 = LINE('',#5486,#5487);
#5486 = CARTESIAN_POINT('',(8.881784197001E-16,0.));
#5487 = VECTOR('',#5488,1.);
#5488 = DIRECTION('',(0.,-1.));
#5489 = ( GEOMETRIC_REPRESENTATION_CONTEXT(2) 
PARAMETRIC_REPRESENTATION_CONTEXT() REPRESENTATION_CONTEXT('2D SPACE',''
  ) );
#5490 = ORIENTED_EDGE('',*,*,#5491,.F.);
#5491 = EDGE_CURVE('',#5420,#5469,#5492,.T.);
#5492 = SURFACE_CURVE('',#5493,(#5498,#5505),.PCURVE_S1.);
#5493 = CIRCLE('',#5494,1.199999252925);
#5494 = AXIS2_PLACEMENT_3D('',#5495,#5496,#5497);
#5495 = CARTESIAN_POINT('',(11.325002252925,3.456094252925,9.4));
#5496 = DIRECTION('',(-0.,0.,-1.));
#5497 = DIRECTION('',(-1.,7.470757634981E-07,0.));
#5498 = PCURVE('',#603,#5499);
#5499 = DEFINITIONAL_REPRESENTATION('',(#5500),#5504);
#5500 = LINE('',#5501,#5502);
#5501 = CARTESIAN_POINT('',(-12.56637061435,-38.65001));
#5502 = VECTOR('',#5503,1.);
#5503 = DIRECTION('',(1.,-0.));
#5504 = ( GEOMETRIC_REPRESENTATION_CONTEXT(2) 
PARAMETRIC_REPRESENTATION_CONTEXT() REPRESENTATION_CONTEXT('2D SPACE',''
  ) );
#5505 = PCURVE('',#4532,#5506);
#5506 = DEFINITIONAL_REPRESENTATION('',(#5507),#5515);
#5507 = ( BOUNDED_CURVE() B_SPLINE_CURVE(2,(#5508,#5509,#5510,#5511,
#5512,#5513,#5514),.UNSPECIFIED.,.T.,.F.) B_SPLINE_CURVE_WITH_KNOTS((1,2
    ,2,2,2,1),(-2.094395102393,0.,2.094395102393,4.188790204786,
6.28318530718,8.377580409573),.UNSPECIFIED.) CURVE() 
GEOMETRIC_REPRESENTATION_ITEM() RATIONAL_B_SPLINE_CURVE((1.,0.5,1.,0.5,
1.,0.5,1.)) REPRESENTATION_ITEM('') );
#5508 = CARTESIAN_POINT('',(10.127124008406,4.795708450951));
#5509 = CARTESIAN_POINT('',(10.127125561172,6.874168126061));
#5510 = CARTESIAN_POINT('',(11.927123664176,5.83493694377));
#5511 = CARTESIAN_POINT('',(13.72712176718,4.79570576148));
#5512 = CARTESIAN_POINT('',(11.927122111409,3.75647726866));
#5513 = CARTESIAN_POINT('',(10.127122455639,2.71724877584));
#5514 = CARTESIAN_POINT('',(10.127124008406,4.795708450951));
#5515 = ( GEOMETRIC_REPRESENTATION_CONTEXT(2) 
PARAMETRIC_REPRESENTATION_CONTEXT() REPRESENTATION_CONTEXT('2D SPACE',''
  ) );
#5516 = ADVANCED_FACE('',(#5517),#571,.T.);
#5517 = FACE_BOUND('',#5518,.T.);
#5518 = EDGE_LOOP('',(#5519,#5542,#5543,#5544));
#5519 = ORIENTED_EDGE('',*,*,#5520,.F.);
#5520 = EDGE_CURVE('',#523,#5521,#5523,.T.);
#5521 = VERTEX_POINT('',#5522);
#5522 = CARTESIAN_POINT('',(10.125003,11.048993149415,9.4));
#5523 = SURFACE_CURVE('',#5524,(#5528,#5535),.PCURVE_S1.);
#5524 = LINE('',#5525,#5526);
#5525 = CARTESIAN_POINT('',(10.125003,11.048993149415,-29.25001));
#5526 = VECTOR('',#5527,1.);
#5527 = DIRECTION('',(0.,0.,1.));
#5528 = PCURVE('',#571,#5529);
#5529 = DEFINITIONAL_REPRESENTATION('',(#5530),#5534);
#5530 = LINE('',#5531,#5532);
#5531 = CARTESIAN_POINT('',(7.59289889649,0.));
#5532 = VECTOR('',#5533,1.);
#5533 = DIRECTION('',(0.,-1.));
#5534 = ( GEOMETRIC_REPRESENTATION_CONTEXT(2) 
PARAMETRIC_REPRESENTATION_CONTEXT() REPRESENTATION_CONTEXT('2D SPACE',''
  ) );
#5535 = PCURVE('',#543,#5536);
#5536 = DEFINITIONAL_REPRESENTATION('',(#5537),#5541);
#5537 = LINE('',#5538,#5539);
#5538 = CARTESIAN_POINT('',(-6.28318530718,0.));
#5539 = VECTOR('',#5540,1.);
#5540 = DIRECTION('',(-0.,-1.));
#5541 = ( GEOMETRIC_REPRESENTATION_CONTEXT(2) 
PARAMETRIC_REPRESENTATION_CONTEXT() REPRESENTATION_CONTEXT('2D SPACE',''
  ) );
#5542 = ORIENTED_EDGE('',*,*,#555,.T.);
#5543 = ORIENTED_EDGE('',*,*,#5468,.T.);
#5544 = ORIENTED_EDGE('',*,*,#5545,.T.);
#5545 = EDGE_CURVE('',#5469,#5521,#5546,.T.);
#5546 = SURFACE_CURVE('',#5547,(#5551,#5557),.PCURVE_S1.);
#5547 = LINE('',#5548,#5549);
#5548 = CARTESIAN_POINT('',(10.125003,1.058240475695,9.4));
#5549 = VECTOR('',#5550,1.);
#5550 = DIRECTION('',(2.339497829946E-16,1.,-0.));
#5551 = PCURVE('',#571,#5552);
#5552 = DEFINITIONAL_REPRESENTATION('',(#5553),#5556);
#5553 = B_SPLINE_CURVE_WITH_KNOTS('',1,(#5554,#5555),.UNSPECIFIED.,.F.,
  .F.,(2,2),(2.39785377723,9.990752673721),.PIECEWISE_BEZIER_KNOTS.);
#5554 = CARTESIAN_POINT('',(4.440892098501E-16,-38.65001));
#5555 = CARTESIAN_POINT('',(7.59289889649,-38.65001));
#5556 = ( GEOMETRIC_REPRESENTATION_CONTEXT(2) 
PARAMETRIC_REPRESENTATION_CONTEXT() REPRESENTATION_CONTEXT('2D SPACE',''
  ) );
#5557 = PCURVE('',#4532,#5558);
#5558 = DEFINITIONAL_REPRESENTATION('',(#5559),#5562);
#5559 = B_SPLINE_CURVE_WITH_KNOTS('',1,(#5560,#5561),.UNSPECIFIED.,.F.,
  .F.,(2,2),(2.39785377723,9.990752673721),.PIECEWISE_BEZIER_KNOTS.);
#5560 = CARTESIAN_POINT('',(10.127124008406,4.79570755446));
#5561 = CARTESIAN_POINT('',(10.127124008406,12.388606450951));
#5562 = ( GEOMETRIC_REPRESENTATION_CONTEXT(2) 
PARAMETRIC_REPRESENTATION_CONTEXT() REPRESENTATION_CONTEXT('2D SPACE',''
  ) );
#5563 = ADVANCED_FACE('',(#5564),#543,.F.);
#5564 = FACE_BOUND('',#5565,.T.);
#5565 = EDGE_LOOP('',(#5566,#5589,#5590,#5591));
#5566 = ORIENTED_EDGE('',*,*,#5567,.F.);
#5567 = EDGE_CURVE('',#490,#5568,#5570,.T.);
#5568 = VERTEX_POINT('',#5569);
#5569 = CARTESIAN_POINT('',(9.325003149415,11.848993,9.4));
#5570 = SURFACE_CURVE('',#5571,(#5575,#5582),.PCURVE_S1.);
#5571 = LINE('',#5572,#5573);
#5572 = CARTESIAN_POINT('',(9.325003149415,11.848993,-29.25001));
#5573 = VECTOR('',#5574,1.);
#5574 = DIRECTION('',(0.,0.,1.));
#5575 = PCURVE('',#543,#5576);
#5576 = DEFINITIONAL_REPRESENTATION('',(#5577),#5581);
#5577 = LINE('',#5578,#5579);
#5578 = CARTESIAN_POINT('',(-7.853983128126,0.));
#5579 = VECTOR('',#5580,1.);
#5580 = DIRECTION('',(-0.,-1.));
#5581 = ( GEOMETRIC_REPRESENTATION_CONTEXT(2) 
PARAMETRIC_REPRESENTATION_CONTEXT() REPRESENTATION_CONTEXT('2D SPACE',''
  ) );
#5582 = PCURVE('',#510,#5583);
#5583 = DEFINITIONAL_REPRESENTATION('',(#5584),#5588);
#5584 = LINE('',#5585,#5586);
#5585 = CARTESIAN_POINT('',(1.570796326795,0.));
#5586 = VECTOR('',#5587,1.);
#5587 = DIRECTION('',(0.,-1.));
#5588 = ( GEOMETRIC_REPRESENTATION_CONTEXT(2) 
PARAMETRIC_REPRESENTATION_CONTEXT() REPRESENTATION_CONTEXT('2D SPACE',''
  ) );
#5589 = ORIENTED_EDGE('',*,*,#522,.T.);
#5590 = ORIENTED_EDGE('',*,*,#5520,.T.);
#5591 = ORIENTED_EDGE('',*,*,#5592,.F.);
#5592 = EDGE_CURVE('',#5568,#5521,#5593,.T.);
#5593 = SURFACE_CURVE('',#5594,(#5599,#5606),.PCURVE_S1.);
#5594 = CIRCLE('',#5595,0.799999252925);
#5595 = AXIS2_PLACEMENT_3D('',#5596,#5597,#5598);
#5596 = CARTESIAN_POINT('',(9.325003747075,11.048993747075,9.4));
#5597 = DIRECTION('',(0.,0.,-1.));
#5598 = DIRECTION('',(1.,-7.470757634981E-07,0.));
#5599 = PCURVE('',#543,#5600);
#5600 = DEFINITIONAL_REPRESENTATION('',(#5601),#5605);
#5601 = LINE('',#5602,#5603);
#5602 = CARTESIAN_POINT('',(-12.56637061435,-38.65001));
#5603 = VECTOR('',#5604,1.);
#5604 = DIRECTION('',(1.,-0.));
#5605 = ( GEOMETRIC_REPRESENTATION_CONTEXT(2) 
PARAMETRIC_REPRESENTATION_CONTEXT() REPRESENTATION_CONTEXT('2D SPACE',''
  ) );
#5606 = PCURVE('',#4532,#5607);
#5607 = DEFINITIONAL_REPRESENTATION('',(#5608),#5616);
#5608 = ( BOUNDED_CURVE() B_SPLINE_CURVE(2,(#5609,#5610,#5611,#5612,
#5613,#5614,#5615),.UNSPECIFIED.,.T.,.F.) B_SPLINE_CURVE_WITH_KNOTS((1,2
    ,2,2,2,1),(-2.094395102393,0.,2.094395102393,4.188790204786,
6.28318530718,8.377580409573),.UNSPECIFIED.) CURVE() 
GEOMETRIC_REPRESENTATION_ITEM() RATIONAL_B_SPLINE_CURVE((1.,0.5,1.,0.5,
1.,0.5,1.)) REPRESENTATION_ITEM('') );
#5609 = CARTESIAN_POINT('',(10.127124008406,12.388606450951));
#5610 = CARTESIAN_POINT('',(10.127122973228,11.002967098868));
#5611 = CARTESIAN_POINT('',(8.92712461143,11.695787671399));
#5612 = CARTESIAN_POINT('',(7.727126249631,12.388608243931));
#5613 = CARTESIAN_POINT('',(8.927125646607,13.081427023482));
#5614 = CARTESIAN_POINT('',(10.127125043583,13.774245803034));
#5615 = CARTESIAN_POINT('',(10.127124008406,12.388606450951));
#5616 = ( GEOMETRIC_REPRESENTATION_CONTEXT(2) 
PARAMETRIC_REPRESENTATION_CONTEXT() REPRESENTATION_CONTEXT('2D SPACE',''
  ) );
#5617 = ADVANCED_FACE('',(#5618),#510,.T.);
#5618 = FACE_BOUND('',#5619,.T.);
#5619 = EDGE_LOOP('',(#5620,#5621,#5622,#5648));
#5620 = ORIENTED_EDGE('',*,*,#489,.F.);
#5621 = ORIENTED_EDGE('',*,*,#5567,.T.);
#5622 = ORIENTED_EDGE('',*,*,#5623,.T.);
#5623 = EDGE_CURVE('',#5568,#4497,#5624,.T.);
#5624 = SURFACE_CURVE('',#5625,(#5630,#5637),.PCURVE_S1.);
#5625 = CIRCLE('',#5626,0.2);
#5626 = AXIS2_PLACEMENT_3D('',#5627,#5628,#5629);
#5627 = CARTESIAN_POINT('',(9.325003,12.048993,9.4));
#5628 = DIRECTION('',(0.,0.,-1.));
#5629 = DIRECTION('',(1.,7.470757631669E-07,0.));
#5630 = PCURVE('',#510,#5631);
#5631 = DEFINITIONAL_REPRESENTATION('',(#5632),#5636);
#5632 = LINE('',#5633,#5634);
#5633 = CARTESIAN_POINT('',(0.,-38.65001));
#5634 = VECTOR('',#5635,1.);
#5635 = DIRECTION('',(1.,0.));
#5636 = ( GEOMETRIC_REPRESENTATION_CONTEXT(2) 
PARAMETRIC_REPRESENTATION_CONTEXT() REPRESENTATION_CONTEXT('2D SPACE',''
  ) );
#5637 = PCURVE('',#4532,#5638);
#5638 = DEFINITIONAL_REPRESENTATION('',(#5639),#5647);
#5639 = ( BOUNDED_CURVE() B_SPLINE_CURVE(2,(#5640,#5641,#5642,#5643,
#5644,#5645,#5646),.UNSPECIFIED.,.T.,.F.) B_SPLINE_CURVE_WITH_KNOTS((1,2
    ,2,2,2,1),(-2.094395102393,0.,2.094395102393,4.188790204786,
6.28318530718,8.377580409573),.UNSPECIFIED.) CURVE() 
GEOMETRIC_REPRESENTATION_ITEM() RATIONAL_B_SPLINE_CURVE((1.,0.5,1.,0.5,
1.,0.5,1.)) REPRESENTATION_ITEM('') );
#5640 = CARTESIAN_POINT('',(9.527124008406,13.388606450951));
#5641 = CARTESIAN_POINT('',(9.5271242672,13.042196289437));
#5642 = CARTESIAN_POINT('',(9.227124137803,13.215401146071));
#5643 = CARTESIAN_POINT('',(8.927124008406,13.388606002705));
#5644 = CARTESIAN_POINT('',(9.227123879008,13.561811307585));
#5645 = CARTESIAN_POINT('',(9.527123749611,13.735016612464));
#5646 = CARTESIAN_POINT('',(9.527124008406,13.388606450951));
#5647 = ( GEOMETRIC_REPRESENTATION_CONTEXT(2) 
PARAMETRIC_REPRESENTATION_CONTEXT() REPRESENTATION_CONTEXT('2D SPACE',''
  ) );
#5648 = ORIENTED_EDGE('',*,*,#4496,.F.);
#5649 = ADVANCED_FACE('',(#5650),#450,.T.);
#5650 = FACE_BOUND('',#5651,.T.);
#5651 = EDGE_LOOP('',(#5652,#5653,#5674,#5675));
#5652 = ORIENTED_EDGE('',*,*,#4476,.F.);
#5653 = ORIENTED_EDGE('',*,*,#5654,.T.);
#5654 = EDGE_CURVE('',#4456,#4167,#5655,.T.);
#5655 = SURFACE_CURVE('',#5656,(#5660,#5667),.PCURVE_S1.);
#5656 = LINE('',#5657,#5658);
#5657 = CARTESIAN_POINT('',(5.,-6.123233995737E-16,6.6));
#5658 = VECTOR('',#5659,1.);
#5659 = DIRECTION('',(1.224646799147E-16,1.,0.));
#5660 = PCURVE('',#450,#5661);
#5661 = DEFINITIONAL_REPRESENTATION('',(#5662),#5666);
#5662 = LINE('',#5663,#5664);
#5663 = CARTESIAN_POINT('',(1.,-0.));
#5664 = VECTOR('',#5665,1.);
#5665 = DIRECTION('',(0.,-1.));
#5666 = ( GEOMETRIC_REPRESENTATION_CONTEXT(2) 
PARAMETRIC_REPRESENTATION_CONTEXT() REPRESENTATION_CONTEXT('2D SPACE',''
  ) );
#5667 = PCURVE('',#4181,#5668);
#5668 = DEFINITIONAL_REPRESENTATION('',(#5669),#5673);
#5669 = LINE('',#5670,#5671);
#5670 = CARTESIAN_POINT('',(1.232595164408E-32,0.707106781187));
#5671 = VECTOR('',#5672,1.);
#5672 = DIRECTION('',(-1.,6.162975822039E-33));
#5673 = ( GEOMETRIC_REPRESENTATION_CONTEXT(2) 
PARAMETRIC_REPRESENTATION_CONTEXT() REPRESENTATION_CONTEXT('2D SPACE',''
  ) );
#5674 = ORIENTED_EDGE('',*,*,#4192,.T.);
#5675 = ORIENTED_EDGE('',*,*,#434,.F.);
#5676 = ADVANCED_FACE('',(#5677),#1466,.F.);
#5677 = FACE_BOUND('',#5678,.T.);
#5678 = EDGE_LOOP('',(#5679,#5680,#5701,#5702));
#5679 = ORIENTED_EDGE('',*,*,#2444,.T.);
#5680 = ORIENTED_EDGE('',*,*,#5681,.T.);
#5681 = EDGE_CURVE('',#2445,#1446,#5682,.T.);
#5682 = SEAM_CURVE('',#5683,(#5687,#5694),.PCURVE_S1.);
#5683 = LINE('',#5684,#5685);
#5684 = CARTESIAN_POINT('',(-15.3,-14.5,12.));
#5685 = VECTOR('',#5686,1.);
#5686 = DIRECTION('',(0.,-1.224646799147E-16,-1.));
#5687 = PCURVE('',#1466,#5688);
#5688 = DEFINITIONAL_REPRESENTATION('',(#5689),#5693);
#5689 = LINE('',#5690,#5691);
#5690 = CARTESIAN_POINT('',(-6.28318530718,0.));
#5691 = VECTOR('',#5692,1.);
#5692 = DIRECTION('',(-0.,-1.));
#5693 = ( GEOMETRIC_REPRESENTATION_CONTEXT(2) 
PARAMETRIC_REPRESENTATION_CONTEXT() REPRESENTATION_CONTEXT('2D SPACE',''
  ) );
#5694 = PCURVE('',#1466,#5695);
#5695 = DEFINITIONAL_REPRESENTATION('',(#5696),#5700);
#5696 = LINE('',#5697,#5698);
#5697 = CARTESIAN_POINT('',(-0.,0.));
#5698 = VECTOR('',#5699,1.);
#5699 = DIRECTION('',(-0.,-1.));
#5700 = ( GEOMETRIC_REPRESENTATION_CONTEXT(2) 
PARAMETRIC_REPRESENTATION_CONTEXT() REPRESENTATION_CONTEXT('2D SPACE',''
  ) );
#5701 = ORIENTED_EDGE('',*,*,#1445,.T.);
#5702 = ORIENTED_EDGE('',*,*,#5681,.F.);
#5703 = ADVANCED_FACE('',(#5704),#1501,.F.);
#5704 = FACE_BOUND('',#5705,.T.);
#5705 = EDGE_LOOP('',(#5706,#5707,#5728,#5729));
#5706 = ORIENTED_EDGE('',*,*,#2470,.T.);
#5707 = ORIENTED_EDGE('',*,*,#5708,.T.);
#5708 = EDGE_CURVE('',#2471,#1481,#5709,.T.);
#5709 = SEAM_CURVE('',#5710,(#5714,#5721),.PCURVE_S1.);
#5710 = LINE('',#5711,#5712);
#5711 = CARTESIAN_POINT('',(17.7,-14.5,12.));
#5712 = VECTOR('',#5713,1.);
#5713 = DIRECTION('',(0.,-1.224646799147E-16,-1.));
#5714 = PCURVE('',#1501,#5715);
#5715 = DEFINITIONAL_REPRESENTATION('',(#5716),#5720);
#5716 = LINE('',#5717,#5718);
#5717 = CARTESIAN_POINT('',(-6.28318530718,0.));
#5718 = VECTOR('',#5719,1.);
#5719 = DIRECTION('',(-0.,-1.));
#5720 = ( GEOMETRIC_REPRESENTATION_CONTEXT(2) 
PARAMETRIC_REPRESENTATION_CONTEXT() REPRESENTATION_CONTEXT('2D SPACE',''
  ) );
#5721 = PCURVE('',#1501,#5722);
#5722 = DEFINITIONAL_REPRESENTATION('',(#5723),#5727);
#5723 = LINE('',#5724,#5725);
#5724 = CARTESIAN_POINT('',(-0.,0.));
#5725 = VECTOR('',#5726,1.);
#5726 = DIRECTION('',(-0.,-1.));
#5727 = ( GEOMETRIC_REPRESENTATION_CONTEXT(2) 
PARAMETRIC_REPRESENTATION_CONTEXT() REPRESENTATION_CONTEXT('2D SPACE',''
  ) );
#5728 = ORIENTED_EDGE('',*,*,#1480,.T.);
#5729 = ORIENTED_EDGE('',*,*,#5708,.F.);
#5730 = ADVANCED_FACE('',(#5731),#1536,.F.);
#5731 = FACE_BOUND('',#5732,.T.);
#5732 = EDGE_LOOP('',(#5733,#5757,#5778,#5779));
#5733 = ORIENTED_EDGE('',*,*,#5734,.T.);
#5734 = EDGE_CURVE('',#5735,#5735,#5737,.T.);
#5735 = VERTEX_POINT('',#5736);
#5736 = CARTESIAN_POINT('',(-15.3,10.,11.));
#5737 = SURFACE_CURVE('',#5738,(#5743,#5750),.PCURVE_S1.);
#5738 = CIRCLE('',#5739,1.2);
#5739 = AXIS2_PLACEMENT_3D('',#5740,#5741,#5742);
#5740 = CARTESIAN_POINT('',(-16.5,10.,11.));
#5741 = DIRECTION('',(0.,1.224646799147E-16,1.));
#5742 = DIRECTION('',(1.,0.,-0.));
#5743 = PCURVE('',#1536,#5744);
#5744 = DEFINITIONAL_REPRESENTATION('',(#5745),#5749);
#5745 = LINE('',#5746,#5747);
#5746 = CARTESIAN_POINT('',(-6.28318530718,-1.));
#5747 = VECTOR('',#5748,1.);
#5748 = DIRECTION('',(1.,-0.));
#5749 = ( GEOMETRIC_REPRESENTATION_CONTEXT(2) 
PARAMETRIC_REPRESENTATION_CONTEXT() REPRESENTATION_CONTEXT('2D SPACE',''
  ) );
#5750 = PCURVE('',#3406,#5751);
#5751 = DEFINITIONAL_REPRESENTATION('',(#5752),#5756);
#5752 = CIRCLE('',#5753,1.2);
#5753 = AXIS2_PLACEMENT_2D('',#5754,#5755);
#5754 = CARTESIAN_POINT('',(-16.5,10.));
#5755 = DIRECTION('',(1.,0.));
#5756 = ( GEOMETRIC_REPRESENTATION_CONTEXT(2) 
PARAMETRIC_REPRESENTATION_CONTEXT() REPRESENTATION_CONTEXT('2D SPACE',''
  ) );
#5757 = ORIENTED_EDGE('',*,*,#5758,.T.);
#5758 = EDGE_CURVE('',#5735,#1516,#5759,.T.);
#5759 = SEAM_CURVE('',#5760,(#5764,#5771),.PCURVE_S1.);
#5760 = LINE('',#5761,#5762);
#5761 = CARTESIAN_POINT('',(-15.3,10.,12.));
#5762 = VECTOR('',#5763,1.);
#5763 = DIRECTION('',(0.,-1.224646799147E-16,-1.));
#5764 = PCURVE('',#1536,#5765);
#5765 = DEFINITIONAL_REPRESENTATION('',(#5766),#5770);
#5766 = LINE('',#5767,#5768);
#5767 = CARTESIAN_POINT('',(-6.28318530718,0.));
#5768 = VECTOR('',#5769,1.);
#5769 = DIRECTION('',(-0.,-1.));
#5770 = ( GEOMETRIC_REPRESENTATION_CONTEXT(2) 
PARAMETRIC_REPRESENTATION_CONTEXT() REPRESENTATION_CONTEXT('2D SPACE',''
  ) );
#5771 = PCURVE('',#1536,#5772);
#5772 = DEFINITIONAL_REPRESENTATION('',(#5773),#5777);
#5773 = LINE('',#5774,#5775);
#5774 = CARTESIAN_POINT('',(-0.,0.));
#5775 = VECTOR('',#5776,1.);
#5776 = DIRECTION('',(-0.,-1.));
#5777 = ( GEOMETRIC_REPRESENTATION_CONTEXT(2) 
PARAMETRIC_REPRESENTATION_CONTEXT() REPRESENTATION_CONTEXT('2D SPACE',''
  ) );
#5778 = ORIENTED_EDGE('',*,*,#1515,.T.);
#5779 = ORIENTED_EDGE('',*,*,#5758,.F.);
#5780 = ADVANCED_FACE('',(#5781),#1571,.F.);
#5781 = FACE_BOUND('',#5782,.T.);
#5782 = EDGE_LOOP('',(#5783,#5784,#5805,#5806));
#5783 = ORIENTED_EDGE('',*,*,#1735,.T.);
#5784 = ORIENTED_EDGE('',*,*,#5785,.T.);
#5785 = EDGE_CURVE('',#1736,#1551,#5786,.T.);
#5786 = SEAM_CURVE('',#5787,(#5791,#5798),.PCURVE_S1.);
#5787 = LINE('',#5788,#5789);
#5788 = CARTESIAN_POINT('',(17.7,10.,12.));
#5789 = VECTOR('',#5790,1.);
#5790 = DIRECTION('',(0.,-1.224646799147E-16,-1.));
#5791 = PCURVE('',#1571,#5792);
#5792 = DEFINITIONAL_REPRESENTATION('',(#5793),#5797);
#5793 = LINE('',#5794,#5795);
#5794 = CARTESIAN_POINT('',(-6.28318530718,0.));
#5795 = VECTOR('',#5796,1.);
#5796 = DIRECTION('',(-0.,-1.));
#5797 = ( GEOMETRIC_REPRESENTATION_CONTEXT(2) 
PARAMETRIC_REPRESENTATION_CONTEXT() REPRESENTATION_CONTEXT('2D SPACE',''
  ) );
#5798 = PCURVE('',#1571,#5799);
#5799 = DEFINITIONAL_REPRESENTATION('',(#5800),#5804);
#5800 = LINE('',#5801,#5802);
#5801 = CARTESIAN_POINT('',(-0.,0.));
#5802 = VECTOR('',#5803,1.);
#5803 = DIRECTION('',(-0.,-1.));
#5804 = ( GEOMETRIC_REPRESENTATION_CONTEXT(2) 
PARAMETRIC_REPRESENTATION_CONTEXT() REPRESENTATION_CONTEXT('2D SPACE',''
  ) );
#5805 = ORIENTED_EDGE('',*,*,#1550,.T.);
#5806 = ORIENTED_EDGE('',*,*,#5785,.F.);
#5807 = ADVANCED_FACE('',(#5808),#1721,.T.);
#5808 = FACE_BOUND('',#5809,.T.);
#5809 = EDGE_LOOP('',(#5810,#5833,#5855,#5856));
#5810 = ORIENTED_EDGE('',*,*,#5811,.F.);
#5811 = EDGE_CURVE('',#5812,#1681,#5814,.T.);
#5812 = VERTEX_POINT('',#5813);
#5813 = CARTESIAN_POINT('',(14.3,10.,6.5));
#5814 = SURFACE_CURVE('',#5815,(#5819,#5826),.PCURVE_S1.);
#5815 = LINE('',#5816,#5817);
#5816 = CARTESIAN_POINT('',(14.3,10.,6.5));
#5817 = VECTOR('',#5818,1.);
#5818 = DIRECTION('',(0.,0.,1.));
#5819 = PCURVE('',#1721,#5820);
#5820 = DEFINITIONAL_REPRESENTATION('',(#5821),#5825);
#5821 = LINE('',#5822,#5823);
#5822 = CARTESIAN_POINT('',(0.,0.));
#5823 = VECTOR('',#5824,1.);
#5824 = DIRECTION('',(0.,1.));
#5825 = ( GEOMETRIC_REPRESENTATION_CONTEXT(2) 
PARAMETRIC_REPRESENTATION_CONTEXT() REPRESENTATION_CONTEXT('2D SPACE',''
  ) );
#5826 = PCURVE('',#1695,#5827);
#5827 = DEFINITIONAL_REPRESENTATION('',(#5828),#5832);
#5828 = LINE('',#5829,#5830);
#5829 = CARTESIAN_POINT('',(0.,5.));
#5830 = VECTOR('',#5831,1.);
#5831 = DIRECTION('',(1.,0.));
#5832 = ( GEOMETRIC_REPRESENTATION_CONTEXT(2) 
PARAMETRIC_REPRESENTATION_CONTEXT() REPRESENTATION_CONTEXT('2D SPACE',''
  ) );
#5833 = ORIENTED_EDGE('',*,*,#5834,.T.);
#5834 = EDGE_CURVE('',#5812,#1763,#5835,.T.);
#5835 = SURFACE_CURVE('',#5836,(#5841,#5848),.PCURVE_S1.);
#5836 = CIRCLE('',#5837,3.5);
#5837 = AXIS2_PLACEMENT_3D('',#5838,#5839,#5840);
#5838 = CARTESIAN_POINT('',(17.8,10.,6.5));
#5839 = DIRECTION('',(0.,0.,1.));
#5840 = DIRECTION('',(-1.,1.7763568394E-16,0.));
#5841 = PCURVE('',#1721,#5842);
#5842 = DEFINITIONAL_REPRESENTATION('',(#5843),#5847);
#5843 = LINE('',#5844,#5845);
#5844 = CARTESIAN_POINT('',(0.,0.));
#5845 = VECTOR('',#5846,1.);
#5846 = DIRECTION('',(1.,0.));
#5847 = ( GEOMETRIC_REPRESENTATION_CONTEXT(2) 
PARAMETRIC_REPRESENTATION_CONTEXT() REPRESENTATION_CONTEXT('2D SPACE',''
  ) );
#5848 = PCURVE('',#1849,#5849);
#5849 = DEFINITIONAL_REPRESENTATION('',(#5850),#5854);
#5850 = LINE('',#5851,#5852);
#5851 = CARTESIAN_POINT('',(0.,3.14159265359));
#5852 = VECTOR('',#5853,1.);
#5853 = DIRECTION('',(1.,0.));
#5854 = ( GEOMETRIC_REPRESENTATION_CONTEXT(2) 
PARAMETRIC_REPRESENTATION_CONTEXT() REPRESENTATION_CONTEXT('2D SPACE',''
  ) );
#5855 = ORIENTED_EDGE('',*,*,#1785,.T.);
#5856 = ORIENTED_EDGE('',*,*,#1706,.F.);
#5857 = ADVANCED_FACE('',(#5858),#1695,.F.);
#5858 = FACE_BOUND('',#5859,.F.);
#5859 = EDGE_LOOP('',(#5860,#5881,#5882,#5883));
#5860 = ORIENTED_EDGE('',*,*,#5861,.F.);
#5861 = EDGE_CURVE('',#3770,#5812,#5862,.T.);
#5862 = SURFACE_CURVE('',#5863,(#5867,#5874),.PCURVE_S1.);
#5863 = LINE('',#5864,#5865);
#5864 = CARTESIAN_POINT('',(14.3,15.,6.5));
#5865 = VECTOR('',#5866,1.);
#5866 = DIRECTION('',(0.,-1.,0.));
#5867 = PCURVE('',#1695,#5868);
#5868 = DEFINITIONAL_REPRESENTATION('',(#5869),#5873);
#5869 = LINE('',#5870,#5871);
#5870 = CARTESIAN_POINT('',(0.,0.));
#5871 = VECTOR('',#5872,1.);
#5872 = DIRECTION('',(0.,1.));
#5873 = ( GEOMETRIC_REPRESENTATION_CONTEXT(2) 
PARAMETRIC_REPRESENTATION_CONTEXT() REPRESENTATION_CONTEXT('2D SPACE',''
  ) );
#5874 = PCURVE('',#3807,#5875);
#5875 = DEFINITIONAL_REPRESENTATION('',(#5876),#5880);
#5876 = LINE('',#5877,#5878);
#5877 = CARTESIAN_POINT('',(3.14159265359,0.));
#5878 = VECTOR('',#5879,1.);
#5879 = DIRECTION('',(0.,1.));
#5880 = ( GEOMETRIC_REPRESENTATION_CONTEXT(2) 
PARAMETRIC_REPRESENTATION_CONTEXT() REPRESENTATION_CONTEXT('2D SPACE',''
  ) );
#5881 = ORIENTED_EDGE('',*,*,#3769,.T.);
#5882 = ORIENTED_EDGE('',*,*,#1680,.F.);
#5883 = ORIENTED_EDGE('',*,*,#5811,.F.);
#5884 = ADVANCED_FACE('',(#5885),#1849,.F.);
#5885 = FACE_BOUND('',#5886,.F.);
#5886 = EDGE_LOOP('',(#5887,#5911,#5933,#5934));
#5887 = ORIENTED_EDGE('',*,*,#5888,.F.);
#5888 = EDGE_CURVE('',#5889,#1812,#5891,.T.);
#5889 = VERTEX_POINT('',#5890);
#5890 = CARTESIAN_POINT('',(11.3,10.,6.5));
#5891 = SURFACE_CURVE('',#5892,(#5897,#5904),.PCURVE_S1.);
#5892 = CIRCLE('',#5893,6.5);
#5893 = AXIS2_PLACEMENT_3D('',#5894,#5895,#5896);
#5894 = CARTESIAN_POINT('',(17.8,10.,6.5));
#5895 = DIRECTION('',(0.,0.,1.));
#5896 = DIRECTION('',(-1.,1.7763568394E-16,0.));
#5897 = PCURVE('',#1849,#5898);
#5898 = DEFINITIONAL_REPRESENTATION('',(#5899),#5903);
#5899 = LINE('',#5900,#5901);
#5900 = CARTESIAN_POINT('',(0.,6.28318530718));
#5901 = VECTOR('',#5902,1.);
#5902 = DIRECTION('',(1.,0.));
#5903 = ( GEOMETRIC_REPRESENTATION_CONTEXT(2) 
PARAMETRIC_REPRESENTATION_CONTEXT() REPRESENTATION_CONTEXT('2D SPACE',''
  ) );
#5904 = PCURVE('',#1901,#5905);
#5905 = DEFINITIONAL_REPRESENTATION('',(#5906),#5910);
#5906 = LINE('',#5907,#5908);
#5907 = CARTESIAN_POINT('',(-0.,10.));
#5908 = VECTOR('',#5909,1.);
#5909 = DIRECTION('',(-1.,0.));
#5910 = ( GEOMETRIC_REPRESENTATION_CONTEXT(2) 
PARAMETRIC_REPRESENTATION_CONTEXT() REPRESENTATION_CONTEXT('2D SPACE',''
  ) );
#5911 = ORIENTED_EDGE('',*,*,#5912,.T.);
#5912 = EDGE_CURVE('',#5889,#5812,#5913,.T.);
#5913 = SURFACE_CURVE('',#5914,(#5919,#5926),.PCURVE_S1.);
#5914 = CIRCLE('',#5915,1.5);
#5915 = AXIS2_PLACEMENT_3D('',#5916,#5917,#5918);
#5916 = CARTESIAN_POINT('',(12.8,10.,6.5));
#5917 = DIRECTION('',(0.,-1.,0.));
#5918 = DIRECTION('',(-1.,-0.,-7.401486830834E-17));
#5919 = PCURVE('',#1849,#5920);
#5920 = DEFINITIONAL_REPRESENTATION('',(#5921),#5925);
#5921 = LINE('',#5922,#5923);
#5922 = CARTESIAN_POINT('',(0.,6.28318530718));
#5923 = VECTOR('',#5924,1.);
#5924 = DIRECTION('',(-0.,-1.));
#5925 = ( GEOMETRIC_REPRESENTATION_CONTEXT(2) 
PARAMETRIC_REPRESENTATION_CONTEXT() REPRESENTATION_CONTEXT('2D SPACE',''
  ) );
#5926 = PCURVE('',#3807,#5927);
#5927 = DEFINITIONAL_REPRESENTATION('',(#5928),#5932);
#5928 = LINE('',#5929,#5930);
#5929 = CARTESIAN_POINT('',(0.,5.));
#5930 = VECTOR('',#5931,1.);
#5931 = DIRECTION('',(1.,0.));
#5932 = ( GEOMETRIC_REPRESENTATION_CONTEXT(2) 
PARAMETRIC_REPRESENTATION_CONTEXT() REPRESENTATION_CONTEXT('2D SPACE',''
  ) );
#5933 = ORIENTED_EDGE('',*,*,#5834,.T.);
#5934 = ORIENTED_EDGE('',*,*,#1834,.T.);
#5935 = ADVANCED_FACE('',(#5936),#1901,.F.);
#5936 = FACE_BOUND('',#5937,.T.);
#5937 = EDGE_LOOP('',(#5938,#5959,#5960,#5961));
#5938 = ORIENTED_EDGE('',*,*,#5939,.F.);
#5939 = EDGE_CURVE('',#2058,#5889,#5940,.T.);
#5940 = SURFACE_CURVE('',#5941,(#5945,#5952),.PCURVE_S1.);
#5941 = LINE('',#5942,#5943);
#5942 = CARTESIAN_POINT('',(11.3,10.,16.5));
#5943 = VECTOR('',#5944,1.);
#5944 = DIRECTION('',(0.,0.,-1.));
#5945 = PCURVE('',#1901,#5946);
#5946 = DEFINITIONAL_REPRESENTATION('',(#5947),#5951);
#5947 = LINE('',#5948,#5949);
#5948 = CARTESIAN_POINT('',(-0.,0.));
#5949 = VECTOR('',#5950,1.);
#5950 = DIRECTION('',(-0.,1.));
#5951 = ( GEOMETRIC_REPRESENTATION_CONTEXT(2) 
PARAMETRIC_REPRESENTATION_CONTEXT() REPRESENTATION_CONTEXT('2D SPACE',''
  ) );
#5952 = PCURVE('',#2100,#5953);
#5953 = DEFINITIONAL_REPRESENTATION('',(#5954),#5958);
#5954 = LINE('',#5955,#5956);
#5955 = CARTESIAN_POINT('',(0.,5.));
#5956 = VECTOR('',#5957,1.);
#5957 = DIRECTION('',(1.,0.));
#5958 = ( GEOMETRIC_REPRESENTATION_CONTEXT(2) 
PARAMETRIC_REPRESENTATION_CONTEXT() REPRESENTATION_CONTEXT('2D SPACE',''
  ) );
#5959 = ORIENTED_EDGE('',*,*,#2057,.F.);
#5960 = ORIENTED_EDGE('',*,*,#1887,.T.);
#5961 = ORIENTED_EDGE('',*,*,#5888,.F.);
#5962 = ADVANCED_FACE('',(#5963),#2206,.F.);
#5963 = FACE_BOUND('',#5964,.T.);
#5964 = EDGE_LOOP('',(#5965,#5966,#5989,#6010));
#5965 = ORIENTED_EDGE('',*,*,#2191,.F.);
#5966 = ORIENTED_EDGE('',*,*,#5967,.T.);
#5967 = EDGE_CURVE('',#2159,#5968,#5970,.T.);
#5968 = VERTEX_POINT('',#5969);
#5969 = CARTESIAN_POINT('',(-17.8,3.5,6.5));
#5970 = SURFACE_CURVE('',#5971,(#5975,#5982),.PCURVE_S1.);
#5971 = LINE('',#5972,#5973);
#5972 = CARTESIAN_POINT('',(-17.8,3.5,16.5));
#5973 = VECTOR('',#5974,1.);
#5974 = DIRECTION('',(0.,-0.,-1.));
#5975 = PCURVE('',#2206,#5976);
#5976 = DEFINITIONAL_REPRESENTATION('',(#5977),#5981);
#5977 = LINE('',#5978,#5979);
#5978 = CARTESIAN_POINT('',(-0.,-0.));
#5979 = VECTOR('',#5980,1.);
#5980 = DIRECTION('',(-1.,0.));
#5981 = ( GEOMETRIC_REPRESENTATION_CONTEXT(2) 
PARAMETRIC_REPRESENTATION_CONTEXT() REPRESENTATION_CONTEXT('2D SPACE',''
  ) );
#5982 = PCURVE('',#2179,#5983);
#5983 = DEFINITIONAL_REPRESENTATION('',(#5984),#5988);
#5984 = LINE('',#5985,#5986);
#5985 = CARTESIAN_POINT('',(1.570796326795,0.));
#5986 = VECTOR('',#5987,1.);
#5987 = DIRECTION('',(0.,1.));
#5988 = ( GEOMETRIC_REPRESENTATION_CONTEXT(2) 
PARAMETRIC_REPRESENTATION_CONTEXT() REPRESENTATION_CONTEXT('2D SPACE',''
  ) );
#5989 = ORIENTED_EDGE('',*,*,#5990,.T.);
#5990 = EDGE_CURVE('',#5968,#3444,#5991,.T.);
#5991 = SURFACE_CURVE('',#5992,(#5996,#6003),.PCURVE_S1.);
#5992 = LINE('',#5993,#5994);
#5993 = CARTESIAN_POINT('',(-17.8,3.5,6.5));
#5994 = VECTOR('',#5995,1.);
#5995 = DIRECTION('',(-1.,-0.,-0.));
#5996 = PCURVE('',#2206,#5997);
#5997 = DEFINITIONAL_REPRESENTATION('',(#5998),#6002);
#5998 = LINE('',#5999,#6000);
#5999 = CARTESIAN_POINT('',(-10.,0.));
#6000 = VECTOR('',#6001,1.);
#6001 = DIRECTION('',(-0.,1.));
#6002 = ( GEOMETRIC_REPRESENTATION_CONTEXT(2) 
PARAMETRIC_REPRESENTATION_CONTEXT() REPRESENTATION_CONTEXT('2D SPACE',''
  ) );
#6003 = PCURVE('',#3464,#6004);
#6004 = DEFINITIONAL_REPRESENTATION('',(#6005),#6009);
#6005 = LINE('',#6006,#6007);
#6006 = CARTESIAN_POINT('',(-0.,0.));
#6007 = VECTOR('',#6008,1.);
#6008 = DIRECTION('',(-0.,1.));
#6009 = ( GEOMETRIC_REPRESENTATION_CONTEXT(2) 
PARAMETRIC_REPRESENTATION_CONTEXT() REPRESENTATION_CONTEXT('2D SPACE',''
  ) );
#6010 = ORIENTED_EDGE('',*,*,#3476,.T.);
#6011 = ADVANCED_FACE('',(#6012),#2179,.F.);
#6012 = FACE_BOUND('',#6013,.F.);
#6013 = EDGE_LOOP('',(#6014,#6037,#6038,#6039));
#6014 = ORIENTED_EDGE('',*,*,#6015,.F.);
#6015 = EDGE_CURVE('',#2133,#6016,#6018,.T.);
#6016 = VERTEX_POINT('',#6017);
#6017 = CARTESIAN_POINT('',(-11.3,10.,6.5));
#6018 = SURFACE_CURVE('',#6019,(#6023,#6030),.PCURVE_S1.);
#6019 = LINE('',#6020,#6021);
#6020 = CARTESIAN_POINT('',(-11.3,10.,16.5));
#6021 = VECTOR('',#6022,1.);
#6022 = DIRECTION('',(-0.,-0.,-1.));
#6023 = PCURVE('',#2179,#6024);
#6024 = DEFINITIONAL_REPRESENTATION('',(#6025),#6029);
#6025 = LINE('',#6026,#6027);
#6026 = CARTESIAN_POINT('',(0.,0.));
#6027 = VECTOR('',#6028,1.);
#6028 = DIRECTION('',(0.,1.));
#6029 = ( GEOMETRIC_REPRESENTATION_CONTEXT(2) 
PARAMETRIC_REPRESENTATION_CONTEXT() REPRESENTATION_CONTEXT('2D SPACE',''
  ) );
#6030 = PCURVE('',#2147,#6031);
#6031 = DEFINITIONAL_REPRESENTATION('',(#6032),#6036);
#6032 = LINE('',#6033,#6034);
#6033 = CARTESIAN_POINT('',(-0.,5.));
#6034 = VECTOR('',#6035,1.);
#6035 = DIRECTION('',(-1.,0.));
#6036 = ( GEOMETRIC_REPRESENTATION_CONTEXT(2) 
PARAMETRIC_REPRESENTATION_CONTEXT() REPRESENTATION_CONTEXT('2D SPACE',''
  ) );
#6037 = ORIENTED_EDGE('',*,*,#2158,.T.);
#6038 = ORIENTED_EDGE('',*,*,#5967,.T.);
#6039 = ORIENTED_EDGE('',*,*,#6040,.F.);
#6040 = EDGE_CURVE('',#6016,#5968,#6041,.T.);
#6041 = SURFACE_CURVE('',#6042,(#6047,#6054),.PCURVE_S1.);
#6042 = CIRCLE('',#6043,6.5);
#6043 = AXIS2_PLACEMENT_3D('',#6044,#6045,#6046);
#6044 = CARTESIAN_POINT('',(-17.8,10.,6.5));
#6045 = DIRECTION('',(0.,-0.,-1.));
#6046 = DIRECTION('',(1.,1.7763568394E-16,-0.));
#6047 = PCURVE('',#2179,#6048);
#6048 = DEFINITIONAL_REPRESENTATION('',(#6049),#6053);
#6049 = LINE('',#6050,#6051);
#6050 = CARTESIAN_POINT('',(0.,10.));
#6051 = VECTOR('',#6052,1.);
#6052 = DIRECTION('',(1.,0.));
#6053 = ( GEOMETRIC_REPRESENTATION_CONTEXT(2) 
PARAMETRIC_REPRESENTATION_CONTEXT() REPRESENTATION_CONTEXT('2D SPACE',''
  ) );
#6054 = PCURVE('',#6055,#6060);
#6055 = TOROIDAL_SURFACE('',#6056,5.,1.5);
#6056 = AXIS2_PLACEMENT_3D('',#6057,#6058,#6059);
#6057 = CARTESIAN_POINT('',(-17.8,10.,6.5));
#6058 = DIRECTION('',(-0.,-0.,1.));
#6059 = DIRECTION('',(1.,1.7763568394E-16,-0.));
#6060 = DEFINITIONAL_REPRESENTATION('',(#6061),#6065);
#6061 = LINE('',#6062,#6063);
#6062 = CARTESIAN_POINT('',(-0.,6.28318530718));
#6063 = VECTOR('',#6064,1.);
#6064 = DIRECTION('',(-1.,0.));
#6065 = ( GEOMETRIC_REPRESENTATION_CONTEXT(2) 
PARAMETRIC_REPRESENTATION_CONTEXT() REPRESENTATION_CONTEXT('2D SPACE',''
  ) );
#6066 = ADVANCED_FACE('',(#6067),#2147,.F.);
#6067 = FACE_BOUND('',#6068,.T.);
#6068 = EDGE_LOOP('',(#6069,#6070,#6071,#6072));
#6069 = ORIENTED_EDGE('',*,*,#6015,.F.);
#6070 = ORIENTED_EDGE('',*,*,#2132,.F.);
#6071 = ORIENTED_EDGE('',*,*,#3839,.T.);
#6072 = ORIENTED_EDGE('',*,*,#6073,.T.);
#6073 = EDGE_CURVE('',#3840,#6016,#6074,.T.);
#6074 = SURFACE_CURVE('',#6075,(#6079,#6086),.PCURVE_S1.);
#6075 = LINE('',#6076,#6077);
#6076 = CARTESIAN_POINT('',(-11.3,15.,6.5));
#6077 = VECTOR('',#6078,1.);
#6078 = DIRECTION('',(-0.,-1.,-0.));
#6079 = PCURVE('',#2147,#6080);
#6080 = DEFINITIONAL_REPRESENTATION('',(#6081),#6085);
#6081 = LINE('',#6082,#6083);
#6082 = CARTESIAN_POINT('',(-10.,0.));
#6083 = VECTOR('',#6084,1.);
#6084 = DIRECTION('',(-0.,1.));
#6085 = ( GEOMETRIC_REPRESENTATION_CONTEXT(2) 
PARAMETRIC_REPRESENTATION_CONTEXT() REPRESENTATION_CONTEXT('2D SPACE',''
  ) );
#6086 = PCURVE('',#3877,#6087);
#6087 = DEFINITIONAL_REPRESENTATION('',(#6088),#6092);
#6088 = LINE('',#6089,#6090);
#6089 = CARTESIAN_POINT('',(-0.,0.));
#6090 = VECTOR('',#6091,1.);
#6091 = DIRECTION('',(-0.,1.));
#6092 = ( GEOMETRIC_REPRESENTATION_CONTEXT(2) 
PARAMETRIC_REPRESENTATION_CONTEXT() REPRESENTATION_CONTEXT('2D SPACE',''
  ) );
#6093 = ADVANCED_FACE('',(#6094),#2100,.F.);
#6094 = FACE_BOUND('',#6095,.F.);
#6095 = EDGE_LOOP('',(#6096,#6097,#6098,#6099));
#6096 = ORIENTED_EDGE('',*,*,#5939,.F.);
#6097 = ORIENTED_EDGE('',*,*,#2085,.F.);
#6098 = ORIENTED_EDGE('',*,*,#3819,.T.);
#6099 = ORIENTED_EDGE('',*,*,#6100,.T.);
#6100 = EDGE_CURVE('',#3791,#5889,#6101,.T.);
#6101 = SURFACE_CURVE('',#6102,(#6106,#6113),.PCURVE_S1.);
#6102 = LINE('',#6103,#6104);
#6103 = CARTESIAN_POINT('',(11.3,15.,6.5));
#6104 = VECTOR('',#6105,1.);
#6105 = DIRECTION('',(0.,-1.,0.));
#6106 = PCURVE('',#2100,#6107);
#6107 = DEFINITIONAL_REPRESENTATION('',(#6108),#6112);
#6108 = LINE('',#6109,#6110);
#6109 = CARTESIAN_POINT('',(10.,0.));
#6110 = VECTOR('',#6111,1.);
#6111 = DIRECTION('',(0.,1.));
#6112 = ( GEOMETRIC_REPRESENTATION_CONTEXT(2) 
PARAMETRIC_REPRESENTATION_CONTEXT() REPRESENTATION_CONTEXT('2D SPACE',''
  ) );
#6113 = PCURVE('',#3807,#6114);
#6114 = DEFINITIONAL_REPRESENTATION('',(#6115),#6119);
#6115 = LINE('',#6116,#6117);
#6116 = CARTESIAN_POINT('',(0.,0.));
#6117 = VECTOR('',#6118,1.);
#6118 = DIRECTION('',(0.,1.));
#6119 = ( GEOMETRIC_REPRESENTATION_CONTEXT(2) 
PARAMETRIC_REPRESENTATION_CONTEXT() REPRESENTATION_CONTEXT('2D SPACE',''
  ) );
#6120 = ADVANCED_FACE('',(#6121),#2514,.F.);
#6121 = FACE_BOUND('',#6122,.F.);
#6122 = EDGE_LOOP('',(#6123,#6146,#6169,#6190));
#6123 = ORIENTED_EDGE('',*,*,#6124,.T.);
#6124 = EDGE_CURVE('',#2497,#6125,#6127,.T.);
#6125 = VERTEX_POINT('',#6126);
#6126 = CARTESIAN_POINT('',(-11.33214209156,2.750700997948,9.4));
#6127 = SURFACE_CURVE('',#6128,(#6132,#6139),.PCURVE_S1.);
#6128 = LINE('',#6129,#6130);
#6129 = CARTESIAN_POINT('',(-11.33214209156,2.750700997948,11.));
#6130 = VECTOR('',#6131,1.);
#6131 = DIRECTION('',(-0.,-0.,-1.));
#6132 = PCURVE('',#2514,#6133);
#6133 = DEFINITIONAL_REPRESENTATION('',(#6134),#6138);
#6134 = LINE('',#6135,#6136);
#6135 = CARTESIAN_POINT('',(0.,0.));
#6136 = VECTOR('',#6137,1.);
#6137 = DIRECTION('',(0.,-1.));
#6138 = ( GEOMETRIC_REPRESENTATION_CONTEXT(2) 
PARAMETRIC_REPRESENTATION_CONTEXT() REPRESENTATION_CONTEXT('2D SPACE',''
  ) );
#6139 = PCURVE('',#2547,#6140);
#6140 = DEFINITIONAL_REPRESENTATION('',(#6141),#6145);
#6141 = LINE('',#6142,#6143);
#6142 = CARTESIAN_POINT('',(-1.570796326795,0.));
#6143 = VECTOR('',#6144,1.);
#6144 = DIRECTION('',(-0.,-1.));
#6145 = ( GEOMETRIC_REPRESENTATION_CONTEXT(2) 
PARAMETRIC_REPRESENTATION_CONTEXT() REPRESENTATION_CONTEXT('2D SPACE',''
  ) );
#6146 = ORIENTED_EDGE('',*,*,#6147,.T.);
#6147 = EDGE_CURVE('',#6125,#6148,#6150,.T.);
#6148 = VERTEX_POINT('',#6149);
#6149 = CARTESIAN_POINT('',(-17.32515281043,2.749999984178,9.4));
#6150 = SURFACE_CURVE('',#6151,(#6155,#6162),.PCURVE_S1.);
#6151 = LINE('',#6152,#6153);
#6152 = CARTESIAN_POINT('',(-17.32503509156,2.749999997948,9.4));
#6153 = VECTOR('',#6154,1.);
#6154 = DIRECTION('',(-0.999999993159,-1.169718857316E-04,0.));
#6155 = PCURVE('',#2514,#6156);
#6156 = DEFINITIONAL_REPRESENTATION('',(#6157),#6161);
#6157 = LINE('',#6158,#6159);
#6158 = CARTESIAN_POINT('',(5.992893040999,-1.6));
#6159 = VECTOR('',#6160,1.);
#6160 = DIRECTION('',(1.,0.));
#6161 = ( GEOMETRIC_REPRESENTATION_CONTEXT(2) 
PARAMETRIC_REPRESENTATION_CONTEXT() REPRESENTATION_CONTEXT('2D SPACE',''
  ) );
#6162 = PCURVE('',#4532,#6163);
#6163 = DEFINITIONAL_REPRESENTATION('',(#6164),#6168);
#6164 = LINE('',#6165,#6166);
#6165 = CARTESIAN_POINT('',(-17.32291408316,4.089613299483));
#6166 = VECTOR('',#6167,1.);
#6167 = DIRECTION('',(-0.999999993159,-1.169718857316E-04));
#6168 = ( GEOMETRIC_REPRESENTATION_CONTEXT(2) 
PARAMETRIC_REPRESENTATION_CONTEXT() REPRESENTATION_CONTEXT('2D SPACE',''
  ) );
#6169 = ORIENTED_EDGE('',*,*,#6170,.F.);
#6170 = EDGE_CURVE('',#2499,#6148,#6171,.T.);
#6171 = SURFACE_CURVE('',#6172,(#6176,#6183),.PCURVE_S1.);
#6172 = LINE('',#6173,#6174);
#6173 = CARTESIAN_POINT('',(-17.32515281043,2.749999984178,11.));
#6174 = VECTOR('',#6175,1.);
#6175 = DIRECTION('',(-0.,-0.,-1.));
#6176 = PCURVE('',#2514,#6177);
#6177 = DEFINITIONAL_REPRESENTATION('',(#6178),#6182);
#6178 = LINE('',#6179,#6180);
#6179 = CARTESIAN_POINT('',(5.993010759872,0.));
#6180 = VECTOR('',#6181,1.);
#6181 = DIRECTION('',(0.,-1.));
#6182 = ( GEOMETRIC_REPRESENTATION_CONTEXT(2) 
PARAMETRIC_REPRESENTATION_CONTEXT() REPRESENTATION_CONTEXT('2D SPACE',''
  ) );
#6183 = PCURVE('',#3105,#6184);
#6184 = DEFINITIONAL_REPRESENTATION('',(#6185),#6189);
#6185 = LINE('',#6186,#6187);
#6186 = CARTESIAN_POINT('',(6.283303026141,0.));
#6187 = VECTOR('',#6188,1.);
#6188 = DIRECTION('',(0.,-1.));
#6189 = ( GEOMETRIC_REPRESENTATION_CONTEXT(2) 
PARAMETRIC_REPRESENTATION_CONTEXT() REPRESENTATION_CONTEXT('2D SPACE',''
  ) );
#6190 = ORIENTED_EDGE('',*,*,#2496,.F.);
#6191 = ADVANCED_FACE('',(#6192),#2547,.F.);
#6192 = FACE_BOUND('',#6193,.T.);
#6193 = EDGE_LOOP('',(#6194,#6195,#6223,#6244));
#6194 = ORIENTED_EDGE('',*,*,#6124,.T.);
#6195 = ORIENTED_EDGE('',*,*,#6196,.T.);
#6196 = EDGE_CURVE('',#6125,#6197,#6199,.T.);
#6197 = VERTEX_POINT('',#6198);
#6198 = CARTESIAN_POINT('',(-11.33210677587,2.750701,9.4));
#6199 = SURFACE_CURVE('',#6200,(#6205,#6212),.PCURVE_S1.);
#6200 = CIRCLE('',#6201,0.3);
#6201 = AXIS2_PLACEMENT_3D('',#6202,#6203,#6204);
#6202 = CARTESIAN_POINT('',(-11.332107,2.450701,9.4));
#6203 = DIRECTION('',(-0.,0.,-1.));
#6204 = DIRECTION('',(-0.999999993159,-1.169718857316E-04,0.));
#6205 = PCURVE('',#2547,#6206);
#6206 = DEFINITIONAL_REPRESENTATION('',(#6207),#6211);
#6207 = LINE('',#6208,#6209);
#6208 = CARTESIAN_POINT('',(-0.,-1.6));
#6209 = VECTOR('',#6210,1.);
#6210 = DIRECTION('',(-1.,0.));
#6211 = ( GEOMETRIC_REPRESENTATION_CONTEXT(2) 
PARAMETRIC_REPRESENTATION_CONTEXT() REPRESENTATION_CONTEXT('2D SPACE',''
  ) );
#6212 = PCURVE('',#4532,#6213);
#6213 = DEFINITIONAL_REPRESENTATION('',(#6214),#6222);
#6214 = ( BOUNDED_CURVE() B_SPLINE_CURVE(2,(#6215,#6216,#6217,#6218,
#6219,#6220,#6221),.UNSPECIFIED.,.T.,.F.) B_SPLINE_CURVE_WITH_KNOTS((1,2
    ,2,2,2,1),(-2.094395102393,0.,2.094395102393,4.188790204786,
6.28318530718,8.377580409573),.UNSPECIFIED.) CURVE() 
GEOMETRIC_REPRESENTATION_ITEM() RATIONAL_B_SPLINE_CURVE((1.,0.5,1.,0.5,
1.,0.5,1.)) REPRESENTATION_ITEM('') );
#6215 = CARTESIAN_POINT('',(-11.62998598954,3.79027920997));
#6216 = CARTESIAN_POINT('',(-11.63004676991,4.309894448686));
#6217 = CARTESIAN_POINT('',(-11.1800163828,4.050139466676));
#6218 = CARTESIAN_POINT('',(-10.72998599569,3.790384484667));
#6219 = CARTESIAN_POINT('',(-11.17995560243,3.530524227961));
#6220 = CARTESIAN_POINT('',(-11.62992520916,3.270663971254));
#6221 = CARTESIAN_POINT('',(-11.62998598954,3.79027920997));
#6222 = ( GEOMETRIC_REPRESENTATION_CONTEXT(2) 
PARAMETRIC_REPRESENTATION_CONTEXT() REPRESENTATION_CONTEXT('2D SPACE',''
  ) );
#6223 = ORIENTED_EDGE('',*,*,#6224,.F.);
#6224 = EDGE_CURVE('',#2527,#6197,#6225,.T.);
#6225 = SURFACE_CURVE('',#6226,(#6230,#6237),.PCURVE_S1.);
#6226 = LINE('',#6227,#6228);
#6227 = CARTESIAN_POINT('',(-11.33210677587,2.750701,11.));
#6228 = VECTOR('',#6229,1.);
#6229 = DIRECTION('',(-0.,-0.,-1.));
#6230 = PCURVE('',#2547,#6231);
#6231 = DEFINITIONAL_REPRESENTATION('',(#6232),#6236);
#6232 = LINE('',#6233,#6234);
#6233 = CARTESIAN_POINT('',(-1.570914045757,0.));
#6234 = VECTOR('',#6235,1.);
#6235 = DIRECTION('',(-0.,-1.));
#6236 = ( GEOMETRIC_REPRESENTATION_CONTEXT(2) 
PARAMETRIC_REPRESENTATION_CONTEXT() REPRESENTATION_CONTEXT('2D SPACE',''
  ) );
#6237 = PCURVE('',#2576,#6238);
#6238 = DEFINITIONAL_REPRESENTATION('',(#6239),#6243);
#6239 = LINE('',#6240,#6241);
#6240 = CARTESIAN_POINT('',(6.28318530718,0.));
#6241 = VECTOR('',#6242,1.);
#6242 = DIRECTION('',(0.,-1.));
#6243 = ( GEOMETRIC_REPRESENTATION_CONTEXT(2) 
PARAMETRIC_REPRESENTATION_CONTEXT() REPRESENTATION_CONTEXT('2D SPACE',''
  ) );
#6244 = ORIENTED_EDGE('',*,*,#2526,.F.);
#6245 = ADVANCED_FACE('',(#6246),#3105,.F.);
#6246 = FACE_BOUND('',#6247,.F.);
#6247 = EDGE_LOOP('',(#6248,#6249,#6273,#6294));
#6248 = ORIENTED_EDGE('',*,*,#6170,.T.);
#6249 = ORIENTED_EDGE('',*,*,#6250,.T.);
#6250 = EDGE_CURVE('',#6148,#6251,#6253,.T.);
#6251 = VERTEX_POINT('',#6252);
#6252 = CARTESIAN_POINT('',(-18.625,1.450000747075,9.4));
#6253 = SURFACE_CURVE('',#6254,(#6259,#6266),.PCURVE_S1.);
#6254 = CIRCLE('',#6255,1.299999252925);
#6255 = AXIS2_PLACEMENT_3D('',#6256,#6257,#6258);
#6256 = CARTESIAN_POINT('',(-17.32500074707,1.450000747075,9.4));
#6257 = DIRECTION('',(0.,-0.,1.));
#6258 = DIRECTION('',(7.470757350764E-07,1.,0.));
#6259 = PCURVE('',#3105,#6260);
#6260 = DEFINITIONAL_REPRESENTATION('',(#6261),#6265);
#6261 = LINE('',#6262,#6263);
#6262 = CARTESIAN_POINT('',(0.,-1.6));
#6263 = VECTOR('',#6264,1.);
#6264 = DIRECTION('',(1.,0.));
#6265 = ( GEOMETRIC_REPRESENTATION_CONTEXT(2) 
PARAMETRIC_REPRESENTATION_CONTEXT() REPRESENTATION_CONTEXT('2D SPACE',''
  ) );
#6266 = PCURVE('',#4532,#6267);
#6267 = DEFINITIONAL_REPRESENTATION('',(#6268),#6272);
#6268 = CIRCLE('',#6269,1.299999252925);
#6269 = AXIS2_PLACEMENT_2D('',#6270,#6271);
#6270 = CARTESIAN_POINT('',(-17.32287973867,2.789614048611));
#6271 = DIRECTION('',(7.470757350764E-07,1.));
#6272 = ( GEOMETRIC_REPRESENTATION_CONTEXT(2) 
PARAMETRIC_REPRESENTATION_CONTEXT() REPRESENTATION_CONTEXT('2D SPACE',''
  ) );
#6273 = ORIENTED_EDGE('',*,*,#6274,.F.);
#6274 = EDGE_CURVE('',#3063,#6251,#6275,.T.);
#6275 = SURFACE_CURVE('',#6276,(#6280,#6287),.PCURVE_S1.);
#6276 = LINE('',#6277,#6278);
#6277 = CARTESIAN_POINT('',(-18.625,1.450000747075,11.));
#6278 = VECTOR('',#6279,1.);
#6279 = DIRECTION('',(-0.,-0.,-1.));
#6280 = PCURVE('',#3105,#6281);
#6281 = DEFINITIONAL_REPRESENTATION('',(#6282),#6286);
#6282 = LINE('',#6283,#6284);
#6283 = CARTESIAN_POINT('',(7.85398238105,0.));
#6284 = VECTOR('',#6285,1.);
#6285 = DIRECTION('',(0.,-1.));
#6286 = ( GEOMETRIC_REPRESENTATION_CONTEXT(2) 
PARAMETRIC_REPRESENTATION_CONTEXT() REPRESENTATION_CONTEXT('2D SPACE',''
  ) );
#6287 = PCURVE('',#3078,#6288);
#6288 = DEFINITIONAL_REPRESENTATION('',(#6289),#6293);
#6289 = LINE('',#6290,#6291);
#6290 = CARTESIAN_POINT('',(-8.881784197001E-16,0.));
#6291 = VECTOR('',#6292,1.);
#6292 = DIRECTION('',(0.,-1.));
#6293 = ( GEOMETRIC_REPRESENTATION_CONTEXT(2) 
PARAMETRIC_REPRESENTATION_CONTEXT() REPRESENTATION_CONTEXT('2D SPACE',''
  ) );
#6294 = ORIENTED_EDGE('',*,*,#3090,.F.);
#6295 = ADVANCED_FACE('',(#6296),#2576,.T.);
#6296 = FACE_BOUND('',#6297,.T.);
#6297 = EDGE_LOOP('',(#6298,#6299,#6323,#6344));
#6298 = ORIENTED_EDGE('',*,*,#6224,.T.);
#6299 = ORIENTED_EDGE('',*,*,#6300,.T.);
#6300 = EDGE_CURVE('',#6197,#6301,#6303,.T.);
#6301 = VERTEX_POINT('',#6302);
#6302 = CARTESIAN_POINT('',(-10.632107,3.450700775877,9.4));
#6303 = SURFACE_CURVE('',#6304,(#6309,#6316),.PCURVE_S1.);
#6304 = CIRCLE('',#6305,0.699999252925);
#6305 = AXIS2_PLACEMENT_3D('',#6306,#6307,#6308);
#6306 = CARTESIAN_POINT('',(-11.33210625292,3.450700252925,9.4));
#6307 = DIRECTION('',(0.,0.,1.));
#6308 = DIRECTION('',(-7.470757066546E-07,-1.,0.));
#6309 = PCURVE('',#2576,#6310);
#6310 = DEFINITIONAL_REPRESENTATION('',(#6311),#6315);
#6311 = LINE('',#6312,#6313);
#6312 = CARTESIAN_POINT('',(0.,-1.6));
#6313 = VECTOR('',#6314,1.);
#6314 = DIRECTION('',(1.,0.));
#6315 = ( GEOMETRIC_REPRESENTATION_CONTEXT(2) 
PARAMETRIC_REPRESENTATION_CONTEXT() REPRESENTATION_CONTEXT('2D SPACE',''
  ) );
#6316 = PCURVE('',#4532,#6317);
#6317 = DEFINITIONAL_REPRESENTATION('',(#6318),#6322);
#6318 = CIRCLE('',#6319,0.699999252925);
#6319 = AXIS2_PLACEMENT_2D('',#6320,#6321);
#6320 = CARTESIAN_POINT('',(-11.32998524451,4.79031355446));
#6321 = DIRECTION('',(-7.470757066546E-07,-1.));
#6322 = ( GEOMETRIC_REPRESENTATION_CONTEXT(2) 
PARAMETRIC_REPRESENTATION_CONTEXT() REPRESENTATION_CONTEXT('2D SPACE',''
  ) );
#6323 = ORIENTED_EDGE('',*,*,#6324,.F.);
#6324 = EDGE_CURVE('',#2560,#6301,#6325,.T.);
#6325 = SURFACE_CURVE('',#6326,(#6330,#6337),.PCURVE_S1.);
#6326 = LINE('',#6327,#6328);
#6327 = CARTESIAN_POINT('',(-10.632107,3.450700775877,11.));
#6328 = VECTOR('',#6329,1.);
#6329 = DIRECTION('',(-0.,-0.,-1.));
#6330 = PCURVE('',#2576,#6331);
#6331 = DEFINITIONAL_REPRESENTATION('',(#6332),#6336);
#6332 = LINE('',#6333,#6334);
#6333 = CARTESIAN_POINT('',(7.853983128126,0.));
#6334 = VECTOR('',#6335,1.);
#6335 = DIRECTION('',(0.,-1.));
#6336 = ( GEOMETRIC_REPRESENTATION_CONTEXT(2) 
PARAMETRIC_REPRESENTATION_CONTEXT() REPRESENTATION_CONTEXT('2D SPACE',''
  ) );
#6337 = PCURVE('',#2609,#6338);
#6338 = DEFINITIONAL_REPRESENTATION('',(#6339),#6343);
#6339 = LINE('',#6340,#6341);
#6340 = CARTESIAN_POINT('',(-1.570796326795,0.));
#6341 = VECTOR('',#6342,1.);
#6342 = DIRECTION('',(-0.,-1.));
#6343 = ( GEOMETRIC_REPRESENTATION_CONTEXT(2) 
PARAMETRIC_REPRESENTATION_CONTEXT() REPRESENTATION_CONTEXT('2D SPACE',''
  ) );
#6344 = ORIENTED_EDGE('',*,*,#2559,.F.);
#6345 = ADVANCED_FACE('',(#6346),#3078,.F.);
#6346 = FACE_BOUND('',#6347,.F.);
#6347 = EDGE_LOOP('',(#6348,#6349,#6372,#6393));
#6348 = ORIENTED_EDGE('',*,*,#6274,.T.);
#6349 = ORIENTED_EDGE('',*,*,#6350,.T.);
#6350 = EDGE_CURVE('',#6251,#6351,#6353,.T.);
#6351 = VERTEX_POINT('',#6352);
#6352 = CARTESIAN_POINT('',(-18.625,-11.05000074707,9.4));
#6353 = SURFACE_CURVE('',#6354,(#6358,#6365),.PCURVE_S1.);
#6354 = LINE('',#6355,#6356);
#6355 = CARTESIAN_POINT('',(-18.625,1.45,9.4));
#6356 = VECTOR('',#6357,1.);
#6357 = DIRECTION('',(-1.224646799147E-16,-1.,0.));
#6358 = PCURVE('',#3078,#6359);
#6359 = DEFINITIONAL_REPRESENTATION('',(#6360),#6364);
#6360 = LINE('',#6361,#6362);
#6361 = CARTESIAN_POINT('',(7.470751912653E-07,-1.6));
#6362 = VECTOR('',#6363,1.);
#6363 = DIRECTION('',(1.,0.));
#6364 = ( GEOMETRIC_REPRESENTATION_CONTEXT(2) 
PARAMETRIC_REPRESENTATION_CONTEXT() REPRESENTATION_CONTEXT('2D SPACE',''
  ) );
#6365 = PCURVE('',#4532,#6366);
#6366 = DEFINITIONAL_REPRESENTATION('',(#6367),#6371);
#6367 = LINE('',#6368,#6369);
#6368 = CARTESIAN_POINT('',(-18.62287899159,2.789613301536));
#6369 = VECTOR('',#6370,1.);
#6370 = DIRECTION('',(-1.224646799147E-16,-1.));
#6371 = ( GEOMETRIC_REPRESENTATION_CONTEXT(2) 
PARAMETRIC_REPRESENTATION_CONTEXT() REPRESENTATION_CONTEXT('2D SPACE',''
  ) );
#6372 = ORIENTED_EDGE('',*,*,#6373,.F.);
#6373 = EDGE_CURVE('',#3034,#6351,#6374,.T.);
#6374 = SURFACE_CURVE('',#6375,(#6379,#6386),.PCURVE_S1.);
#6375 = LINE('',#6376,#6377);
#6376 = CARTESIAN_POINT('',(-18.625,-11.05000074707,11.));
#6377 = VECTOR('',#6378,1.);
#6378 = DIRECTION('',(-0.,-0.,-1.));
#6379 = PCURVE('',#3078,#6380);
#6380 = DEFINITIONAL_REPRESENTATION('',(#6381),#6385);
#6381 = LINE('',#6382,#6383);
#6382 = CARTESIAN_POINT('',(12.50000149415,0.));
#6383 = VECTOR('',#6384,1.);
#6384 = DIRECTION('',(0.,-1.));
#6385 = ( GEOMETRIC_REPRESENTATION_CONTEXT(2) 
PARAMETRIC_REPRESENTATION_CONTEXT() REPRESENTATION_CONTEXT('2D SPACE',''
  ) );
#6386 = PCURVE('',#3050,#6387);
#6387 = DEFINITIONAL_REPRESENTATION('',(#6388),#6392);
#6388 = LINE('',#6389,#6390);
#6389 = CARTESIAN_POINT('',(6.283186054255,0.));
#6390 = VECTOR('',#6391,1.);
#6391 = DIRECTION('',(0.,-1.));
#6392 = ( GEOMETRIC_REPRESENTATION_CONTEXT(2) 
PARAMETRIC_REPRESENTATION_CONTEXT() REPRESENTATION_CONTEXT('2D SPACE',''
  ) );
#6393 = ORIENTED_EDGE('',*,*,#3062,.F.);
#6394 = ADVANCED_FACE('',(#6395),#2609,.F.);
#6395 = FACE_BOUND('',#6396,.T.);
#6396 = EDGE_LOOP('',(#6397,#6398,#6426,#6447));
#6397 = ORIENTED_EDGE('',*,*,#6324,.T.);
#6398 = ORIENTED_EDGE('',*,*,#6399,.T.);
#6399 = EDGE_CURVE('',#6301,#6400,#6402,.T.);
#6400 = VERTEX_POINT('',#6401);
#6401 = CARTESIAN_POINT('',(-10.632107,3.450701,9.4));
#6402 = SURFACE_CURVE('',#6403,(#6408,#6415),.PCURVE_S1.);
#6403 = CIRCLE('',#6404,0.3);
#6404 = AXIS2_PLACEMENT_3D('',#6405,#6406,#6407);
#6405 = CARTESIAN_POINT('',(-10.332107,3.450701,9.4));
#6406 = DIRECTION('',(-0.,0.,-1.));
#6407 = DIRECTION('',(7.470757063236E-07,-1.,-0.));
#6408 = PCURVE('',#2609,#6409);
#6409 = DEFINITIONAL_REPRESENTATION('',(#6410),#6414);
#6410 = LINE('',#6411,#6412);
#6411 = CARTESIAN_POINT('',(-0.,-1.6));
#6412 = VECTOR('',#6413,1.);
#6413 = DIRECTION('',(-1.,0.));
#6414 = ( GEOMETRIC_REPRESENTATION_CONTEXT(2) 
PARAMETRIC_REPRESENTATION_CONTEXT() REPRESENTATION_CONTEXT('2D SPACE',''
  ) );
#6415 = PCURVE('',#4532,#6416);
#6416 = DEFINITIONAL_REPRESENTATION('',(#6417),#6425);
#6417 = ( BOUNDED_CURVE() B_SPLINE_CURVE(2,(#6418,#6419,#6420,#6421,
#6422,#6423,#6424),.UNSPECIFIED.,.T.,.F.) B_SPLINE_CURVE_WITH_KNOTS((1,2
    ,2,2,2,1),(-2.094395102393,0.,2.094395102393,4.188790204786,
6.28318530718,8.377580409573),.UNSPECIFIED.) CURVE() 
GEOMETRIC_REPRESENTATION_ITEM() RATIONAL_B_SPLINE_CURVE((1.,0.5,1.,0.5,
1.,0.5,1.)) REPRESENTATION_ITEM('') );
#6418 = CARTESIAN_POINT('',(-10.32998576747,4.490314301536));
#6419 = CARTESIAN_POINT('',(-10.84960100974,4.490313913344));
#6420 = CARTESIAN_POINT('',(-10.58979372479,4.94031410744));
#6421 = CARTESIAN_POINT('',(-10.32998643984,5.390314301535));
#6422 = CARTESIAN_POINT('',(-10.07017848252,4.940314495632));
#6423 = CARTESIAN_POINT('',(-9.810370525201,4.490314689728));
#6424 = CARTESIAN_POINT('',(-10.32998576747,4.490314301536));
#6425 = ( GEOMETRIC_REPRESENTATION_CONTEXT(2) 
PARAMETRIC_REPRESENTATION_CONTEXT() REPRESENTATION_CONTEXT('2D SPACE',''
  ) );
#6426 = ORIENTED_EDGE('',*,*,#6427,.F.);
#6427 = EDGE_CURVE('',#2589,#6400,#6428,.T.);
#6428 = SURFACE_CURVE('',#6429,(#6433,#6440),.PCURVE_S1.);
#6429 = LINE('',#6430,#6431);
#6430 = CARTESIAN_POINT('',(-10.632107,3.450701,11.));
#6431 = VECTOR('',#6432,1.);
#6432 = DIRECTION('',(-0.,-0.,-1.));
#6433 = PCURVE('',#2609,#6434);
#6434 = DEFINITIONAL_REPRESENTATION('',(#6435),#6439);
#6435 = LINE('',#6436,#6437);
#6436 = CARTESIAN_POINT('',(-1.570797073871,0.));
#6437 = VECTOR('',#6438,1.);
#6438 = DIRECTION('',(-0.,-1.));
#6439 = ( GEOMETRIC_REPRESENTATION_CONTEXT(2) 
PARAMETRIC_REPRESENTATION_CONTEXT() REPRESENTATION_CONTEXT('2D SPACE',''
  ) );
#6440 = PCURVE('',#2637,#6441);
#6441 = DEFINITIONAL_REPRESENTATION('',(#6442),#6446);
#6442 = LINE('',#6443,#6444);
#6443 = CARTESIAN_POINT('',(7.599299747075,0.));
#6444 = VECTOR('',#6445,1.);
#6445 = DIRECTION('',(0.,-1.));
#6446 = ( GEOMETRIC_REPRESENTATION_CONTEXT(2) 
PARAMETRIC_REPRESENTATION_CONTEXT() REPRESENTATION_CONTEXT('2D SPACE',''
  ) );
#6447 = ORIENTED_EDGE('',*,*,#2588,.F.);
#6448 = ADVANCED_FACE('',(#6449),#3050,.F.);
#6449 = FACE_BOUND('',#6450,.F.);
#6450 = EDGE_LOOP('',(#6451,#6452,#6476,#6497));
#6451 = ORIENTED_EDGE('',*,*,#6373,.T.);
#6452 = ORIENTED_EDGE('',*,*,#6453,.T.);
#6453 = EDGE_CURVE('',#6351,#6454,#6456,.T.);
#6454 = VERTEX_POINT('',#6455);
#6455 = CARTESIAN_POINT('',(-17.32500074707,-12.35,9.4));
#6456 = SURFACE_CURVE('',#6457,(#6462,#6469),.PCURVE_S1.);
#6457 = CIRCLE('',#6458,1.299999252925);
#6458 = AXIS2_PLACEMENT_3D('',#6459,#6460,#6461);
#6459 = CARTESIAN_POINT('',(-17.32500074707,-11.05000074707,9.4));
#6460 = DIRECTION('',(0.,0.,1.));
#6461 = DIRECTION('',(-1.,7.470757634981E-07,0.));
#6462 = PCURVE('',#3050,#6463);
#6463 = DEFINITIONAL_REPRESENTATION('',(#6464),#6468);
#6464 = LINE('',#6465,#6466);
#6465 = CARTESIAN_POINT('',(0.,-1.6));
#6466 = VECTOR('',#6467,1.);
#6467 = DIRECTION('',(1.,0.));
#6468 = ( GEOMETRIC_REPRESENTATION_CONTEXT(2) 
PARAMETRIC_REPRESENTATION_CONTEXT() REPRESENTATION_CONTEXT('2D SPACE',''
  ) );
#6469 = PCURVE('',#4532,#6470);
#6470 = DEFINITIONAL_REPRESENTATION('',(#6471),#6475);
#6471 = CIRCLE('',#6472,1.299999252925);
#6472 = AXIS2_PLACEMENT_2D('',#6473,#6474);
#6473 = CARTESIAN_POINT('',(-17.32287973867,-9.71038744554));
#6474 = DIRECTION('',(-1.,7.470757634981E-07));
#6475 = ( GEOMETRIC_REPRESENTATION_CONTEXT(2) 
PARAMETRIC_REPRESENTATION_CONTEXT() REPRESENTATION_CONTEXT('2D SPACE',''
  ) );
#6476 = ORIENTED_EDGE('',*,*,#6477,.F.);
#6477 = EDGE_CURVE('',#3006,#6454,#6478,.T.);
#6478 = SURFACE_CURVE('',#6479,(#6483,#6490),.PCURVE_S1.);
#6479 = LINE('',#6480,#6481);
#6480 = CARTESIAN_POINT('',(-17.32500074707,-12.35,11.));
#6481 = VECTOR('',#6482,1.);
#6482 = DIRECTION('',(-0.,-0.,-1.));
#6483 = PCURVE('',#3050,#6484);
#6484 = DEFINITIONAL_REPRESENTATION('',(#6485),#6489);
#6485 = LINE('',#6486,#6487);
#6486 = CARTESIAN_POINT('',(7.85398238105,0.));
#6487 = VECTOR('',#6488,1.);
#6488 = DIRECTION('',(0.,-1.));
#6489 = ( GEOMETRIC_REPRESENTATION_CONTEXT(2) 
PARAMETRIC_REPRESENTATION_CONTEXT() REPRESENTATION_CONTEXT('2D SPACE',''
  ) );
#6490 = PCURVE('',#3021,#6491);
#6491 = DEFINITIONAL_REPRESENTATION('',(#6492),#6496);
#6492 = LINE('',#6493,#6494);
#6493 = CARTESIAN_POINT('',(0.,0.));
#6494 = VECTOR('',#6495,1.);
#6495 = DIRECTION('',(0.,-1.));
#6496 = ( GEOMETRIC_REPRESENTATION_CONTEXT(2) 
PARAMETRIC_REPRESENTATION_CONTEXT() REPRESENTATION_CONTEXT('2D SPACE',''
  ) );
#6497 = ORIENTED_EDGE('',*,*,#3033,.F.);
#6498 = ADVANCED_FACE('',(#6499),#2637,.F.);
#6499 = FACE_BOUND('',#6500,.F.);
#6500 = EDGE_LOOP('',(#6501,#6524,#6545,#6546));
#6501 = ORIENTED_EDGE('',*,*,#6502,.T.);
#6502 = EDGE_CURVE('',#2622,#6503,#6505,.T.);
#6503 = VERTEX_POINT('',#6504);
#6504 = CARTESIAN_POINT('',(-10.632107,11.050000747075,9.4));
#6505 = SURFACE_CURVE('',#6506,(#6510,#6517),.PCURVE_S1.);
#6506 = LINE('',#6507,#6508);
#6507 = CARTESIAN_POINT('',(-10.632107,11.050000747075,11.));
#6508 = VECTOR('',#6509,1.);
#6509 = DIRECTION('',(-0.,-0.,-1.));
#6510 = PCURVE('',#2637,#6511);
#6511 = DEFINITIONAL_REPRESENTATION('',(#6512),#6516);
#6512 = LINE('',#6513,#6514);
#6513 = CARTESIAN_POINT('',(-1.7763568394E-15,0.));
#6514 = VECTOR('',#6515,1.);
#6515 = DIRECTION('',(0.,-1.));
#6516 = ( GEOMETRIC_REPRESENTATION_CONTEXT(2) 
PARAMETRIC_REPRESENTATION_CONTEXT() REPRESENTATION_CONTEXT('2D SPACE',''
  ) );
#6517 = PCURVE('',#2666,#6518);
#6518 = DEFINITIONAL_REPRESENTATION('',(#6519),#6523);
#6519 = LINE('',#6520,#6521);
#6520 = CARTESIAN_POINT('',(7.85398238105,0.));
#6521 = VECTOR('',#6522,1.);
#6522 = DIRECTION('',(0.,-1.));
#6523 = ( GEOMETRIC_REPRESENTATION_CONTEXT(2) 
PARAMETRIC_REPRESENTATION_CONTEXT() REPRESENTATION_CONTEXT('2D SPACE',''
  ) );
#6524 = ORIENTED_EDGE('',*,*,#6525,.T.);
#6525 = EDGE_CURVE('',#6503,#6400,#6526,.T.);
#6526 = SURFACE_CURVE('',#6527,(#6531,#6538),.PCURVE_S1.);
#6527 = LINE('',#6528,#6529);
#6528 = CARTESIAN_POINT('',(-10.632107,11.05,9.4));
#6529 = VECTOR('',#6530,1.);
#6530 = DIRECTION('',(-1.224646799147E-16,-1.,0.));
#6531 = PCURVE('',#2637,#6532);
#6532 = DEFINITIONAL_REPRESENTATION('',(#6533),#6537);
#6533 = LINE('',#6534,#6535);
#6534 = CARTESIAN_POINT('',(7.470752052541E-07,-1.6));
#6535 = VECTOR('',#6536,1.);
#6536 = DIRECTION('',(1.,0.));
#6537 = ( GEOMETRIC_REPRESENTATION_CONTEXT(2) 
PARAMETRIC_REPRESENTATION_CONTEXT() REPRESENTATION_CONTEXT('2D SPACE',''
  ) );
#6538 = PCURVE('',#4532,#6539);
#6539 = DEFINITIONAL_REPRESENTATION('',(#6540),#6544);
#6540 = LINE('',#6541,#6542);
#6541 = CARTESIAN_POINT('',(-10.62998599159,12.389613301536));
#6542 = VECTOR('',#6543,1.);
#6543 = DIRECTION('',(-1.224646799147E-16,-1.));
#6544 = ( GEOMETRIC_REPRESENTATION_CONTEXT(2) 
PARAMETRIC_REPRESENTATION_CONTEXT() REPRESENTATION_CONTEXT('2D SPACE',''
  ) );
#6545 = ORIENTED_EDGE('',*,*,#6427,.F.);
#6546 = ORIENTED_EDGE('',*,*,#2621,.F.);
#6547 = ADVANCED_FACE('',(#6548),#3021,.F.);
#6548 = FACE_BOUND('',#6549,.F.);
#6549 = EDGE_LOOP('',(#6550,#6551,#6574,#6595));
#6550 = ORIENTED_EDGE('',*,*,#6477,.T.);
#6551 = ORIENTED_EDGE('',*,*,#6552,.T.);
#6552 = EDGE_CURVE('',#6454,#6553,#6555,.T.);
#6553 = VERTEX_POINT('',#6554);
#6554 = CARTESIAN_POINT('',(17.325000747075,-12.35,9.4));
#6555 = SURFACE_CURVE('',#6556,(#6560,#6567),.PCURVE_S1.);
#6556 = LINE('',#6557,#6558);
#6557 = CARTESIAN_POINT('',(-17.325,-12.35,9.4));
#6558 = VECTOR('',#6559,1.);
#6559 = DIRECTION('',(1.,-1.224646799147E-16,-0.));
#6560 = PCURVE('',#3021,#6561);
#6561 = DEFINITIONAL_REPRESENTATION('',(#6562),#6566);
#6562 = LINE('',#6563,#6564);
#6563 = CARTESIAN_POINT('',(7.470752052541E-07,-1.6));
#6564 = VECTOR('',#6565,1.);
#6565 = DIRECTION('',(1.,0.));
#6566 = ( GEOMETRIC_REPRESENTATION_CONTEXT(2) 
PARAMETRIC_REPRESENTATION_CONTEXT() REPRESENTATION_CONTEXT('2D SPACE',''
  ) );
#6567 = PCURVE('',#4532,#6568);
#6568 = DEFINITIONAL_REPRESENTATION('',(#6569),#6573);
#6569 = LINE('',#6570,#6571);
#6570 = CARTESIAN_POINT('',(-17.32287899159,-11.01038669846));
#6571 = VECTOR('',#6572,1.);
#6572 = DIRECTION('',(1.,-1.224646799147E-16));
#6573 = ( GEOMETRIC_REPRESENTATION_CONTEXT(2) 
PARAMETRIC_REPRESENTATION_CONTEXT() REPRESENTATION_CONTEXT('2D SPACE',''
  ) );
#6574 = ORIENTED_EDGE('',*,*,#6575,.F.);
#6575 = EDGE_CURVE('',#2977,#6553,#6576,.T.);
#6576 = SURFACE_CURVE('',#6577,(#6581,#6588),.PCURVE_S1.);
#6577 = LINE('',#6578,#6579);
#6578 = CARTESIAN_POINT('',(17.325000747075,-12.35,11.));
#6579 = VECTOR('',#6580,1.);
#6580 = DIRECTION('',(-0.,-0.,-1.));
#6581 = PCURVE('',#3021,#6582);
#6582 = DEFINITIONAL_REPRESENTATION('',(#6583),#6587);
#6583 = LINE('',#6584,#6585);
#6584 = CARTESIAN_POINT('',(34.65000149415,0.));
#6585 = VECTOR('',#6586,1.);
#6586 = DIRECTION('',(0.,-1.));
#6587 = ( GEOMETRIC_REPRESENTATION_CONTEXT(2) 
PARAMETRIC_REPRESENTATION_CONTEXT() REPRESENTATION_CONTEXT('2D SPACE',''
  ) );
#6588 = PCURVE('',#2993,#6589);
#6589 = DEFINITIONAL_REPRESENTATION('',(#6590),#6594);
#6590 = LINE('',#6591,#6592);
#6591 = CARTESIAN_POINT('',(6.283186054255,0.));
#6592 = VECTOR('',#6593,1.);
#6593 = DIRECTION('',(0.,-1.));
#6594 = ( GEOMETRIC_REPRESENTATION_CONTEXT(2) 
PARAMETRIC_REPRESENTATION_CONTEXT() REPRESENTATION_CONTEXT('2D SPACE',''
  ) );
#6595 = ORIENTED_EDGE('',*,*,#3005,.F.);
#6596 = ADVANCED_FACE('',(#6597),#2666,.F.);
#6597 = FACE_BOUND('',#6598,.F.);
#6598 = EDGE_LOOP('',(#6599,#6622,#6644,#6645));
#6599 = ORIENTED_EDGE('',*,*,#6600,.T.);
#6600 = EDGE_CURVE('',#2650,#6601,#6603,.T.);
#6601 = VERTEX_POINT('',#6602);
#6602 = CARTESIAN_POINT('',(-9.332106775877,12.35,9.4));
#6603 = SURFACE_CURVE('',#6604,(#6608,#6615),.PCURVE_S1.);
#6604 = LINE('',#6605,#6606);
#6605 = CARTESIAN_POINT('',(-9.332106775877,12.35,11.));
#6606 = VECTOR('',#6607,1.);
#6607 = DIRECTION('',(-0.,-0.,-1.));
#6608 = PCURVE('',#2666,#6609);
#6609 = DEFINITIONAL_REPRESENTATION('',(#6610),#6614);
#6610 = LINE('',#6611,#6612);
#6611 = CARTESIAN_POINT('',(6.28318530718,0.));
#6612 = VECTOR('',#6613,1.);
#6613 = DIRECTION('',(0.,-1.));
#6614 = ( GEOMETRIC_REPRESENTATION_CONTEXT(2) 
PARAMETRIC_REPRESENTATION_CONTEXT() REPRESENTATION_CONTEXT('2D SPACE',''
  ) );
#6615 = PCURVE('',#2699,#6616);
#6616 = DEFINITIONAL_REPRESENTATION('',(#6617),#6621);
#6617 = LINE('',#6618,#6619);
#6618 = CARTESIAN_POINT('',(-1.570796326795,0.));
#6619 = VECTOR('',#6620,1.);
#6620 = DIRECTION('',(-0.,-1.));
#6621 = ( GEOMETRIC_REPRESENTATION_CONTEXT(2) 
PARAMETRIC_REPRESENTATION_CONTEXT() REPRESENTATION_CONTEXT('2D SPACE',''
  ) );
#6622 = ORIENTED_EDGE('',*,*,#6623,.T.);
#6623 = EDGE_CURVE('',#6601,#6503,#6624,.T.);
#6624 = SURFACE_CURVE('',#6625,(#6630,#6637),.PCURVE_S1.);
#6625 = CIRCLE('',#6626,1.299999252925);
#6626 = AXIS2_PLACEMENT_3D('',#6627,#6628,#6629);
#6627 = CARTESIAN_POINT('',(-9.332107747075,11.050000747075,9.4));
#6628 = DIRECTION('',(0.,-0.,1.));
#6629 = DIRECTION('',(7.470757634981E-07,1.,0.));
#6630 = PCURVE('',#2666,#6631);
#6631 = DEFINITIONAL_REPRESENTATION('',(#6632),#6636);
#6632 = LINE('',#6633,#6634);
#6633 = CARTESIAN_POINT('',(0.,-1.6));
#6634 = VECTOR('',#6635,1.);
#6635 = DIRECTION('',(1.,0.));
#6636 = ( GEOMETRIC_REPRESENTATION_CONTEXT(2) 
PARAMETRIC_REPRESENTATION_CONTEXT() REPRESENTATION_CONTEXT('2D SPACE',''
  ) );
#6637 = PCURVE('',#4532,#6638);
#6638 = DEFINITIONAL_REPRESENTATION('',(#6639),#6643);
#6639 = CIRCLE('',#6640,1.299999252925);
#6640 = AXIS2_PLACEMENT_2D('',#6641,#6642);
#6641 = CARTESIAN_POINT('',(-9.32998673867,12.389614048611));
#6642 = DIRECTION('',(7.470757634981E-07,1.));
#6643 = ( GEOMETRIC_REPRESENTATION_CONTEXT(2) 
PARAMETRIC_REPRESENTATION_CONTEXT() REPRESENTATION_CONTEXT('2D SPACE',''
  ) );
#6644 = ORIENTED_EDGE('',*,*,#6502,.F.);
#6645 = ORIENTED_EDGE('',*,*,#2649,.F.);
#6646 = ADVANCED_FACE('',(#6647),#2993,.F.);
#6647 = FACE_BOUND('',#6648,.F.);
#6648 = EDGE_LOOP('',(#6649,#6650,#6674,#6695));
#6649 = ORIENTED_EDGE('',*,*,#6575,.T.);
#6650 = ORIENTED_EDGE('',*,*,#6651,.T.);
#6651 = EDGE_CURVE('',#6553,#6652,#6654,.T.);
#6652 = VERTEX_POINT('',#6653);
#6653 = CARTESIAN_POINT('',(18.625,-11.05000074707,9.4));
#6654 = SURFACE_CURVE('',#6655,(#6660,#6667),.PCURVE_S1.);
#6655 = CIRCLE('',#6656,1.299999252925);
#6656 = AXIS2_PLACEMENT_3D('',#6657,#6658,#6659);
#6657 = CARTESIAN_POINT('',(17.325000747075,-11.05000074707,9.4));
#6658 = DIRECTION('',(0.,0.,1.));
#6659 = DIRECTION('',(-7.470757634981E-07,-1.,0.));
#6660 = PCURVE('',#2993,#6661);
#6661 = DEFINITIONAL_REPRESENTATION('',(#6662),#6666);
#6662 = LINE('',#6663,#6664);
#6663 = CARTESIAN_POINT('',(0.,-1.6));
#6664 = VECTOR('',#6665,1.);
#6665 = DIRECTION('',(1.,0.));
#6666 = ( GEOMETRIC_REPRESENTATION_CONTEXT(2) 
PARAMETRIC_REPRESENTATION_CONTEXT() REPRESENTATION_CONTEXT('2D SPACE',''
  ) );
#6667 = PCURVE('',#4532,#6668);
#6668 = DEFINITIONAL_REPRESENTATION('',(#6669),#6673);
#6669 = CIRCLE('',#6670,1.299999252925);
#6670 = AXIS2_PLACEMENT_2D('',#6671,#6672);
#6671 = CARTESIAN_POINT('',(17.327121755481,-9.71038744554));
#6672 = DIRECTION('',(-7.470757634981E-07,-1.));
#6673 = ( GEOMETRIC_REPRESENTATION_CONTEXT(2) 
PARAMETRIC_REPRESENTATION_CONTEXT() REPRESENTATION_CONTEXT('2D SPACE',''
  ) );
#6674 = ORIENTED_EDGE('',*,*,#6675,.F.);
#6675 = EDGE_CURVE('',#2949,#6652,#6676,.T.);
#6676 = SURFACE_CURVE('',#6677,(#6681,#6688),.PCURVE_S1.);
#6677 = LINE('',#6678,#6679);
#6678 = CARTESIAN_POINT('',(18.625,-11.05000074707,11.));
#6679 = VECTOR('',#6680,1.);
#6680 = DIRECTION('',(-0.,-0.,-1.));
#6681 = PCURVE('',#2993,#6682);
#6682 = DEFINITIONAL_REPRESENTATION('',(#6683),#6687);
#6683 = LINE('',#6684,#6685);
#6684 = CARTESIAN_POINT('',(7.85398238105,0.));
#6685 = VECTOR('',#6686,1.);
#6686 = DIRECTION('',(0.,-1.));
#6687 = ( GEOMETRIC_REPRESENTATION_CONTEXT(2) 
PARAMETRIC_REPRESENTATION_CONTEXT() REPRESENTATION_CONTEXT('2D SPACE',''
  ) );
#6688 = PCURVE('',#2964,#6689);
#6689 = DEFINITIONAL_REPRESENTATION('',(#6690),#6694);
#6690 = LINE('',#6691,#6692);
#6691 = CARTESIAN_POINT('',(-1.7763568394E-15,0.));
#6692 = VECTOR('',#6693,1.);
#6693 = DIRECTION('',(0.,-1.));
#6694 = ( GEOMETRIC_REPRESENTATION_CONTEXT(2) 
PARAMETRIC_REPRESENTATION_CONTEXT() REPRESENTATION_CONTEXT('2D SPACE',''
  ) );
#6695 = ORIENTED_EDGE('',*,*,#2976,.F.);
#6696 = ADVANCED_FACE('',(#6697),#2699,.F.);
#6697 = FACE_BOUND('',#6698,.T.);
#6698 = EDGE_LOOP('',(#6699,#6700,#6728,#6749));
#6699 = ORIENTED_EDGE('',*,*,#6600,.T.);
#6700 = ORIENTED_EDGE('',*,*,#6701,.T.);
#6701 = EDGE_CURVE('',#6601,#6702,#6704,.T.);
#6702 = VERTEX_POINT('',#6703);
#6703 = CARTESIAN_POINT('',(-9.332090807782,12.349999999563,9.4));
#6704 = SURFACE_CURVE('',#6705,(#6710,#6717),.PCURVE_S1.);
#6705 = CIRCLE('',#6706,0.3);
#6706 = AXIS2_PLACEMENT_3D('',#6707,#6708,#6709);
#6707 = CARTESIAN_POINT('',(-9.332107,12.05,9.4));
#6708 = DIRECTION('',(0.,0.,-1.));
#6709 = DIRECTION('',(-1.,7.470757634981E-07,0.));
#6710 = PCURVE('',#2699,#6711);
#6711 = DEFINITIONAL_REPRESENTATION('',(#6712),#6716);
#6712 = LINE('',#6713,#6714);
#6713 = CARTESIAN_POINT('',(-0.,-1.6));
#6714 = VECTOR('',#6715,1.);
#6715 = DIRECTION('',(-1.,0.));
#6716 = ( GEOMETRIC_REPRESENTATION_CONTEXT(2) 
PARAMETRIC_REPRESENTATION_CONTEXT() REPRESENTATION_CONTEXT('2D SPACE',''
  ) );
#6717 = PCURVE('',#4532,#6718);
#6718 = DEFINITIONAL_REPRESENTATION('',(#6719),#6727);
#6719 = ( BOUNDED_CURVE() B_SPLINE_CURVE(2,(#6720,#6721,#6722,#6723,
#6724,#6725,#6726),.UNSPECIFIED.,.T.,.F.) B_SPLINE_CURVE_WITH_KNOTS((1,2
    ,2,2,2,1),(-2.094395102393,0.,2.094395102393,4.188790204786,
6.28318530718,8.377580409573),.UNSPECIFIED.) CURVE() 
GEOMETRIC_REPRESENTATION_ITEM() RATIONAL_B_SPLINE_CURVE((1.,0.5,1.,0.5,
1.,0.5,1.)) REPRESENTATION_ITEM('') );
#6720 = CARTESIAN_POINT('',(-9.629985991594,13.389613525658));
#6721 = CARTESIAN_POINT('',(-9.629985603402,13.909228767929));
#6722 = CARTESIAN_POINT('',(-9.179985797498,13.649420810609));
#6723 = CARTESIAN_POINT('',(-8.729985991595,13.38961285329));
#6724 = CARTESIAN_POINT('',(-9.17998618569,13.129805568339));
#6725 = CARTESIAN_POINT('',(-9.629986379786,12.869998283388));
#6726 = CARTESIAN_POINT('',(-9.629985991594,13.389613525658));
#6727 = ( GEOMETRIC_REPRESENTATION_CONTEXT(2) 
PARAMETRIC_REPRESENTATION_CONTEXT() REPRESENTATION_CONTEXT('2D SPACE',''
  ) );
#6728 = ORIENTED_EDGE('',*,*,#6729,.F.);
#6729 = EDGE_CURVE('',#2679,#6702,#6730,.T.);
#6730 = SURFACE_CURVE('',#6731,(#6735,#6742),.PCURVE_S1.);
#6731 = LINE('',#6732,#6733);
#6732 = CARTESIAN_POINT('',(-9.332090807782,12.349999999563,11.));
#6733 = VECTOR('',#6734,1.);
#6734 = DIRECTION('',(-0.,-0.,-1.));
#6735 = PCURVE('',#2699,#6736);
#6736 = DEFINITIONAL_REPRESENTATION('',(#6737),#6741);
#6737 = LINE('',#6738,#6739);
#6738 = CARTESIAN_POINT('',(-1.57084955378,0.));
#6739 = VECTOR('',#6740,1.);
#6740 = DIRECTION('',(-0.,-1.));
#6741 = ( GEOMETRIC_REPRESENTATION_CONTEXT(2) 
PARAMETRIC_REPRESENTATION_CONTEXT() REPRESENTATION_CONTEXT('2D SPACE',''
  ) );
#6742 = PCURVE('',#2727,#6743);
#6743 = DEFINITIONAL_REPRESENTATION('',(#6744),#6748);
#6744 = LINE('',#6745,#6746);
#6745 = CARTESIAN_POINT('',(18.657164748272,0.));
#6746 = VECTOR('',#6747,1.);
#6747 = DIRECTION('',(0.,-1.));
#6748 = ( GEOMETRIC_REPRESENTATION_CONTEXT(2) 
PARAMETRIC_REPRESENTATION_CONTEXT() REPRESENTATION_CONTEXT('2D SPACE',''
  ) );
#6749 = ORIENTED_EDGE('',*,*,#2678,.F.);
#6750 = ADVANCED_FACE('',(#6751),#2964,.F.);
#6751 = FACE_BOUND('',#6752,.F.);
#6752 = EDGE_LOOP('',(#6753,#6754,#6777,#6798));
#6753 = ORIENTED_EDGE('',*,*,#6675,.T.);
#6754 = ORIENTED_EDGE('',*,*,#6755,.T.);
#6755 = EDGE_CURVE('',#6652,#6756,#6758,.T.);
#6756 = VERTEX_POINT('',#6757);
#6757 = CARTESIAN_POINT('',(18.625,1.450000747075,9.4));
#6758 = SURFACE_CURVE('',#6759,(#6763,#6770),.PCURVE_S1.);
#6759 = LINE('',#6760,#6761);
#6760 = CARTESIAN_POINT('',(18.625,-11.05,9.4));
#6761 = VECTOR('',#6762,1.);
#6762 = DIRECTION('',(1.224646799147E-16,1.,0.));
#6763 = PCURVE('',#2964,#6764);
#6764 = DEFINITIONAL_REPRESENTATION('',(#6765),#6769);
#6765 = LINE('',#6766,#6767);
#6766 = CARTESIAN_POINT('',(7.470752052541E-07,-1.6));
#6767 = VECTOR('',#6768,1.);
#6768 = DIRECTION('',(1.,0.));
#6769 = ( GEOMETRIC_REPRESENTATION_CONTEXT(2) 
PARAMETRIC_REPRESENTATION_CONTEXT() REPRESENTATION_CONTEXT('2D SPACE',''
  ) );
#6770 = PCURVE('',#4532,#6771);
#6771 = DEFINITIONAL_REPRESENTATION('',(#6772),#6776);
#6772 = LINE('',#6773,#6774);
#6773 = CARTESIAN_POINT('',(18.627121008406,-9.710386698464));
#6774 = VECTOR('',#6775,1.);
#6775 = DIRECTION('',(1.224646799147E-16,1.));
#6776 = ( GEOMETRIC_REPRESENTATION_CONTEXT(2) 
PARAMETRIC_REPRESENTATION_CONTEXT() REPRESENTATION_CONTEXT('2D SPACE',''
  ) );
#6777 = ORIENTED_EDGE('',*,*,#6778,.F.);
#6778 = EDGE_CURVE('',#2920,#6756,#6779,.T.);
#6779 = SURFACE_CURVE('',#6780,(#6784,#6791),.PCURVE_S1.);
#6780 = LINE('',#6781,#6782);
#6781 = CARTESIAN_POINT('',(18.625,1.450000747075,11.));
#6782 = VECTOR('',#6783,1.);
#6783 = DIRECTION('',(-0.,-0.,-1.));
#6784 = PCURVE('',#2964,#6785);
#6785 = DEFINITIONAL_REPRESENTATION('',(#6786),#6790);
#6786 = LINE('',#6787,#6788);
#6787 = CARTESIAN_POINT('',(12.50000149415,0.));
#6788 = VECTOR('',#6789,1.);
#6789 = DIRECTION('',(0.,-1.));
#6790 = ( GEOMETRIC_REPRESENTATION_CONTEXT(2) 
PARAMETRIC_REPRESENTATION_CONTEXT() REPRESENTATION_CONTEXT('2D SPACE',''
  ) );
#6791 = PCURVE('',#2936,#6792);
#6792 = DEFINITIONAL_REPRESENTATION('',(#6793),#6797);
#6793 = LINE('',#6794,#6795);
#6794 = CARTESIAN_POINT('',(6.283186054255,0.));
#6795 = VECTOR('',#6796,1.);
#6796 = DIRECTION('',(0.,-1.));
#6797 = ( GEOMETRIC_REPRESENTATION_CONTEXT(2) 
PARAMETRIC_REPRESENTATION_CONTEXT() REPRESENTATION_CONTEXT('2D SPACE',''
  ) );
#6798 = ORIENTED_EDGE('',*,*,#2948,.F.);
#6799 = ADVANCED_FACE('',(#6800),#2727,.F.);
#6800 = FACE_BOUND('',#6801,.F.);
#6801 = EDGE_LOOP('',(#6802,#6825,#6846,#6847));
#6802 = ORIENTED_EDGE('',*,*,#6803,.T.);
#6803 = EDGE_CURVE('',#2712,#6804,#6806,.T.);
#6804 = VERTEX_POINT('',#6805);
#6805 = CARTESIAN_POINT('',(9.325073913315,12.348992998107,9.4));
#6806 = SURFACE_CURVE('',#6807,(#6811,#6818),.PCURVE_S1.);
#6807 = LINE('',#6808,#6809);
#6808 = CARTESIAN_POINT('',(9.325073913315,12.348992998107,11.));
#6809 = VECTOR('',#6810,1.);
#6810 = DIRECTION('',(-0.,-0.,-1.));
#6811 = PCURVE('',#2727,#6812);
#6812 = DEFINITIONAL_REPRESENTATION('',(#6813),#6817);
#6813 = LINE('',#6814,#6815);
#6814 = CARTESIAN_POINT('',(1.776356836813E-15,0.));
#6815 = VECTOR('',#6816,1.);
#6816 = DIRECTION('',(0.,-1.));
#6817 = ( GEOMETRIC_REPRESENTATION_CONTEXT(2) 
PARAMETRIC_REPRESENTATION_CONTEXT() REPRESENTATION_CONTEXT('2D SPACE',''
  ) );
#6818 = PCURVE('',#2756,#6819);
#6819 = DEFINITIONAL_REPRESENTATION('',(#6820),#6824);
#6820 = LINE('',#6821,#6822);
#6821 = CARTESIAN_POINT('',(7.853928406989,0.));
#6822 = VECTOR('',#6823,1.);
#6823 = DIRECTION('',(0.,-1.));
#6824 = ( GEOMETRIC_REPRESENTATION_CONTEXT(2) 
PARAMETRIC_REPRESENTATION_CONTEXT() REPRESENTATION_CONTEXT('2D SPACE',''
  ) );
#6825 = ORIENTED_EDGE('',*,*,#6826,.T.);
#6826 = EDGE_CURVE('',#6804,#6702,#6827,.T.);
#6827 = SURFACE_CURVE('',#6828,(#6832,#6839),.PCURVE_S1.);
#6828 = LINE('',#6829,#6830);
#6829 = CARTESIAN_POINT('',(-9.332090807782,12.349999999563,9.4));
#6830 = VECTOR('',#6831,1.);
#6831 = DIRECTION('',(-0.999999998543,5.397406128484E-05,0.));
#6832 = PCURVE('',#2727,#6833);
#6833 = DEFINITIONAL_REPRESENTATION('',(#6834),#6838);
#6834 = LINE('',#6835,#6836);
#6835 = CARTESIAN_POINT('',(18.657164748272,-1.6));
#6836 = VECTOR('',#6837,1.);
#6837 = DIRECTION('',(1.,0.));
#6838 = ( GEOMETRIC_REPRESENTATION_CONTEXT(2) 
PARAMETRIC_REPRESENTATION_CONTEXT() REPRESENTATION_CONTEXT('2D SPACE',''
  ) );
#6839 = PCURVE('',#4532,#6840);
#6840 = DEFINITIONAL_REPRESENTATION('',(#6841),#6845);
#6841 = LINE('',#6842,#6843);
#6842 = CARTESIAN_POINT('',(-9.329969799376,13.689613301099));
#6843 = VECTOR('',#6844,1.);
#6844 = DIRECTION('',(-0.999999998543,5.397406128484E-05));
#6845 = ( GEOMETRIC_REPRESENTATION_CONTEXT(2) 
PARAMETRIC_REPRESENTATION_CONTEXT() REPRESENTATION_CONTEXT('2D SPACE',''
  ) );
#6846 = ORIENTED_EDGE('',*,*,#6729,.F.);
#6847 = ORIENTED_EDGE('',*,*,#2711,.F.);
#6848 = ADVANCED_FACE('',(#6849),#2936,.F.);
#6849 = FACE_BOUND('',#6850,.F.);
#6850 = EDGE_LOOP('',(#6851,#6852,#6876,#6897));
#6851 = ORIENTED_EDGE('',*,*,#6778,.T.);
#6852 = ORIENTED_EDGE('',*,*,#6853,.T.);
#6853 = EDGE_CURVE('',#6756,#6854,#6856,.T.);
#6854 = VERTEX_POINT('',#6855);
#6855 = CARTESIAN_POINT('',(17.325162250452,2.749999989968,9.4));
#6856 = SURFACE_CURVE('',#6857,(#6862,#6869),.PCURVE_S1.);
#6857 = CIRCLE('',#6858,1.299999252925);
#6858 = AXIS2_PLACEMENT_3D('',#6859,#6860,#6861);
#6859 = CARTESIAN_POINT('',(17.325000747075,1.450000747075,9.4));
#6860 = DIRECTION('',(0.,-0.,1.));
#6861 = DIRECTION('',(1.,-7.470757492872E-07,-0.));
#6862 = PCURVE('',#2936,#6863);
#6863 = DEFINITIONAL_REPRESENTATION('',(#6864),#6868);
#6864 = LINE('',#6865,#6866);
#6865 = CARTESIAN_POINT('',(0.,-1.6));
#6866 = VECTOR('',#6867,1.);
#6867 = DIRECTION('',(1.,0.));
#6868 = ( GEOMETRIC_REPRESENTATION_CONTEXT(2) 
PARAMETRIC_REPRESENTATION_CONTEXT() REPRESENTATION_CONTEXT('2D SPACE',''
  ) );
#6869 = PCURVE('',#4532,#6870);
#6870 = DEFINITIONAL_REPRESENTATION('',(#6871),#6875);
#6871 = CIRCLE('',#6872,1.299999252925);
#6872 = AXIS2_PLACEMENT_2D('',#6873,#6874);
#6873 = CARTESIAN_POINT('',(17.327121755481,2.789614048611));
#6874 = DIRECTION('',(1.,-7.470757492872E-07));
#6875 = ( GEOMETRIC_REPRESENTATION_CONTEXT(2) 
PARAMETRIC_REPRESENTATION_CONTEXT() REPRESENTATION_CONTEXT('2D SPACE',''
  ) );
#6876 = ORIENTED_EDGE('',*,*,#6877,.F.);
#6877 = EDGE_CURVE('',#2892,#6854,#6878,.T.);
#6878 = SURFACE_CURVE('',#6879,(#6883,#6890),.PCURVE_S1.);
#6879 = LINE('',#6880,#6881);
#6880 = CARTESIAN_POINT('',(17.325162250452,2.749999989968,11.));
#6881 = VECTOR('',#6882,1.);
#6882 = DIRECTION('',(-0.,-0.,-1.));
#6883 = PCURVE('',#2936,#6884);
#6884 = DEFINITIONAL_REPRESENTATION('',(#6885),#6889);
#6885 = LINE('',#6886,#6887);
#6886 = CARTESIAN_POINT('',(7.853858147612,0.));
#6887 = VECTOR('',#6888,1.);
#6888 = DIRECTION('',(0.,-1.));
#6889 = ( GEOMETRIC_REPRESENTATION_CONTEXT(2) 
PARAMETRIC_REPRESENTATION_CONTEXT() REPRESENTATION_CONTEXT('2D SPACE',''
  ) );
#6890 = PCURVE('',#2907,#6891);
#6891 = DEFINITIONAL_REPRESENTATION('',(#6892),#6896);
#6892 = LINE('',#6893,#6894);
#6893 = CARTESIAN_POINT('',(0.,0.));
#6894 = VECTOR('',#6895,1.);
#6895 = DIRECTION('',(0.,-1.));
#6896 = ( GEOMETRIC_REPRESENTATION_CONTEXT(2) 
PARAMETRIC_REPRESENTATION_CONTEXT() REPRESENTATION_CONTEXT('2D SPACE',''
  ) );
#6897 = ORIENTED_EDGE('',*,*,#2919,.F.);
#6898 = ADVANCED_FACE('',(#6899),#2756,.F.);
#6899 = FACE_BOUND('',#6900,.F.);
#6900 = EDGE_LOOP('',(#6901,#6924,#6946,#6947));
#6901 = ORIENTED_EDGE('',*,*,#6902,.T.);
#6902 = EDGE_CURVE('',#2740,#6903,#6905,.T.);
#6903 = VERTEX_POINT('',#6904);
#6904 = CARTESIAN_POINT('',(10.625003,11.048993747075,9.4));
#6905 = SURFACE_CURVE('',#6906,(#6910,#6917),.PCURVE_S1.);
#6906 = LINE('',#6907,#6908);
#6907 = CARTESIAN_POINT('',(10.625003,11.048993747075,11.));
#6908 = VECTOR('',#6909,1.);
#6909 = DIRECTION('',(-0.,-0.,-1.));
#6910 = PCURVE('',#2756,#6911);
#6911 = DEFINITIONAL_REPRESENTATION('',(#6912),#6916);
#6912 = LINE('',#6913,#6914);
#6913 = CARTESIAN_POINT('',(6.283186054255,0.));
#6914 = VECTOR('',#6915,1.);
#6915 = DIRECTION('',(0.,-1.));
#6916 = ( GEOMETRIC_REPRESENTATION_CONTEXT(2) 
PARAMETRIC_REPRESENTATION_CONTEXT() REPRESENTATION_CONTEXT('2D SPACE',''
  ) );
#6917 = PCURVE('',#2784,#6918);
#6918 = DEFINITIONAL_REPRESENTATION('',(#6919),#6923);
#6919 = LINE('',#6920,#6921);
#6920 = CARTESIAN_POINT('',(7.592898747075,0.));
#6921 = VECTOR('',#6922,1.);
#6922 = DIRECTION('',(0.,-1.));
#6923 = ( GEOMETRIC_REPRESENTATION_CONTEXT(2) 
PARAMETRIC_REPRESENTATION_CONTEXT() REPRESENTATION_CONTEXT('2D SPACE',''
  ) );
#6924 = ORIENTED_EDGE('',*,*,#6925,.T.);
#6925 = EDGE_CURVE('',#6903,#6804,#6926,.T.);
#6926 = SURFACE_CURVE('',#6927,(#6932,#6939),.PCURVE_S1.);
#6927 = CIRCLE('',#6928,1.299999252925);
#6928 = AXIS2_PLACEMENT_3D('',#6929,#6930,#6931);
#6929 = CARTESIAN_POINT('',(9.325003747075,11.048993747075,9.4));
#6930 = DIRECTION('',(0.,-0.,1.));
#6931 = DIRECTION('',(1.,-7.470757634981E-07,-0.));
#6932 = PCURVE('',#2756,#6933);
#6933 = DEFINITIONAL_REPRESENTATION('',(#6934),#6938);
#6934 = LINE('',#6935,#6936);
#6935 = CARTESIAN_POINT('',(0.,-1.6));
#6936 = VECTOR('',#6937,1.);
#6937 = DIRECTION('',(1.,0.));
#6938 = ( GEOMETRIC_REPRESENTATION_CONTEXT(2) 
PARAMETRIC_REPRESENTATION_CONTEXT() REPRESENTATION_CONTEXT('2D SPACE',''
  ) );
#6939 = PCURVE('',#4532,#6940);
#6940 = DEFINITIONAL_REPRESENTATION('',(#6941),#6945);
#6941 = CIRCLE('',#6942,1.299999252925);
#6942 = AXIS2_PLACEMENT_2D('',#6943,#6944);
#6943 = CARTESIAN_POINT('',(9.327124755481,12.388607048611));
#6944 = DIRECTION('',(1.,-7.470757634981E-07));
#6945 = ( GEOMETRIC_REPRESENTATION_CONTEXT(2) 
PARAMETRIC_REPRESENTATION_CONTEXT() REPRESENTATION_CONTEXT('2D SPACE',''
  ) );
#6946 = ORIENTED_EDGE('',*,*,#6803,.F.);
#6947 = ORIENTED_EDGE('',*,*,#2739,.F.);
#6948 = ADVANCED_FACE('',(#6949),#2907,.F.);
#6949 = FACE_BOUND('',#6950,.F.);
#6950 = EDGE_LOOP('',(#6951,#6952,#6975,#6996));
#6951 = ORIENTED_EDGE('',*,*,#6877,.T.);
#6952 = ORIENTED_EDGE('',*,*,#6953,.T.);
#6953 = EDGE_CURVE('',#6854,#6954,#6956,.T.);
#6954 = VERTEX_POINT('',#6955);
#6955 = CARTESIAN_POINT('',(11.325307749995,2.756094845212,9.4));
#6956 = SURFACE_CURVE('',#6957,(#6961,#6968),.PCURVE_S1.);
#6957 = LINE('',#6958,#6959);
#6958 = CARTESIAN_POINT('',(17.325304749995,2.749999845212,9.4));
#6959 = VECTOR('',#6960,1.);
#6960 = DIRECTION('',(-0.999999484041,1.015833317122E-03,0.));
#6961 = PCURVE('',#2907,#6962);
#6962 = DEFINITIONAL_REPRESENTATION('',(#6963),#6967);
#6963 = LINE('',#6964,#6965);
#6964 = CARTESIAN_POINT('',(-1.42499616477E-04,-1.6));
#6965 = VECTOR('',#6966,1.);
#6966 = DIRECTION('',(1.,0.));
#6967 = ( GEOMETRIC_REPRESENTATION_CONTEXT(2) 
PARAMETRIC_REPRESENTATION_CONTEXT() REPRESENTATION_CONTEXT('2D SPACE',''
  ) );
#6968 = PCURVE('',#4532,#6969);
#6969 = DEFINITIONAL_REPRESENTATION('',(#6970),#6974);
#6970 = LINE('',#6971,#6972);
#6971 = CARTESIAN_POINT('',(17.327425758401,4.089613146748));
#6972 = VECTOR('',#6973,1.);
#6973 = DIRECTION('',(-0.999999484041,1.015833317122E-03));
#6974 = ( GEOMETRIC_REPRESENTATION_CONTEXT(2) 
PARAMETRIC_REPRESENTATION_CONTEXT() REPRESENTATION_CONTEXT('2D SPACE',''
  ) );
#6975 = ORIENTED_EDGE('',*,*,#6976,.F.);
#6976 = EDGE_CURVE('',#2859,#6954,#6977,.T.);
#6977 = SURFACE_CURVE('',#6978,(#6982,#6989),.PCURVE_S1.);
#6978 = LINE('',#6979,#6980);
#6979 = CARTESIAN_POINT('',(11.325307749995,2.756094845212,11.));
#6980 = VECTOR('',#6981,1.);
#6981 = DIRECTION('',(-0.,-0.,-1.));
#6982 = PCURVE('',#2907,#6983);
#6983 = DEFINITIONAL_REPRESENTATION('',(#6984),#6988);
#6984 = LINE('',#6985,#6986);
#6985 = CARTESIAN_POINT('',(5.999857596136,0.));
#6986 = VECTOR('',#6987,1.);
#6987 = DIRECTION('',(0.,-1.));
#6988 = ( GEOMETRIC_REPRESENTATION_CONTEXT(2) 
PARAMETRIC_REPRESENTATION_CONTEXT() REPRESENTATION_CONTEXT('2D SPACE',''
  ) );
#6989 = PCURVE('',#2879,#6990);
#6990 = DEFINITIONAL_REPRESENTATION('',(#6991),#6995);
#6991 = LINE('',#6992,#6993);
#6992 = CARTESIAN_POINT('',(-1.571812907362,0.));
#6993 = VECTOR('',#6994,1.);
#6994 = DIRECTION('',(-0.,-1.));
#6995 = ( GEOMETRIC_REPRESENTATION_CONTEXT(2) 
PARAMETRIC_REPRESENTATION_CONTEXT() REPRESENTATION_CONTEXT('2D SPACE',''
  ) );
#6996 = ORIENTED_EDGE('',*,*,#2891,.F.);
#6997 = ADVANCED_FACE('',(#6998),#2784,.F.);
#6998 = FACE_BOUND('',#6999,.F.);
#6999 = EDGE_LOOP('',(#7000,#7023,#7044,#7045));
#7000 = ORIENTED_EDGE('',*,*,#7001,.T.);
#7001 = EDGE_CURVE('',#2769,#7002,#7004,.T.);
#7002 = VERTEX_POINT('',#7003);
#7003 = CARTESIAN_POINT('',(10.625003,3.456095,9.4));
#7004 = SURFACE_CURVE('',#7005,(#7009,#7016),.PCURVE_S1.);
#7005 = LINE('',#7006,#7007);
#7006 = CARTESIAN_POINT('',(10.625003,3.456095,11.));
#7007 = VECTOR('',#7008,1.);
#7008 = DIRECTION('',(-0.,-0.,-1.));
#7009 = PCURVE('',#2784,#7010);
#7010 = DEFINITIONAL_REPRESENTATION('',(#7011),#7015);
#7011 = LINE('',#7012,#7013);
#7012 = CARTESIAN_POINT('',(0.,0.));
#7013 = VECTOR('',#7014,1.);
#7014 = DIRECTION('',(0.,-1.));
#7015 = ( GEOMETRIC_REPRESENTATION_CONTEXT(2) 
PARAMETRIC_REPRESENTATION_CONTEXT() REPRESENTATION_CONTEXT('2D SPACE',''
  ) );
#7016 = PCURVE('',#2817,#7017);
#7017 = DEFINITIONAL_REPRESENTATION('',(#7018),#7022);
#7018 = LINE('',#7019,#7020);
#7019 = CARTESIAN_POINT('',(-1.570796326795,0.));
#7020 = VECTOR('',#7021,1.);
#7021 = DIRECTION('',(-0.,-1.));
#7022 = ( GEOMETRIC_REPRESENTATION_CONTEXT(2) 
PARAMETRIC_REPRESENTATION_CONTEXT() REPRESENTATION_CONTEXT('2D SPACE',''
  ) );
#7023 = ORIENTED_EDGE('',*,*,#7024,.T.);
#7024 = EDGE_CURVE('',#7002,#6903,#7025,.T.);
#7025 = SURFACE_CURVE('',#7026,(#7030,#7037),.PCURVE_S1.);
#7026 = LINE('',#7027,#7028);
#7027 = CARTESIAN_POINT('',(10.625003,11.048993,9.4));
#7028 = VECTOR('',#7029,1.);
#7029 = DIRECTION('',(2.339497829946E-16,1.,0.));
#7030 = PCURVE('',#2784,#7031);
#7031 = DEFINITIONAL_REPRESENTATION('',(#7032),#7036);
#7032 = LINE('',#7033,#7034);
#7033 = CARTESIAN_POINT('',(7.592898,-1.6));
#7034 = VECTOR('',#7035,1.);
#7035 = DIRECTION('',(1.,0.));
#7036 = ( GEOMETRIC_REPRESENTATION_CONTEXT(2) 
PARAMETRIC_REPRESENTATION_CONTEXT() REPRESENTATION_CONTEXT('2D SPACE',''
  ) );
#7037 = PCURVE('',#4532,#7038);
#7038 = DEFINITIONAL_REPRESENTATION('',(#7039),#7043);
#7039 = LINE('',#7040,#7041);
#7040 = CARTESIAN_POINT('',(10.627124008406,12.388606301536));
#7041 = VECTOR('',#7042,1.);
#7042 = DIRECTION('',(2.339497829946E-16,1.));
#7043 = ( GEOMETRIC_REPRESENTATION_CONTEXT(2) 
PARAMETRIC_REPRESENTATION_CONTEXT() REPRESENTATION_CONTEXT('2D SPACE',''
  ) );
#7044 = ORIENTED_EDGE('',*,*,#6902,.F.);
#7045 = ORIENTED_EDGE('',*,*,#2768,.F.);
#7046 = ADVANCED_FACE('',(#7047),#2879,.F.);
#7047 = FACE_BOUND('',#7048,.T.);
#7048 = EDGE_LOOP('',(#7049,#7072,#7098,#7099));
#7049 = ORIENTED_EDGE('',*,*,#7050,.T.);
#7050 = EDGE_CURVE('',#2830,#7051,#7053,.T.);
#7051 = VERTEX_POINT('',#7052);
#7052 = CARTESIAN_POINT('',(11.325002775877,2.756095,9.4));
#7053 = SURFACE_CURVE('',#7054,(#7058,#7065),.PCURVE_S1.);
#7054 = LINE('',#7055,#7056);
#7055 = CARTESIAN_POINT('',(11.325002775877,2.756095,11.));
#7056 = VECTOR('',#7057,1.);
#7057 = DIRECTION('',(-0.,-0.,-1.));
#7058 = PCURVE('',#2879,#7059);
#7059 = DEFINITIONAL_REPRESENTATION('',(#7060),#7064);
#7060 = LINE('',#7061,#7062);
#7061 = CARTESIAN_POINT('',(-1.570796326795,0.));
#7062 = VECTOR('',#7063,1.);
#7063 = DIRECTION('',(-0.,-1.));
#7064 = ( GEOMETRIC_REPRESENTATION_CONTEXT(2) 
PARAMETRIC_REPRESENTATION_CONTEXT() REPRESENTATION_CONTEXT('2D SPACE',''
  ) );
#7065 = PCURVE('',#2846,#7066);
#7066 = DEFINITIONAL_REPRESENTATION('',(#7067),#7071);
#7067 = LINE('',#7068,#7069);
#7068 = CARTESIAN_POINT('',(7.853983128126,0.));
#7069 = VECTOR('',#7070,1.);
#7070 = DIRECTION('',(0.,-1.));
#7071 = ( GEOMETRIC_REPRESENTATION_CONTEXT(2) 
PARAMETRIC_REPRESENTATION_CONTEXT() REPRESENTATION_CONTEXT('2D SPACE',''
  ) );
#7072 = ORIENTED_EDGE('',*,*,#7073,.T.);
#7073 = EDGE_CURVE('',#7051,#6954,#7074,.T.);
#7074 = SURFACE_CURVE('',#7075,(#7080,#7087),.PCURVE_S1.);
#7075 = CIRCLE('',#7076,0.3);
#7076 = AXIS2_PLACEMENT_3D('',#7077,#7078,#7079);
#7077 = CARTESIAN_POINT('',(11.325003,2.456095,9.4));
#7078 = DIRECTION('',(-0.,0.,-1.));
#7079 = DIRECTION('',(-1.,-7.470757631669E-07,0.));
#7080 = PCURVE('',#2879,#7081);
#7081 = DEFINITIONAL_REPRESENTATION('',(#7082),#7086);
#7082 = LINE('',#7083,#7084);
#7083 = CARTESIAN_POINT('',(-0.,-1.6));
#7084 = VECTOR('',#7085,1.);
#7085 = DIRECTION('',(-1.,0.));
#7086 = ( GEOMETRIC_REPRESENTATION_CONTEXT(2) 
PARAMETRIC_REPRESENTATION_CONTEXT() REPRESENTATION_CONTEXT('2D SPACE',''
  ) );
#7087 = PCURVE('',#4532,#7088);
#7088 = DEFINITIONAL_REPRESENTATION('',(#7089),#7097);
#7089 = ( BOUNDED_CURVE() B_SPLINE_CURVE(2,(#7090,#7091,#7092,#7093,
#7094,#7095,#7096),.UNSPECIFIED.,.T.,.F.) B_SPLINE_CURVE_WITH_KNOTS((1,2
    ,2,2,2,1),(-2.094395102393,0.,2.094395102393,4.188790204786,
6.28318530718,8.377580409573),.UNSPECIFIED.) CURVE() 
GEOMETRIC_REPRESENTATION_ITEM() RATIONAL_B_SPLINE_CURVE((1.,0.5,1.,0.5,
1.,0.5,1.)) REPRESENTATION_ITEM('') );
#7090 = CARTESIAN_POINT('',(11.027124008406,3.795708077413));
#7091 = CARTESIAN_POINT('',(11.027123620214,4.315323319683));
#7092 = CARTESIAN_POINT('',(11.47712381431,4.055516034732));
#7093 = CARTESIAN_POINT('',(11.927124008405,3.795708749781));
#7094 = CARTESIAN_POINT('',(11.477124202502,3.535900792462));
#7095 = CARTESIAN_POINT('',(11.027124396598,3.276092835142));
#7096 = CARTESIAN_POINT('',(11.027124008406,3.795708077413));
#7097 = ( GEOMETRIC_REPRESENTATION_CONTEXT(2) 
PARAMETRIC_REPRESENTATION_CONTEXT() REPRESENTATION_CONTEXT('2D SPACE',''
  ) );
#7098 = ORIENTED_EDGE('',*,*,#6976,.F.);
#7099 = ORIENTED_EDGE('',*,*,#2858,.F.);
#7100 = ADVANCED_FACE('',(#7101),#2817,.F.);
#7101 = FACE_BOUND('',#7102,.T.);
#7102 = EDGE_LOOP('',(#7103,#7104,#7132,#7153));
#7103 = ORIENTED_EDGE('',*,*,#7001,.T.);
#7104 = ORIENTED_EDGE('',*,*,#7105,.T.);
#7105 = EDGE_CURVE('',#7002,#7106,#7108,.T.);
#7106 = VERTEX_POINT('',#7107);
#7107 = CARTESIAN_POINT('',(10.625003,3.456094775877,9.4));
#7108 = SURFACE_CURVE('',#7109,(#7114,#7121),.PCURVE_S1.);
#7109 = CIRCLE('',#7110,0.3);
#7110 = AXIS2_PLACEMENT_3D('',#7111,#7112,#7113);
#7111 = CARTESIAN_POINT('',(10.325003,3.456095,9.4));
#7112 = DIRECTION('',(0.,0.,-1.));
#7113 = DIRECTION('',(2.339497829946E-16,1.,0.));
#7114 = PCURVE('',#2817,#7115);
#7115 = DEFINITIONAL_REPRESENTATION('',(#7116),#7120);
#7116 = LINE('',#7117,#7118);
#7117 = CARTESIAN_POINT('',(-0.,-1.6));
#7118 = VECTOR('',#7119,1.);
#7119 = DIRECTION('',(-1.,0.));
#7120 = ( GEOMETRIC_REPRESENTATION_CONTEXT(2) 
PARAMETRIC_REPRESENTATION_CONTEXT() REPRESENTATION_CONTEXT('2D SPACE',''
  ) );
#7121 = PCURVE('',#4532,#7122);
#7122 = DEFINITIONAL_REPRESENTATION('',(#7123),#7131);
#7123 = ( BOUNDED_CURVE() B_SPLINE_CURVE(2,(#7124,#7125,#7126,#7127,
#7128,#7129,#7130),.UNSPECIFIED.,.T.,.F.) B_SPLINE_CURVE_WITH_KNOTS((1,2
    ,2,2,2,1),(-2.094395102393,0.,2.094395102393,4.188790204786,
6.28318530718,8.377580409573),.UNSPECIFIED.) CURVE() 
GEOMETRIC_REPRESENTATION_ITEM() RATIONAL_B_SPLINE_CURVE((1.,0.5,1.,0.5,
1.,0.5,1.)) REPRESENTATION_ITEM('') );
#7124 = CARTESIAN_POINT('',(10.327124008406,5.095708301536));
#7125 = CARTESIAN_POINT('',(10.846739250676,5.095708301536));
#7126 = CARTESIAN_POINT('',(10.586931629541,4.645708301536));
#7127 = CARTESIAN_POINT('',(10.327124008406,4.195708301536));
#7128 = CARTESIAN_POINT('',(10.06731638727,4.645708301536));
#7129 = CARTESIAN_POINT('',(9.807508766135,5.095708301536));
#7130 = CARTESIAN_POINT('',(10.327124008406,5.095708301536));
#7131 = ( GEOMETRIC_REPRESENTATION_CONTEXT(2) 
PARAMETRIC_REPRESENTATION_CONTEXT() REPRESENTATION_CONTEXT('2D SPACE',''
  ) );
#7132 = ORIENTED_EDGE('',*,*,#7133,.F.);
#7133 = EDGE_CURVE('',#2797,#7106,#7134,.T.);
#7134 = SURFACE_CURVE('',#7135,(#7139,#7146),.PCURVE_S1.);
#7135 = LINE('',#7136,#7137);
#7136 = CARTESIAN_POINT('',(10.625003,3.456094775877,11.));
#7137 = VECTOR('',#7138,1.);
#7138 = DIRECTION('',(-0.,-0.,-1.));
#7139 = PCURVE('',#2817,#7140);
#7140 = DEFINITIONAL_REPRESENTATION('',(#7141),#7145);
#7141 = LINE('',#7142,#7143);
#7142 = CARTESIAN_POINT('',(-1.570797073871,0.));
#7143 = VECTOR('',#7144,1.);
#7144 = DIRECTION('',(-0.,-1.));
#7145 = ( GEOMETRIC_REPRESENTATION_CONTEXT(2) 
PARAMETRIC_REPRESENTATION_CONTEXT() REPRESENTATION_CONTEXT('2D SPACE',''
  ) );
#7146 = PCURVE('',#2846,#7147);
#7147 = DEFINITIONAL_REPRESENTATION('',(#7148),#7152);
#7148 = LINE('',#7149,#7150);
#7149 = CARTESIAN_POINT('',(6.28318530718,0.));
#7150 = VECTOR('',#7151,1.);
#7151 = DIRECTION('',(0.,-1.));
#7152 = ( GEOMETRIC_REPRESENTATION_CONTEXT(2) 
PARAMETRIC_REPRESENTATION_CONTEXT() REPRESENTATION_CONTEXT('2D SPACE',''
  ) );
#7153 = ORIENTED_EDGE('',*,*,#2796,.F.);
#7154 = ADVANCED_FACE('',(#7155),#2846,.T.);
#7155 = FACE_BOUND('',#7156,.T.);
#7156 = EDGE_LOOP('',(#7157,#7158,#7180,#7181));
#7157 = ORIENTED_EDGE('',*,*,#7133,.T.);
#7158 = ORIENTED_EDGE('',*,*,#7159,.T.);
#7159 = EDGE_CURVE('',#7106,#7051,#7160,.T.);
#7160 = SURFACE_CURVE('',#7161,(#7166,#7173),.PCURVE_S1.);
#7161 = CIRCLE('',#7162,0.699999252925);
#7162 = AXIS2_PLACEMENT_3D('',#7163,#7164,#7165);
#7163 = CARTESIAN_POINT('',(11.325002252925,3.456094252925,9.4));
#7164 = DIRECTION('',(0.,0.,1.));
#7165 = DIRECTION('',(-1.,7.470757634981E-07,0.));
#7166 = PCURVE('',#2846,#7167);
#7167 = DEFINITIONAL_REPRESENTATION('',(#7168),#7172);
#7168 = LINE('',#7169,#7170);
#7169 = CARTESIAN_POINT('',(0.,-1.6));
#7170 = VECTOR('',#7171,1.);
#7171 = DIRECTION('',(1.,0.));
#7172 = ( GEOMETRIC_REPRESENTATION_CONTEXT(2) 
PARAMETRIC_REPRESENTATION_CONTEXT() REPRESENTATION_CONTEXT('2D SPACE',''
  ) );
#7173 = PCURVE('',#4532,#7174);
#7174 = DEFINITIONAL_REPRESENTATION('',(#7175),#7179);
#7175 = CIRCLE('',#7176,0.699999252925);
#7176 = AXIS2_PLACEMENT_2D('',#7177,#7178);
#7177 = CARTESIAN_POINT('',(11.32712326133,4.79570755446));
#7178 = DIRECTION('',(-1.,7.470757634981E-07));
#7179 = ( GEOMETRIC_REPRESENTATION_CONTEXT(2) 
PARAMETRIC_REPRESENTATION_CONTEXT() REPRESENTATION_CONTEXT('2D SPACE',''
  ) );
#7180 = ORIENTED_EDGE('',*,*,#7050,.F.);
#7181 = ORIENTED_EDGE('',*,*,#2829,.F.);
#7182 = ADVANCED_FACE('',(#7183),#3464,.F.);
#7183 = FACE_BOUND('',#7184,.T.);
#7184 = EDGE_LOOP('',(#7185,#7186,#7210,#7231));
#7185 = ORIENTED_EDGE('',*,*,#5990,.F.);
#7186 = ORIENTED_EDGE('',*,*,#7187,.F.);
#7187 = EDGE_CURVE('',#7188,#5968,#7190,.T.);
#7188 = VERTEX_POINT('',#7189);
#7189 = CARTESIAN_POINT('',(-17.8,6.5,6.5));
#7190 = SURFACE_CURVE('',#7191,(#7196,#7203),.PCURVE_S1.);
#7191 = CIRCLE('',#7192,1.5);
#7192 = AXIS2_PLACEMENT_3D('',#7193,#7194,#7195);
#7193 = CARTESIAN_POINT('',(-17.8,5.,6.5));
#7194 = DIRECTION('',(-1.,2.052211859527E-16,0.));
#7195 = DIRECTION('',(-2.052211859527E-16,-1.,-0.));
#7196 = PCURVE('',#3464,#7197);
#7197 = DEFINITIONAL_REPRESENTATION('',(#7198),#7202);
#7198 = LINE('',#7199,#7200);
#7199 = CARTESIAN_POINT('',(-6.28318530718,0.));
#7200 = VECTOR('',#7201,1.);
#7201 = DIRECTION('',(1.,-0.));
#7202 = ( GEOMETRIC_REPRESENTATION_CONTEXT(2) 
PARAMETRIC_REPRESENTATION_CONTEXT() REPRESENTATION_CONTEXT('2D SPACE',''
  ) );
#7203 = PCURVE('',#6055,#7204);
#7204 = DEFINITIONAL_REPRESENTATION('',(#7205),#7209);
#7205 = LINE('',#7206,#7207);
#7206 = CARTESIAN_POINT('',(-1.570796326795,0.));
#7207 = VECTOR('',#7208,1.);
#7208 = DIRECTION('',(-0.,1.));
#7209 = ( GEOMETRIC_REPRESENTATION_CONTEXT(2) 
PARAMETRIC_REPRESENTATION_CONTEXT() REPRESENTATION_CONTEXT('2D SPACE',''
  ) );
#7210 = ORIENTED_EDGE('',*,*,#7211,.T.);
#7211 = EDGE_CURVE('',#7188,#3418,#7212,.T.);
#7212 = SURFACE_CURVE('',#7213,(#7217,#7224),.PCURVE_S1.);
#7213 = LINE('',#7214,#7215);
#7214 = CARTESIAN_POINT('',(-17.8,6.5,6.5));
#7215 = VECTOR('',#7216,1.);
#7216 = DIRECTION('',(-1.,-0.,-0.));
#7217 = PCURVE('',#3464,#7218);
#7218 = DEFINITIONAL_REPRESENTATION('',(#7219),#7223);
#7219 = LINE('',#7220,#7221);
#7220 = CARTESIAN_POINT('',(-3.14159265359,0.));
#7221 = VECTOR('',#7222,1.);
#7222 = DIRECTION('',(-0.,1.));
#7223 = ( GEOMETRIC_REPRESENTATION_CONTEXT(2) 
PARAMETRIC_REPRESENTATION_CONTEXT() REPRESENTATION_CONTEXT('2D SPACE',''
  ) );
#7224 = PCURVE('',#3432,#7225);
#7225 = DEFINITIONAL_REPRESENTATION('',(#7226),#7230);
#7226 = LINE('',#7227,#7228);
#7227 = CARTESIAN_POINT('',(-0.,-0.));
#7228 = VECTOR('',#7229,1.);
#7229 = DIRECTION('',(-0.,1.));
#7230 = ( GEOMETRIC_REPRESENTATION_CONTEXT(2) 
PARAMETRIC_REPRESENTATION_CONTEXT() REPRESENTATION_CONTEXT('2D SPACE',''
  ) );
#7231 = ORIENTED_EDGE('',*,*,#3443,.T.);
#7232 = ADVANCED_FACE('',(#7233),#3432,.F.);
#7233 = FACE_BOUND('',#7234,.T.);
#7234 = EDGE_LOOP('',(#7235,#7236,#7264,#7283));
#7235 = ORIENTED_EDGE('',*,*,#7211,.F.);
#7236 = ORIENTED_EDGE('',*,*,#7237,.T.);
#7237 = EDGE_CURVE('',#7188,#7238,#7240,.T.);
#7238 = VERTEX_POINT('',#7239);
#7239 = CARTESIAN_POINT('',(-17.8,6.5,11.));
#7240 = SURFACE_CURVE('',#7241,(#7245,#7252),.PCURVE_S1.);
#7241 = LINE('',#7242,#7243);
#7242 = CARTESIAN_POINT('',(-17.8,6.5,6.5));
#7243 = VECTOR('',#7244,1.);
#7244 = DIRECTION('',(-0.,-0.,1.));
#7245 = PCURVE('',#3432,#7246);
#7246 = DEFINITIONAL_REPRESENTATION('',(#7247),#7251);
#7247 = LINE('',#7248,#7249);
#7248 = CARTESIAN_POINT('',(-0.,-0.));
#7249 = VECTOR('',#7250,1.);
#7250 = DIRECTION('',(-1.,0.));
#7251 = ( GEOMETRIC_REPRESENTATION_CONTEXT(2) 
PARAMETRIC_REPRESENTATION_CONTEXT() REPRESENTATION_CONTEXT('2D SPACE',''
  ) );
#7252 = PCURVE('',#7253,#7258);
#7253 = CYLINDRICAL_SURFACE('',#7254,3.5);
#7254 = AXIS2_PLACEMENT_3D('',#7255,#7256,#7257);
#7255 = CARTESIAN_POINT('',(-17.8,10.,6.5));
#7256 = DIRECTION('',(-0.,-0.,1.));
#7257 = DIRECTION('',(1.,2.537652627715E-16,-0.));
#7258 = DEFINITIONAL_REPRESENTATION('',(#7259),#7263);
#7259 = LINE('',#7260,#7261);
#7260 = CARTESIAN_POINT('',(-1.570796326795,0.));
#7261 = VECTOR('',#7262,1.);
#7262 = DIRECTION('',(-0.,1.));
#7263 = ( GEOMETRIC_REPRESENTATION_CONTEXT(2) 
PARAMETRIC_REPRESENTATION_CONTEXT() REPRESENTATION_CONTEXT('2D SPACE',''
  ) );
#7264 = ORIENTED_EDGE('',*,*,#7265,.F.);
#7265 = EDGE_CURVE('',#3392,#7238,#7266,.T.);
#7266 = SURFACE_CURVE('',#7267,(#7271,#7277),.PCURVE_S1.);
#7267 = LINE('',#7268,#7269);
#7268 = CARTESIAN_POINT('',(-8.9,6.5,11.));
#7269 = VECTOR('',#7270,1.);
#7270 = DIRECTION('',(1.,0.,-0.));
#7271 = PCURVE('',#3432,#7272);
#7272 = DEFINITIONAL_REPRESENTATION('',(#7273),#7276);
#7273 = B_SPLINE_CURVE_WITH_KNOTS('',1,(#7274,#7275),.UNSPECIFIED.,.F.,
  .F.,(2,2),(-11.225,-8.9),.PIECEWISE_BEZIER_KNOTS.);
#7274 = CARTESIAN_POINT('',(-4.5,2.325));
#7275 = CARTESIAN_POINT('',(-4.5,0.));
#7276 = ( GEOMETRIC_REPRESENTATION_CONTEXT(2) 
PARAMETRIC_REPRESENTATION_CONTEXT() REPRESENTATION_CONTEXT('2D SPACE',''
  ) );
#7277 = PCURVE('',#3406,#7278);
#7278 = DEFINITIONAL_REPRESENTATION('',(#7279),#7282);
#7279 = B_SPLINE_CURVE_WITH_KNOTS('',1,(#7280,#7281),.UNSPECIFIED.,.F.,
  .F.,(2,2),(-11.225,-8.9),.PIECEWISE_BEZIER_KNOTS.);
#7280 = CARTESIAN_POINT('',(-20.125,6.5));
#7281 = CARTESIAN_POINT('',(-17.8,6.5));
#7282 = ( GEOMETRIC_REPRESENTATION_CONTEXT(2) 
PARAMETRIC_REPRESENTATION_CONTEXT() REPRESENTATION_CONTEXT('2D SPACE',''
  ) );
#7283 = ORIENTED_EDGE('',*,*,#3417,.T.);
#7284 = ADVANCED_FACE('',(#7285,#7334),#3406,.T.);
#7285 = FACE_BOUND('',#7286,.T.);
#7286 = EDGE_LOOP('',(#7287,#7308,#7309,#7310,#7311,#7312));
#7287 = ORIENTED_EDGE('',*,*,#7288,.T.);
#7288 = EDGE_CURVE('',#7289,#3890,#7291,.T.);
#7289 = VERTEX_POINT('',#7290);
#7290 = CARTESIAN_POINT('',(-14.3,10.,11.));
#7291 = SURFACE_CURVE('',#7292,(#7296,#7302),.PCURVE_S1.);
#7292 = LINE('',#7293,#7294);
#7293 = CARTESIAN_POINT('',(-14.3,7.5,11.));
#7294 = VECTOR('',#7295,1.);
#7295 = DIRECTION('',(0.,1.,0.));
#7296 = PCURVE('',#3406,#7297);
#7297 = DEFINITIONAL_REPRESENTATION('',(#7298),#7301);
#7298 = B_SPLINE_CURVE_WITH_KNOTS('',1,(#7299,#7300),.UNSPECIFIED.,.F.,
  .F.,(2,2),(2.5,6.35),.PIECEWISE_BEZIER_KNOTS.);
#7299 = CARTESIAN_POINT('',(-14.3,10.));
#7300 = CARTESIAN_POINT('',(-14.3,13.85));
#7301 = ( GEOMETRIC_REPRESENTATION_CONTEXT(2) 
PARAMETRIC_REPRESENTATION_CONTEXT() REPRESENTATION_CONTEXT('2D SPACE',''
  ) );
#7302 = PCURVE('',#3904,#7303);
#7303 = DEFINITIONAL_REPRESENTATION('',(#7304),#7307);
#7304 = B_SPLINE_CURVE_WITH_KNOTS('',1,(#7305,#7306),.UNSPECIFIED.,.F.,
  .F.,(2,2),(2.5,6.35),.PIECEWISE_BEZIER_KNOTS.);
#7305 = CARTESIAN_POINT('',(-4.5,5.));
#7306 = CARTESIAN_POINT('',(-4.5,1.15));
#7307 = ( GEOMETRIC_REPRESENTATION_CONTEXT(2) 
PARAMETRIC_REPRESENTATION_CONTEXT() REPRESENTATION_CONTEXT('2D SPACE',''
  ) );
#7308 = ORIENTED_EDGE('',*,*,#3915,.T.);
#7309 = ORIENTED_EDGE('',*,*,#3741,.T.);
#7310 = ORIENTED_EDGE('',*,*,#3391,.T.);
#7311 = ORIENTED_EDGE('',*,*,#7265,.T.);
#7312 = ORIENTED_EDGE('',*,*,#7313,.T.);
#7313 = EDGE_CURVE('',#7238,#7289,#7314,.T.);
#7314 = SURFACE_CURVE('',#7315,(#7320,#7327),.PCURVE_S1.);
#7315 = CIRCLE('',#7316,3.5);
#7316 = AXIS2_PLACEMENT_3D('',#7317,#7318,#7319);
#7317 = CARTESIAN_POINT('',(-17.8,10.,11.));
#7318 = DIRECTION('',(0.,-0.,1.));
#7319 = DIRECTION('',(1.,2.537652627715E-16,0.));
#7320 = PCURVE('',#3406,#7321);
#7321 = DEFINITIONAL_REPRESENTATION('',(#7322),#7326);
#7322 = CIRCLE('',#7323,3.5);
#7323 = AXIS2_PLACEMENT_2D('',#7324,#7325);
#7324 = CARTESIAN_POINT('',(-17.8,10.));
#7325 = DIRECTION('',(1.,2.537652627715E-16));
#7326 = ( GEOMETRIC_REPRESENTATION_CONTEXT(2) 
PARAMETRIC_REPRESENTATION_CONTEXT() REPRESENTATION_CONTEXT('2D SPACE',''
  ) );
#7327 = PCURVE('',#7253,#7328);
#7328 = DEFINITIONAL_REPRESENTATION('',(#7329),#7333);
#7329 = LINE('',#7330,#7331);
#7330 = CARTESIAN_POINT('',(-6.28318530718,4.5));
#7331 = VECTOR('',#7332,1.);
#7332 = DIRECTION('',(1.,-0.));
#7333 = ( GEOMETRIC_REPRESENTATION_CONTEXT(2) 
PARAMETRIC_REPRESENTATION_CONTEXT() REPRESENTATION_CONTEXT('2D SPACE',''
  ) );
#7334 = FACE_BOUND('',#7335,.T.);
#7335 = EDGE_LOOP('',(#7336));
#7336 = ORIENTED_EDGE('',*,*,#5734,.F.);
#7337 = ADVANCED_FACE('',(#7338),#3515,.F.);
#7338 = FACE_BOUND('',#7339,.F.);
#7339 = EDGE_LOOP('',(#7340,#7341,#7362,#7363));
#7340 = ORIENTED_EDGE('',*,*,#3498,.T.);
#7341 = ORIENTED_EDGE('',*,*,#7342,.F.);
#7342 = EDGE_CURVE('',#4901,#3499,#7343,.T.);
#7343 = SEAM_CURVE('',#7344,(#7348,#7355),.PCURVE_S1.);
#7344 = LINE('',#7345,#7346);
#7345 = CARTESIAN_POINT('',(-18.125,2.22044604925E-16,8.558845726812));
#7346 = VECTOR('',#7347,1.);
#7347 = DIRECTION('',(-1.,0.,0.));
#7348 = PCURVE('',#3515,#7349);
#7349 = DEFINITIONAL_REPRESENTATION('',(#7350),#7354);
#7350 = LINE('',#7351,#7352);
#7351 = CARTESIAN_POINT('',(6.28318530718,1.875));
#7352 = VECTOR('',#7353,1.);
#7353 = DIRECTION('',(0.,-1.));
#7354 = ( GEOMETRIC_REPRESENTATION_CONTEXT(2) 
PARAMETRIC_REPRESENTATION_CONTEXT() REPRESENTATION_CONTEXT('2D SPACE',''
  ) );
#7355 = PCURVE('',#3515,#7356);
#7356 = DEFINITIONAL_REPRESENTATION('',(#7357),#7361);
#7357 = LINE('',#7358,#7359);
#7358 = CARTESIAN_POINT('',(0.,1.875));
#7359 = VECTOR('',#7360,1.);
#7360 = DIRECTION('',(0.,-1.));
#7361 = ( GEOMETRIC_REPRESENTATION_CONTEXT(2) 
PARAMETRIC_REPRESENTATION_CONTEXT() REPRESENTATION_CONTEXT('2D SPACE',''
  ) );
#7362 = ORIENTED_EDGE('',*,*,#4900,.T.);
#7363 = ORIENTED_EDGE('',*,*,#7342,.T.);
#7364 = ADVANCED_FACE('',(#7365),#3546,.F.);
#7365 = FACE_BOUND('',#7366,.F.);
#7366 = EDGE_LOOP('',(#7367,#7368,#7389,#7390));
#7367 = ORIENTED_EDGE('',*,*,#3529,.T.);
#7368 = ORIENTED_EDGE('',*,*,#7369,.F.);
#7369 = EDGE_CURVE('',#4931,#3530,#7370,.T.);
#7370 = SEAM_CURVE('',#7371,(#7375,#7382),.PCURVE_S1.);
#7371 = LINE('',#7372,#7373);
#7372 = CARTESIAN_POINT('',(-18.125,-1.8,8.558845726812));
#7373 = VECTOR('',#7374,1.);
#7374 = DIRECTION('',(-1.,0.,0.));
#7375 = PCURVE('',#3546,#7376);
#7376 = DEFINITIONAL_REPRESENTATION('',(#7377),#7381);
#7377 = LINE('',#7378,#7379);
#7378 = CARTESIAN_POINT('',(6.28318530718,1.875));
#7379 = VECTOR('',#7380,1.);
#7380 = DIRECTION('',(0.,-1.));
#7381 = ( GEOMETRIC_REPRESENTATION_CONTEXT(2) 
PARAMETRIC_REPRESENTATION_CONTEXT() REPRESENTATION_CONTEXT('2D SPACE',''
  ) );
#7382 = PCURVE('',#3546,#7383);
#7383 = DEFINITIONAL_REPRESENTATION('',(#7384),#7388);
#7384 = LINE('',#7385,#7386);
#7385 = CARTESIAN_POINT('',(0.,1.875));
#7386 = VECTOR('',#7387,1.);
#7387 = DIRECTION('',(0.,-1.));
#7388 = ( GEOMETRIC_REPRESENTATION_CONTEXT(2) 
PARAMETRIC_REPRESENTATION_CONTEXT() REPRESENTATION_CONTEXT('2D SPACE',''
  ) );
#7389 = ORIENTED_EDGE('',*,*,#4930,.T.);
#7390 = ORIENTED_EDGE('',*,*,#7369,.T.);
#7391 = ADVANCED_FACE('',(#7392),#3577,.F.);
#7392 = FACE_BOUND('',#7393,.F.);
#7393 = EDGE_LOOP('',(#7394,#7395,#7416,#7417));
#7394 = ORIENTED_EDGE('',*,*,#3560,.T.);
#7395 = ORIENTED_EDGE('',*,*,#7396,.F.);
#7396 = EDGE_CURVE('',#4961,#3561,#7397,.T.);
#7397 = SEAM_CURVE('',#7398,(#7402,#7409),.PCURVE_S1.);
#7398 = LINE('',#7399,#7400);
#7399 = CARTESIAN_POINT('',(-18.125,0.9,7.));
#7400 = VECTOR('',#7401,1.);
#7401 = DIRECTION('',(-1.,0.,0.));
#7402 = PCURVE('',#3577,#7403);
#7403 = DEFINITIONAL_REPRESENTATION('',(#7404),#7408);
#7404 = LINE('',#7405,#7406);
#7405 = CARTESIAN_POINT('',(6.28318530718,1.875));
#7406 = VECTOR('',#7407,1.);
#7407 = DIRECTION('',(0.,-1.));
#7408 = ( GEOMETRIC_REPRESENTATION_CONTEXT(2) 
PARAMETRIC_REPRESENTATION_CONTEXT() REPRESENTATION_CONTEXT('2D SPACE',''
  ) );
#7409 = PCURVE('',#3577,#7410);
#7410 = DEFINITIONAL_REPRESENTATION('',(#7411),#7415);
#7411 = LINE('',#7412,#7413);
#7412 = CARTESIAN_POINT('',(0.,1.875));
#7413 = VECTOR('',#7414,1.);
#7414 = DIRECTION('',(0.,-1.));
#7415 = ( GEOMETRIC_REPRESENTATION_CONTEXT(2) 
PARAMETRIC_REPRESENTATION_CONTEXT() REPRESENTATION_CONTEXT('2D SPACE',''
  ) );
#7416 = ORIENTED_EDGE('',*,*,#4960,.T.);
#7417 = ORIENTED_EDGE('',*,*,#7396,.T.);
#7418 = ADVANCED_FACE('',(#7419),#3608,.F.);
#7419 = FACE_BOUND('',#7420,.F.);
#7420 = EDGE_LOOP('',(#7421,#7422,#7443,#7444));
#7421 = ORIENTED_EDGE('',*,*,#3591,.T.);
#7422 = ORIENTED_EDGE('',*,*,#7423,.F.);
#7423 = EDGE_CURVE('',#5021,#3592,#7424,.T.);
#7424 = SEAM_CURVE('',#7425,(#7429,#7436),.PCURVE_S1.);
#7425 = LINE('',#7426,#7427);
#7426 = CARTESIAN_POINT('',(-18.125,-0.9,7.));
#7427 = VECTOR('',#7428,1.);
#7428 = DIRECTION('',(-1.,0.,0.));
#7429 = PCURVE('',#3608,#7430);
#7430 = DEFINITIONAL_REPRESENTATION('',(#7431),#7435);
#7431 = LINE('',#7432,#7433);
#7432 = CARTESIAN_POINT('',(6.28318530718,1.875));
#7433 = VECTOR('',#7434,1.);
#7434 = DIRECTION('',(0.,-1.));
#7435 = ( GEOMETRIC_REPRESENTATION_CONTEXT(2) 
PARAMETRIC_REPRESENTATION_CONTEXT() REPRESENTATION_CONTEXT('2D SPACE',''
  ) );
#7436 = PCURVE('',#3608,#7437);
#7437 = DEFINITIONAL_REPRESENTATION('',(#7438),#7442);
#7438 = LINE('',#7439,#7440);
#7439 = CARTESIAN_POINT('',(0.,1.875));
#7440 = VECTOR('',#7441,1.);
#7441 = DIRECTION('',(0.,-1.));
#7442 = ( GEOMETRIC_REPRESENTATION_CONTEXT(2) 
PARAMETRIC_REPRESENTATION_CONTEXT() REPRESENTATION_CONTEXT('2D SPACE',''
  ) );
#7443 = ORIENTED_EDGE('',*,*,#5020,.T.);
#7444 = ORIENTED_EDGE('',*,*,#7423,.T.);
#7445 = ADVANCED_FACE('',(#7446),#3639,.F.);
#7446 = FACE_BOUND('',#7447,.F.);
#7447 = EDGE_LOOP('',(#7448,#7449,#7470,#7471));
#7448 = ORIENTED_EDGE('',*,*,#3622,.T.);
#7449 = ORIENTED_EDGE('',*,*,#7450,.F.);
#7450 = EDGE_CURVE('',#4991,#3623,#7451,.T.);
#7451 = SEAM_CURVE('',#7452,(#7456,#7463),.PCURVE_S1.);
#7452 = LINE('',#7453,#7454);
#7453 = CARTESIAN_POINT('',(-18.125,-1.33226762955E-15,5.441154273188));
#7454 = VECTOR('',#7455,1.);
#7455 = DIRECTION('',(-1.,0.,0.));
#7456 = PCURVE('',#3639,#7457);
#7457 = DEFINITIONAL_REPRESENTATION('',(#7458),#7462);
#7458 = LINE('',#7459,#7460);
#7459 = CARTESIAN_POINT('',(6.28318530718,1.875));
#7460 = VECTOR('',#7461,1.);
#7461 = DIRECTION('',(0.,-1.));
#7462 = ( GEOMETRIC_REPRESENTATION_CONTEXT(2) 
PARAMETRIC_REPRESENTATION_CONTEXT() REPRESENTATION_CONTEXT('2D SPACE',''
  ) );
#7463 = PCURVE('',#3639,#7464);
#7464 = DEFINITIONAL_REPRESENTATION('',(#7465),#7469);
#7465 = LINE('',#7466,#7467);
#7466 = CARTESIAN_POINT('',(0.,1.875));
#7467 = VECTOR('',#7468,1.);
#7468 = DIRECTION('',(0.,-1.));
#7469 = ( GEOMETRIC_REPRESENTATION_CONTEXT(2) 
PARAMETRIC_REPRESENTATION_CONTEXT() REPRESENTATION_CONTEXT('2D SPACE',''
  ) );
#7470 = ORIENTED_EDGE('',*,*,#4990,.T.);
#7471 = ORIENTED_EDGE('',*,*,#7450,.T.);
#7472 = ADVANCED_FACE('',(#7473),#3670,.F.);
#7473 = FACE_BOUND('',#7474,.F.);
#7474 = EDGE_LOOP('',(#7475,#7476,#7497,#7498));
#7475 = ORIENTED_EDGE('',*,*,#3653,.T.);
#7476 = ORIENTED_EDGE('',*,*,#7477,.F.);
#7477 = EDGE_CURVE('',#5051,#3654,#7478,.T.);
#7478 = SEAM_CURVE('',#7479,(#7483,#7490),.PCURVE_S1.);
#7479 = LINE('',#7480,#7481);
#7480 = CARTESIAN_POINT('',(-18.125,-2.7,7.));
#7481 = VECTOR('',#7482,1.);
#7482 = DIRECTION('',(-1.,0.,0.));
#7483 = PCURVE('',#3670,#7484);
#7484 = DEFINITIONAL_REPRESENTATION('',(#7485),#7489);
#7485 = LINE('',#7486,#7487);
#7486 = CARTESIAN_POINT('',(6.28318530718,1.875));
#7487 = VECTOR('',#7488,1.);
#7488 = DIRECTION('',(0.,-1.));
#7489 = ( GEOMETRIC_REPRESENTATION_CONTEXT(2) 
PARAMETRIC_REPRESENTATION_CONTEXT() REPRESENTATION_CONTEXT('2D SPACE',''
  ) );
#7490 = PCURVE('',#3670,#7491);
#7491 = DEFINITIONAL_REPRESENTATION('',(#7492),#7496);
#7492 = LINE('',#7493,#7494);
#7493 = CARTESIAN_POINT('',(0.,1.875));
#7494 = VECTOR('',#7495,1.);
#7495 = DIRECTION('',(0.,-1.));
#7496 = ( GEOMETRIC_REPRESENTATION_CONTEXT(2) 
PARAMETRIC_REPRESENTATION_CONTEXT() REPRESENTATION_CONTEXT('2D SPACE',''
  ) );
#7497 = ORIENTED_EDGE('',*,*,#5050,.T.);
#7498 = ORIENTED_EDGE('',*,*,#7477,.T.);
#7499 = ADVANCED_FACE('',(#7500),#3701,.F.);
#7500 = FACE_BOUND('',#7501,.F.);
#7501 = EDGE_LOOP('',(#7502,#7503,#7524,#7525));
#7502 = ORIENTED_EDGE('',*,*,#3684,.T.);
#7503 = ORIENTED_EDGE('',*,*,#7504,.F.);
#7504 = EDGE_CURVE('',#5081,#3685,#7505,.T.);
#7505 = SEAM_CURVE('',#7506,(#7510,#7517),.PCURVE_S1.);
#7506 = LINE('',#7507,#7508);
#7507 = CARTESIAN_POINT('',(-18.125,-1.8,5.441154273188));
#7508 = VECTOR('',#7509,1.);
#7509 = DIRECTION('',(-1.,0.,0.));
#7510 = PCURVE('',#3701,#7511);
#7511 = DEFINITIONAL_REPRESENTATION('',(#7512),#7516);
#7512 = LINE('',#7513,#7514);
#7513 = CARTESIAN_POINT('',(6.28318530718,1.875));
#7514 = VECTOR('',#7515,1.);
#7515 = DIRECTION('',(0.,-1.));
#7516 = ( GEOMETRIC_REPRESENTATION_CONTEXT(2) 
PARAMETRIC_REPRESENTATION_CONTEXT() REPRESENTATION_CONTEXT('2D SPACE',''
  ) );
#7517 = PCURVE('',#3701,#7518);
#7518 = DEFINITIONAL_REPRESENTATION('',(#7519),#7523);
#7519 = LINE('',#7520,#7521);
#7520 = CARTESIAN_POINT('',(0.,1.875));
#7521 = VECTOR('',#7522,1.);
#7522 = DIRECTION('',(0.,-1.));
#7523 = ( GEOMETRIC_REPRESENTATION_CONTEXT(2) 
PARAMETRIC_REPRESENTATION_CONTEXT() REPRESENTATION_CONTEXT('2D SPACE',''
  ) );
#7524 = ORIENTED_EDGE('',*,*,#5080,.T.);
#7525 = ORIENTED_EDGE('',*,*,#7504,.T.);
#7526 = ADVANCED_FACE('',(#7527),#4181,.F.);
#7527 = FACE_BOUND('',#7528,.T.);
#7528 = EDGE_LOOP('',(#7529,#7530,#7551,#7552));
#7529 = ORIENTED_EDGE('',*,*,#4455,.F.);
#7530 = ORIENTED_EDGE('',*,*,#7531,.T.);
#7531 = EDGE_CURVE('',#4435,#4141,#7532,.T.);
#7532 = SURFACE_CURVE('',#7533,(#7537,#7544),.PCURVE_S1.);
#7533 = LINE('',#7534,#7535);
#7534 = CARTESIAN_POINT('',(4.,-4.898587196589E-16,7.6));
#7535 = VECTOR('',#7536,1.);
#7536 = DIRECTION('',(1.224646799147E-16,1.,0.));
#7537 = PCURVE('',#4181,#7538);
#7538 = DEFINITIONAL_REPRESENTATION('',(#7539),#7543);
#7539 = LINE('',#7540,#7541);
#7540 = CARTESIAN_POINT('',(-1.232595164408E-32,-0.707106781187));
#7541 = VECTOR('',#7542,1.);
#7542 = DIRECTION('',(-1.,6.162975822039E-33));
#7543 = ( GEOMETRIC_REPRESENTATION_CONTEXT(2) 
PARAMETRIC_REPRESENTATION_CONTEXT() REPRESENTATION_CONTEXT('2D SPACE',''
  ) );
#7544 = PCURVE('',#4155,#7545);
#7545 = DEFINITIONAL_REPRESENTATION('',(#7546),#7550);
#7546 = LINE('',#7547,#7548);
#7547 = CARTESIAN_POINT('',(8.,0.));
#7548 = VECTOR('',#7549,1.);
#7549 = DIRECTION('',(0.,-1.));
#7550 = ( GEOMETRIC_REPRESENTATION_CONTEXT(2) 
PARAMETRIC_REPRESENTATION_CONTEXT() REPRESENTATION_CONTEXT('2D SPACE',''
  ) );
#7551 = ORIENTED_EDGE('',*,*,#4166,.T.);
#7552 = ORIENTED_EDGE('',*,*,#5654,.F.);
#7553 = ADVANCED_FACE('',(#7554),#4155,.T.);
#7554 = FACE_BOUND('',#7555,.T.);
#7555 = EDGE_LOOP('',(#7556,#7557,#7578,#7579));
#7556 = ORIENTED_EDGE('',*,*,#4434,.F.);
#7557 = ORIENTED_EDGE('',*,*,#7558,.T.);
#7558 = EDGE_CURVE('',#4414,#4115,#7559,.T.);
#7559 = SURFACE_CURVE('',#7560,(#7564,#7571),.PCURVE_S1.);
#7560 = LINE('',#7561,#7562);
#7561 = CARTESIAN_POINT('',(-3.,3.673940397442E-16,7.6));
#7562 = VECTOR('',#7563,1.);
#7563 = DIRECTION('',(1.224646799147E-16,1.,0.));
#7564 = PCURVE('',#4155,#7565);
#7565 = DEFINITIONAL_REPRESENTATION('',(#7566),#7570);
#7566 = LINE('',#7567,#7568);
#7567 = CARTESIAN_POINT('',(1.,2.465190328816E-32));
#7568 = VECTOR('',#7569,1.);
#7569 = DIRECTION('',(0.,-1.));
#7570 = ( GEOMETRIC_REPRESENTATION_CONTEXT(2) 
PARAMETRIC_REPRESENTATION_CONTEXT() REPRESENTATION_CONTEXT('2D SPACE',''
  ) );
#7571 = PCURVE('',#4129,#7572);
#7572 = DEFINITIONAL_REPRESENTATION('',(#7573),#7577);
#7573 = LINE('',#7574,#7575);
#7574 = CARTESIAN_POINT('',(1.232595164408E-32,0.707106781187));
#7575 = VECTOR('',#7576,1.);
#7576 = DIRECTION('',(-1.,6.162975822039E-33));
#7577 = ( GEOMETRIC_REPRESENTATION_CONTEXT(2) 
PARAMETRIC_REPRESENTATION_CONTEXT() REPRESENTATION_CONTEXT('2D SPACE',''
  ) );
#7578 = ORIENTED_EDGE('',*,*,#4140,.T.);
#7579 = ORIENTED_EDGE('',*,*,#7531,.F.);
#7580 = ADVANCED_FACE('',(#7581),#4129,.F.);
#7581 = FACE_BOUND('',#7582,.T.);
#7582 = EDGE_LOOP('',(#7583,#7584,#7605,#7606));
#7583 = ORIENTED_EDGE('',*,*,#4413,.F.);
#7584 = ORIENTED_EDGE('',*,*,#7585,.T.);
#7585 = EDGE_CURVE('',#4393,#4089,#7586,.T.);
#7586 = SURFACE_CURVE('',#7587,(#7591,#7598),.PCURVE_S1.);
#7587 = LINE('',#7588,#7589);
#7588 = CARTESIAN_POINT('',(-4.,4.898587196589E-16,6.6));
#7589 = VECTOR('',#7590,1.);
#7590 = DIRECTION('',(1.224646799147E-16,1.,0.));
#7591 = PCURVE('',#4129,#7592);
#7592 = DEFINITIONAL_REPRESENTATION('',(#7593),#7597);
#7593 = LINE('',#7594,#7595);
#7594 = CARTESIAN_POINT('',(-1.232595164408E-32,-0.707106781187));
#7595 = VECTOR('',#7596,1.);
#7596 = DIRECTION('',(-1.,6.162975822039E-33));
#7597 = ( GEOMETRIC_REPRESENTATION_CONTEXT(2) 
PARAMETRIC_REPRESENTATION_CONTEXT() REPRESENTATION_CONTEXT('2D SPACE',''
  ) );
#7598 = PCURVE('',#4103,#7599);
#7599 = DEFINITIONAL_REPRESENTATION('',(#7600),#7604);
#7600 = LINE('',#7601,#7602);
#7601 = CARTESIAN_POINT('',(2.6,0.));
#7602 = VECTOR('',#7603,1.);
#7603 = DIRECTION('',(0.,-1.));
#7604 = ( GEOMETRIC_REPRESENTATION_CONTEXT(2) 
PARAMETRIC_REPRESENTATION_CONTEXT() REPRESENTATION_CONTEXT('2D SPACE',''
  ) );
#7605 = ORIENTED_EDGE('',*,*,#4114,.T.);
#7606 = ORIENTED_EDGE('',*,*,#7558,.F.);
#7607 = ADVANCED_FACE('',(#7608),#4103,.T.);
#7608 = FACE_BOUND('',#7609,.T.);
#7609 = EDGE_LOOP('',(#7610,#7611,#7612,#7633));
#7610 = ORIENTED_EDGE('',*,*,#7585,.F.);
#7611 = ORIENTED_EDGE('',*,*,#4392,.F.);
#7612 = ORIENTED_EDGE('',*,*,#7613,.T.);
#7613 = EDGE_CURVE('',#4371,#4062,#7614,.T.);
#7614 = SURFACE_CURVE('',#7615,(#7619,#7626),.PCURVE_S1.);
#7615 = LINE('',#7616,#7617);
#7616 = CARTESIAN_POINT('',(-4.,4.898587196589E-16,4.));
#7617 = VECTOR('',#7618,1.);
#7618 = DIRECTION('',(1.224646799147E-16,1.,0.));
#7619 = PCURVE('',#4103,#7620);
#7620 = DEFINITIONAL_REPRESENTATION('',(#7621),#7625);
#7621 = LINE('',#7622,#7623);
#7622 = CARTESIAN_POINT('',(0.,0.));
#7623 = VECTOR('',#7624,1.);
#7624 = DIRECTION('',(0.,-1.));
#7625 = ( GEOMETRIC_REPRESENTATION_CONTEXT(2) 
PARAMETRIC_REPRESENTATION_CONTEXT() REPRESENTATION_CONTEXT('2D SPACE',''
  ) );
#7626 = PCURVE('',#4076,#7627);
#7627 = DEFINITIONAL_REPRESENTATION('',(#7628),#7632);
#7628 = LINE('',#7629,#7630);
#7629 = CARTESIAN_POINT('',(-4.,4.898587196589E-16));
#7630 = VECTOR('',#7631,1.);
#7631 = DIRECTION('',(1.224646799147E-16,1.));
#7632 = ( GEOMETRIC_REPRESENTATION_CONTEXT(2) 
PARAMETRIC_REPRESENTATION_CONTEXT() REPRESENTATION_CONTEXT('2D SPACE',''
  ) );
#7633 = ORIENTED_EDGE('',*,*,#4088,.T.);
#7634 = ADVANCED_FACE('',(#7635),#4076,.F.);
#7635 = FACE_BOUND('',#7636,.F.);
#7636 = EDGE_LOOP('',(#7637,#7638,#7639,#7660));
#7637 = ORIENTED_EDGE('',*,*,#7613,.T.);
#7638 = ORIENTED_EDGE('',*,*,#4061,.T.);
#7639 = ORIENTED_EDGE('',*,*,#7640,.F.);
#7640 = EDGE_CURVE('',#4350,#4036,#7641,.T.);
#7641 = SURFACE_CURVE('',#7642,(#7646,#7653),.PCURVE_S1.);
#7642 = LINE('',#7643,#7644);
#7643 = CARTESIAN_POINT('',(-5.95,7.286648454927E-16,4.));
#7644 = VECTOR('',#7645,1.);
#7645 = DIRECTION('',(1.224646799147E-16,1.,0.));
#7646 = PCURVE('',#4076,#7647);
#7647 = DEFINITIONAL_REPRESENTATION('',(#7648),#7652);
#7648 = LINE('',#7649,#7650);
#7649 = CARTESIAN_POINT('',(-5.95,7.286648454927E-16));
#7650 = VECTOR('',#7651,1.);
#7651 = DIRECTION('',(1.224646799147E-16,1.));
#7652 = ( GEOMETRIC_REPRESENTATION_CONTEXT(2) 
PARAMETRIC_REPRESENTATION_CONTEXT() REPRESENTATION_CONTEXT('2D SPACE',''
  ) );
#7653 = PCURVE('',#4050,#7654);
#7654 = DEFINITIONAL_REPRESENTATION('',(#7655),#7659);
#7655 = LINE('',#7656,#7657);
#7656 = CARTESIAN_POINT('',(1.5,-0.));
#7657 = VECTOR('',#7658,1.);
#7658 = DIRECTION('',(0.,-1.));
#7659 = ( GEOMETRIC_REPRESENTATION_CONTEXT(2) 
PARAMETRIC_REPRESENTATION_CONTEXT() REPRESENTATION_CONTEXT('2D SPACE',''
  ) );
#7660 = ORIENTED_EDGE('',*,*,#4370,.T.);
#7661 = ADVANCED_FACE('',(#7662),#4050,.T.);
#7662 = FACE_BOUND('',#7663,.T.);
#7663 = EDGE_LOOP('',(#7664,#7665,#7686,#7687));
#7664 = ORIENTED_EDGE('',*,*,#4349,.F.);
#7665 = ORIENTED_EDGE('',*,*,#7666,.T.);
#7666 = EDGE_CURVE('',#4329,#4010,#7667,.T.);
#7667 = SURFACE_CURVE('',#7668,(#7672,#7679),.PCURVE_S1.);
#7668 = LINE('',#7669,#7670);
#7669 = CARTESIAN_POINT('',(-5.95,7.286648454927E-16,5.));
#7670 = VECTOR('',#7671,1.);
#7671 = DIRECTION('',(1.224646799147E-16,1.,0.));
#7672 = PCURVE('',#4050,#7673);
#7673 = DEFINITIONAL_REPRESENTATION('',(#7674),#7678);
#7674 = LINE('',#7675,#7676);
#7675 = CARTESIAN_POINT('',(0.5,-0.));
#7676 = VECTOR('',#7677,1.);
#7677 = DIRECTION('',(0.,-1.));
#7678 = ( GEOMETRIC_REPRESENTATION_CONTEXT(2) 
PARAMETRIC_REPRESENTATION_CONTEXT() REPRESENTATION_CONTEXT('2D SPACE',''
  ) );
#7679 = PCURVE('',#4024,#7680);
#7680 = DEFINITIONAL_REPRESENTATION('',(#7681),#7685);
#7681 = LINE('',#7682,#7683);
#7682 = CARTESIAN_POINT('',(-4.314083075427E-32,0.353553390593));
#7683 = VECTOR('',#7684,1.);
#7684 = DIRECTION('',(-1.,6.162975822039E-33));
#7685 = ( GEOMETRIC_REPRESENTATION_CONTEXT(2) 
PARAMETRIC_REPRESENTATION_CONTEXT() REPRESENTATION_CONTEXT('2D SPACE',''
  ) );
#7686 = ORIENTED_EDGE('',*,*,#4035,.T.);
#7687 = ORIENTED_EDGE('',*,*,#7640,.F.);
#7688 = ADVANCED_FACE('',(#7689),#4024,.F.);
#7689 = FACE_BOUND('',#7690,.T.);
#7690 = EDGE_LOOP('',(#7691,#7692,#7713,#7714));
#7691 = ORIENTED_EDGE('',*,*,#4328,.F.);
#7692 = ORIENTED_EDGE('',*,*,#7693,.T.);
#7693 = EDGE_CURVE('',#4308,#3984,#7694,.T.);
#7694 = SURFACE_CURVE('',#7695,(#7699,#7706),.PCURVE_S1.);
#7695 = LINE('',#7696,#7697);
#7696 = CARTESIAN_POINT('',(-6.45,7.8989718545E-16,5.5));
#7697 = VECTOR('',#7698,1.);
#7698 = DIRECTION('',(1.224646799147E-16,1.,0.));
#7699 = PCURVE('',#4024,#7700);
#7700 = DEFINITIONAL_REPRESENTATION('',(#7701),#7705);
#7701 = LINE('',#7702,#7703);
#7702 = CARTESIAN_POINT('',(-5.546678239835E-32,-0.353553390593));
#7703 = VECTOR('',#7704,1.);
#7704 = DIRECTION('',(-1.,6.162975822039E-33));
#7705 = ( GEOMETRIC_REPRESENTATION_CONTEXT(2) 
PARAMETRIC_REPRESENTATION_CONTEXT() REPRESENTATION_CONTEXT('2D SPACE',''
  ) );
#7706 = PCURVE('',#3998,#7707);
#7707 = DEFINITIONAL_REPRESENTATION('',(#7708),#7712);
#7708 = LINE('',#7709,#7710);
#7709 = CARTESIAN_POINT('',(1.,-7.395570986447E-32));
#7710 = VECTOR('',#7711,1.);
#7711 = DIRECTION('',(0.,-1.));
#7712 = ( GEOMETRIC_REPRESENTATION_CONTEXT(2) 
PARAMETRIC_REPRESENTATION_CONTEXT() REPRESENTATION_CONTEXT('2D SPACE',''
  ) );
#7713 = ORIENTED_EDGE('',*,*,#4009,.T.);
#7714 = ORIENTED_EDGE('',*,*,#7666,.F.);
#7715 = ADVANCED_FACE('',(#7716),#3998,.T.);
#7716 = FACE_BOUND('',#7717,.T.);
#7717 = EDGE_LOOP('',(#7718,#7719,#7740,#7741));
#7718 = ORIENTED_EDGE('',*,*,#4307,.F.);
#7719 = ORIENTED_EDGE('',*,*,#7720,.T.);
#7720 = EDGE_CURVE('',#4287,#3958,#7721,.T.);
#7721 = SURFACE_CURVE('',#7722,(#7726,#7733),.PCURVE_S1.);
#7722 = LINE('',#7723,#7724);
#7723 = CARTESIAN_POINT('',(-6.95,8.511295254074E-16,5.5));
#7724 = VECTOR('',#7725,1.);
#7725 = DIRECTION('',(1.224646799147E-16,1.,0.));
#7726 = PCURVE('',#3998,#7727);
#7727 = DEFINITIONAL_REPRESENTATION('',(#7728),#7732);
#7728 = LINE('',#7729,#7730);
#7729 = CARTESIAN_POINT('',(0.5,-8.628166150855E-32));
#7730 = VECTOR('',#7731,1.);
#7731 = DIRECTION('',(0.,-1.));
#7732 = ( GEOMETRIC_REPRESENTATION_CONTEXT(2) 
PARAMETRIC_REPRESENTATION_CONTEXT() REPRESENTATION_CONTEXT('2D SPACE',''
  ) );
#7733 = PCURVE('',#3972,#7734);
#7734 = DEFINITIONAL_REPRESENTATION('',(#7735),#7739);
#7735 = LINE('',#7736,#7737);
#7736 = CARTESIAN_POINT('',(-4.314083075427E-32,0.353553390593));
#7737 = VECTOR('',#7738,1.);
#7738 = DIRECTION('',(-1.,6.162975822039E-33));
#7739 = ( GEOMETRIC_REPRESENTATION_CONTEXT(2) 
PARAMETRIC_REPRESENTATION_CONTEXT() REPRESENTATION_CONTEXT('2D SPACE',''
  ) );
#7740 = ORIENTED_EDGE('',*,*,#3983,.T.);
#7741 = ORIENTED_EDGE('',*,*,#7693,.F.);
#7742 = ADVANCED_FACE('',(#7743),#3972,.F.);
#7743 = FACE_BOUND('',#7744,.T.);
#7744 = EDGE_LOOP('',(#7745,#7746,#7747,#7748));
#7745 = ORIENTED_EDGE('',*,*,#4286,.F.);
#7746 = ORIENTED_EDGE('',*,*,#4214,.T.);
#7747 = ORIENTED_EDGE('',*,*,#3957,.T.);
#7748 = ORIENTED_EDGE('',*,*,#7720,.F.);
#7749 = ADVANCED_FACE('',(#7750),#3904,.F.);
#7750 = FACE_BOUND('',#7751,.T.);
#7751 = EDGE_LOOP('',(#7752,#7775,#7776,#7777));
#7752 = ORIENTED_EDGE('',*,*,#7753,.F.);
#7753 = EDGE_CURVE('',#3861,#7754,#7756,.T.);
#7754 = VERTEX_POINT('',#7755);
#7755 = CARTESIAN_POINT('',(-14.3,10.,6.5));
#7756 = SURFACE_CURVE('',#7757,(#7761,#7768),.PCURVE_S1.);
#7757 = LINE('',#7758,#7759);
#7758 = CARTESIAN_POINT('',(-14.3,15.,6.5));
#7759 = VECTOR('',#7760,1.);
#7760 = DIRECTION('',(-0.,-1.,-0.));
#7761 = PCURVE('',#3904,#7762);
#7762 = DEFINITIONAL_REPRESENTATION('',(#7763),#7767);
#7763 = LINE('',#7764,#7765);
#7764 = CARTESIAN_POINT('',(-0.,-0.));
#7765 = VECTOR('',#7766,1.);
#7766 = DIRECTION('',(-0.,1.));
#7767 = ( GEOMETRIC_REPRESENTATION_CONTEXT(2) 
PARAMETRIC_REPRESENTATION_CONTEXT() REPRESENTATION_CONTEXT('2D SPACE',''
  ) );
#7768 = PCURVE('',#3877,#7769);
#7769 = DEFINITIONAL_REPRESENTATION('',(#7770),#7774);
#7770 = LINE('',#7771,#7772);
#7771 = CARTESIAN_POINT('',(-3.14159265359,0.));
#7772 = VECTOR('',#7773,1.);
#7773 = DIRECTION('',(-0.,1.));
#7774 = ( GEOMETRIC_REPRESENTATION_CONTEXT(2) 
PARAMETRIC_REPRESENTATION_CONTEXT() REPRESENTATION_CONTEXT('2D SPACE',''
  ) );
#7775 = ORIENTED_EDGE('',*,*,#3889,.T.);
#7776 = ORIENTED_EDGE('',*,*,#7288,.F.);
#7777 = ORIENTED_EDGE('',*,*,#7778,.F.);
#7778 = EDGE_CURVE('',#7754,#7289,#7779,.T.);
#7779 = SURFACE_CURVE('',#7780,(#7784,#7791),.PCURVE_S1.);
#7780 = LINE('',#7781,#7782);
#7781 = CARTESIAN_POINT('',(-14.3,10.,6.5));
#7782 = VECTOR('',#7783,1.);
#7783 = DIRECTION('',(-0.,-0.,1.));
#7784 = PCURVE('',#3904,#7785);
#7785 = DEFINITIONAL_REPRESENTATION('',(#7786),#7790);
#7786 = LINE('',#7787,#7788);
#7787 = CARTESIAN_POINT('',(-0.,5.));
#7788 = VECTOR('',#7789,1.);
#7789 = DIRECTION('',(-1.,-0.));
#7790 = ( GEOMETRIC_REPRESENTATION_CONTEXT(2) 
PARAMETRIC_REPRESENTATION_CONTEXT() REPRESENTATION_CONTEXT('2D SPACE',''
  ) );
#7791 = PCURVE('',#7253,#7792);
#7792 = DEFINITIONAL_REPRESENTATION('',(#7793),#7797);
#7793 = LINE('',#7794,#7795);
#7794 = CARTESIAN_POINT('',(-0.,0.));
#7795 = VECTOR('',#7796,1.);
#7796 = DIRECTION('',(-0.,1.));
#7797 = ( GEOMETRIC_REPRESENTATION_CONTEXT(2) 
PARAMETRIC_REPRESENTATION_CONTEXT() REPRESENTATION_CONTEXT('2D SPACE',''
  ) );
#7798 = ADVANCED_FACE('',(#7799),#3877,.F.);
#7799 = FACE_BOUND('',#7800,.T.);
#7800 = EDGE_LOOP('',(#7801,#7802,#7803,#7804));
#7801 = ORIENTED_EDGE('',*,*,#6073,.F.);
#7802 = ORIENTED_EDGE('',*,*,#3860,.F.);
#7803 = ORIENTED_EDGE('',*,*,#7753,.T.);
#7804 = ORIENTED_EDGE('',*,*,#7805,.F.);
#7805 = EDGE_CURVE('',#6016,#7754,#7806,.T.);
#7806 = SURFACE_CURVE('',#7807,(#7812,#7819),.PCURVE_S1.);
#7807 = CIRCLE('',#7808,1.5);
#7808 = AXIS2_PLACEMENT_3D('',#7809,#7810,#7811);
#7809 = CARTESIAN_POINT('',(-12.8,10.,6.5));
#7810 = DIRECTION('',(0.,1.,-0.));
#7811 = DIRECTION('',(1.,-0.,-7.401486830834E-17));
#7812 = PCURVE('',#3877,#7813);
#7813 = DEFINITIONAL_REPRESENTATION('',(#7814),#7818);
#7814 = LINE('',#7815,#7816);
#7815 = CARTESIAN_POINT('',(-0.,5.));
#7816 = VECTOR('',#7817,1.);
#7817 = DIRECTION('',(-1.,0.));
#7818 = ( GEOMETRIC_REPRESENTATION_CONTEXT(2) 
PARAMETRIC_REPRESENTATION_CONTEXT() REPRESENTATION_CONTEXT('2D SPACE',''
  ) );
#7819 = PCURVE('',#6055,#7820);
#7820 = DEFINITIONAL_REPRESENTATION('',(#7821),#7825);
#7821 = LINE('',#7822,#7823);
#7822 = CARTESIAN_POINT('',(-0.,6.28318530718));
#7823 = VECTOR('',#7824,1.);
#7824 = DIRECTION('',(-0.,-1.));
#7825 = ( GEOMETRIC_REPRESENTATION_CONTEXT(2) 
PARAMETRIC_REPRESENTATION_CONTEXT() REPRESENTATION_CONTEXT('2D SPACE',''
  ) );
#7826 = ADVANCED_FACE('',(#7827),#3807,.F.);
#7827 = FACE_BOUND('',#7828,.F.);
#7828 = EDGE_LOOP('',(#7829,#7830,#7831,#7832));
#7829 = ORIENTED_EDGE('',*,*,#6100,.F.);
#7830 = ORIENTED_EDGE('',*,*,#3790,.T.);
#7831 = ORIENTED_EDGE('',*,*,#5861,.T.);
#7832 = ORIENTED_EDGE('',*,*,#5912,.F.);
#7833 = ADVANCED_FACE('',(#7834,#7857),#4532,.T.);
#7834 = FACE_BOUND('',#7835,.T.);
#7835 = EDGE_LOOP('',(#7836,#7837,#7838,#7839,#7840,#7841,#7842,#7843,
    #7844,#7845,#7846,#7847,#7848,#7849,#7850,#7851,#7852,#7853,#7854,
    #7855,#7856));
#7836 = ORIENTED_EDGE('',*,*,#6196,.F.);
#7837 = ORIENTED_EDGE('',*,*,#6147,.T.);
#7838 = ORIENTED_EDGE('',*,*,#6250,.T.);
#7839 = ORIENTED_EDGE('',*,*,#6350,.T.);
#7840 = ORIENTED_EDGE('',*,*,#6453,.T.);
#7841 = ORIENTED_EDGE('',*,*,#6552,.T.);
#7842 = ORIENTED_EDGE('',*,*,#6651,.T.);
#7843 = ORIENTED_EDGE('',*,*,#6755,.T.);
#7844 = ORIENTED_EDGE('',*,*,#6853,.T.);
#7845 = ORIENTED_EDGE('',*,*,#6953,.T.);
#7846 = ORIENTED_EDGE('',*,*,#7073,.F.);
#7847 = ORIENTED_EDGE('',*,*,#7159,.F.);
#7848 = ORIENTED_EDGE('',*,*,#7105,.F.);
#7849 = ORIENTED_EDGE('',*,*,#7024,.T.);
#7850 = ORIENTED_EDGE('',*,*,#6925,.T.);
#7851 = ORIENTED_EDGE('',*,*,#6826,.T.);
#7852 = ORIENTED_EDGE('',*,*,#6701,.F.);
#7853 = ORIENTED_EDGE('',*,*,#6623,.T.);
#7854 = ORIENTED_EDGE('',*,*,#6525,.T.);
#7855 = ORIENTED_EDGE('',*,*,#6399,.F.);
#7856 = ORIENTED_EDGE('',*,*,#6300,.F.);
#7857 = FACE_BOUND('',#7858,.T.);
#7858 = EDGE_LOOP('',(#7859,#7860,#7861,#7862,#7863,#7864,#7865,#7866,
    #7867,#7868,#7869,#7870,#7871,#7872,#7873,#7874,#7875,#7876,#7877));
#7859 = ORIENTED_EDGE('',*,*,#4749,.F.);
#7860 = ORIENTED_EDGE('',*,*,#4725,.F.);
#7861 = ORIENTED_EDGE('',*,*,#4671,.F.);
#7862 = ORIENTED_EDGE('',*,*,#4624,.F.);
#7863 = ORIENTED_EDGE('',*,*,#4570,.T.);
#7864 = ORIENTED_EDGE('',*,*,#4519,.F.);
#7865 = ORIENTED_EDGE('',*,*,#5623,.F.);
#7866 = ORIENTED_EDGE('',*,*,#5592,.T.);
#7867 = ORIENTED_EDGE('',*,*,#5545,.F.);
#7868 = ORIENTED_EDGE('',*,*,#5491,.F.);
#7869 = ORIENTED_EDGE('',*,*,#5444,.F.);
#7870 = ORIENTED_EDGE('',*,*,#5367,.F.);
#7871 = ORIENTED_EDGE('',*,*,#5336,.T.);
#7872 = ORIENTED_EDGE('',*,*,#5289,.F.);
#7873 = ORIENTED_EDGE('',*,*,#5235,.T.);
#7874 = ORIENTED_EDGE('',*,*,#5189,.F.);
#7875 = ORIENTED_EDGE('',*,*,#5135,.T.);
#7876 = ORIENTED_EDGE('',*,*,#4879,.F.);
#7877 = ORIENTED_EDGE('',*,*,#4825,.T.);
#7878 = ADVANCED_FACE('',(#7879),#6055,.F.);
#7879 = FACE_BOUND('',#7880,.T.);
#7880 = EDGE_LOOP('',(#7881,#7882,#7883,#7905));
#7881 = ORIENTED_EDGE('',*,*,#6040,.F.);
#7882 = ORIENTED_EDGE('',*,*,#7805,.T.);
#7883 = ORIENTED_EDGE('',*,*,#7884,.T.);
#7884 = EDGE_CURVE('',#7754,#7188,#7885,.T.);
#7885 = SURFACE_CURVE('',#7886,(#7891,#7898),.PCURVE_S1.);
#7886 = CIRCLE('',#7887,3.5);
#7887 = AXIS2_PLACEMENT_3D('',#7888,#7889,#7890);
#7888 = CARTESIAN_POINT('',(-17.8,10.,6.5));
#7889 = DIRECTION('',(0.,-0.,-1.));
#7890 = DIRECTION('',(1.,1.7763568394E-16,-0.));
#7891 = PCURVE('',#6055,#7892);
#7892 = DEFINITIONAL_REPRESENTATION('',(#7893),#7897);
#7893 = LINE('',#7894,#7895);
#7894 = CARTESIAN_POINT('',(-0.,3.14159265359));
#7895 = VECTOR('',#7896,1.);
#7896 = DIRECTION('',(-1.,0.));
#7897 = ( GEOMETRIC_REPRESENTATION_CONTEXT(2) 
PARAMETRIC_REPRESENTATION_CONTEXT() REPRESENTATION_CONTEXT('2D SPACE',''
  ) );
#7898 = PCURVE('',#7253,#7899);
#7899 = DEFINITIONAL_REPRESENTATION('',(#7900),#7904);
#7900 = LINE('',#7901,#7902);
#7901 = CARTESIAN_POINT('',(-0.,0.));
#7902 = VECTOR('',#7903,1.);
#7903 = DIRECTION('',(-1.,0.));
#7904 = ( GEOMETRIC_REPRESENTATION_CONTEXT(2) 
PARAMETRIC_REPRESENTATION_CONTEXT() REPRESENTATION_CONTEXT('2D SPACE',''
  ) );
#7905 = ORIENTED_EDGE('',*,*,#7187,.T.);
#7906 = ADVANCED_FACE('',(#7907),#7253,.T.);
#7907 = FACE_BOUND('',#7908,.F.);
#7908 = EDGE_LOOP('',(#7909,#7910,#7911,#7912));
#7909 = ORIENTED_EDGE('',*,*,#7778,.F.);
#7910 = ORIENTED_EDGE('',*,*,#7884,.T.);
#7911 = ORIENTED_EDGE('',*,*,#7237,.T.);
#7912 = ORIENTED_EDGE('',*,*,#7313,.T.);
#7913 = ( GEOMETRIC_REPRESENTATION_CONTEXT(3) 
GLOBAL_UNCERTAINTY_ASSIGNED_CONTEXT((#7917)) 
GLOBAL_UNIT_ASSIGNED_CONTEXT((#7914,#7915,#7916)) REPRESENTATION_CONTEXT
('Context #1','3D Context with UNIT and UNCERTAINTY') );
#7914 = ( LENGTH_UNIT() NAMED_UNIT(*) SI_UNIT(.MILLI.,.METRE.) );
#7915 = ( NAMED_UNIT(*) PLANE_ANGLE_UNIT() SI_UNIT($,.RADIAN.) );
#7916 = ( NAMED_UNIT(*) SI_UNIT($,.STERADIAN.) SOLID_ANGLE_UNIT() );
#7917 = UNCERTAINTY_MEASURE_WITH_UNIT(LENGTH_MEASURE(2.E-07),#7914,
  'distance_accuracy_value','confusion accuracy');
#7918 = PRODUCT_RELATED_PRODUCT_CATEGORY('part',$,(#7));
ENDSEC;
END-ISO-10303-21;
