ISO-10303-21;
HEADER;
FILE_DESCRIPTION(('Open CASCADE Model'),'2;1');
FILE_NAME('Open CASCADE Shape Model','2026-04-25T18:40:22',('Author'),(
    'Open CASCADE'),'Open CASCADE STEP processor 7.7','Open CASCADE 7.7'
  ,'Unknown');
FILE_SCHEMA(('AUTOMOTIVE_DESIGN { 1 0 10303 214 1 1 1 1 }'));
ENDSEC;
DATA;
#1 = APPLICATION_PROTOCOL_DEFINITION('international standard',
  'automotive_design',2000,#2);
#2 = APPLICATION_CONTEXT(
  'core data for automotive mechanical design processes');
#3 = SHAPE_DEFINITION_REPRESENTATION(#4,#10);
#4 = PRODUCT_DEFINITION_SHAPE('','',#5);
#5 = PRODUCT_DEFINITION('design','',#6,#9);
#6 = PRODUCT_DEFINITION_FORMATION('','',#7);
#7 = PRODUCT('Open CASCADE STEP translator 7.7 1',
  'Open CASCADE STEP translator 7.7 1','',(#8));
#8 = PRODUCT_CONTEXT('',#2,'mechanical');
#9 = PRODUCT_DEFINITION_CONTEXT('part definition',#2,'design');
#10 = ADVANCED_BREP_SHAPE_REPRESENTATION('',(#11,#15),#6463);
#11 = AXIS2_PLACEMENT_3D('',#12,#13,#14);
#12 = CARTESIAN_POINT('',(0.,0.,0.));
#13 = DIRECTION('',(0.,0.,1.));
#14 = DIRECTION('',(1.,0.,-0.));
#15 = MANIFOLD_SOLID_BREP('',#16);
#16 = CLOSED_SHELL('',(#17,#135,#1592,#1647,#1724,#1774,#1829,#1941,
    #1996,#2051,#2105,#2217,#2272,#2327,#2381,#2435,#2468,#2523,#2578,
    #2633,#2709,#2763,#2813,#2867,#2916,#2970,#3020,#3074,#3123,#3177,
    #3227,#3281,#3330,#3384,#3434,#3488,#3537,#3587,#3636,#3690,#3740,
    #3794,#3843,#3893,#3947,#3996,#4024,#4079,#4131,#4845,#4870,#4895,
    #4919,#4944,#4968,#4993,#5018,#5043,#5068,#5093,#5118,#5125,#5155,
    #5185,#5215,#5561,#5591,#5618,#5673,#5700,#5755,#5810,#5837,#5892,
    #5939,#5966,#5993,#6000,#6027,#6077,#6127,#6177,#6253,#6302,#6351,
    #6378,#6428,#6435,#6442,#6449,#6456));
#17 = ADVANCED_FACE('',(#18),#32,.F.);
#18 = FACE_BOUND('',#19,.F.);
#19 = EDGE_LOOP('',(#20,#53,#81,#109));
#20 = ORIENTED_EDGE('',*,*,#21,.F.);
#21 = EDGE_CURVE('',#22,#24,#26,.T.);
#22 = VERTEX_POINT('',#23);
#23 = CARTESIAN_POINT('',(16.125,13.85,11.));
#24 = VERTEX_POINT('',#25);
#25 = CARTESIAN_POINT('',(-16.125,13.85,11.));
#26 = SURFACE_CURVE('',#27,(#31,#42),.PCURVE_S1.);
#27 = LINE('',#28,#29);
#28 = CARTESIAN_POINT('',(10.0625,13.85,11.));
#29 = VECTOR('',#30,1.);
#30 = DIRECTION('',(-1.,0.,0.));
#31 = PCURVE('',#32,#37);
#32 = PLANE('',#33);
#33 = AXIS2_PLACEMENT_3D('',#34,#35,#36);
#34 = CARTESIAN_POINT('',(20.125,13.85,0.));
#35 = DIRECTION('',(0.,-1.,0.));
#36 = DIRECTION('',(-1.,0.,0.));
#37 = DEFINITIONAL_REPRESENTATION('',(#38),#41);
#38 = B_SPLINE_CURVE_WITH_KNOTS('',1,(#39,#40),.UNSPECIFIED.,.F.,.F.,(2,
    2),(-6.0625,26.1875),.PIECEWISE_BEZIER_KNOTS.);
#39 = CARTESIAN_POINT('',(4.,-11.));
#40 = CARTESIAN_POINT('',(36.250000000001,-11.));
#41 = ( GEOMETRIC_REPRESENTATION_CONTEXT(2) 
PARAMETRIC_REPRESENTATION_CONTEXT() REPRESENTATION_CONTEXT('2D SPACE',''
  ) );
#42 = PCURVE('',#43,#48);
#43 = PLANE('',#44);
#44 = AXIS2_PLACEMENT_3D('',#45,#46,#47);
#45 = CARTESIAN_POINT('',(0.,0.,11.));
#46 = DIRECTION('',(0.,0.,1.));
#47 = DIRECTION('',(1.,0.,-0.));
#48 = DEFINITIONAL_REPRESENTATION('',(#49),#52);
#49 = B_SPLINE_CURVE_WITH_KNOTS('',1,(#50,#51),.UNSPECIFIED.,.F.,.F.,(2,
    2),(-6.0625,26.1875),.PIECEWISE_BEZIER_KNOTS.);
#50 = CARTESIAN_POINT('',(16.125,13.85));
#51 = CARTESIAN_POINT('',(-16.125,13.85));
#52 = ( GEOMETRIC_REPRESENTATION_CONTEXT(2) 
PARAMETRIC_REPRESENTATION_CONTEXT() REPRESENTATION_CONTEXT('2D SPACE',''
  ) );
#53 = ORIENTED_EDGE('',*,*,#54,.T.);
#54 = EDGE_CURVE('',#22,#55,#57,.T.);
#55 = VERTEX_POINT('',#56);
#56 = CARTESIAN_POINT('',(16.125,13.85,13.4));
#57 = SURFACE_CURVE('',#58,(#62,#69),.PCURVE_S1.);
#58 = LINE('',#59,#60);
#59 = CARTESIAN_POINT('',(16.125,13.85,0.));
#60 = VECTOR('',#61,1.);
#61 = DIRECTION('',(0.,0.,1.));
#62 = PCURVE('',#32,#63);
#63 = DEFINITIONAL_REPRESENTATION('',(#64),#68);
#64 = LINE('',#65,#66);
#65 = CARTESIAN_POINT('',(4.,0.));
#66 = VECTOR('',#67,1.);
#67 = DIRECTION('',(0.,-1.));
#68 = ( GEOMETRIC_REPRESENTATION_CONTEXT(2) 
PARAMETRIC_REPRESENTATION_CONTEXT() REPRESENTATION_CONTEXT('2D SPACE',''
  ) );
#69 = PCURVE('',#70,#75);
#70 = CYLINDRICAL_SURFACE('',#71,4.);
#71 = AXIS2_PLACEMENT_3D('',#72,#73,#74);
#72 = CARTESIAN_POINT('',(16.125,9.85,0.));
#73 = DIRECTION('',(0.,0.,1.));
#74 = DIRECTION('',(-0.,1.,0.));
#75 = DEFINITIONAL_REPRESENTATION('',(#76),#80);
#76 = LINE('',#77,#78);
#77 = CARTESIAN_POINT('',(-0.,0.));
#78 = VECTOR('',#79,1.);
#79 = DIRECTION('',(-0.,1.));
#80 = ( GEOMETRIC_REPRESENTATION_CONTEXT(2) 
PARAMETRIC_REPRESENTATION_CONTEXT() REPRESENTATION_CONTEXT('2D SPACE',''
  ) );
#81 = ORIENTED_EDGE('',*,*,#82,.F.);
#82 = EDGE_CURVE('',#83,#55,#85,.T.);
#83 = VERTEX_POINT('',#84);
#84 = CARTESIAN_POINT('',(-16.125,13.85,13.4));
#85 = SURFACE_CURVE('',#86,(#90,#97),.PCURVE_S1.);
#86 = LINE('',#87,#88);
#87 = CARTESIAN_POINT('',(-16.125,13.85,13.4));
#88 = VECTOR('',#89,1.);
#89 = DIRECTION('',(1.,-0.,-0.));
#90 = PCURVE('',#32,#91);
#91 = DEFINITIONAL_REPRESENTATION('',(#92),#96);
#92 = LINE('',#93,#94);
#93 = CARTESIAN_POINT('',(36.250000000001,-13.4));
#94 = VECTOR('',#95,1.);
#95 = DIRECTION('',(-1.,0.));
#96 = ( GEOMETRIC_REPRESENTATION_CONTEXT(2) 
PARAMETRIC_REPRESENTATION_CONTEXT() REPRESENTATION_CONTEXT('2D SPACE',''
  ) );
#97 = PCURVE('',#98,#103);
#98 = PLANE('',#99);
#99 = AXIS2_PLACEMENT_3D('',#100,#101,#102);
#100 = CARTESIAN_POINT('',(-16.125,13.55,13.7));
#101 = DIRECTION('',(0.,-0.707106781187,-0.707106781187));
#102 = DIRECTION('',(1.,0.,0.));
#103 = DEFINITIONAL_REPRESENTATION('',(#104),#108);
#104 = LINE('',#105,#106);
#105 = CARTESIAN_POINT('',(0.,-0.424264068712));
#106 = VECTOR('',#107,1.);
#107 = DIRECTION('',(1.,0.));
#108 = ( GEOMETRIC_REPRESENTATION_CONTEXT(2) 
PARAMETRIC_REPRESENTATION_CONTEXT() REPRESENTATION_CONTEXT('2D SPACE',''
  ) );
#109 = ORIENTED_EDGE('',*,*,#110,.F.);
#110 = EDGE_CURVE('',#24,#83,#111,.T.);
#111 = SURFACE_CURVE('',#112,(#116,#123),.PCURVE_S1.);
#112 = LINE('',#113,#114);
#113 = CARTESIAN_POINT('',(-16.125,13.85,0.));
#114 = VECTOR('',#115,1.);
#115 = DIRECTION('',(0.,0.,1.));
#116 = PCURVE('',#32,#117);
#117 = DEFINITIONAL_REPRESENTATION('',(#118),#122);
#118 = LINE('',#119,#120);
#119 = CARTESIAN_POINT('',(36.250000000001,0.));
#120 = VECTOR('',#121,1.);
#121 = DIRECTION('',(0.,-1.));
#122 = ( GEOMETRIC_REPRESENTATION_CONTEXT(2) 
PARAMETRIC_REPRESENTATION_CONTEXT() REPRESENTATION_CONTEXT('2D SPACE',''
  ) );
#123 = PCURVE('',#124,#129);
#124 = CYLINDRICAL_SURFACE('',#125,4.);
#125 = AXIS2_PLACEMENT_3D('',#126,#127,#128);
#126 = CARTESIAN_POINT('',(-16.125,9.85,0.));
#127 = DIRECTION('',(0.,0.,1.));
#128 = DIRECTION('',(-1.,0.,0.));
#129 = DEFINITIONAL_REPRESENTATION('',(#130),#134);
#130 = LINE('',#131,#132);
#131 = CARTESIAN_POINT('',(-1.570796326795,0.));
#132 = VECTOR('',#133,1.);
#133 = DIRECTION('',(-0.,1.));
#134 = ( GEOMETRIC_REPRESENTATION_CONTEXT(2) 
PARAMETRIC_REPRESENTATION_CONTEXT() REPRESENTATION_CONTEXT('2D SPACE',''
  ) );
#135 = ADVANCED_FACE('',(#136,#647,#678,#709,#740,#1561),#43,.F.);
#136 = FACE_BOUND('',#137,.F.);
#137 = EDGE_LOOP('',(#138,#162,#163,#187,#213,#321,#350,#376,#405,#431,
    #460,#486,#515,#623));
#138 = ORIENTED_EDGE('',*,*,#139,.T.);
#139 = EDGE_CURVE('',#140,#22,#142,.T.);
#140 = VERTEX_POINT('',#141);
#141 = CARTESIAN_POINT('',(20.125,9.85,11.));
#142 = SURFACE_CURVE('',#143,(#148,#155),.PCURVE_S1.);
#143 = CIRCLE('',#144,4.);
#144 = AXIS2_PLACEMENT_3D('',#145,#146,#147);
#145 = CARTESIAN_POINT('',(16.125,9.85,11.));
#146 = DIRECTION('',(0.,0.,1.));
#147 = DIRECTION('',(-0.,1.,0.));
#148 = PCURVE('',#43,#149);
#149 = DEFINITIONAL_REPRESENTATION('',(#150),#154);
#150 = CIRCLE('',#151,4.);
#151 = AXIS2_PLACEMENT_2D('',#152,#153);
#152 = CARTESIAN_POINT('',(16.125,9.85));
#153 = DIRECTION('',(0.,1.));
#154 = ( GEOMETRIC_REPRESENTATION_CONTEXT(2) 
PARAMETRIC_REPRESENTATION_CONTEXT() REPRESENTATION_CONTEXT('2D SPACE',''
  ) );
#155 = PCURVE('',#70,#156);
#156 = DEFINITIONAL_REPRESENTATION('',(#157),#161);
#157 = LINE('',#158,#159);
#158 = CARTESIAN_POINT('',(-6.28318530718,11.));
#159 = VECTOR('',#160,1.);
#160 = DIRECTION('',(1.,-0.));
#161 = ( GEOMETRIC_REPRESENTATION_CONTEXT(2) 
PARAMETRIC_REPRESENTATION_CONTEXT() REPRESENTATION_CONTEXT('2D SPACE',''
  ) );
#162 = ORIENTED_EDGE('',*,*,#21,.T.);
#163 = ORIENTED_EDGE('',*,*,#164,.T.);
#164 = EDGE_CURVE('',#24,#165,#167,.T.);
#165 = VERTEX_POINT('',#166);
#166 = CARTESIAN_POINT('',(-20.125,9.85,11.));
#167 = SURFACE_CURVE('',#168,(#173,#180),.PCURVE_S1.);
#168 = CIRCLE('',#169,4.);
#169 = AXIS2_PLACEMENT_3D('',#170,#171,#172);
#170 = CARTESIAN_POINT('',(-16.125,9.85,11.));
#171 = DIRECTION('',(0.,0.,1.));
#172 = DIRECTION('',(-1.,0.,0.));
#173 = PCURVE('',#43,#174);
#174 = DEFINITIONAL_REPRESENTATION('',(#175),#179);
#175 = CIRCLE('',#176,4.);
#176 = AXIS2_PLACEMENT_2D('',#177,#178);
#177 = CARTESIAN_POINT('',(-16.125,9.85));
#178 = DIRECTION('',(-1.,0.));
#179 = ( GEOMETRIC_REPRESENTATION_CONTEXT(2) 
PARAMETRIC_REPRESENTATION_CONTEXT() REPRESENTATION_CONTEXT('2D SPACE',''
  ) );
#180 = PCURVE('',#124,#181);
#181 = DEFINITIONAL_REPRESENTATION('',(#182),#186);
#182 = LINE('',#183,#184);
#183 = CARTESIAN_POINT('',(-6.28318530718,11.));
#184 = VECTOR('',#185,1.);
#185 = DIRECTION('',(1.,-0.));
#186 = ( GEOMETRIC_REPRESENTATION_CONTEXT(2) 
PARAMETRIC_REPRESENTATION_CONTEXT() REPRESENTATION_CONTEXT('2D SPACE',''
  ) );
#187 = ORIENTED_EDGE('',*,*,#188,.T.);
#188 = EDGE_CURVE('',#165,#189,#191,.T.);
#189 = VERTEX_POINT('',#190);
#190 = CARTESIAN_POINT('',(-20.125,-13.81943954598,11.));
#191 = SURFACE_CURVE('',#192,(#196,#202),.PCURVE_S1.);
#192 = LINE('',#193,#194);
#193 = CARTESIAN_POINT('',(-20.125,6.925,11.));
#194 = VECTOR('',#195,1.);
#195 = DIRECTION('',(0.,-1.,0.));
#196 = PCURVE('',#43,#197);
#197 = DEFINITIONAL_REPRESENTATION('',(#198),#201);
#198 = B_SPLINE_CURVE_WITH_KNOTS('',1,(#199,#200),.UNSPECIFIED.,.F.,.F.,
  (2,2),(-2.925,20.74443954599),.PIECEWISE_BEZIER_KNOTS.);
#199 = CARTESIAN_POINT('',(-20.125,9.85));
#200 = CARTESIAN_POINT('',(-20.125,-13.81943954598));
#201 = ( GEOMETRIC_REPRESENTATION_CONTEXT(2) 
PARAMETRIC_REPRESENTATION_CONTEXT() REPRESENTATION_CONTEXT('2D SPACE',''
  ) );
#202 = PCURVE('',#203,#208);
#203 = PLANE('',#204);
#204 = AXIS2_PLACEMENT_3D('',#205,#206,#207);
#205 = CARTESIAN_POINT('',(-20.125,13.85,0.));
#206 = DIRECTION('',(1.,0.,-0.));
#207 = DIRECTION('',(0.,-1.,0.));
#208 = DEFINITIONAL_REPRESENTATION('',(#209),#212);
#209 = B_SPLINE_CURVE_WITH_KNOTS('',1,(#210,#211),.UNSPECIFIED.,.F.,.F.,
  (2,2),(-2.925,20.74443954599),.PIECEWISE_BEZIER_KNOTS.);
#210 = CARTESIAN_POINT('',(4.,-11.));
#211 = CARTESIAN_POINT('',(27.66943954599,-11.));
#212 = ( GEOMETRIC_REPRESENTATION_CONTEXT(2) 
PARAMETRIC_REPRESENTATION_CONTEXT() REPRESENTATION_CONTEXT('2D SPACE',''
  ) );
#213 = ORIENTED_EDGE('',*,*,#214,.F.);
#214 = EDGE_CURVE('',#215,#189,#217,.T.);
#215 = VERTEX_POINT('',#216);
#216 = CARTESIAN_POINT('',(-15.14367871379,-17.69719772994,11.));
#217 = SURFACE_CURVE('',#218,(#245,#275),.PCURVE_S1.);
#218 = B_SPLINE_CURVE_WITH_KNOTS('',7,(#219,#220,#221,#222,#223,#224,
    #225,#226,#227,#228,#229,#230,#231,#232,#233,#234,#235,#236,#237,
    #238,#239,#240,#241,#242,#243,#244),.UNSPECIFIED.,.F.,.F.,(8,6,6,6,8
    ),(0.,0.163278718394,0.5,0.836721281606,1.),.UNSPECIFIED.);
#219 = CARTESIAN_POINT('',(-15.14367871379,-17.69719772994,11.));
#220 = CARTESIAN_POINT('',(-15.29036346209,-17.73431837002,11.));
#221 = CARTESIAN_POINT('',(-15.44131769631,-17.76563142379,11.));
#222 = CARTESIAN_POINT('',(-15.59621591822,-17.79060980314,11.));
#223 = CARTESIAN_POINT('',(-15.75465229926,-17.80874285208,11.));
#224 = CARTESIAN_POINT('',(-15.91613808074,-17.81955511142,11.));
#225 = CARTESIAN_POINT('',(-16.08010528714,-17.82262615835,11.));
#226 = CARTESIAN_POINT('',(-16.58786118772,-17.80727009188,11.));
#227 = CARTESIAN_POINT('',(-16.93778446427,-17.762537277,11.));
#228 = CARTESIAN_POINT('',(-17.2899258223,-17.68034670533,11.));
#229 = CARTESIAN_POINT('',(-17.63747465757,-17.55909714123,11.));
#230 = CARTESIAN_POINT('',(-17.97313306786,-17.39919219589,11.));
#231 = CARTESIAN_POINT('',(-18.28993652822,-17.20324515391,11.));
#232 = CARTESIAN_POINT('',(-18.87427039765,-16.74836474886,11.));
#233 = CARTESIAN_POINT('',(-19.14195070387,-16.4893146969,11.));
#234 = CARTESIAN_POINT('',(-19.37931606721,-16.20314369168,11.));
#235 = CARTESIAN_POINT('',(-19.58212445709,-15.89596230115,11.));
#236 = CARTESIAN_POINT('',(-19.74819420017,-15.57474638228,11.));
#237 = CARTESIAN_POINT('',(-19.87740674988,-15.24649123578,11.));
#238 = CARTESIAN_POINT('',(-20.01686144634,-14.75801989477,11.));
#239 = CARTESIAN_POINT('',(-20.05411037947,-14.59831017972,11.));
#240 = CARTESIAN_POINT('',(-20.08324590637,-14.43910690197,11.));
#241 = CARTESIAN_POINT('',(-20.10453625995,-14.28106382194,11.));
#242 = CARTESIAN_POINT('',(-20.1183224618,-14.12477140619,11.));
#243 = CARTESIAN_POINT('',(-20.125,-13.97074836034,11.));
#244 = CARTESIAN_POINT('',(-20.125,-13.81943954598,11.));
#245 = PCURVE('',#43,#246);
#246 = DEFINITIONAL_REPRESENTATION('',(#247),#274);
#247 = B_SPLINE_CURVE_WITH_KNOTS('',7,(#248,#249,#250,#251,#252,#253,
    #254,#255,#256,#257,#258,#259,#260,#261,#262,#263,#264,#265,#266,
    #267,#268,#269,#270,#271,#272,#273),.UNSPECIFIED.,.F.,.F.,(8,6,6,6,8
    ),(0.,0.163278718394,0.5,0.836721281606,1.),.UNSPECIFIED.);
#248 = CARTESIAN_POINT('',(-15.14367871379,-17.69719772994));
#249 = CARTESIAN_POINT('',(-15.29036346209,-17.73431837002));
#250 = CARTESIAN_POINT('',(-15.44131769631,-17.76563142379));
#251 = CARTESIAN_POINT('',(-15.59621591822,-17.79060980314));
#252 = CARTESIAN_POINT('',(-15.75465229926,-17.80874285208));
#253 = CARTESIAN_POINT('',(-15.91613808074,-17.81955511142));
#254 = CARTESIAN_POINT('',(-16.08010528714,-17.82262615835));
#255 = CARTESIAN_POINT('',(-16.58786118772,-17.80727009188));
#256 = CARTESIAN_POINT('',(-16.93778446427,-17.762537277));
#257 = CARTESIAN_POINT('',(-17.2899258223,-17.68034670533));
#258 = CARTESIAN_POINT('',(-17.63747465757,-17.55909714123));
#259 = CARTESIAN_POINT('',(-17.97313306786,-17.39919219589));
#260 = CARTESIAN_POINT('',(-18.28993652822,-17.20324515391));
#261 = CARTESIAN_POINT('',(-18.87427039765,-16.74836474886));
#262 = CARTESIAN_POINT('',(-19.14195070387,-16.4893146969));
#263 = CARTESIAN_POINT('',(-19.37931606721,-16.20314369168));
#264 = CARTESIAN_POINT('',(-19.58212445709,-15.89596230115));
#265 = CARTESIAN_POINT('',(-19.74819420017,-15.57474638228));
#266 = CARTESIAN_POINT('',(-19.87740674988,-15.24649123578));
#267 = CARTESIAN_POINT('',(-20.01686144634,-14.75801989477));
#268 = CARTESIAN_POINT('',(-20.05411037947,-14.59831017972));
#269 = CARTESIAN_POINT('',(-20.08324590637,-14.43910690197));
#270 = CARTESIAN_POINT('',(-20.10453625995,-14.28106382194));
#271 = CARTESIAN_POINT('',(-20.1183224618,-14.12477140619));
#272 = CARTESIAN_POINT('',(-20.125,-13.97074836034));
#273 = CARTESIAN_POINT('',(-20.125,-13.81943954598));
#274 = ( GEOMETRIC_REPRESENTATION_CONTEXT(2) 
PARAMETRIC_REPRESENTATION_CONTEXT() REPRESENTATION_CONTEXT('2D SPACE',''
  ) );
#275 = PCURVE('',#276,#292);
#276 = ( BOUNDED_SURFACE() B_SPLINE_SURFACE(2,2,(
    (#277,#278,#279,#280,#281)
    ,(#282,#283,#284,#285,#286)
    ,(#287,#288,#289,#290,#291
)),.UNSPECIFIED.,.F.,.F.,.F.) B_SPLINE_SURFACE_WITH_KNOTS((3,3),(3,1,1,3
    ),(0.,14.),(-0.8568,6.227006757453E-14,14.,14.8568),.UNSPECIFIED.) 
GEOMETRIC_REPRESENTATION_ITEM() RATIONAL_B_SPLINE_SURFACE((
    (1.,1.,1.,1.,1.)
    ,(0.614275865735,0.614275865735,0.614275865735,0.614275865735
      ,0.614275865735)
,(1.,1.,1.,1.,1.))) REPRESENTATION_ITEM('') SURFACE() );
#277 = CARTESIAN_POINT('',(-20.125,-13.81943954598,-0.8568));
#278 = CARTESIAN_POINT('',(-20.125,-13.81943954598,-0.4284));
#279 = CARTESIAN_POINT('',(-20.125,-13.81943954598,7.));
#280 = CARTESIAN_POINT('',(-20.125,-13.81943954598,14.4284));
#281 = CARTESIAN_POINT('',(-20.125,-13.81943954598,14.8568));
#282 = CARTESIAN_POINT('',(-20.125,-18.95779119134,-0.8568));
#283 = CARTESIAN_POINT('',(-20.125,-18.95779119134,-0.4284));
#284 = CARTESIAN_POINT('',(-20.125,-18.95779119134,7.));
#285 = CARTESIAN_POINT('',(-20.125,-18.95779119134,14.4284));
#286 = CARTESIAN_POINT('',(-20.125,-18.95779119134,14.8568));
#287 = CARTESIAN_POINT('',(-15.14367871379,-17.69719772994,-0.8568));
#288 = CARTESIAN_POINT('',(-15.14367871379,-17.69719772994,-0.4284));
#289 = CARTESIAN_POINT('',(-15.14367871379,-17.69719772994,7.));
#290 = CARTESIAN_POINT('',(-15.14367871379,-17.69719772994,14.4284));
#291 = CARTESIAN_POINT('',(-15.14367871379,-17.69719772994,14.8568));
#292 = DEFINITIONAL_REPRESENTATION('',(#293),#320);
#293 = B_SPLINE_CURVE_WITH_KNOTS('',7,(#294,#295,#296,#297,#298,#299,
    #300,#301,#302,#303,#304,#305,#306,#307,#308,#309,#310,#311,#312,
    #313,#314,#315,#316,#317,#318,#319),.UNSPECIFIED.,.F.,.F.,(8,6,6,6,8
    ),(0.,0.163278718394,0.5,0.836721281606,1.),.UNSPECIFIED.);
#294 = CARTESIAN_POINT('',(14.,11.));
#295 = CARTESIAN_POINT('',(13.66443628526,11.));
#296 = CARTESIAN_POINT('',(13.330092069689,11.));
#297 = CARTESIAN_POINT('',(12.996963876768,11.));
#298 = CARTESIAN_POINT('',(12.665032260755,11.));
#299 = CARTESIAN_POINT('',(12.334261582966,11.));
#300 = CARTESIAN_POINT('',(12.004602905152,11.));
#301 = CARTESIAN_POINT('',(10.998339172852,11.));
#302 = CARTESIAN_POINT('',(10.324899750109,11.));
#303 = CARTESIAN_POINT('',(9.655562262587,11.));
#304 = CARTESIAN_POINT('',(8.989563407551,11.));
#305 = CARTESIAN_POINT('',(8.325708059014,11.));
#306 = CARTESIAN_POINT('',(7.662769179225,11.));
#307 = CARTESIAN_POINT('',(6.337230820777,11.));
#308 = CARTESIAN_POINT('',(5.674291940983,11.));
#309 = CARTESIAN_POINT('',(5.010436592456,11.));
#310 = CARTESIAN_POINT('',(4.344437737407,11.));
#311 = CARTESIAN_POINT('',(3.675100249895,11.));
#312 = CARTESIAN_POINT('',(3.001660827147,11.));
#313 = CARTESIAN_POINT('',(1.995397094848,11.));
#314 = CARTESIAN_POINT('',(1.665738417037,11.));
#315 = CARTESIAN_POINT('',(1.334967739244,11.));
#316 = CARTESIAN_POINT('',(1.003036123231,11.));
#317 = CARTESIAN_POINT('',(0.669907930313,11.));
#318 = CARTESIAN_POINT('',(0.33556371474,11.));
#319 = CARTESIAN_POINT('',(0.,11.));
#320 = ( GEOMETRIC_REPRESENTATION_CONTEXT(2) 
PARAMETRIC_REPRESENTATION_CONTEXT() REPRESENTATION_CONTEXT('2D SPACE',''
  ) );
#321 = ORIENTED_EDGE('',*,*,#322,.T.);
#322 = EDGE_CURVE('',#215,#323,#325,.T.);
#323 = VERTEX_POINT('',#324);
#324 = CARTESIAN_POINT('',(-12.63328372813,-16.17181919415,11.));
#325 = SURFACE_CURVE('',#326,(#331,#338),.PCURVE_S1.);
#326 = CIRCLE('',#327,5.);
#327 = AXIS2_PLACEMENT_3D('',#328,#329,#330);
#328 = CARTESIAN_POINT('',(-16.37033032155,-12.85,11.));
#329 = DIRECTION('',(-0.,0.,1.));
#330 = DIRECTION('',(0.747409318684,-0.66436383883,0.));
#331 = PCURVE('',#43,#332);
#332 = DEFINITIONAL_REPRESENTATION('',(#333),#337);
#333 = CIRCLE('',#334,5.);
#334 = AXIS2_PLACEMENT_2D('',#335,#336);
#335 = CARTESIAN_POINT('',(-16.37033032155,-12.85));
#336 = DIRECTION('',(0.747409318684,-0.66436383883));
#337 = ( GEOMETRIC_REPRESENTATION_CONTEXT(2) 
PARAMETRIC_REPRESENTATION_CONTEXT() REPRESENTATION_CONTEXT('2D SPACE',''
  ) );
#338 = PCURVE('',#339,#344);
#339 = CYLINDRICAL_SURFACE('',#340,5.);
#340 = AXIS2_PLACEMENT_3D('',#341,#342,#343);
#341 = CARTESIAN_POINT('',(-16.37033032155,-12.85,0.));
#342 = DIRECTION('',(-0.,-0.,1.));
#343 = DIRECTION('',(0.747409318684,-0.66436383883,0.));
#344 = DEFINITIONAL_REPRESENTATION('',(#345),#349);
#345 = LINE('',#346,#347);
#346 = CARTESIAN_POINT('',(-6.28318530718,11.));
#347 = VECTOR('',#348,1.);
#348 = DIRECTION('',(1.,-0.));
#349 = ( GEOMETRIC_REPRESENTATION_CONTEXT(2) 
PARAMETRIC_REPRESENTATION_CONTEXT() REPRESENTATION_CONTEXT('2D SPACE',''
  ) );
#350 = ORIENTED_EDGE('',*,*,#351,.F.);
#351 = EDGE_CURVE('',#352,#323,#354,.T.);
#352 = VERTEX_POINT('',#353);
#353 = CARTESIAN_POINT('',(-11.61671627186,-15.02818080585,11.));
#354 = SURFACE_CURVE('',#355,(#359,#365),.PCURVE_S1.);
#355 = LINE('',#356,#357);
#356 = CARTESIAN_POINT('',(-4.576034482759,-7.107413793104,11.));
#357 = VECTOR('',#358,1.);
#358 = DIRECTION('',(-0.66436383883,-0.747409318684,0.));
#359 = PCURVE('',#43,#360);
#360 = DEFINITIONAL_REPRESENTATION('',(#361),#364);
#361 = B_SPLINE_CURVE_WITH_KNOTS('',1,(#362,#363),.UNSPECIFIED.,.F.,.F.,
  (2,2),(10.597629457841,12.127766104135),.PIECEWISE_BEZIER_KNOTS.);
#362 = CARTESIAN_POINT('',(-11.61671627186,-15.02818080585));
#363 = CARTESIAN_POINT('',(-12.63328372813,-16.17181919415));
#364 = ( GEOMETRIC_REPRESENTATION_CONTEXT(2) 
PARAMETRIC_REPRESENTATION_CONTEXT() REPRESENTATION_CONTEXT('2D SPACE',''
  ) );
#365 = PCURVE('',#366,#371);
#366 = PLANE('',#367);
#367 = AXIS2_PLACEMENT_3D('',#368,#369,#370);
#368 = CARTESIAN_POINT('',(-10.125,-13.35,0.));
#369 = DIRECTION('',(-0.747409318684,0.66436383883,-0.));
#370 = DIRECTION('',(0.66436383883,0.747409318684,0.));
#371 = DEFINITIONAL_REPRESENTATION('',(#372),#375);
#372 = B_SPLINE_CURVE_WITH_KNOTS('',1,(#373,#374),.UNSPECIFIED.,.F.,.F.,
  (2,2),(10.597629457841,12.127766104135),.PIECEWISE_BEZIER_KNOTS.);
#373 = CARTESIAN_POINT('',(-2.245330321551,-11.));
#374 = CARTESIAN_POINT('',(-3.775466967845,-11.));
#375 = ( GEOMETRIC_REPRESENTATION_CONTEXT(2) 
PARAMETRIC_REPRESENTATION_CONTEXT() REPRESENTATION_CONTEXT('2D SPACE',''
  ) );
#376 = ORIENTED_EDGE('',*,*,#377,.F.);
#377 = EDGE_CURVE('',#378,#352,#380,.T.);
#378 = VERTEX_POINT('',#379);
#379 = CARTESIAN_POINT('',(-7.879669678449,-13.35,11.));
#380 = SURFACE_CURVE('',#381,(#386,#393),.PCURVE_S1.);
#381 = CIRCLE('',#382,5.);
#382 = AXIS2_PLACEMENT_3D('',#383,#384,#385);
#383 = CARTESIAN_POINT('',(-7.879669678449,-18.35,11.));
#384 = DIRECTION('',(-0.,-0.,1.));
#385 = DIRECTION('',(-0.,1.,0.));
#386 = PCURVE('',#43,#387);
#387 = DEFINITIONAL_REPRESENTATION('',(#388),#392);
#388 = CIRCLE('',#389,5.);
#389 = AXIS2_PLACEMENT_2D('',#390,#391);
#390 = CARTESIAN_POINT('',(-7.879669678449,-18.35));
#391 = DIRECTION('',(0.,1.));
#392 = ( GEOMETRIC_REPRESENTATION_CONTEXT(2) 
PARAMETRIC_REPRESENTATION_CONTEXT() REPRESENTATION_CONTEXT('2D SPACE',''
  ) );
#393 = PCURVE('',#394,#399);
#394 = CYLINDRICAL_SURFACE('',#395,5.);
#395 = AXIS2_PLACEMENT_3D('',#396,#397,#398);
#396 = CARTESIAN_POINT('',(-7.879669678449,-18.35,0.));
#397 = DIRECTION('',(-0.,-0.,1.));
#398 = DIRECTION('',(-0.,1.,-0.));
#399 = DEFINITIONAL_REPRESENTATION('',(#400),#404);
#400 = LINE('',#401,#402);
#401 = CARTESIAN_POINT('',(0.,11.));
#402 = VECTOR('',#403,1.);
#403 = DIRECTION('',(1.,0.));
#404 = ( GEOMETRIC_REPRESENTATION_CONTEXT(2) 
PARAMETRIC_REPRESENTATION_CONTEXT() REPRESENTATION_CONTEXT('2D SPACE',''
  ) );
#405 = ORIENTED_EDGE('',*,*,#406,.T.);
#406 = EDGE_CURVE('',#378,#407,#409,.T.);
#407 = VERTEX_POINT('',#408);
#408 = CARTESIAN_POINT('',(7.879669678449,-13.35,11.));
#409 = SURFACE_CURVE('',#410,(#414,#420),.PCURVE_S1.);
#410 = LINE('',#411,#412);
#411 = CARTESIAN_POINT('',(0.,-13.35,11.));
#412 = VECTOR('',#413,1.);
#413 = DIRECTION('',(1.,0.,0.));
#414 = PCURVE('',#43,#415);
#415 = DEFINITIONAL_REPRESENTATION('',(#416),#419);
#416 = B_SPLINE_CURVE_WITH_KNOTS('',1,(#417,#418),.UNSPECIFIED.,.F.,.F.,
  (2,2),(-7.879669678449,7.879669678449),.PIECEWISE_BEZIER_KNOTS.);
#417 = CARTESIAN_POINT('',(-7.879669678449,-13.35));
#418 = CARTESIAN_POINT('',(7.879669678449,-13.35));
#419 = ( GEOMETRIC_REPRESENTATION_CONTEXT(2) 
PARAMETRIC_REPRESENTATION_CONTEXT() REPRESENTATION_CONTEXT('2D SPACE',''
  ) );
#420 = PCURVE('',#421,#426);
#421 = PLANE('',#422);
#422 = AXIS2_PLACEMENT_3D('',#423,#424,#425);
#423 = CARTESIAN_POINT('',(0.,-13.35,0.));
#424 = DIRECTION('',(0.,1.,0.));
#425 = DIRECTION('',(1.,0.,0.));
#426 = DEFINITIONAL_REPRESENTATION('',(#427),#430);
#427 = B_SPLINE_CURVE_WITH_KNOTS('',1,(#428,#429),.UNSPECIFIED.,.F.,.F.,
  (2,2),(-7.879669678449,7.879669678449),.PIECEWISE_BEZIER_KNOTS.);
#428 = CARTESIAN_POINT('',(-7.879669678449,-11.));
#429 = CARTESIAN_POINT('',(7.879669678449,-11.));
#430 = ( GEOMETRIC_REPRESENTATION_CONTEXT(2) 
PARAMETRIC_REPRESENTATION_CONTEXT() REPRESENTATION_CONTEXT('2D SPACE',''
  ) );
#431 = ORIENTED_EDGE('',*,*,#432,.F.);
#432 = EDGE_CURVE('',#433,#407,#435,.T.);
#433 = VERTEX_POINT('',#434);
#434 = CARTESIAN_POINT('',(11.616716271867,-15.02818080585,11.));
#435 = SURFACE_CURVE('',#436,(#441,#448),.PCURVE_S1.);
#436 = CIRCLE('',#437,5.);
#437 = AXIS2_PLACEMENT_3D('',#438,#439,#440);
#438 = CARTESIAN_POINT('',(7.879669678449,-18.35,11.));
#439 = DIRECTION('',(0.,0.,1.));
#440 = DIRECTION('',(-0.,1.,0.));
#441 = PCURVE('',#43,#442);
#442 = DEFINITIONAL_REPRESENTATION('',(#443),#447);
#443 = CIRCLE('',#444,5.);
#444 = AXIS2_PLACEMENT_2D('',#445,#446);
#445 = CARTESIAN_POINT('',(7.879669678449,-18.35));
#446 = DIRECTION('',(0.,1.));
#447 = ( GEOMETRIC_REPRESENTATION_CONTEXT(2) 
PARAMETRIC_REPRESENTATION_CONTEXT() REPRESENTATION_CONTEXT('2D SPACE',''
  ) );
#448 = PCURVE('',#449,#454);
#449 = CYLINDRICAL_SURFACE('',#450,5.);
#450 = AXIS2_PLACEMENT_3D('',#451,#452,#453);
#451 = CARTESIAN_POINT('',(7.879669678449,-18.35,0.));
#452 = DIRECTION('',(0.,0.,1.));
#453 = DIRECTION('',(-0.,1.,0.));
#454 = DEFINITIONAL_REPRESENTATION('',(#455),#459);
#455 = LINE('',#456,#457);
#456 = CARTESIAN_POINT('',(-6.28318530718,11.));
#457 = VECTOR('',#458,1.);
#458 = DIRECTION('',(1.,-0.));
#459 = ( GEOMETRIC_REPRESENTATION_CONTEXT(2) 
PARAMETRIC_REPRESENTATION_CONTEXT() REPRESENTATION_CONTEXT('2D SPACE',''
  ) );
#460 = ORIENTED_EDGE('',*,*,#461,.T.);
#461 = EDGE_CURVE('',#433,#462,#464,.T.);
#462 = VERTEX_POINT('',#463);
#463 = CARTESIAN_POINT('',(12.633283728133,-16.17181919415,11.));
#464 = SURFACE_CURVE('',#465,(#469,#475),.PCURVE_S1.);
#465 = LINE('',#466,#467);
#466 = CARTESIAN_POINT('',(4.576034482759,-7.107413793104,11.));
#467 = VECTOR('',#468,1.);
#468 = DIRECTION('',(0.66436383883,-0.747409318684,0.));
#469 = PCURVE('',#43,#470);
#470 = DEFINITIONAL_REPRESENTATION('',(#471),#474);
#471 = B_SPLINE_CURVE_WITH_KNOTS('',1,(#472,#473),.UNSPECIFIED.,.F.,.F.,
  (2,2),(10.597629457841,12.127766104135),.PIECEWISE_BEZIER_KNOTS.);
#472 = CARTESIAN_POINT('',(11.616716271867,-15.02818080585));
#473 = CARTESIAN_POINT('',(12.633283728133,-16.17181919415));
#474 = ( GEOMETRIC_REPRESENTATION_CONTEXT(2) 
PARAMETRIC_REPRESENTATION_CONTEXT() REPRESENTATION_CONTEXT('2D SPACE',''
  ) );
#475 = PCURVE('',#476,#481);
#476 = PLANE('',#477);
#477 = AXIS2_PLACEMENT_3D('',#478,#479,#480);
#478 = CARTESIAN_POINT('',(10.125,-13.35,0.));
#479 = DIRECTION('',(0.747409318684,0.66436383883,-0.));
#480 = DIRECTION('',(0.66436383883,-0.747409318684,0.));
#481 = DEFINITIONAL_REPRESENTATION('',(#482),#485);
#482 = B_SPLINE_CURVE_WITH_KNOTS('',1,(#483,#484),.UNSPECIFIED.,.F.,.F.,
  (2,2),(10.597629457841,12.127766104135),.PIECEWISE_BEZIER_KNOTS.);
#483 = CARTESIAN_POINT('',(2.245330321551,-11.));
#484 = CARTESIAN_POINT('',(3.775466967845,-11.));
#485 = ( GEOMETRIC_REPRESENTATION_CONTEXT(2) 
PARAMETRIC_REPRESENTATION_CONTEXT() REPRESENTATION_CONTEXT('2D SPACE',''
  ) );
#486 = ORIENTED_EDGE('',*,*,#487,.T.);
#487 = EDGE_CURVE('',#462,#488,#490,.T.);
#488 = VERTEX_POINT('',#489);
#489 = CARTESIAN_POINT('',(15.143678713795,-17.69719772994,11.));
#490 = SURFACE_CURVE('',#491,(#496,#503),.PCURVE_S1.);
#491 = CIRCLE('',#492,5.);
#492 = AXIS2_PLACEMENT_3D('',#493,#494,#495);
#493 = CARTESIAN_POINT('',(16.370330321552,-12.85,11.));
#494 = DIRECTION('',(0.,0.,1.));
#495 = DIRECTION('',(-0.747409318684,-0.66436383883,0.));
#496 = PCURVE('',#43,#497);
#497 = DEFINITIONAL_REPRESENTATION('',(#498),#502);
#498 = CIRCLE('',#499,5.);
#499 = AXIS2_PLACEMENT_2D('',#500,#501);
#500 = CARTESIAN_POINT('',(16.370330321552,-12.85));
#501 = DIRECTION('',(-0.747409318684,-0.66436383883));
#502 = ( GEOMETRIC_REPRESENTATION_CONTEXT(2) 
PARAMETRIC_REPRESENTATION_CONTEXT() REPRESENTATION_CONTEXT('2D SPACE',''
  ) );
#503 = PCURVE('',#504,#509);
#504 = CYLINDRICAL_SURFACE('',#505,5.);
#505 = AXIS2_PLACEMENT_3D('',#506,#507,#508);
#506 = CARTESIAN_POINT('',(16.370330321552,-12.85,0.));
#507 = DIRECTION('',(0.,0.,1.));
#508 = DIRECTION('',(-0.747409318684,-0.66436383883,0.));
#509 = DEFINITIONAL_REPRESENTATION('',(#510),#514);
#510 = LINE('',#511,#512);
#511 = CARTESIAN_POINT('',(0.,11.));
#512 = VECTOR('',#513,1.);
#513 = DIRECTION('',(1.,0.));
#514 = ( GEOMETRIC_REPRESENTATION_CONTEXT(2) 
PARAMETRIC_REPRESENTATION_CONTEXT() REPRESENTATION_CONTEXT('2D SPACE',''
  ) );
#515 = ORIENTED_EDGE('',*,*,#516,.T.);
#516 = EDGE_CURVE('',#488,#517,#519,.T.);
#517 = VERTEX_POINT('',#518);
#518 = CARTESIAN_POINT('',(20.125,-13.81943954598,11.));
#519 = SURFACE_CURVE('',#520,(#547,#577),.PCURVE_S1.);
#520 = B_SPLINE_CURVE_WITH_KNOTS('',7,(#521,#522,#523,#524,#525,#526,
    #527,#528,#529,#530,#531,#532,#533,#534,#535,#536,#537,#538,#539,
    #540,#541,#542,#543,#544,#545,#546),.UNSPECIFIED.,.F.,.F.,(8,6,6,6,8
    ),(0.,0.163278718394,0.5,0.836721281606,1.),.UNSPECIFIED.);
#521 = CARTESIAN_POINT('',(15.143678713795,-17.69719772994,11.));
#522 = CARTESIAN_POINT('',(15.290363462092,-17.73431837002,11.));
#523 = CARTESIAN_POINT('',(15.441317696318,-17.76563142379,11.));
#524 = CARTESIAN_POINT('',(15.59621591822,-17.79060980314,11.));
#525 = CARTESIAN_POINT('',(15.754652299262,-17.80874285208,11.));
#526 = CARTESIAN_POINT('',(15.916138080749,-17.81955511142,11.));
#527 = CARTESIAN_POINT('',(16.08010528714,-17.82262615835,11.));
#528 = CARTESIAN_POINT('',(16.587861187721,-17.80727009188,11.));
#529 = CARTESIAN_POINT('',(16.937784464273,-17.762537277,11.));
#530 = CARTESIAN_POINT('',(17.2899258223,-17.68034670533,11.));
#531 = CARTESIAN_POINT('',(17.637474657575,-17.55909714123,11.));
#532 = CARTESIAN_POINT('',(17.973133067867,-17.3991921959,11.));
#533 = CARTESIAN_POINT('',(18.289936528227,-17.20324515391,11.));
#534 = CARTESIAN_POINT('',(18.874270397652,-16.74836474886,11.));
#535 = CARTESIAN_POINT('',(19.141950703874,-16.4893146969,11.));
#536 = CARTESIAN_POINT('',(19.37931606721,-16.20314369168,11.));
#537 = CARTESIAN_POINT('',(19.582124457092,-15.89596230114,11.));
#538 = CARTESIAN_POINT('',(19.748194200177,-15.57474638228,11.));
#539 = CARTESIAN_POINT('',(19.87740674988,-15.24649123578,11.));
#540 = CARTESIAN_POINT('',(20.016861446342,-14.75801989477,11.));
#541 = CARTESIAN_POINT('',(20.054110379472,-14.59831017972,11.));
#542 = CARTESIAN_POINT('',(20.083245906379,-14.43910690197,11.));
#543 = CARTESIAN_POINT('',(20.104536259959,-14.28106382194,11.));
#544 = CARTESIAN_POINT('',(20.118322461807,-14.12477140619,11.));
#545 = CARTESIAN_POINT('',(20.125,-13.97074836034,11.));
#546 = CARTESIAN_POINT('',(20.125,-13.81943954598,11.));
#547 = PCURVE('',#43,#548);
#548 = DEFINITIONAL_REPRESENTATION('',(#549),#576);
#549 = B_SPLINE_CURVE_WITH_KNOTS('',7,(#550,#551,#552,#553,#554,#555,
    #556,#557,#558,#559,#560,#561,#562,#563,#564,#565,#566,#567,#568,
    #569,#570,#571,#572,#573,#574,#575),.UNSPECIFIED.,.F.,.F.,(8,6,6,6,8
    ),(0.,0.163278718394,0.5,0.836721281606,1.),.UNSPECIFIED.);
#550 = CARTESIAN_POINT('',(15.143678713795,-17.69719772994));
#551 = CARTESIAN_POINT('',(15.290363462092,-17.73431837002));
#552 = CARTESIAN_POINT('',(15.441317696318,-17.76563142379));
#553 = CARTESIAN_POINT('',(15.59621591822,-17.79060980314));
#554 = CARTESIAN_POINT('',(15.754652299262,-17.80874285208));
#555 = CARTESIAN_POINT('',(15.916138080749,-17.81955511142));
#556 = CARTESIAN_POINT('',(16.08010528714,-17.82262615835));
#557 = CARTESIAN_POINT('',(16.587861187721,-17.80727009188));
#558 = CARTESIAN_POINT('',(16.937784464273,-17.762537277));
#559 = CARTESIAN_POINT('',(17.2899258223,-17.68034670533));
#560 = CARTESIAN_POINT('',(17.637474657575,-17.55909714123));
#561 = CARTESIAN_POINT('',(17.973133067867,-17.3991921959));
#562 = CARTESIAN_POINT('',(18.289936528227,-17.20324515391));
#563 = CARTESIAN_POINT('',(18.874270397652,-16.74836474886));
#564 = CARTESIAN_POINT('',(19.141950703874,-16.4893146969));
#565 = CARTESIAN_POINT('',(19.37931606721,-16.20314369168));
#566 = CARTESIAN_POINT('',(19.582124457092,-15.89596230114));
#567 = CARTESIAN_POINT('',(19.748194200177,-15.57474638228));
#568 = CARTESIAN_POINT('',(19.87740674988,-15.24649123578));
#569 = CARTESIAN_POINT('',(20.016861446342,-14.75801989477));
#570 = CARTESIAN_POINT('',(20.054110379472,-14.59831017972));
#571 = CARTESIAN_POINT('',(20.083245906379,-14.43910690197));
#572 = CARTESIAN_POINT('',(20.104536259959,-14.28106382194));
#573 = CARTESIAN_POINT('',(20.118322461807,-14.12477140619));
#574 = CARTESIAN_POINT('',(20.125,-13.97074836034));
#575 = CARTESIAN_POINT('',(20.125,-13.81943954598));
#576 = ( GEOMETRIC_REPRESENTATION_CONTEXT(2) 
PARAMETRIC_REPRESENTATION_CONTEXT() REPRESENTATION_CONTEXT('2D SPACE',''
  ) );
#577 = PCURVE('',#578,#594);
#578 = ( BOUNDED_SURFACE() B_SPLINE_SURFACE(2,2,(
    (#579,#580,#581,#582,#583)
    ,(#584,#585,#586,#587,#588)
    ,(#589,#590,#591,#592,#593
)),.UNSPECIFIED.,.F.,.F.,.F.) B_SPLINE_SURFACE_WITH_KNOTS((3,3),(3,1,1,3
    ),(0.,14.),(-0.8568,6.170714980658E-14,14.,14.8568),.UNSPECIFIED.) 
GEOMETRIC_REPRESENTATION_ITEM() RATIONAL_B_SPLINE_SURFACE((
    (1.,1.,1.,1.,1.)
    ,(0.614275865735,0.614275865735,0.614275865735,0.614275865735
      ,0.614275865735)
,(1.,1.,1.,1.,1.))) REPRESENTATION_ITEM('') SURFACE() );
#579 = CARTESIAN_POINT('',(20.125,-13.81943954598,-0.8568));
#580 = CARTESIAN_POINT('',(20.125,-13.81943954598,-0.4284));
#581 = CARTESIAN_POINT('',(20.125,-13.81943954598,7.));
#582 = CARTESIAN_POINT('',(20.125,-13.81943954598,14.4284));
#583 = CARTESIAN_POINT('',(20.125,-13.81943954598,14.8568));
#584 = CARTESIAN_POINT('',(20.125,-18.95779119134,-0.8568));
#585 = CARTESIAN_POINT('',(20.125,-18.95779119134,-0.4284));
#586 = CARTESIAN_POINT('',(20.125,-18.95779119134,7.));
#587 = CARTESIAN_POINT('',(20.125,-18.95779119134,14.4284));
#588 = CARTESIAN_POINT('',(20.125,-18.95779119134,14.8568));
#589 = CARTESIAN_POINT('',(15.143678713795,-17.69719772994,-0.8568));
#590 = CARTESIAN_POINT('',(15.143678713795,-17.69719772994,-0.4284));
#591 = CARTESIAN_POINT('',(15.143678713795,-17.69719772994,7.));
#592 = CARTESIAN_POINT('',(15.143678713795,-17.69719772994,14.4284));
#593 = CARTESIAN_POINT('',(15.143678713795,-17.69719772994,14.8568));
#594 = DEFINITIONAL_REPRESENTATION('',(#595),#622);
#595 = B_SPLINE_CURVE_WITH_KNOTS('',7,(#596,#597,#598,#599,#600,#601,
    #602,#603,#604,#605,#606,#607,#608,#609,#610,#611,#612,#613,#614,
    #615,#616,#617,#618,#619,#620,#621),.UNSPECIFIED.,.F.,.F.,(8,6,6,6,8
    ),(0.,0.163278718394,0.5,0.836721281606,1.),.UNSPECIFIED.);
#596 = CARTESIAN_POINT('',(14.,11.));
#597 = CARTESIAN_POINT('',(13.66443628526,11.));
#598 = CARTESIAN_POINT('',(13.330092069689,11.));
#599 = CARTESIAN_POINT('',(12.996963876768,11.));
#600 = CARTESIAN_POINT('',(12.665032260755,11.));
#601 = CARTESIAN_POINT('',(12.334261582966,11.));
#602 = CARTESIAN_POINT('',(12.004602905152,11.));
#603 = CARTESIAN_POINT('',(10.998339172853,11.));
#604 = CARTESIAN_POINT('',(10.324899750106,11.));
#605 = CARTESIAN_POINT('',(9.655562262594,11.));
#606 = CARTESIAN_POINT('',(8.989563407543,11.));
#607 = CARTESIAN_POINT('',(8.32570805902,11.));
#608 = CARTESIAN_POINT('',(7.662769179224,11.));
#609 = CARTESIAN_POINT('',(6.337230820777,11.));
#610 = CARTESIAN_POINT('',(5.674291940979,11.));
#611 = CARTESIAN_POINT('',(5.010436592463,11.));
#612 = CARTESIAN_POINT('',(4.3444377374,11.));
#613 = CARTESIAN_POINT('',(3.675100249899,11.));
#614 = CARTESIAN_POINT('',(3.001660827146,11.));
#615 = CARTESIAN_POINT('',(1.995397094848,11.));
#616 = CARTESIAN_POINT('',(1.665738417037,11.));
#617 = CARTESIAN_POINT('',(1.334967739244,11.));
#618 = CARTESIAN_POINT('',(1.003036123231,11.));
#619 = CARTESIAN_POINT('',(0.669907930313,11.));
#620 = CARTESIAN_POINT('',(0.33556371474,11.));
#621 = CARTESIAN_POINT('',(0.,11.));
#622 = ( GEOMETRIC_REPRESENTATION_CONTEXT(2) 
PARAMETRIC_REPRESENTATION_CONTEXT() REPRESENTATION_CONTEXT('2D SPACE',''
  ) );
#623 = ORIENTED_EDGE('',*,*,#624,.T.);
#624 = EDGE_CURVE('',#517,#140,#625,.T.);
#625 = SURFACE_CURVE('',#626,(#630,#636),.PCURVE_S1.);
#626 = LINE('',#627,#628);
#627 = CARTESIAN_POINT('',(20.125,-8.925,11.));
#628 = VECTOR('',#629,1.);
#629 = DIRECTION('',(0.,1.,-0.));
#630 = PCURVE('',#43,#631);
#631 = DEFINITIONAL_REPRESENTATION('',(#632),#635);
#632 = B_SPLINE_CURVE_WITH_KNOTS('',1,(#633,#634),.UNSPECIFIED.,.F.,.F.,
  (2,2),(-4.894439545989,18.775),.PIECEWISE_BEZIER_KNOTS.);
#633 = CARTESIAN_POINT('',(20.125,-13.81943954598));
#634 = CARTESIAN_POINT('',(20.125,9.85));
#635 = ( GEOMETRIC_REPRESENTATION_CONTEXT(2) 
PARAMETRIC_REPRESENTATION_CONTEXT() REPRESENTATION_CONTEXT('2D SPACE',''
  ) );
#636 = PCURVE('',#637,#642);
#637 = PLANE('',#638);
#638 = AXIS2_PLACEMENT_3D('',#639,#640,#641);
#639 = CARTESIAN_POINT('',(20.125,-17.85,0.));
#640 = DIRECTION('',(-1.,0.,0.));
#641 = DIRECTION('',(0.,1.,0.));
#642 = DEFINITIONAL_REPRESENTATION('',(#643),#646);
#643 = B_SPLINE_CURVE_WITH_KNOTS('',1,(#644,#645),.UNSPECIFIED.,.F.,.F.,
  (2,2),(-4.894439545989,18.775),.PIECEWISE_BEZIER_KNOTS.);
#644 = CARTESIAN_POINT('',(4.030560454011,-11.));
#645 = CARTESIAN_POINT('',(27.700000000001,-11.));
#646 = ( GEOMETRIC_REPRESENTATION_CONTEXT(2) 
PARAMETRIC_REPRESENTATION_CONTEXT() REPRESENTATION_CONTEXT('2D SPACE',''
  ) );
#647 = FACE_BOUND('',#648,.F.);
#648 = EDGE_LOOP('',(#649));
#649 = ORIENTED_EDGE('',*,*,#650,.F.);
#650 = EDGE_CURVE('',#651,#651,#653,.T.);
#651 = VERTEX_POINT('',#652);
#652 = CARTESIAN_POINT('',(-15.3,-14.5,11.));
#653 = SURFACE_CURVE('',#654,(#659,#666),.PCURVE_S1.);
#654 = CIRCLE('',#655,1.2);
#655 = AXIS2_PLACEMENT_3D('',#656,#657,#658);
#656 = CARTESIAN_POINT('',(-16.5,-14.5,11.));
#657 = DIRECTION('',(0.,1.224646799147E-16,1.));
#658 = DIRECTION('',(1.,0.,-0.));
#659 = PCURVE('',#43,#660);
#660 = DEFINITIONAL_REPRESENTATION('',(#661),#665);
#661 = CIRCLE('',#662,1.2);
#662 = AXIS2_PLACEMENT_2D('',#663,#664);
#663 = CARTESIAN_POINT('',(-16.5,-14.5));
#664 = DIRECTION('',(1.,0.));
#665 = ( GEOMETRIC_REPRESENTATION_CONTEXT(2) 
PARAMETRIC_REPRESENTATION_CONTEXT() REPRESENTATION_CONTEXT('2D SPACE',''
  ) );
#666 = PCURVE('',#667,#672);
#667 = CYLINDRICAL_SURFACE('',#668,1.2);
#668 = AXIS2_PLACEMENT_3D('',#669,#670,#671);
#669 = CARTESIAN_POINT('',(-16.5,-14.5,12.));
#670 = DIRECTION('',(0.,1.224646799147E-16,1.));
#671 = DIRECTION('',(1.,0.,0.));
#672 = DEFINITIONAL_REPRESENTATION('',(#673),#677);
#673 = LINE('',#674,#675);
#674 = CARTESIAN_POINT('',(-6.28318530718,-1.));
#675 = VECTOR('',#676,1.);
#676 = DIRECTION('',(1.,-0.));
#677 = ( GEOMETRIC_REPRESENTATION_CONTEXT(2) 
PARAMETRIC_REPRESENTATION_CONTEXT() REPRESENTATION_CONTEXT('2D SPACE',''
  ) );
#678 = FACE_BOUND('',#679,.F.);
#679 = EDGE_LOOP('',(#680));
#680 = ORIENTED_EDGE('',*,*,#681,.F.);
#681 = EDGE_CURVE('',#682,#682,#684,.T.);
#682 = VERTEX_POINT('',#683);
#683 = CARTESIAN_POINT('',(17.7,-14.5,11.));
#684 = SURFACE_CURVE('',#685,(#690,#697),.PCURVE_S1.);
#685 = CIRCLE('',#686,1.2);
#686 = AXIS2_PLACEMENT_3D('',#687,#688,#689);
#687 = CARTESIAN_POINT('',(16.5,-14.5,11.));
#688 = DIRECTION('',(0.,1.224646799147E-16,1.));
#689 = DIRECTION('',(1.,0.,-0.));
#690 = PCURVE('',#43,#691);
#691 = DEFINITIONAL_REPRESENTATION('',(#692),#696);
#692 = CIRCLE('',#693,1.2);
#693 = AXIS2_PLACEMENT_2D('',#694,#695);
#694 = CARTESIAN_POINT('',(16.5,-14.5));
#695 = DIRECTION('',(1.,0.));
#696 = ( GEOMETRIC_REPRESENTATION_CONTEXT(2) 
PARAMETRIC_REPRESENTATION_CONTEXT() REPRESENTATION_CONTEXT('2D SPACE',''
  ) );
#697 = PCURVE('',#698,#703);
#698 = CYLINDRICAL_SURFACE('',#699,1.2);
#699 = AXIS2_PLACEMENT_3D('',#700,#701,#702);
#700 = CARTESIAN_POINT('',(16.5,-14.5,12.));
#701 = DIRECTION('',(0.,1.224646799147E-16,1.));
#702 = DIRECTION('',(1.,0.,0.));
#703 = DEFINITIONAL_REPRESENTATION('',(#704),#708);
#704 = LINE('',#705,#706);
#705 = CARTESIAN_POINT('',(-6.28318530718,-1.));
#706 = VECTOR('',#707,1.);
#707 = DIRECTION('',(1.,-0.));
#708 = ( GEOMETRIC_REPRESENTATION_CONTEXT(2) 
PARAMETRIC_REPRESENTATION_CONTEXT() REPRESENTATION_CONTEXT('2D SPACE',''
  ) );
#709 = FACE_BOUND('',#710,.F.);
#710 = EDGE_LOOP('',(#711));
#711 = ORIENTED_EDGE('',*,*,#712,.F.);
#712 = EDGE_CURVE('',#713,#713,#715,.T.);
#713 = VERTEX_POINT('',#714);
#714 = CARTESIAN_POINT('',(-15.3,10.,11.));
#715 = SURFACE_CURVE('',#716,(#721,#728),.PCURVE_S1.);
#716 = CIRCLE('',#717,1.2);
#717 = AXIS2_PLACEMENT_3D('',#718,#719,#720);
#718 = CARTESIAN_POINT('',(-16.5,10.,11.));
#719 = DIRECTION('',(0.,1.224646799147E-16,1.));
#720 = DIRECTION('',(1.,0.,-0.));
#721 = PCURVE('',#43,#722);
#722 = DEFINITIONAL_REPRESENTATION('',(#723),#727);
#723 = CIRCLE('',#724,1.2);
#724 = AXIS2_PLACEMENT_2D('',#725,#726);
#725 = CARTESIAN_POINT('',(-16.5,10.));
#726 = DIRECTION('',(1.,0.));
#727 = ( GEOMETRIC_REPRESENTATION_CONTEXT(2) 
PARAMETRIC_REPRESENTATION_CONTEXT() REPRESENTATION_CONTEXT('2D SPACE',''
  ) );
#728 = PCURVE('',#729,#734);
#729 = CYLINDRICAL_SURFACE('',#730,1.2);
#730 = AXIS2_PLACEMENT_3D('',#731,#732,#733);
#731 = CARTESIAN_POINT('',(-16.5,10.,12.));
#732 = DIRECTION('',(0.,1.224646799147E-16,1.));
#733 = DIRECTION('',(1.,0.,0.));
#734 = DEFINITIONAL_REPRESENTATION('',(#735),#739);
#735 = LINE('',#736,#737);
#736 = CARTESIAN_POINT('',(-6.28318530718,-1.));
#737 = VECTOR('',#738,1.);
#738 = DIRECTION('',(1.,-0.));
#739 = ( GEOMETRIC_REPRESENTATION_CONTEXT(2) 
PARAMETRIC_REPRESENTATION_CONTEXT() REPRESENTATION_CONTEXT('2D SPACE',''
  ) );
#740 = FACE_BOUND('',#741,.F.);
#741 = EDGE_LOOP('',(#742,#772,#801,#829,#862,#891,#919,#952,#981,#1014,
    #1042,#1071,#1099,#1132,#1161,#1194,#1222,#1255,#1284,#1317,#1345,
    #1378,#1407,#1440,#1468,#1501,#1530));
#742 = ORIENTED_EDGE('',*,*,#743,.F.);
#743 = EDGE_CURVE('',#744,#746,#748,.T.);
#744 = VERTEX_POINT('',#745);
#745 = CARTESIAN_POINT('',(-11.33196588675,2.250701015138,11.));
#746 = VERTEX_POINT('',#747);
#747 = CARTESIAN_POINT('',(-17.32497660562,2.250000001368,11.));
#748 = SURFACE_CURVE('',#749,(#753,#760),.PCURVE_S1.);
#749 = LINE('',#750,#751);
#750 = CARTESIAN_POINT('',(-11.33208360562,2.250701001368,11.));
#751 = VECTOR('',#752,1.);
#752 = DIRECTION('',(-0.999999993159,-1.169718857316E-04,0.));
#753 = PCURVE('',#43,#754);
#754 = DEFINITIONAL_REPRESENTATION('',(#755),#759);
#755 = LINE('',#756,#757);
#756 = CARTESIAN_POINT('',(-11.33208360562,2.250701001368));
#757 = VECTOR('',#758,1.);
#758 = DIRECTION('',(-0.999999993159,-1.169718857316E-04));
#759 = ( GEOMETRIC_REPRESENTATION_CONTEXT(2) 
PARAMETRIC_REPRESENTATION_CONTEXT() REPRESENTATION_CONTEXT('2D SPACE',''
  ) );
#760 = PCURVE('',#761,#766);
#761 = PLANE('',#762);
#762 = AXIS2_PLACEMENT_3D('',#763,#764,#765);
#763 = CARTESIAN_POINT('',(-11.33196588675,2.250701015138,11.));
#764 = DIRECTION('',(1.169718857316E-04,-0.999999993159,0.));
#765 = DIRECTION('',(-0.999999993159,-1.169718857316E-04,0.));
#766 = DEFINITIONAL_REPRESENTATION('',(#767),#771);
#767 = LINE('',#768,#769);
#768 = CARTESIAN_POINT('',(1.177188734889E-04,0.));
#769 = VECTOR('',#770,1.);
#770 = DIRECTION('',(1.,0.));
#771 = ( GEOMETRIC_REPRESENTATION_CONTEXT(2) 
PARAMETRIC_REPRESENTATION_CONTEXT() REPRESENTATION_CONTEXT('2D SPACE',''
  ) );
#772 = ORIENTED_EDGE('',*,*,#773,.T.);
#773 = EDGE_CURVE('',#744,#774,#776,.T.);
#774 = VERTEX_POINT('',#775);
#775 = CARTESIAN_POINT('',(-10.132107,3.450700252925,11.));
#776 = SURFACE_CURVE('',#777,(#782,#789),.PCURVE_S1.);
#777 = CIRCLE('',#778,1.199999252925);
#778 = AXIS2_PLACEMENT_3D('',#779,#780,#781);
#779 = CARTESIAN_POINT('',(-11.33210625292,3.450700252925,11.));
#780 = DIRECTION('',(0.,0.,1.));
#781 = DIRECTION('',(-7.470757066546E-07,-1.,0.));
#782 = PCURVE('',#43,#783);
#783 = DEFINITIONAL_REPRESENTATION('',(#784),#788);
#784 = CIRCLE('',#785,1.199999252925);
#785 = AXIS2_PLACEMENT_2D('',#786,#787);
#786 = CARTESIAN_POINT('',(-11.33210625292,3.450700252925));
#787 = DIRECTION('',(-7.470757066546E-07,-1.));
#788 = ( GEOMETRIC_REPRESENTATION_CONTEXT(2) 
PARAMETRIC_REPRESENTATION_CONTEXT() REPRESENTATION_CONTEXT('2D SPACE',''
  ) );
#789 = PCURVE('',#790,#795);
#790 = CYLINDRICAL_SURFACE('',#791,1.199999252925);
#791 = AXIS2_PLACEMENT_3D('',#792,#793,#794);
#792 = CARTESIAN_POINT('',(-11.33210625292,3.450700252925,11.));
#793 = DIRECTION('',(-0.,-0.,-1.));
#794 = DIRECTION('',(-7.470757066546E-07,-1.,0.));
#795 = DEFINITIONAL_REPRESENTATION('',(#796),#800);
#796 = LINE('',#797,#798);
#797 = CARTESIAN_POINT('',(-0.,0.));
#798 = VECTOR('',#799,1.);
#799 = DIRECTION('',(-1.,0.));
#800 = ( GEOMETRIC_REPRESENTATION_CONTEXT(2) 
PARAMETRIC_REPRESENTATION_CONTEXT() REPRESENTATION_CONTEXT('2D SPACE',''
  ) );
#801 = ORIENTED_EDGE('',*,*,#802,.F.);
#802 = EDGE_CURVE('',#803,#774,#805,.T.);
#803 = VERTEX_POINT('',#804);
#804 = CARTESIAN_POINT('',(-10.132107,11.05,11.));
#805 = SURFACE_CURVE('',#806,(#810,#817),.PCURVE_S1.);
#806 = LINE('',#807,#808);
#807 = CARTESIAN_POINT('',(-10.132107,11.05,11.));
#808 = VECTOR('',#809,1.);
#809 = DIRECTION('',(-1.224646799147E-16,-1.,0.));
#810 = PCURVE('',#43,#811);
#811 = DEFINITIONAL_REPRESENTATION('',(#812),#816);
#812 = LINE('',#813,#814);
#813 = CARTESIAN_POINT('',(-10.132107,11.05));
#814 = VECTOR('',#815,1.);
#815 = DIRECTION('',(-1.224646799147E-16,-1.));
#816 = ( GEOMETRIC_REPRESENTATION_CONTEXT(2) 
PARAMETRIC_REPRESENTATION_CONTEXT() REPRESENTATION_CONTEXT('2D SPACE',''
  ) );
#817 = PCURVE('',#818,#823);
#818 = PLANE('',#819);
#819 = AXIS2_PLACEMENT_3D('',#820,#821,#822);
#820 = CARTESIAN_POINT('',(-10.132107,11.05,11.));
#821 = DIRECTION('',(1.,-1.224646799147E-16,0.));
#822 = DIRECTION('',(-1.224646799147E-16,-1.,0.));
#823 = DEFINITIONAL_REPRESENTATION('',(#824),#828);
#824 = LINE('',#825,#826);
#825 = CARTESIAN_POINT('',(0.,0.));
#826 = VECTOR('',#827,1.);
#827 = DIRECTION('',(1.,0.));
#828 = ( GEOMETRIC_REPRESENTATION_CONTEXT(2) 
PARAMETRIC_REPRESENTATION_CONTEXT() REPRESENTATION_CONTEXT('2D SPACE',''
  ) );
#829 = ORIENTED_EDGE('',*,*,#830,.F.);
#830 = EDGE_CURVE('',#831,#803,#833,.T.);
#831 = VERTEX_POINT('',#832);
#832 = CARTESIAN_POINT('',(-10.132107,11.050000149415,11.));
#833 = SURFACE_CURVE('',#834,(#839,#850),.PCURVE_S1.);
#834 = CIRCLE('',#835,0.2);
#835 = AXIS2_PLACEMENT_3D('',#836,#837,#838);
#836 = CARTESIAN_POINT('',(-10.332107,11.05,11.));
#837 = DIRECTION('',(0.,0.,-1.));
#838 = DIRECTION('',(-7.470757631669E-07,1.,0.));
#839 = PCURVE('',#43,#840);
#840 = DEFINITIONAL_REPRESENTATION('',(#841),#849);
#841 = ( BOUNDED_CURVE() B_SPLINE_CURVE(2,(#842,#843,#844,#845,#846,#847
,#848),.UNSPECIFIED.,.T.,.F.) B_SPLINE_CURVE_WITH_KNOTS((1,2,2,2,2,1),(
    -2.094395102393,0.,2.094395102393,4.188790204786,6.28318530718,
8.377580409573),.UNSPECIFIED.) CURVE() GEOMETRIC_REPRESENTATION_ITEM() 
RATIONAL_B_SPLINE_CURVE((1.,0.5,1.,0.5,1.,0.5,1.)) REPRESENTATION_ITEM(
  '') );
#842 = CARTESIAN_POINT('',(-10.33210714941,11.25));
#843 = CARTESIAN_POINT('',(-9.985696987901,11.250000258795));
#844 = CARTESIAN_POINT('',(-10.15890184453,10.950000129397));
#845 = CARTESIAN_POINT('',(-10.33210670117,10.65));
#846 = CARTESIAN_POINT('',(-10.50531200604,10.949999870603));
#847 = CARTESIAN_POINT('',(-10.67851731092,11.249999741205));
#848 = CARTESIAN_POINT('',(-10.33210714941,11.25));
#849 = ( GEOMETRIC_REPRESENTATION_CONTEXT(2) 
PARAMETRIC_REPRESENTATION_CONTEXT() REPRESENTATION_CONTEXT('2D SPACE',''
  ) );
#850 = PCURVE('',#851,#856);
#851 = CYLINDRICAL_SURFACE('',#852,0.2);
#852 = AXIS2_PLACEMENT_3D('',#853,#854,#855);
#853 = CARTESIAN_POINT('',(-10.332107,11.05,11.));
#854 = DIRECTION('',(0.,0.,-1.));
#855 = DIRECTION('',(-7.470757631669E-07,1.,0.));
#856 = DEFINITIONAL_REPRESENTATION('',(#857),#861);
#857 = LINE('',#858,#859);
#858 = CARTESIAN_POINT('',(0.,0.));
#859 = VECTOR('',#860,1.);
#860 = DIRECTION('',(1.,0.));
#861 = ( GEOMETRIC_REPRESENTATION_CONTEXT(2) 
PARAMETRIC_REPRESENTATION_CONTEXT() REPRESENTATION_CONTEXT('2D SPACE',''
  ) );
#862 = ORIENTED_EDGE('',*,*,#863,.F.);
#863 = EDGE_CURVE('',#864,#831,#866,.T.);
#864 = VERTEX_POINT('',#865);
#865 = CARTESIAN_POINT('',(-9.332064567867,11.849999997418,11.));
#866 = SURFACE_CURVE('',#867,(#872,#879),.PCURVE_S1.);
#867 = CIRCLE('',#868,0.799999252925);
#868 = AXIS2_PLACEMENT_3D('',#869,#870,#871);
#869 = CARTESIAN_POINT('',(-9.332107747075,11.050000747075,11.));
#870 = DIRECTION('',(0.,-0.,1.));
#871 = DIRECTION('',(7.470757634981E-07,1.,0.));
#872 = PCURVE('',#43,#873);
#873 = DEFINITIONAL_REPRESENTATION('',(#874),#878);
#874 = CIRCLE('',#875,0.799999252925);
#875 = AXIS2_PLACEMENT_2D('',#876,#877);
#876 = CARTESIAN_POINT('',(-9.332107747075,11.050000747075));
#877 = DIRECTION('',(7.470757634981E-07,1.));
#878 = ( GEOMETRIC_REPRESENTATION_CONTEXT(2) 
PARAMETRIC_REPRESENTATION_CONTEXT() REPRESENTATION_CONTEXT('2D SPACE',''
  ) );
#879 = PCURVE('',#880,#885);
#880 = CYLINDRICAL_SURFACE('',#881,0.799999252925);
#881 = AXIS2_PLACEMENT_3D('',#882,#883,#884);
#882 = CARTESIAN_POINT('',(-9.332107747075,11.050000747075,11.));
#883 = DIRECTION('',(-0.,0.,-1.));
#884 = DIRECTION('',(7.470757634981E-07,1.,0.));
#885 = DEFINITIONAL_REPRESENTATION('',(#886),#890);
#886 = LINE('',#887,#888);
#887 = CARTESIAN_POINT('',(-0.,0.));
#888 = VECTOR('',#889,1.);
#889 = DIRECTION('',(-1.,0.));
#890 = ( GEOMETRIC_REPRESENTATION_CONTEXT(2) 
PARAMETRIC_REPRESENTATION_CONTEXT() REPRESENTATION_CONTEXT('2D SPACE',''
  ) );
#891 = ORIENTED_EDGE('',*,*,#892,.F.);
#892 = EDGE_CURVE('',#893,#864,#895,.T.);
#893 = VERTEX_POINT('',#894);
#894 = CARTESIAN_POINT('',(9.324992205188,11.848993000291,11.));
#895 = SURFACE_CURVE('',#896,(#900,#907),.PCURVE_S1.);
#896 = LINE('',#897,#898);
#897 = CARTESIAN_POINT('',(9.324992205188,11.848993000291,11.));
#898 = VECTOR('',#899,1.);
#899 = DIRECTION('',(-0.999999998543,5.397406128484E-05,0.));
#900 = PCURVE('',#43,#901);
#901 = DEFINITIONAL_REPRESENTATION('',(#902),#906);
#902 = LINE('',#903,#904);
#903 = CARTESIAN_POINT('',(9.324992205188,11.848993000291));
#904 = VECTOR('',#905,1.);
#905 = DIRECTION('',(-0.999999998543,5.397406128484E-05));
#906 = ( GEOMETRIC_REPRESENTATION_CONTEXT(2) 
PARAMETRIC_REPRESENTATION_CONTEXT() REPRESENTATION_CONTEXT('2D SPACE',''
  ) );
#907 = PCURVE('',#908,#913);
#908 = PLANE('',#909);
#909 = AXIS2_PLACEMENT_3D('',#910,#911,#912);
#910 = CARTESIAN_POINT('',(9.324992205188,11.848993000291,11.));
#911 = DIRECTION('',(-5.397406128484E-05,-0.999999998543,0.));
#912 = DIRECTION('',(-0.999999998543,5.397406128484E-05,0.));
#913 = DEFINITIONAL_REPRESENTATION('',(#914),#918);
#914 = LINE('',#915,#916);
#915 = CARTESIAN_POINT('',(0.,0.));
#916 = VECTOR('',#917,1.);
#917 = DIRECTION('',(1.,0.));
#918 = ( GEOMETRIC_REPRESENTATION_CONTEXT(2) 
PARAMETRIC_REPRESENTATION_CONTEXT() REPRESENTATION_CONTEXT('2D SPACE',''
  ) );
#919 = ORIENTED_EDGE('',*,*,#920,.F.);
#920 = EDGE_CURVE('',#921,#893,#923,.T.);
#921 = VERTEX_POINT('',#922);
#922 = CARTESIAN_POINT('',(9.325003149415,11.848993,11.));
#923 = SURFACE_CURVE('',#924,(#929,#940),.PCURVE_S1.);
#924 = CIRCLE('',#925,0.2);
#925 = AXIS2_PLACEMENT_3D('',#926,#927,#928);
#926 = CARTESIAN_POINT('',(9.325003,12.048993,11.));
#927 = DIRECTION('',(0.,0.,-1.));
#928 = DIRECTION('',(1.,7.470757631669E-07,0.));
#929 = PCURVE('',#43,#930);
#930 = DEFINITIONAL_REPRESENTATION('',(#931),#939);
#931 = ( BOUNDED_CURVE() B_SPLINE_CURVE(2,(#932,#933,#934,#935,#936,#937
,#938),.UNSPECIFIED.,.T.,.F.) B_SPLINE_CURVE_WITH_KNOTS((1,2,2,2,2,1),(
    -2.094395102393,0.,2.094395102393,4.188790204786,6.28318530718,
8.377580409573),.UNSPECIFIED.) CURVE() GEOMETRIC_REPRESENTATION_ITEM() 
RATIONAL_B_SPLINE_CURVE((1.,0.5,1.,0.5,1.,0.5,1.)) REPRESENTATION_ITEM(
  '') );
#932 = CARTESIAN_POINT('',(9.525003,12.048993149415));
#933 = CARTESIAN_POINT('',(9.525003258795,11.702582987901));
#934 = CARTESIAN_POINT('',(9.225003129397,11.875787844536));
#935 = CARTESIAN_POINT('',(8.925003,12.04899270117));
#936 = CARTESIAN_POINT('',(9.225002870603,12.222198006049));
#937 = CARTESIAN_POINT('',(9.525002741205,12.395403310929));
#938 = CARTESIAN_POINT('',(9.525003,12.048993149415));
#939 = ( GEOMETRIC_REPRESENTATION_CONTEXT(2) 
PARAMETRIC_REPRESENTATION_CONTEXT() REPRESENTATION_CONTEXT('2D SPACE',''
  ) );
#940 = PCURVE('',#941,#946);
#941 = CYLINDRICAL_SURFACE('',#942,0.2);
#942 = AXIS2_PLACEMENT_3D('',#943,#944,#945);
#943 = CARTESIAN_POINT('',(9.325003,12.048993,11.));
#944 = DIRECTION('',(0.,0.,-1.));
#945 = DIRECTION('',(1.,7.470757631669E-07,0.));
#946 = DEFINITIONAL_REPRESENTATION('',(#947),#951);
#947 = LINE('',#948,#949);
#948 = CARTESIAN_POINT('',(0.,0.));
#949 = VECTOR('',#950,1.);
#950 = DIRECTION('',(1.,0.));
#951 = ( GEOMETRIC_REPRESENTATION_CONTEXT(2) 
PARAMETRIC_REPRESENTATION_CONTEXT() REPRESENTATION_CONTEXT('2D SPACE',''
  ) );
#952 = ORIENTED_EDGE('',*,*,#953,.F.);
#953 = EDGE_CURVE('',#954,#921,#956,.T.);
#954 = VERTEX_POINT('',#955);
#955 = CARTESIAN_POINT('',(10.125003,11.048993149415,11.));
#956 = SURFACE_CURVE('',#957,(#962,#969),.PCURVE_S1.);
#957 = CIRCLE('',#958,0.799999252925);
#958 = AXIS2_PLACEMENT_3D('',#959,#960,#961);
#959 = CARTESIAN_POINT('',(9.325003747075,11.048993747075,11.));
#960 = DIRECTION('',(0.,-0.,1.));
#961 = DIRECTION('',(1.,-7.470757634981E-07,-0.));
#962 = PCURVE('',#43,#963);
#963 = DEFINITIONAL_REPRESENTATION('',(#964),#968);
#964 = CIRCLE('',#965,0.799999252925);
#965 = AXIS2_PLACEMENT_2D('',#966,#967);
#966 = CARTESIAN_POINT('',(9.325003747075,11.048993747075));
#967 = DIRECTION('',(1.,-7.470757634981E-07));
#968 = ( GEOMETRIC_REPRESENTATION_CONTEXT(2) 
PARAMETRIC_REPRESENTATION_CONTEXT() REPRESENTATION_CONTEXT('2D SPACE',''
  ) );
#969 = PCURVE('',#970,#975);
#970 = CYLINDRICAL_SURFACE('',#971,0.799999252925);
#971 = AXIS2_PLACEMENT_3D('',#972,#973,#974);
#972 = CARTESIAN_POINT('',(9.325003747075,11.048993747075,11.));
#973 = DIRECTION('',(-0.,0.,-1.));
#974 = DIRECTION('',(1.,-7.470757634981E-07,-0.));
#975 = DEFINITIONAL_REPRESENTATION('',(#976),#980);
#976 = LINE('',#977,#978);
#977 = CARTESIAN_POINT('',(-0.,0.));
#978 = VECTOR('',#979,1.);
#979 = DIRECTION('',(-1.,0.));
#980 = ( GEOMETRIC_REPRESENTATION_CONTEXT(2) 
PARAMETRIC_REPRESENTATION_CONTEXT() REPRESENTATION_CONTEXT('2D SPACE',''
  ) );
#981 = ORIENTED_EDGE('',*,*,#982,.F.);
#982 = EDGE_CURVE('',#983,#954,#985,.T.);
#983 = VERTEX_POINT('',#984);
#984 = CARTESIAN_POINT('',(10.125003,11.048993,11.));
#985 = SURFACE_CURVE('',#986,(#991,#1002),.PCURVE_S1.);
#986 = CIRCLE('',#987,0.2);
#987 = AXIS2_PLACEMENT_3D('',#988,#989,#990);
#988 = CARTESIAN_POINT('',(10.325003,11.048993,11.));
#989 = DIRECTION('',(-0.,0.,-1.));
#990 = DIRECTION('',(-2.339497829946E-16,-1.,0.));
#991 = PCURVE('',#43,#992);
#992 = DEFINITIONAL_REPRESENTATION('',(#993),#1001);
#993 = ( BOUNDED_CURVE() B_SPLINE_CURVE(2,(#994,#995,#996,#997,#998,#999
,#1000),.UNSPECIFIED.,.T.,.F.) B_SPLINE_CURVE_WITH_KNOTS((1,2,2,2,2,1),(
    -2.094395102393,0.,2.094395102393,4.188790204786,6.28318530718,
8.377580409573),.UNSPECIFIED.) CURVE() GEOMETRIC_REPRESENTATION_ITEM() 
RATIONAL_B_SPLINE_CURVE((1.,0.5,1.,0.5,1.,0.5,1.)) REPRESENTATION_ITEM(
  '') );
#994 = CARTESIAN_POINT('',(10.325003,10.848993));
#995 = CARTESIAN_POINT('',(9.978592838486,10.848993));
#996 = CARTESIAN_POINT('',(10.151797919243,11.148993));
#997 = CARTESIAN_POINT('',(10.325003,11.448993));
#998 = CARTESIAN_POINT('',(10.498208080757,11.148993));
#999 = CARTESIAN_POINT('',(10.671413161514,10.848993));
#1000 = CARTESIAN_POINT('',(10.325003,10.848993));
#1001 = ( GEOMETRIC_REPRESENTATION_CONTEXT(2) 
PARAMETRIC_REPRESENTATION_CONTEXT() REPRESENTATION_CONTEXT('2D SPACE',''
  ) );
#1002 = PCURVE('',#1003,#1008);
#1003 = CYLINDRICAL_SURFACE('',#1004,0.2);
#1004 = AXIS2_PLACEMENT_3D('',#1005,#1006,#1007);
#1005 = CARTESIAN_POINT('',(10.325003,11.048993,11.));
#1006 = DIRECTION('',(-0.,0.,-1.));
#1007 = DIRECTION('',(-2.339497829946E-16,-1.,0.));
#1008 = DEFINITIONAL_REPRESENTATION('',(#1009),#1013);
#1009 = LINE('',#1010,#1011);
#1010 = CARTESIAN_POINT('',(0.,0.));
#1011 = VECTOR('',#1012,1.);
#1012 = DIRECTION('',(1.,0.));
#1013 = ( GEOMETRIC_REPRESENTATION_CONTEXT(2) 
PARAMETRIC_REPRESENTATION_CONTEXT() REPRESENTATION_CONTEXT('2D SPACE',''
  ) );
#1014 = ORIENTED_EDGE('',*,*,#1015,.F.);
#1015 = EDGE_CURVE('',#1016,#983,#1018,.T.);
#1016 = VERTEX_POINT('',#1017);
#1017 = CARTESIAN_POINT('',(10.125003,3.456094252925,11.));
#1018 = SURFACE_CURVE('',#1019,(#1023,#1030),.PCURVE_S1.);
#1019 = LINE('',#1020,#1021);
#1020 = CARTESIAN_POINT('',(10.125003,3.456095,11.));
#1021 = VECTOR('',#1022,1.);
#1022 = DIRECTION('',(2.339497829946E-16,1.,0.));
#1023 = PCURVE('',#43,#1024);
#1024 = DEFINITIONAL_REPRESENTATION('',(#1025),#1029);
#1025 = LINE('',#1026,#1027);
#1026 = CARTESIAN_POINT('',(10.125003,3.456095));
#1027 = VECTOR('',#1028,1.);
#1028 = DIRECTION('',(2.339497829946E-16,1.));
#1029 = ( GEOMETRIC_REPRESENTATION_CONTEXT(2) 
PARAMETRIC_REPRESENTATION_CONTEXT() REPRESENTATION_CONTEXT('2D SPACE',''
  ) );
#1030 = PCURVE('',#1031,#1036);
#1031 = PLANE('',#1032);
#1032 = AXIS2_PLACEMENT_3D('',#1033,#1034,#1035);
#1033 = CARTESIAN_POINT('',(10.125003,3.456094252925,11.));
#1034 = DIRECTION('',(-1.,2.339497829946E-16,0.));
#1035 = DIRECTION('',(2.339497829946E-16,1.,0.));
#1036 = DEFINITIONAL_REPRESENTATION('',(#1037),#1041);
#1037 = LINE('',#1038,#1039);
#1038 = CARTESIAN_POINT('',(7.4707520481E-07,0.));
#1039 = VECTOR('',#1040,1.);
#1040 = DIRECTION('',(1.,0.));
#1041 = ( GEOMETRIC_REPRESENTATION_CONTEXT(2) 
PARAMETRIC_REPRESENTATION_CONTEXT() REPRESENTATION_CONTEXT('2D SPACE',''
  ) );
#1042 = ORIENTED_EDGE('',*,*,#1043,.T.);
#1043 = EDGE_CURVE('',#1016,#1044,#1046,.T.);
#1044 = VERTEX_POINT('',#1045);
#1045 = CARTESIAN_POINT('',(11.32489686094,2.256095004628,11.));
#1046 = SURFACE_CURVE('',#1047,(#1052,#1059),.PCURVE_S1.);
#1047 = CIRCLE('',#1048,1.199999252925);
#1048 = AXIS2_PLACEMENT_3D('',#1049,#1050,#1051);
#1049 = CARTESIAN_POINT('',(11.325002252925,3.456094252925,11.));
#1050 = DIRECTION('',(0.,0.,1.));
#1051 = DIRECTION('',(-1.,7.470757634981E-07,0.));
#1052 = PCURVE('',#43,#1053);
#1053 = DEFINITIONAL_REPRESENTATION('',(#1054),#1058);
#1054 = CIRCLE('',#1055,1.199999252925);
#1055 = AXIS2_PLACEMENT_2D('',#1056,#1057);
#1056 = CARTESIAN_POINT('',(11.325002252925,3.456094252925));
#1057 = DIRECTION('',(-1.,7.470757634981E-07));
#1058 = ( GEOMETRIC_REPRESENTATION_CONTEXT(2) 
PARAMETRIC_REPRESENTATION_CONTEXT() REPRESENTATION_CONTEXT('2D SPACE',''
  ) );
#1059 = PCURVE('',#1060,#1065);
#1060 = CYLINDRICAL_SURFACE('',#1061,1.199999252925);
#1061 = AXIS2_PLACEMENT_3D('',#1062,#1063,#1064);
#1062 = CARTESIAN_POINT('',(11.325002252925,3.456094252925,11.));
#1063 = DIRECTION('',(-0.,-0.,-1.));
#1064 = DIRECTION('',(-1.,7.470757634981E-07,0.));
#1065 = DEFINITIONAL_REPRESENTATION('',(#1066),#1070);
#1066 = LINE('',#1067,#1068);
#1067 = CARTESIAN_POINT('',(-0.,0.));
#1068 = VECTOR('',#1069,1.);
#1069 = DIRECTION('',(-1.,0.));
#1070 = ( GEOMETRIC_REPRESENTATION_CONTEXT(2) 
PARAMETRIC_REPRESENTATION_CONTEXT() REPRESENTATION_CONTEXT('2D SPACE',''
  ) );
#1071 = ORIENTED_EDGE('',*,*,#1072,.F.);
#1072 = EDGE_CURVE('',#1073,#1044,#1075,.T.);
#1073 = VERTEX_POINT('',#1074);
#1074 = CARTESIAN_POINT('',(17.324796833337,2.250000103192,11.));
#1075 = SURFACE_CURVE('',#1076,(#1080,#1087),.PCURVE_S1.);
#1076 = LINE('',#1077,#1078);
#1077 = CARTESIAN_POINT('',(17.324796833337,2.250000103192,11.));
#1078 = VECTOR('',#1079,1.);
#1079 = DIRECTION('',(-0.999999484041,1.015833317122E-03,0.));
#1080 = PCURVE('',#43,#1081);
#1081 = DEFINITIONAL_REPRESENTATION('',(#1082),#1086);
#1082 = LINE('',#1083,#1084);
#1083 = CARTESIAN_POINT('',(17.324796833337,2.250000103192));
#1084 = VECTOR('',#1085,1.);
#1085 = DIRECTION('',(-0.999999484041,1.015833317122E-03));
#1086 = ( GEOMETRIC_REPRESENTATION_CONTEXT(2) 
PARAMETRIC_REPRESENTATION_CONTEXT() REPRESENTATION_CONTEXT('2D SPACE',''
  ) );
#1087 = PCURVE('',#1088,#1093);
#1088 = PLANE('',#1089);
#1089 = AXIS2_PLACEMENT_3D('',#1090,#1091,#1092);
#1090 = CARTESIAN_POINT('',(17.324796833337,2.250000103192,11.));
#1091 = DIRECTION('',(-1.015833317122E-03,-0.999999484041,0.));
#1092 = DIRECTION('',(-0.999999484041,1.015833317122E-03,0.));
#1093 = DEFINITIONAL_REPRESENTATION('',(#1094),#1098);
#1094 = LINE('',#1095,#1096);
#1095 = CARTESIAN_POINT('',(0.,0.));
#1096 = VECTOR('',#1097,1.);
#1097 = DIRECTION('',(1.,0.));
#1098 = ( GEOMETRIC_REPRESENTATION_CONTEXT(2) 
PARAMETRIC_REPRESENTATION_CONTEXT() REPRESENTATION_CONTEXT('2D SPACE',''
  ) );
#1099 = ORIENTED_EDGE('',*,*,#1100,.F.);
#1100 = EDGE_CURVE('',#1101,#1073,#1103,.T.);
#1101 = VERTEX_POINT('',#1102);
#1102 = CARTESIAN_POINT('',(17.325000149415,2.25,11.));
#1103 = SURFACE_CURVE('',#1104,(#1109,#1120),.PCURVE_S1.);
#1104 = CIRCLE('',#1105,0.2);
#1105 = AXIS2_PLACEMENT_3D('',#1106,#1107,#1108);
#1106 = CARTESIAN_POINT('',(17.325,2.45,11.));
#1107 = DIRECTION('',(0.,0.,-1.));
#1108 = DIRECTION('',(1.,7.470757489561E-07,0.));
#1109 = PCURVE('',#43,#1110);
#1110 = DEFINITIONAL_REPRESENTATION('',(#1111),#1119);
#1111 = ( BOUNDED_CURVE() B_SPLINE_CURVE(2,(#1112,#1113,#1114,#1115,
#1116,#1117,#1118),.UNSPECIFIED.,.T.,.F.) B_SPLINE_CURVE_WITH_KNOTS((1,2
    ,2,2,2,1),(-2.094395102393,0.,2.094395102393,4.188790204786,
6.28318530718,8.377580409573),.UNSPECIFIED.) CURVE() 
GEOMETRIC_REPRESENTATION_ITEM() RATIONAL_B_SPLINE_CURVE((1.,0.5,1.,0.5,
1.,0.5,1.)) REPRESENTATION_ITEM('') );
#1112 = CARTESIAN_POINT('',(17.525,2.450000149415));
#1113 = CARTESIAN_POINT('',(17.525000258795,2.103589987901));
#1114 = CARTESIAN_POINT('',(17.225000129397,2.276794844536));
#1115 = CARTESIAN_POINT('',(16.925,2.44999970117));
#1116 = CARTESIAN_POINT('',(17.224999870603,2.623205006049));
#1117 = CARTESIAN_POINT('',(17.524999741205,2.796410310929));
#1118 = CARTESIAN_POINT('',(17.525,2.450000149415));
#1119 = ( GEOMETRIC_REPRESENTATION_CONTEXT(2) 
PARAMETRIC_REPRESENTATION_CONTEXT() REPRESENTATION_CONTEXT('2D SPACE',''
  ) );
#1120 = PCURVE('',#1121,#1126);
#1121 = CYLINDRICAL_SURFACE('',#1122,0.2);
#1122 = AXIS2_PLACEMENT_3D('',#1123,#1124,#1125);
#1123 = CARTESIAN_POINT('',(17.325,2.45,11.));
#1124 = DIRECTION('',(0.,0.,-1.));
#1125 = DIRECTION('',(1.,7.470757489561E-07,0.));
#1126 = DEFINITIONAL_REPRESENTATION('',(#1127),#1131);
#1127 = LINE('',#1128,#1129);
#1128 = CARTESIAN_POINT('',(0.,0.));
#1129 = VECTOR('',#1130,1.);
#1130 = DIRECTION('',(1.,0.));
#1131 = ( GEOMETRIC_REPRESENTATION_CONTEXT(2) 
PARAMETRIC_REPRESENTATION_CONTEXT() REPRESENTATION_CONTEXT('2D SPACE',''
  ) );
#1132 = ORIENTED_EDGE('',*,*,#1133,.F.);
#1133 = EDGE_CURVE('',#1134,#1101,#1136,.T.);
#1134 = VERTEX_POINT('',#1135);
#1135 = CARTESIAN_POINT('',(18.125,1.450000149415,11.));
#1136 = SURFACE_CURVE('',#1137,(#1142,#1149),.PCURVE_S1.);
#1137 = CIRCLE('',#1138,0.799999252925);
#1138 = AXIS2_PLACEMENT_3D('',#1139,#1140,#1141);
#1139 = CARTESIAN_POINT('',(17.325000747075,1.450000747075,11.));
#1140 = DIRECTION('',(0.,-0.,1.));
#1141 = DIRECTION('',(1.,-7.470757492872E-07,-0.));
#1142 = PCURVE('',#43,#1143);
#1143 = DEFINITIONAL_REPRESENTATION('',(#1144),#1148);
#1144 = CIRCLE('',#1145,0.799999252925);
#1145 = AXIS2_PLACEMENT_2D('',#1146,#1147);
#1146 = CARTESIAN_POINT('',(17.325000747075,1.450000747075));
#1147 = DIRECTION('',(1.,-7.470757492872E-07));
#1148 = ( GEOMETRIC_REPRESENTATION_CONTEXT(2) 
PARAMETRIC_REPRESENTATION_CONTEXT() REPRESENTATION_CONTEXT('2D SPACE',''
  ) );
#1149 = PCURVE('',#1150,#1155);
#1150 = CYLINDRICAL_SURFACE('',#1151,0.799999252925);
#1151 = AXIS2_PLACEMENT_3D('',#1152,#1153,#1154);
#1152 = CARTESIAN_POINT('',(17.325000747075,1.450000747075,11.));
#1153 = DIRECTION('',(-0.,0.,-1.));
#1154 = DIRECTION('',(1.,-7.470757492872E-07,-0.));
#1155 = DEFINITIONAL_REPRESENTATION('',(#1156),#1160);
#1156 = LINE('',#1157,#1158);
#1157 = CARTESIAN_POINT('',(-0.,0.));
#1158 = VECTOR('',#1159,1.);
#1159 = DIRECTION('',(-1.,0.));
#1160 = ( GEOMETRIC_REPRESENTATION_CONTEXT(2) 
PARAMETRIC_REPRESENTATION_CONTEXT() REPRESENTATION_CONTEXT('2D SPACE',''
  ) );
#1161 = ORIENTED_EDGE('',*,*,#1162,.F.);
#1162 = EDGE_CURVE('',#1163,#1134,#1165,.T.);
#1163 = VERTEX_POINT('',#1164);
#1164 = CARTESIAN_POINT('',(18.125,1.45,11.));
#1165 = SURFACE_CURVE('',#1166,(#1171,#1182),.PCURVE_S1.);
#1166 = CIRCLE('',#1167,0.2);
#1167 = AXIS2_PLACEMENT_3D('',#1168,#1169,#1170);
#1168 = CARTESIAN_POINT('',(18.325,1.45,11.));
#1169 = DIRECTION('',(-0.,0.,-1.));
#1170 = DIRECTION('',(-1.224646799147E-16,-1.,0.));
#1171 = PCURVE('',#43,#1172);
#1172 = DEFINITIONAL_REPRESENTATION('',(#1173),#1181);
#1173 = ( BOUNDED_CURVE() B_SPLINE_CURVE(2,(#1174,#1175,#1176,#1177,
#1178,#1179,#1180),.UNSPECIFIED.,.T.,.F.) B_SPLINE_CURVE_WITH_KNOTS((1,2
    ,2,2,2,1),(-2.094395102393,0.,2.094395102393,4.188790204786,
6.28318530718,8.377580409573),.UNSPECIFIED.) CURVE() 
GEOMETRIC_REPRESENTATION_ITEM() RATIONAL_B_SPLINE_CURVE((1.,0.5,1.,0.5,
1.,0.5,1.)) REPRESENTATION_ITEM('') );
#1174 = CARTESIAN_POINT('',(18.325,1.25));
#1175 = CARTESIAN_POINT('',(17.978589838486,1.25));
#1176 = CARTESIAN_POINT('',(18.151794919243,1.55));
#1177 = CARTESIAN_POINT('',(18.325,1.85));
#1178 = CARTESIAN_POINT('',(18.498205080757,1.55));
#1179 = CARTESIAN_POINT('',(18.671410161514,1.25));
#1180 = CARTESIAN_POINT('',(18.325,1.25));
#1181 = ( GEOMETRIC_REPRESENTATION_CONTEXT(2) 
PARAMETRIC_REPRESENTATION_CONTEXT() REPRESENTATION_CONTEXT('2D SPACE',''
  ) );
#1182 = PCURVE('',#1183,#1188);
#1183 = CYLINDRICAL_SURFACE('',#1184,0.2);
#1184 = AXIS2_PLACEMENT_3D('',#1185,#1186,#1187);
#1185 = CARTESIAN_POINT('',(18.325,1.45,11.));
#1186 = DIRECTION('',(-0.,0.,-1.));
#1187 = DIRECTION('',(-1.224646799147E-16,-1.,0.));
#1188 = DEFINITIONAL_REPRESENTATION('',(#1189),#1193);
#1189 = LINE('',#1190,#1191);
#1190 = CARTESIAN_POINT('',(0.,0.));
#1191 = VECTOR('',#1192,1.);
#1192 = DIRECTION('',(1.,0.));
#1193 = ( GEOMETRIC_REPRESENTATION_CONTEXT(2) 
PARAMETRIC_REPRESENTATION_CONTEXT() REPRESENTATION_CONTEXT('2D SPACE',''
  ) );
#1194 = ORIENTED_EDGE('',*,*,#1195,.F.);
#1195 = EDGE_CURVE('',#1196,#1163,#1198,.T.);
#1196 = VERTEX_POINT('',#1197);
#1197 = CARTESIAN_POINT('',(18.125,-11.05,11.));
#1198 = SURFACE_CURVE('',#1199,(#1203,#1210),.PCURVE_S1.);
#1199 = LINE('',#1200,#1201);
#1200 = CARTESIAN_POINT('',(18.125,-11.05,11.));
#1201 = VECTOR('',#1202,1.);
#1202 = DIRECTION('',(1.224646799147E-16,1.,0.));
#1203 = PCURVE('',#43,#1204);
#1204 = DEFINITIONAL_REPRESENTATION('',(#1205),#1209);
#1205 = LINE('',#1206,#1207);
#1206 = CARTESIAN_POINT('',(18.125,-11.05));
#1207 = VECTOR('',#1208,1.);
#1208 = DIRECTION('',(1.224646799147E-16,1.));
#1209 = ( GEOMETRIC_REPRESENTATION_CONTEXT(2) 
PARAMETRIC_REPRESENTATION_CONTEXT() REPRESENTATION_CONTEXT('2D SPACE',''
  ) );
#1210 = PCURVE('',#1211,#1216);
#1211 = PLANE('',#1212);
#1212 = AXIS2_PLACEMENT_3D('',#1213,#1214,#1215);
#1213 = CARTESIAN_POINT('',(18.125,-11.05,11.));
#1214 = DIRECTION('',(-1.,1.224646799147E-16,0.));
#1215 = DIRECTION('',(1.224646799147E-16,1.,0.));
#1216 = DEFINITIONAL_REPRESENTATION('',(#1217),#1221);
#1217 = LINE('',#1218,#1219);
#1218 = CARTESIAN_POINT('',(0.,0.));
#1219 = VECTOR('',#1220,1.);
#1220 = DIRECTION('',(1.,0.));
#1221 = ( GEOMETRIC_REPRESENTATION_CONTEXT(2) 
PARAMETRIC_REPRESENTATION_CONTEXT() REPRESENTATION_CONTEXT('2D SPACE',''
  ) );
#1222 = ORIENTED_EDGE('',*,*,#1223,.F.);
#1223 = EDGE_CURVE('',#1224,#1196,#1226,.T.);
#1224 = VERTEX_POINT('',#1225);
#1225 = CARTESIAN_POINT('',(18.125,-11.05000014941,11.));
#1226 = SURFACE_CURVE('',#1227,(#1232,#1243),.PCURVE_S1.);
#1227 = CIRCLE('',#1228,0.2);
#1228 = AXIS2_PLACEMENT_3D('',#1229,#1230,#1231);
#1229 = CARTESIAN_POINT('',(18.325,-11.05,11.));
#1230 = DIRECTION('',(-0.,0.,-1.));
#1231 = DIRECTION('',(7.470757631669E-07,-1.,-0.));
#1232 = PCURVE('',#43,#1233);
#1233 = DEFINITIONAL_REPRESENTATION('',(#1234),#1242);
#1234 = ( BOUNDED_CURVE() B_SPLINE_CURVE(2,(#1235,#1236,#1237,#1238,
#1239,#1240,#1241),.UNSPECIFIED.,.T.,.F.) B_SPLINE_CURVE_WITH_KNOTS((1,2
    ,2,2,2,1),(-2.094395102393,0.,2.094395102393,4.188790204786,
6.28318530718,8.377580409573),.UNSPECIFIED.) CURVE() 
GEOMETRIC_REPRESENTATION_ITEM() RATIONAL_B_SPLINE_CURVE((1.,0.5,1.,0.5,
1.,0.5,1.)) REPRESENTATION_ITEM('') );
#1235 = CARTESIAN_POINT('',(18.325000149415,-11.25));
#1236 = CARTESIAN_POINT('',(17.978589987901,-11.25000025879));
#1237 = CARTESIAN_POINT('',(18.151794844536,-10.95000012939));
#1238 = CARTESIAN_POINT('',(18.32499970117,-10.65));
#1239 = CARTESIAN_POINT('',(18.498205006049,-10.9499998706));
#1240 = CARTESIAN_POINT('',(18.671410310929,-11.2499997412));
#1241 = CARTESIAN_POINT('',(18.325000149415,-11.25));
#1242 = ( GEOMETRIC_REPRESENTATION_CONTEXT(2) 
PARAMETRIC_REPRESENTATION_CONTEXT() REPRESENTATION_CONTEXT('2D SPACE',''
  ) );
#1243 = PCURVE('',#1244,#1249);
#1244 = CYLINDRICAL_SURFACE('',#1245,0.2);
#1245 = AXIS2_PLACEMENT_3D('',#1246,#1247,#1248);
#1246 = CARTESIAN_POINT('',(18.325,-11.05,11.));
#1247 = DIRECTION('',(-0.,0.,-1.));
#1248 = DIRECTION('',(7.470757631669E-07,-1.,-0.));
#1249 = DEFINITIONAL_REPRESENTATION('',(#1250),#1254);
#1250 = LINE('',#1251,#1252);
#1251 = CARTESIAN_POINT('',(0.,0.));
#1252 = VECTOR('',#1253,1.);
#1253 = DIRECTION('',(1.,0.));
#1254 = ( GEOMETRIC_REPRESENTATION_CONTEXT(2) 
PARAMETRIC_REPRESENTATION_CONTEXT() REPRESENTATION_CONTEXT('2D SPACE',''
  ) );
#1255 = ORIENTED_EDGE('',*,*,#1256,.F.);
#1256 = EDGE_CURVE('',#1257,#1224,#1259,.T.);
#1257 = VERTEX_POINT('',#1258);
#1258 = CARTESIAN_POINT('',(17.325000149415,-11.85,11.));
#1259 = SURFACE_CURVE('',#1260,(#1265,#1272),.PCURVE_S1.);
#1260 = CIRCLE('',#1261,0.799999252925);
#1261 = AXIS2_PLACEMENT_3D('',#1262,#1263,#1264);
#1262 = CARTESIAN_POINT('',(17.325000747075,-11.05000074707,11.));
#1263 = DIRECTION('',(0.,0.,1.));
#1264 = DIRECTION('',(-7.470757634981E-07,-1.,0.));
#1265 = PCURVE('',#43,#1266);
#1266 = DEFINITIONAL_REPRESENTATION('',(#1267),#1271);
#1267 = CIRCLE('',#1268,0.799999252925);
#1268 = AXIS2_PLACEMENT_2D('',#1269,#1270);
#1269 = CARTESIAN_POINT('',(17.325000747075,-11.05000074707));
#1270 = DIRECTION('',(-7.470757634981E-07,-1.));
#1271 = ( GEOMETRIC_REPRESENTATION_CONTEXT(2) 
PARAMETRIC_REPRESENTATION_CONTEXT() REPRESENTATION_CONTEXT('2D SPACE',''
  ) );
#1272 = PCURVE('',#1273,#1278);
#1273 = CYLINDRICAL_SURFACE('',#1274,0.799999252925);
#1274 = AXIS2_PLACEMENT_3D('',#1275,#1276,#1277);
#1275 = CARTESIAN_POINT('',(17.325000747075,-11.05000074707,11.));
#1276 = DIRECTION('',(-0.,-0.,-1.));
#1277 = DIRECTION('',(-7.470757634981E-07,-1.,0.));
#1278 = DEFINITIONAL_REPRESENTATION('',(#1279),#1283);
#1279 = LINE('',#1280,#1281);
#1280 = CARTESIAN_POINT('',(-0.,0.));
#1281 = VECTOR('',#1282,1.);
#1282 = DIRECTION('',(-1.,0.));
#1283 = ( GEOMETRIC_REPRESENTATION_CONTEXT(2) 
PARAMETRIC_REPRESENTATION_CONTEXT() REPRESENTATION_CONTEXT('2D SPACE',''
  ) );
#1284 = ORIENTED_EDGE('',*,*,#1285,.F.);
#1285 = EDGE_CURVE('',#1286,#1257,#1288,.T.);
#1286 = VERTEX_POINT('',#1287);
#1287 = CARTESIAN_POINT('',(17.325,-11.85,11.));
#1288 = SURFACE_CURVE('',#1289,(#1294,#1305),.PCURVE_S1.);
#1289 = CIRCLE('',#1290,0.2);
#1290 = AXIS2_PLACEMENT_3D('',#1291,#1292,#1293);
#1291 = CARTESIAN_POINT('',(17.325,-12.05,11.));
#1292 = DIRECTION('',(0.,0.,-1.));
#1293 = DIRECTION('',(-1.,1.224646799147E-16,0.));
#1294 = PCURVE('',#43,#1295);
#1295 = DEFINITIONAL_REPRESENTATION('',(#1296),#1304);
#1296 = ( BOUNDED_CURVE() B_SPLINE_CURVE(2,(#1297,#1298,#1299,#1300,
#1301,#1302,#1303),.UNSPECIFIED.,.T.,.F.) B_SPLINE_CURVE_WITH_KNOTS((1,2
    ,2,2,2,1),(-2.094395102393,0.,2.094395102393,4.188790204786,
6.28318530718,8.377580409573),.UNSPECIFIED.) CURVE() 
GEOMETRIC_REPRESENTATION_ITEM() RATIONAL_B_SPLINE_CURVE((1.,0.5,1.,0.5,
1.,0.5,1.)) REPRESENTATION_ITEM('') );
#1297 = CARTESIAN_POINT('',(17.125,-12.05));
#1298 = CARTESIAN_POINT('',(17.125,-11.70358983848));
#1299 = CARTESIAN_POINT('',(17.425,-11.87679491924));
#1300 = CARTESIAN_POINT('',(17.725,-12.05));
#1301 = CARTESIAN_POINT('',(17.425,-12.22320508075));
#1302 = CARTESIAN_POINT('',(17.125,-12.39641016151));
#1303 = CARTESIAN_POINT('',(17.125,-12.05));
#1304 = ( GEOMETRIC_REPRESENTATION_CONTEXT(2) 
PARAMETRIC_REPRESENTATION_CONTEXT() REPRESENTATION_CONTEXT('2D SPACE',''
  ) );
#1305 = PCURVE('',#1306,#1311);
#1306 = CYLINDRICAL_SURFACE('',#1307,0.2);
#1307 = AXIS2_PLACEMENT_3D('',#1308,#1309,#1310);
#1308 = CARTESIAN_POINT('',(17.325,-12.05,11.));
#1309 = DIRECTION('',(0.,0.,-1.));
#1310 = DIRECTION('',(-1.,1.224646799147E-16,0.));
#1311 = DEFINITIONAL_REPRESENTATION('',(#1312),#1316);
#1312 = LINE('',#1313,#1314);
#1313 = CARTESIAN_POINT('',(0.,0.));
#1314 = VECTOR('',#1315,1.);
#1315 = DIRECTION('',(1.,0.));
#1316 = ( GEOMETRIC_REPRESENTATION_CONTEXT(2) 
PARAMETRIC_REPRESENTATION_CONTEXT() REPRESENTATION_CONTEXT('2D SPACE',''
  ) );
#1317 = ORIENTED_EDGE('',*,*,#1318,.F.);
#1318 = EDGE_CURVE('',#1319,#1286,#1321,.T.);
#1319 = VERTEX_POINT('',#1320);
#1320 = CARTESIAN_POINT('',(-17.325,-11.85,11.));
#1321 = SURFACE_CURVE('',#1322,(#1326,#1333),.PCURVE_S1.);
#1322 = LINE('',#1323,#1324);
#1323 = CARTESIAN_POINT('',(-17.325,-11.85,11.));
#1324 = VECTOR('',#1325,1.);
#1325 = DIRECTION('',(1.,-1.224646799147E-16,-0.));
#1326 = PCURVE('',#43,#1327);
#1327 = DEFINITIONAL_REPRESENTATION('',(#1328),#1332);
#1328 = LINE('',#1329,#1330);
#1329 = CARTESIAN_POINT('',(-17.325,-11.85));
#1330 = VECTOR('',#1331,1.);
#1331 = DIRECTION('',(1.,-1.224646799147E-16));
#1332 = ( GEOMETRIC_REPRESENTATION_CONTEXT(2) 
PARAMETRIC_REPRESENTATION_CONTEXT() REPRESENTATION_CONTEXT('2D SPACE',''
  ) );
#1333 = PCURVE('',#1334,#1339);
#1334 = PLANE('',#1335);
#1335 = AXIS2_PLACEMENT_3D('',#1336,#1337,#1338);
#1336 = CARTESIAN_POINT('',(-17.325,-11.85,11.));
#1337 = DIRECTION('',(1.224646799147E-16,1.,-0.));
#1338 = DIRECTION('',(1.,-1.224646799147E-16,0.));
#1339 = DEFINITIONAL_REPRESENTATION('',(#1340),#1344);
#1340 = LINE('',#1341,#1342);
#1341 = CARTESIAN_POINT('',(0.,0.));
#1342 = VECTOR('',#1343,1.);
#1343 = DIRECTION('',(1.,0.));
#1344 = ( GEOMETRIC_REPRESENTATION_CONTEXT(2) 
PARAMETRIC_REPRESENTATION_CONTEXT() REPRESENTATION_CONTEXT('2D SPACE',''
  ) );
#1345 = ORIENTED_EDGE('',*,*,#1346,.F.);
#1346 = EDGE_CURVE('',#1347,#1319,#1349,.T.);
#1347 = VERTEX_POINT('',#1348);
#1348 = CARTESIAN_POINT('',(-17.32500014941,-11.85,11.));
#1349 = SURFACE_CURVE('',#1350,(#1355,#1366),.PCURVE_S1.);
#1350 = CIRCLE('',#1351,0.2);
#1351 = AXIS2_PLACEMENT_3D('',#1352,#1353,#1354);
#1352 = CARTESIAN_POINT('',(-17.325,-12.05,11.));
#1353 = DIRECTION('',(-0.,0.,-1.));
#1354 = DIRECTION('',(-1.,-7.470757631669E-07,0.));
#1355 = PCURVE('',#43,#1356);
#1356 = DEFINITIONAL_REPRESENTATION('',(#1357),#1365);
#1357 = ( BOUNDED_CURVE() B_SPLINE_CURVE(2,(#1358,#1359,#1360,#1361,
#1362,#1363,#1364),.UNSPECIFIED.,.T.,.F.) B_SPLINE_CURVE_WITH_KNOTS((1,2
    ,2,2,2,1),(-2.094395102393,0.,2.094395102393,4.188790204786,
6.28318530718,8.377580409573),.UNSPECIFIED.) CURVE() 
GEOMETRIC_REPRESENTATION_ITEM() RATIONAL_B_SPLINE_CURVE((1.,0.5,1.,0.5,
1.,0.5,1.)) REPRESENTATION_ITEM('') );
#1358 = CARTESIAN_POINT('',(-17.525,-12.05000014941));
#1359 = CARTESIAN_POINT('',(-17.52500025879,-11.7035899879));
#1360 = CARTESIAN_POINT('',(-17.22500012939,-11.87679484453));
#1361 = CARTESIAN_POINT('',(-16.925,-12.04999970117));
#1362 = CARTESIAN_POINT('',(-17.2249998706,-12.22320500604));
#1363 = CARTESIAN_POINT('',(-17.5249997412,-12.39641031092));
#1364 = CARTESIAN_POINT('',(-17.525,-12.05000014941));
#1365 = ( GEOMETRIC_REPRESENTATION_CONTEXT(2) 
PARAMETRIC_REPRESENTATION_CONTEXT() REPRESENTATION_CONTEXT('2D SPACE',''
  ) );
#1366 = PCURVE('',#1367,#1372);
#1367 = CYLINDRICAL_SURFACE('',#1368,0.2);
#1368 = AXIS2_PLACEMENT_3D('',#1369,#1370,#1371);
#1369 = CARTESIAN_POINT('',(-17.325,-12.05,11.));
#1370 = DIRECTION('',(-0.,0.,-1.));
#1371 = DIRECTION('',(-1.,-7.470757631669E-07,0.));
#1372 = DEFINITIONAL_REPRESENTATION('',(#1373),#1377);
#1373 = LINE('',#1374,#1375);
#1374 = CARTESIAN_POINT('',(0.,0.));
#1375 = VECTOR('',#1376,1.);
#1376 = DIRECTION('',(1.,0.));
#1377 = ( GEOMETRIC_REPRESENTATION_CONTEXT(2) 
PARAMETRIC_REPRESENTATION_CONTEXT() REPRESENTATION_CONTEXT('2D SPACE',''
  ) );
#1378 = ORIENTED_EDGE('',*,*,#1379,.F.);
#1379 = EDGE_CURVE('',#1380,#1347,#1382,.T.);
#1380 = VERTEX_POINT('',#1381);
#1381 = CARTESIAN_POINT('',(-18.125,-11.05000014941,11.));
#1382 = SURFACE_CURVE('',#1383,(#1388,#1395),.PCURVE_S1.);
#1383 = CIRCLE('',#1384,0.799999252925);
#1384 = AXIS2_PLACEMENT_3D('',#1385,#1386,#1387);
#1385 = CARTESIAN_POINT('',(-17.32500074707,-11.05000074707,11.));
#1386 = DIRECTION('',(0.,0.,1.));
#1387 = DIRECTION('',(-1.,7.470757634981E-07,0.));
#1388 = PCURVE('',#43,#1389);
#1389 = DEFINITIONAL_REPRESENTATION('',(#1390),#1394);
#1390 = CIRCLE('',#1391,0.799999252925);
#1391 = AXIS2_PLACEMENT_2D('',#1392,#1393);
#1392 = CARTESIAN_POINT('',(-17.32500074707,-11.05000074707));
#1393 = DIRECTION('',(-1.,7.470757634981E-07));
#1394 = ( GEOMETRIC_REPRESENTATION_CONTEXT(2) 
PARAMETRIC_REPRESENTATION_CONTEXT() REPRESENTATION_CONTEXT('2D SPACE',''
  ) );
#1395 = PCURVE('',#1396,#1401);
#1396 = CYLINDRICAL_SURFACE('',#1397,0.799999252925);
#1397 = AXIS2_PLACEMENT_3D('',#1398,#1399,#1400);
#1398 = CARTESIAN_POINT('',(-17.32500074707,-11.05000074707,11.));
#1399 = DIRECTION('',(-0.,-0.,-1.));
#1400 = DIRECTION('',(-1.,7.470757634981E-07,0.));
#1401 = DEFINITIONAL_REPRESENTATION('',(#1402),#1406);
#1402 = LINE('',#1403,#1404);
#1403 = CARTESIAN_POINT('',(-0.,0.));
#1404 = VECTOR('',#1405,1.);
#1405 = DIRECTION('',(-1.,0.));
#1406 = ( GEOMETRIC_REPRESENTATION_CONTEXT(2) 
PARAMETRIC_REPRESENTATION_CONTEXT() REPRESENTATION_CONTEXT('2D SPACE',''
  ) );
#1407 = ORIENTED_EDGE('',*,*,#1408,.F.);
#1408 = EDGE_CURVE('',#1409,#1380,#1411,.T.);
#1409 = VERTEX_POINT('',#1410);
#1410 = CARTESIAN_POINT('',(-18.125,-11.05,11.));
#1411 = SURFACE_CURVE('',#1412,(#1417,#1428),.PCURVE_S1.);
#1412 = CIRCLE('',#1413,0.2);
#1413 = AXIS2_PLACEMENT_3D('',#1414,#1415,#1416);
#1414 = CARTESIAN_POINT('',(-18.325,-11.05,11.));
#1415 = DIRECTION('',(0.,0.,-1.));
#1416 = DIRECTION('',(1.224646799147E-16,1.,0.));
#1417 = PCURVE('',#43,#1418);
#1418 = DEFINITIONAL_REPRESENTATION('',(#1419),#1427);
#1419 = ( BOUNDED_CURVE() B_SPLINE_CURVE(2,(#1420,#1421,#1422,#1423,
#1424,#1425,#1426),.UNSPECIFIED.,.T.,.F.) B_SPLINE_CURVE_WITH_KNOTS((1,2
    ,2,2,2,1),(-2.094395102393,0.,2.094395102393,4.188790204786,
6.28318530718,8.377580409573),.UNSPECIFIED.) CURVE() 
GEOMETRIC_REPRESENTATION_ITEM() RATIONAL_B_SPLINE_CURVE((1.,0.5,1.,0.5,
1.,0.5,1.)) REPRESENTATION_ITEM('') );
#1420 = CARTESIAN_POINT('',(-18.325,-10.85));
#1421 = CARTESIAN_POINT('',(-17.97858983848,-10.85));
#1422 = CARTESIAN_POINT('',(-18.15179491924,-11.15));
#1423 = CARTESIAN_POINT('',(-18.325,-11.45));
#1424 = CARTESIAN_POINT('',(-18.49820508075,-11.15));
#1425 = CARTESIAN_POINT('',(-18.67141016151,-10.85));
#1426 = CARTESIAN_POINT('',(-18.325,-10.85));
#1427 = ( GEOMETRIC_REPRESENTATION_CONTEXT(2) 
PARAMETRIC_REPRESENTATION_CONTEXT() REPRESENTATION_CONTEXT('2D SPACE',''
  ) );
#1428 = PCURVE('',#1429,#1434);
#1429 = CYLINDRICAL_SURFACE('',#1430,0.2);
#1430 = AXIS2_PLACEMENT_3D('',#1431,#1432,#1433);
#1431 = CARTESIAN_POINT('',(-18.325,-11.05,11.));
#1432 = DIRECTION('',(0.,0.,-1.));
#1433 = DIRECTION('',(1.224646799147E-16,1.,0.));
#1434 = DEFINITIONAL_REPRESENTATION('',(#1435),#1439);
#1435 = LINE('',#1436,#1437);
#1436 = CARTESIAN_POINT('',(0.,0.));
#1437 = VECTOR('',#1438,1.);
#1438 = DIRECTION('',(1.,0.));
#1439 = ( GEOMETRIC_REPRESENTATION_CONTEXT(2) 
PARAMETRIC_REPRESENTATION_CONTEXT() REPRESENTATION_CONTEXT('2D SPACE',''
  ) );
#1440 = ORIENTED_EDGE('',*,*,#1441,.F.);
#1441 = EDGE_CURVE('',#1442,#1409,#1444,.T.);
#1442 = VERTEX_POINT('',#1443);
#1443 = CARTESIAN_POINT('',(-18.125,1.45,11.));
#1444 = SURFACE_CURVE('',#1445,(#1449,#1456),.PCURVE_S1.);
#1445 = LINE('',#1446,#1447);
#1446 = CARTESIAN_POINT('',(-18.125,1.45,11.));
#1447 = VECTOR('',#1448,1.);
#1448 = DIRECTION('',(-1.224646799147E-16,-1.,0.));
#1449 = PCURVE('',#43,#1450);
#1450 = DEFINITIONAL_REPRESENTATION('',(#1451),#1455);
#1451 = LINE('',#1452,#1453);
#1452 = CARTESIAN_POINT('',(-18.125,1.45));
#1453 = VECTOR('',#1454,1.);
#1454 = DIRECTION('',(-1.224646799147E-16,-1.));
#1455 = ( GEOMETRIC_REPRESENTATION_CONTEXT(2) 
PARAMETRIC_REPRESENTATION_CONTEXT() REPRESENTATION_CONTEXT('2D SPACE',''
  ) );
#1456 = PCURVE('',#1457,#1462);
#1457 = PLANE('',#1458);
#1458 = AXIS2_PLACEMENT_3D('',#1459,#1460,#1461);
#1459 = CARTESIAN_POINT('',(-18.125,1.45,11.));
#1460 = DIRECTION('',(1.,-1.224646799147E-16,0.));
#1461 = DIRECTION('',(-1.224646799147E-16,-1.,0.));
#1462 = DEFINITIONAL_REPRESENTATION('',(#1463),#1467);
#1463 = LINE('',#1464,#1465);
#1464 = CARTESIAN_POINT('',(0.,0.));
#1465 = VECTOR('',#1466,1.);
#1466 = DIRECTION('',(1.,0.));
#1467 = ( GEOMETRIC_REPRESENTATION_CONTEXT(2) 
PARAMETRIC_REPRESENTATION_CONTEXT() REPRESENTATION_CONTEXT('2D SPACE',''
  ) );
#1468 = ORIENTED_EDGE('',*,*,#1469,.F.);
#1469 = EDGE_CURVE('',#1470,#1442,#1472,.T.);
#1470 = VERTEX_POINT('',#1471);
#1471 = CARTESIAN_POINT('',(-18.125,1.450000149415,11.));
#1472 = SURFACE_CURVE('',#1473,(#1478,#1489),.PCURVE_S1.);
#1473 = CIRCLE('',#1474,0.2);
#1474 = AXIS2_PLACEMENT_3D('',#1475,#1476,#1477);
#1475 = CARTESIAN_POINT('',(-18.325,1.45,11.));
#1476 = DIRECTION('',(0.,0.,-1.));
#1477 = DIRECTION('',(-7.470757489561E-07,1.,0.));
#1478 = PCURVE('',#43,#1479);
#1479 = DEFINITIONAL_REPRESENTATION('',(#1480),#1488);
#1480 = ( BOUNDED_CURVE() B_SPLINE_CURVE(2,(#1481,#1482,#1483,#1484,
#1485,#1486,#1487),.UNSPECIFIED.,.T.,.F.) B_SPLINE_CURVE_WITH_KNOTS((1,2
    ,2,2,2,1),(-2.094395102393,0.,2.094395102393,4.188790204786,
6.28318530718,8.377580409573),.UNSPECIFIED.) CURVE() 
GEOMETRIC_REPRESENTATION_ITEM() RATIONAL_B_SPLINE_CURVE((1.,0.5,1.,0.5,
1.,0.5,1.)) REPRESENTATION_ITEM('') );
#1481 = CARTESIAN_POINT('',(-18.32500014941,1.65));
#1482 = CARTESIAN_POINT('',(-17.9785899879,1.650000258795));
#1483 = CARTESIAN_POINT('',(-18.15179484453,1.350000129397));
#1484 = CARTESIAN_POINT('',(-18.32499970117,1.05));
#1485 = CARTESIAN_POINT('',(-18.49820500604,1.349999870603));
#1486 = CARTESIAN_POINT('',(-18.67141031092,1.649999741205));
#1487 = CARTESIAN_POINT('',(-18.32500014941,1.65));
#1488 = ( GEOMETRIC_REPRESENTATION_CONTEXT(2) 
PARAMETRIC_REPRESENTATION_CONTEXT() REPRESENTATION_CONTEXT('2D SPACE',''
  ) );
#1489 = PCURVE('',#1490,#1495);
#1490 = CYLINDRICAL_SURFACE('',#1491,0.2);
#1491 = AXIS2_PLACEMENT_3D('',#1492,#1493,#1494);
#1492 = CARTESIAN_POINT('',(-18.325,1.45,11.));
#1493 = DIRECTION('',(0.,0.,-1.));
#1494 = DIRECTION('',(-7.470757489561E-07,1.,0.));
#1495 = DEFINITIONAL_REPRESENTATION('',(#1496),#1500);
#1496 = LINE('',#1497,#1498);
#1497 = CARTESIAN_POINT('',(0.,0.));
#1498 = VECTOR('',#1499,1.);
#1499 = DIRECTION('',(1.,0.));
#1500 = ( GEOMETRIC_REPRESENTATION_CONTEXT(2) 
PARAMETRIC_REPRESENTATION_CONTEXT() REPRESENTATION_CONTEXT('2D SPACE',''
  ) );
#1501 = ORIENTED_EDGE('',*,*,#1502,.F.);
#1502 = EDGE_CURVE('',#1503,#1470,#1505,.T.);
#1503 = VERTEX_POINT('',#1504);
#1504 = CARTESIAN_POINT('',(-17.32500014941,2.25,11.));
#1505 = SURFACE_CURVE('',#1506,(#1511,#1518),.PCURVE_S1.);
#1506 = CIRCLE('',#1507,0.799999252925);
#1507 = AXIS2_PLACEMENT_3D('',#1508,#1509,#1510);
#1508 = CARTESIAN_POINT('',(-17.32500074707,1.450000747075,11.));
#1509 = DIRECTION('',(0.,-0.,1.));
#1510 = DIRECTION('',(7.470757350764E-07,1.,0.));
#1511 = PCURVE('',#43,#1512);
#1512 = DEFINITIONAL_REPRESENTATION('',(#1513),#1517);
#1513 = CIRCLE('',#1514,0.799999252925);
#1514 = AXIS2_PLACEMENT_2D('',#1515,#1516);
#1515 = CARTESIAN_POINT('',(-17.32500074707,1.450000747075));
#1516 = DIRECTION('',(7.470757350764E-07,1.));
#1517 = ( GEOMETRIC_REPRESENTATION_CONTEXT(2) 
PARAMETRIC_REPRESENTATION_CONTEXT() REPRESENTATION_CONTEXT('2D SPACE',''
  ) );
#1518 = PCURVE('',#1519,#1524);
#1519 = CYLINDRICAL_SURFACE('',#1520,0.799999252925);
#1520 = AXIS2_PLACEMENT_3D('',#1521,#1522,#1523);
#1521 = CARTESIAN_POINT('',(-17.32500074707,1.450000747075,11.));
#1522 = DIRECTION('',(-0.,0.,-1.));
#1523 = DIRECTION('',(7.470757350764E-07,1.,0.));
#1524 = DEFINITIONAL_REPRESENTATION('',(#1525),#1529);
#1525 = LINE('',#1526,#1527);
#1526 = CARTESIAN_POINT('',(-0.,0.));
#1527 = VECTOR('',#1528,1.);
#1528 = DIRECTION('',(-1.,0.));
#1529 = ( GEOMETRIC_REPRESENTATION_CONTEXT(2) 
PARAMETRIC_REPRESENTATION_CONTEXT() REPRESENTATION_CONTEXT('2D SPACE',''
  ) );
#1530 = ORIENTED_EDGE('',*,*,#1531,.F.);
#1531 = EDGE_CURVE('',#746,#1503,#1532,.T.);
#1532 = SURFACE_CURVE('',#1533,(#1538,#1549),.PCURVE_S1.);
#1533 = CIRCLE('',#1534,0.2);
#1534 = AXIS2_PLACEMENT_3D('',#1535,#1536,#1537);
#1535 = CARTESIAN_POINT('',(-17.325,2.45,11.));
#1536 = DIRECTION('',(0.,0.,-1.));
#1537 = DIRECTION('',(0.999999993159,1.169718857316E-04,0.));
#1538 = PCURVE('',#43,#1539);
#1539 = DEFINITIONAL_REPRESENTATION('',(#1540),#1548);
#1540 = ( BOUNDED_CURVE() B_SPLINE_CURVE(2,(#1541,#1542,#1543,#1544,
#1545,#1546,#1547),.UNSPECIFIED.,.T.,.F.) B_SPLINE_CURVE_WITH_KNOTS((1,2
    ,2,2,2,1),(-2.094395102393,0.,2.094395102393,4.188790204786,
6.28318530718,8.377580409573),.UNSPECIFIED.) CURVE() 
GEOMETRIC_REPRESENTATION_ITEM() RATIONAL_B_SPLINE_CURVE((1.,0.5,1.,0.5,
1.,0.5,1.)) REPRESENTATION_ITEM('') );
#1541 = CARTESIAN_POINT('',(-17.12500000136,2.450023394377));
#1542 = CARTESIAN_POINT('',(-17.12495948111,2.103613235233));
#1543 = CARTESIAN_POINT('',(-17.42497973919,2.276783223239));
#1544 = CARTESIAN_POINT('',(-17.72499999726,2.449953211246));
#1545 = CARTESIAN_POINT('',(-17.42502025944,2.623193382383));
#1546 = CARTESIAN_POINT('',(-17.12504052161,2.796433553521));
#1547 = CARTESIAN_POINT('',(-17.12500000136,2.450023394377));
#1548 = ( GEOMETRIC_REPRESENTATION_CONTEXT(2) 
PARAMETRIC_REPRESENTATION_CONTEXT() REPRESENTATION_CONTEXT('2D SPACE',''
  ) );
#1549 = PCURVE('',#1550,#1555);
#1550 = CYLINDRICAL_SURFACE('',#1551,0.2);
#1551 = AXIS2_PLACEMENT_3D('',#1552,#1553,#1554);
#1552 = CARTESIAN_POINT('',(-17.325,2.45,11.));
#1553 = DIRECTION('',(0.,0.,-1.));
#1554 = DIRECTION('',(0.999999993159,1.169718857316E-04,0.));
#1555 = DEFINITIONAL_REPRESENTATION('',(#1556),#1560);
#1556 = LINE('',#1557,#1558);
#1557 = CARTESIAN_POINT('',(0.,0.));
#1558 = VECTOR('',#1559,1.);
#1559 = DIRECTION('',(1.,0.));
#1560 = ( GEOMETRIC_REPRESENTATION_CONTEXT(2) 
PARAMETRIC_REPRESENTATION_CONTEXT() REPRESENTATION_CONTEXT('2D SPACE',''
  ) );
#1561 = FACE_BOUND('',#1562,.F.);
#1562 = EDGE_LOOP('',(#1563));
#1563 = ORIENTED_EDGE('',*,*,#1564,.F.);
#1564 = EDGE_CURVE('',#1565,#1565,#1567,.T.);
#1565 = VERTEX_POINT('',#1566);
#1566 = CARTESIAN_POINT('',(17.7,10.,11.));
#1567 = SURFACE_CURVE('',#1568,(#1573,#1580),.PCURVE_S1.);
#1568 = CIRCLE('',#1569,1.2);
#1569 = AXIS2_PLACEMENT_3D('',#1570,#1571,#1572);
#1570 = CARTESIAN_POINT('',(16.5,10.,11.));
#1571 = DIRECTION('',(0.,1.224646799147E-16,1.));
#1572 = DIRECTION('',(1.,0.,-0.));
#1573 = PCURVE('',#43,#1574);
#1574 = DEFINITIONAL_REPRESENTATION('',(#1575),#1579);
#1575 = CIRCLE('',#1576,1.2);
#1576 = AXIS2_PLACEMENT_2D('',#1577,#1578);
#1577 = CARTESIAN_POINT('',(16.5,10.));
#1578 = DIRECTION('',(1.,0.));
#1579 = ( GEOMETRIC_REPRESENTATION_CONTEXT(2) 
PARAMETRIC_REPRESENTATION_CONTEXT() REPRESENTATION_CONTEXT('2D SPACE',''
  ) );
#1580 = PCURVE('',#1581,#1586);
#1581 = CYLINDRICAL_SURFACE('',#1582,1.2);
#1582 = AXIS2_PLACEMENT_3D('',#1583,#1584,#1585);
#1583 = CARTESIAN_POINT('',(16.5,10.,12.));
#1584 = DIRECTION('',(0.,1.224646799147E-16,1.));
#1585 = DIRECTION('',(1.,0.,0.));
#1586 = DEFINITIONAL_REPRESENTATION('',(#1587),#1591);
#1587 = LINE('',#1588,#1589);
#1588 = CARTESIAN_POINT('',(-6.28318530718,-1.));
#1589 = VECTOR('',#1590,1.);
#1590 = DIRECTION('',(1.,-0.));
#1591 = ( GEOMETRIC_REPRESENTATION_CONTEXT(2) 
PARAMETRIC_REPRESENTATION_CONTEXT() REPRESENTATION_CONTEXT('2D SPACE',''
  ) );
#1592 = ADVANCED_FACE('',(#1593),#124,.T.);
#1593 = FACE_BOUND('',#1594,.F.);
#1594 = EDGE_LOOP('',(#1595,#1618,#1619,#1620));
#1595 = ORIENTED_EDGE('',*,*,#1596,.F.);
#1596 = EDGE_CURVE('',#165,#1597,#1599,.T.);
#1597 = VERTEX_POINT('',#1598);
#1598 = CARTESIAN_POINT('',(-20.125,9.85,13.4));
#1599 = SURFACE_CURVE('',#1600,(#1604,#1611),.PCURVE_S1.);
#1600 = LINE('',#1601,#1602);
#1601 = CARTESIAN_POINT('',(-20.125,9.85,0.));
#1602 = VECTOR('',#1603,1.);
#1603 = DIRECTION('',(0.,0.,1.));
#1604 = PCURVE('',#124,#1605);
#1605 = DEFINITIONAL_REPRESENTATION('',(#1606),#1610);
#1606 = LINE('',#1607,#1608);
#1607 = CARTESIAN_POINT('',(-0.,0.));
#1608 = VECTOR('',#1609,1.);
#1609 = DIRECTION('',(-0.,1.));
#1610 = ( GEOMETRIC_REPRESENTATION_CONTEXT(2) 
PARAMETRIC_REPRESENTATION_CONTEXT() REPRESENTATION_CONTEXT('2D SPACE',''
  ) );
#1611 = PCURVE('',#203,#1612);
#1612 = DEFINITIONAL_REPRESENTATION('',(#1613),#1617);
#1613 = LINE('',#1614,#1615);
#1614 = CARTESIAN_POINT('',(4.,0.));
#1615 = VECTOR('',#1616,1.);
#1616 = DIRECTION('',(0.,-1.));
#1617 = ( GEOMETRIC_REPRESENTATION_CONTEXT(2) 
PARAMETRIC_REPRESENTATION_CONTEXT() REPRESENTATION_CONTEXT('2D SPACE',''
  ) );
#1618 = ORIENTED_EDGE('',*,*,#164,.F.);
#1619 = ORIENTED_EDGE('',*,*,#110,.T.);
#1620 = ORIENTED_EDGE('',*,*,#1621,.F.);
#1621 = EDGE_CURVE('',#1597,#83,#1622,.T.);
#1622 = SURFACE_CURVE('',#1623,(#1628,#1635),.PCURVE_S1.);
#1623 = CIRCLE('',#1624,4.);
#1624 = AXIS2_PLACEMENT_3D('',#1625,#1626,#1627);
#1625 = CARTESIAN_POINT('',(-16.125,9.85,13.4));
#1626 = DIRECTION('',(-0.,0.,-1.));
#1627 = DIRECTION('',(-1.,0.,0.));
#1628 = PCURVE('',#124,#1629);
#1629 = DEFINITIONAL_REPRESENTATION('',(#1630),#1634);
#1630 = LINE('',#1631,#1632);
#1631 = CARTESIAN_POINT('',(-0.,13.4));
#1632 = VECTOR('',#1633,1.);
#1633 = DIRECTION('',(-1.,0.));
#1634 = ( GEOMETRIC_REPRESENTATION_CONTEXT(2) 
PARAMETRIC_REPRESENTATION_CONTEXT() REPRESENTATION_CONTEXT('2D SPACE',''
  ) );
#1635 = PCURVE('',#1636,#1641);
#1636 = CONICAL_SURFACE('',#1637,4.,0.785398163397);
#1637 = AXIS2_PLACEMENT_3D('',#1638,#1639,#1640);
#1638 = CARTESIAN_POINT('',(-16.125,9.85,13.4));
#1639 = DIRECTION('',(-0.,-0.,-1.));
#1640 = DIRECTION('',(-1.,0.,0.));
#1641 = DEFINITIONAL_REPRESENTATION('',(#1642),#1646);
#1642 = LINE('',#1643,#1644);
#1643 = CARTESIAN_POINT('',(0.,-0.));
#1644 = VECTOR('',#1645,1.);
#1645 = DIRECTION('',(1.,-0.));
#1646 = ( GEOMETRIC_REPRESENTATION_CONTEXT(2) 
PARAMETRIC_REPRESENTATION_CONTEXT() REPRESENTATION_CONTEXT('2D SPACE',''
  ) );
#1647 = ADVANCED_FACE('',(#1648),#98,.F.);
#1648 = FACE_BOUND('',#1649,.F.);
#1649 = EDGE_LOOP('',(#1650,#1671,#1672,#1698));
#1650 = ORIENTED_EDGE('',*,*,#1651,.F.);
#1651 = EDGE_CURVE('',#83,#1652,#1654,.T.);
#1652 = VERTEX_POINT('',#1653);
#1653 = CARTESIAN_POINT('',(-16.125,13.25,14.));
#1654 = SURFACE_CURVE('',#1655,(#1659,#1665),.PCURVE_S1.);
#1655 = LINE('',#1656,#1657);
#1656 = CARTESIAN_POINT('',(-16.125,13.85,13.4));
#1657 = VECTOR('',#1658,1.);
#1658 = DIRECTION('',(4.329780281177E-17,-0.707106781187,0.707106781187)
  );
#1659 = PCURVE('',#98,#1660);
#1660 = DEFINITIONAL_REPRESENTATION('',(#1661),#1664);
#1661 = B_SPLINE_CURVE_WITH_KNOTS('',1,(#1662,#1663),.UNSPECIFIED.,.F.,
  .F.,(2,2),(0.,0.848528137424),.PIECEWISE_BEZIER_KNOTS.);
#1662 = CARTESIAN_POINT('',(-7.105427357601E-15,-0.424264068712));
#1663 = CARTESIAN_POINT('',(-7.105427357601E-15,0.424264068712));
#1664 = ( GEOMETRIC_REPRESENTATION_CONTEXT(2) 
PARAMETRIC_REPRESENTATION_CONTEXT() REPRESENTATION_CONTEXT('2D SPACE',''
  ) );
#1665 = PCURVE('',#1636,#1666);
#1666 = DEFINITIONAL_REPRESENTATION('',(#1667),#1670);
#1667 = B_SPLINE_CURVE_WITH_KNOTS('',1,(#1668,#1669),.UNSPECIFIED.,.F.,
  .F.,(2,2),(0.,0.848528137424),.PIECEWISE_BEZIER_KNOTS.);
#1668 = CARTESIAN_POINT('',(1.570796326795,0.));
#1669 = CARTESIAN_POINT('',(1.570796326795,-0.6));
#1670 = ( GEOMETRIC_REPRESENTATION_CONTEXT(2) 
PARAMETRIC_REPRESENTATION_CONTEXT() REPRESENTATION_CONTEXT('2D SPACE',''
  ) );
#1671 = ORIENTED_EDGE('',*,*,#82,.T.);
#1672 = ORIENTED_EDGE('',*,*,#1673,.T.);
#1673 = EDGE_CURVE('',#55,#1674,#1676,.T.);
#1674 = VERTEX_POINT('',#1675);
#1675 = CARTESIAN_POINT('',(16.125,13.25,14.));
#1676 = SURFACE_CURVE('',#1677,(#1681,#1687),.PCURVE_S1.);
#1677 = LINE('',#1678,#1679);
#1678 = CARTESIAN_POINT('',(16.125,13.85,13.4));
#1679 = VECTOR('',#1680,1.);
#1680 = DIRECTION('',(0.,-0.707106781187,0.707106781187));
#1681 = PCURVE('',#98,#1682);
#1682 = DEFINITIONAL_REPRESENTATION('',(#1683),#1686);
#1683 = B_SPLINE_CURVE_WITH_KNOTS('',1,(#1684,#1685),.UNSPECIFIED.,.F.,
  .F.,(2,2),(0.,0.848528137424),.PIECEWISE_BEZIER_KNOTS.);
#1684 = CARTESIAN_POINT('',(32.250000000001,-0.424264068712));
#1685 = CARTESIAN_POINT('',(32.250000000001,0.424264068712));
#1686 = ( GEOMETRIC_REPRESENTATION_CONTEXT(2) 
PARAMETRIC_REPRESENTATION_CONTEXT() REPRESENTATION_CONTEXT('2D SPACE',''
  ) );
#1687 = PCURVE('',#1688,#1693);
#1688 = CONICAL_SURFACE('',#1689,4.,0.785398163397);
#1689 = AXIS2_PLACEMENT_3D('',#1690,#1691,#1692);
#1690 = CARTESIAN_POINT('',(16.125,9.85,13.4));
#1691 = DIRECTION('',(-0.,-0.,-1.));
#1692 = DIRECTION('',(0.,1.,-0.));
#1693 = DEFINITIONAL_REPRESENTATION('',(#1694),#1697);
#1694 = B_SPLINE_CURVE_WITH_KNOTS('',1,(#1695,#1696),.UNSPECIFIED.,.F.,
  .F.,(2,2),(0.,0.848528137424),.PIECEWISE_BEZIER_KNOTS.);
#1695 = CARTESIAN_POINT('',(0.,0.));
#1696 = CARTESIAN_POINT('',(0.,-0.6));
#1697 = ( GEOMETRIC_REPRESENTATION_CONTEXT(2) 
PARAMETRIC_REPRESENTATION_CONTEXT() REPRESENTATION_CONTEXT('2D SPACE',''
  ) );
#1698 = ORIENTED_EDGE('',*,*,#1699,.F.);
#1699 = EDGE_CURVE('',#1652,#1674,#1700,.T.);
#1700 = SURFACE_CURVE('',#1701,(#1705,#1712),.PCURVE_S1.);
#1701 = LINE('',#1702,#1703);
#1702 = CARTESIAN_POINT('',(-16.125,13.25,14.));
#1703 = VECTOR('',#1704,1.);
#1704 = DIRECTION('',(1.,-0.,-0.));
#1705 = PCURVE('',#98,#1706);
#1706 = DEFINITIONAL_REPRESENTATION('',(#1707),#1711);
#1707 = LINE('',#1708,#1709);
#1708 = CARTESIAN_POINT('',(0.,0.424264068712));
#1709 = VECTOR('',#1710,1.);
#1710 = DIRECTION('',(1.,0.));
#1711 = ( GEOMETRIC_REPRESENTATION_CONTEXT(2) 
PARAMETRIC_REPRESENTATION_CONTEXT() REPRESENTATION_CONTEXT('2D SPACE',''
  ) );
#1712 = PCURVE('',#1713,#1718);
#1713 = PLANE('',#1714);
#1714 = AXIS2_PLACEMENT_3D('',#1715,#1716,#1717);
#1715 = CARTESIAN_POINT('',(-7.900405679056E-16,-2.,14.));
#1716 = DIRECTION('',(0.,0.,1.));
#1717 = DIRECTION('',(1.,0.,-0.));
#1718 = DEFINITIONAL_REPRESENTATION('',(#1719),#1723);
#1719 = LINE('',#1720,#1721);
#1720 = CARTESIAN_POINT('',(-16.125,15.25));
#1721 = VECTOR('',#1722,1.);
#1722 = DIRECTION('',(1.,-0.));
#1723 = ( GEOMETRIC_REPRESENTATION_CONTEXT(2) 
PARAMETRIC_REPRESENTATION_CONTEXT() REPRESENTATION_CONTEXT('2D SPACE',''
  ) );
#1724 = ADVANCED_FACE('',(#1725),#70,.T.);
#1725 = FACE_BOUND('',#1726,.F.);
#1726 = EDGE_LOOP('',(#1727,#1728,#1729,#1752));
#1727 = ORIENTED_EDGE('',*,*,#54,.F.);
#1728 = ORIENTED_EDGE('',*,*,#139,.F.);
#1729 = ORIENTED_EDGE('',*,*,#1730,.T.);
#1730 = EDGE_CURVE('',#140,#1731,#1733,.T.);
#1731 = VERTEX_POINT('',#1732);
#1732 = CARTESIAN_POINT('',(20.125,9.85,13.4));
#1733 = SURFACE_CURVE('',#1734,(#1738,#1745),.PCURVE_S1.);
#1734 = LINE('',#1735,#1736);
#1735 = CARTESIAN_POINT('',(20.125,9.85,0.));
#1736 = VECTOR('',#1737,1.);
#1737 = DIRECTION('',(0.,0.,1.));
#1738 = PCURVE('',#70,#1739);
#1739 = DEFINITIONAL_REPRESENTATION('',(#1740),#1744);
#1740 = LINE('',#1741,#1742);
#1741 = CARTESIAN_POINT('',(-1.570796326795,0.));
#1742 = VECTOR('',#1743,1.);
#1743 = DIRECTION('',(-0.,1.));
#1744 = ( GEOMETRIC_REPRESENTATION_CONTEXT(2) 
PARAMETRIC_REPRESENTATION_CONTEXT() REPRESENTATION_CONTEXT('2D SPACE',''
  ) );
#1745 = PCURVE('',#637,#1746);
#1746 = DEFINITIONAL_REPRESENTATION('',(#1747),#1751);
#1747 = LINE('',#1748,#1749);
#1748 = CARTESIAN_POINT('',(27.700000000001,0.));
#1749 = VECTOR('',#1750,1.);
#1750 = DIRECTION('',(0.,-1.));
#1751 = ( GEOMETRIC_REPRESENTATION_CONTEXT(2) 
PARAMETRIC_REPRESENTATION_CONTEXT() REPRESENTATION_CONTEXT('2D SPACE',''
  ) );
#1752 = ORIENTED_EDGE('',*,*,#1753,.F.);
#1753 = EDGE_CURVE('',#55,#1731,#1754,.T.);
#1754 = SURFACE_CURVE('',#1755,(#1760,#1767),.PCURVE_S1.);
#1755 = CIRCLE('',#1756,4.);
#1756 = AXIS2_PLACEMENT_3D('',#1757,#1758,#1759);
#1757 = CARTESIAN_POINT('',(16.125,9.85,13.4));
#1758 = DIRECTION('',(0.,-0.,-1.));
#1759 = DIRECTION('',(0.,1.,-0.));
#1760 = PCURVE('',#70,#1761);
#1761 = DEFINITIONAL_REPRESENTATION('',(#1762),#1766);
#1762 = LINE('',#1763,#1764);
#1763 = CARTESIAN_POINT('',(-0.,13.4));
#1764 = VECTOR('',#1765,1.);
#1765 = DIRECTION('',(-1.,0.));
#1766 = ( GEOMETRIC_REPRESENTATION_CONTEXT(2) 
PARAMETRIC_REPRESENTATION_CONTEXT() REPRESENTATION_CONTEXT('2D SPACE',''
  ) );
#1767 = PCURVE('',#1688,#1768);
#1768 = DEFINITIONAL_REPRESENTATION('',(#1769),#1773);
#1769 = LINE('',#1770,#1771);
#1770 = CARTESIAN_POINT('',(0.,-0.));
#1771 = VECTOR('',#1772,1.);
#1772 = DIRECTION('',(1.,-0.));
#1773 = ( GEOMETRIC_REPRESENTATION_CONTEXT(2) 
PARAMETRIC_REPRESENTATION_CONTEXT() REPRESENTATION_CONTEXT('2D SPACE',''
  ) );
#1774 = ADVANCED_FACE('',(#1775),#637,.F.);
#1775 = FACE_BOUND('',#1776,.F.);
#1776 = EDGE_LOOP('',(#1777,#1778,#1802,#1828));
#1777 = ORIENTED_EDGE('',*,*,#624,.F.);
#1778 = ORIENTED_EDGE('',*,*,#1779,.T.);
#1779 = EDGE_CURVE('',#517,#1780,#1782,.T.);
#1780 = VERTEX_POINT('',#1781);
#1781 = CARTESIAN_POINT('',(20.125,-13.81943954598,13.4));
#1782 = SURFACE_CURVE('',#1783,(#1789,#1795),.PCURVE_S1.);
#1783 = B_SPLINE_CURVE_WITH_KNOTS('',2,(#1784,#1785,#1786,#1787,#1788),
  .UNSPECIFIED.,.F.,.F.,(3,1,1,3),(-0.8568,6.170714980658E-14,14.,
    14.8568),.UNSPECIFIED.);
#1784 = CARTESIAN_POINT('',(20.125,-13.81943954598,-0.8568));
#1785 = CARTESIAN_POINT('',(20.125,-13.81943954598,-0.4284));
#1786 = CARTESIAN_POINT('',(20.125,-13.81943954598,7.));
#1787 = CARTESIAN_POINT('',(20.125,-13.81943954598,14.4284));
#1788 = CARTESIAN_POINT('',(20.125,-13.81943954598,14.8568));
#1789 = PCURVE('',#637,#1790);
#1790 = DEFINITIONAL_REPRESENTATION('',(#1791),#1794);
#1791 = B_SPLINE_CURVE_WITH_KNOTS('',1,(#1792,#1793),.UNSPECIFIED.,.F.,
  .F.,(2,2),(6.170714980658E-14,14.),.PIECEWISE_BEZIER_KNOTS.);
#1792 = CARTESIAN_POINT('',(4.030560454011,-1.7763568394E-15));
#1793 = CARTESIAN_POINT('',(4.030560454011,-14.));
#1794 = ( GEOMETRIC_REPRESENTATION_CONTEXT(2) 
PARAMETRIC_REPRESENTATION_CONTEXT() REPRESENTATION_CONTEXT('2D SPACE',''
  ) );
#1795 = PCURVE('',#578,#1796);
#1796 = DEFINITIONAL_REPRESENTATION('',(#1797),#1801);
#1797 = LINE('',#1798,#1799);
#1798 = CARTESIAN_POINT('',(0.,0.));
#1799 = VECTOR('',#1800,1.);
#1800 = DIRECTION('',(0.,1.));
#1801 = ( GEOMETRIC_REPRESENTATION_CONTEXT(2) 
PARAMETRIC_REPRESENTATION_CONTEXT() REPRESENTATION_CONTEXT('2D SPACE',''
  ) );
#1802 = ORIENTED_EDGE('',*,*,#1803,.F.);
#1803 = EDGE_CURVE('',#1731,#1780,#1804,.T.);
#1804 = SURFACE_CURVE('',#1805,(#1809,#1816),.PCURVE_S1.);
#1805 = LINE('',#1806,#1807);
#1806 = CARTESIAN_POINT('',(20.125,9.85,13.4));
#1807 = VECTOR('',#1808,1.);
#1808 = DIRECTION('',(-0.,-1.,-0.));
#1809 = PCURVE('',#637,#1810);
#1810 = DEFINITIONAL_REPRESENTATION('',(#1811),#1815);
#1811 = LINE('',#1812,#1813);
#1812 = CARTESIAN_POINT('',(27.700000000001,-13.4));
#1813 = VECTOR('',#1814,1.);
#1814 = DIRECTION('',(-1.,0.));
#1815 = ( GEOMETRIC_REPRESENTATION_CONTEXT(2) 
PARAMETRIC_REPRESENTATION_CONTEXT() REPRESENTATION_CONTEXT('2D SPACE',''
  ) );
#1816 = PCURVE('',#1817,#1822);
#1817 = PLANE('',#1818);
#1818 = AXIS2_PLACEMENT_3D('',#1819,#1820,#1821);
#1819 = CARTESIAN_POINT('',(19.825,9.85,13.7));
#1820 = DIRECTION('',(-0.707106781187,6.963829119075E-18,-0.707106781187
    ));
#1821 = DIRECTION('',(-4.924170793122E-18,-1.,-4.924170793122E-18));
#1822 = DEFINITIONAL_REPRESENTATION('',(#1823),#1827);
#1823 = LINE('',#1824,#1825);
#1824 = CARTESIAN_POINT('',(0.,-0.424264068712));
#1825 = VECTOR('',#1826,1.);
#1826 = DIRECTION('',(1.,0.));
#1827 = ( GEOMETRIC_REPRESENTATION_CONTEXT(2) 
PARAMETRIC_REPRESENTATION_CONTEXT() REPRESENTATION_CONTEXT('2D SPACE',''
  ) );
#1828 = ORIENTED_EDGE('',*,*,#1730,.F.);
#1829 = ADVANCED_FACE('',(#1830),#578,.F.);
#1830 = FACE_BOUND('',#1831,.F.);
#1831 = EDGE_LOOP('',(#1832,#1833,#1834,#1858));
#1832 = ORIENTED_EDGE('',*,*,#1779,.F.);
#1833 = ORIENTED_EDGE('',*,*,#516,.F.);
#1834 = ORIENTED_EDGE('',*,*,#1835,.T.);
#1835 = EDGE_CURVE('',#488,#1836,#1838,.T.);
#1836 = VERTEX_POINT('',#1837);
#1837 = CARTESIAN_POINT('',(15.143678713795,-17.69719772994,13.4));
#1838 = SURFACE_CURVE('',#1839,(#1845,#1852),.PCURVE_S1.);
#1839 = B_SPLINE_CURVE_WITH_KNOTS('',2,(#1840,#1841,#1842,#1843,#1844),
  .UNSPECIFIED.,.F.,.F.,(3,1,1,3),(-0.8568,6.170714980658E-14,14.,
    14.8568),.UNSPECIFIED.);
#1840 = CARTESIAN_POINT('',(15.143678713795,-17.69719772994,-0.8568));
#1841 = CARTESIAN_POINT('',(15.143678713795,-17.69719772994,-0.4284));
#1842 = CARTESIAN_POINT('',(15.143678713795,-17.69719772994,7.));
#1843 = CARTESIAN_POINT('',(15.143678713795,-17.69719772994,14.4284));
#1844 = CARTESIAN_POINT('',(15.143678713795,-17.69719772994,14.8568));
#1845 = PCURVE('',#578,#1846);
#1846 = DEFINITIONAL_REPRESENTATION('',(#1847),#1851);
#1847 = LINE('',#1848,#1849);
#1848 = CARTESIAN_POINT('',(14.,0.));
#1849 = VECTOR('',#1850,1.);
#1850 = DIRECTION('',(0.,1.));
#1851 = ( GEOMETRIC_REPRESENTATION_CONTEXT(2) 
PARAMETRIC_REPRESENTATION_CONTEXT() REPRESENTATION_CONTEXT('2D SPACE',''
  ) );
#1852 = PCURVE('',#504,#1853);
#1853 = DEFINITIONAL_REPRESENTATION('',(#1854),#1857);
#1854 = B_SPLINE_CURVE_WITH_KNOTS('',1,(#1855,#1856),.UNSPECIFIED.,.F.,
  .F.,(2,2),(6.170714980658E-14,14.),.PIECEWISE_BEZIER_KNOTS.);
#1855 = CARTESIAN_POINT('',(0.596293573708,-1.11022302461E-15));
#1856 = CARTESIAN_POINT('',(0.596293573708,14.));
#1857 = ( GEOMETRIC_REPRESENTATION_CONTEXT(2) 
PARAMETRIC_REPRESENTATION_CONTEXT() REPRESENTATION_CONTEXT('2D SPACE',''
  ) );
#1858 = ORIENTED_EDGE('',*,*,#1859,.F.);
#1859 = EDGE_CURVE('',#1780,#1836,#1860,.T.);
#1860 = SURFACE_CURVE('',#1861,(#1877,#1903),.PCURVE_S1.);
#1861 = B_SPLINE_CURVE_WITH_KNOTS('',14,(#1862,#1863,#1864,#1865,#1866,
    #1867,#1868,#1869,#1870,#1871,#1872,#1873,#1874,#1875,#1876),
  .UNSPECIFIED.,.F.,.F.,(15,15),(29.952624853169,37.227251811109),
  .PIECEWISE_BEZIER_KNOTS.);
#1862 = CARTESIAN_POINT('',(20.125,-13.81943954598,13.4));
#1863 = CARTESIAN_POINT('',(20.125000000003,-14.28278472608,
    13.400000000001));
#1864 = CARTESIAN_POINT('',(20.067146218607,-14.76958362428,
    13.399999999917));
#1865 = CARTESIAN_POINT('',(19.942532498517,-15.27045909137,
    13.400000000582));
#1866 = CARTESIAN_POINT('',(19.739767942519,-15.76957196852,
    13.399999998049));
#1867 = CARTESIAN_POINT('',(19.468594074127,-16.25731878104,
    13.400000003906));
#1868 = CARTESIAN_POINT('',(19.090339066667,-16.70145707754,
    13.399999995076));
#1869 = CARTESIAN_POINT('',(18.694018173305,-17.09306630156,
    13.400000004303));
#1870 = CARTESIAN_POINT('',(18.170989905501,-17.41889328057,
    13.399999997179));
#1871 = CARTESIAN_POINT('',(17.67851389461,-17.64812220523,
    13.400000001626));
#1872 = CARTESIAN_POINT('',(17.125864971992,-17.80656842371,
    13.399999999211));
#1873 = CARTESIAN_POINT('',(16.595444743412,-17.87517582789,
    13.400000000261));
#1874 = CARTESIAN_POINT('',(16.07895580728,-17.87434688153,
    13.399999999961));
#1875 = CARTESIAN_POINT('',(15.592863854824,-17.81087035197,
    13.400000000001));
#1876 = CARTESIAN_POINT('',(15.143678713795,-17.69719772994,13.4));
#1877 = PCURVE('',#578,#1878);
#1878 = DEFINITIONAL_REPRESENTATION('',(#1879),#1902);
#1879 = B_SPLINE_CURVE_WITH_KNOTS('',11,(#1880,#1881,#1882,#1883,#1884,
    #1885,#1886,#1887,#1888,#1889,#1890,#1891,#1892,#1893,#1894,#1895,
    #1896,#1897,#1898,#1899,#1900,#1901),.UNSPECIFIED.,.F.,.F.,(12,10,12
    ),(29.952624853169,33.589938332139,37.227251811109),.UNSPECIFIED.);
#1880 = CARTESIAN_POINT('',(1.593469816215E-16,13.4));
#1881 = CARTESIAN_POINT('',(0.653914202187,13.400000000002));
#1882 = CARTESIAN_POINT('',(1.303439146497,13.399999999967));
#1883 = CARTESIAN_POINT('',(1.948758087051,13.400000000103));
#1884 = CARTESIAN_POINT('',(2.589526426885,13.399999999883));
#1885 = CARTESIAN_POINT('',(3.226883229172,13.400000000014));
#1886 = CARTESIAN_POINT('',(3.860833047289,13.400000000071));
#1887 = CARTESIAN_POINT('',(4.491602367811,13.399999999985));
#1888 = CARTESIAN_POINT('',(5.120245407863,13.400000000023));
#1889 = CARTESIAN_POINT('',(5.747299420077,13.400000000002));
#1890 = CARTESIAN_POINT('',(6.373656455619,13.400000000006));
#1891 = CARTESIAN_POINT('',(7.626369834428,13.400000000011));
#1892 = CARTESIAN_POINT('',(8.252726295725,13.400000000019));
#1893 = CARTESIAN_POINT('',(8.879866999276,13.400000000002));
#1894 = CARTESIAN_POINT('',(9.508274078559,13.400000000037));
#1895 = CARTESIAN_POINT('',(10.139363168458,13.399999999946));
#1896 = CARTESIAN_POINT('',(10.772300648087,13.400000000058));
#1897 = CARTESIAN_POINT('',(11.411038507151,13.399999999928));
#1898 = CARTESIAN_POINT('',(12.051193127144,13.400000000063));
#1899 = CARTESIAN_POINT('',(12.696559804027,13.399999999979));
#1900 = CARTESIAN_POINT('',(13.346085797812,13.400000000002));
#1901 = CARTESIAN_POINT('',(14.,13.4));
#1902 = ( GEOMETRIC_REPRESENTATION_CONTEXT(2) 
PARAMETRIC_REPRESENTATION_CONTEXT() REPRESENTATION_CONTEXT('2D SPACE',''
  ) );
#1903 = PCURVE('',#1904,#1935);
#1904 = B_SPLINE_SURFACE_WITH_KNOTS('',1,14,(
    (#1905,#1906,#1907,#1908,#1909,#1910,#1911,#1912,#1913,#1914,#1915
      ,#1916,#1917,#1918,#1919)
    ,(#1920,#1921,#1922,#1923,#1924,#1925,#1926,#1927,#1928,#1929,#1930
      ,#1931,#1932,#1933,#1934
  )),.UNSPECIFIED.,.F.,.F.,.F.,(2,2),(15,15),(0.,7.27462695794),(
    29.952624853169,37.227251811109),.PIECEWISE_BEZIER_KNOTS.);
#1905 = CARTESIAN_POINT('',(20.125,-13.81943954598,13.4));
#1906 = CARTESIAN_POINT('',(20.125000000003,-14.28278472608,
    13.400000000001));
#1907 = CARTESIAN_POINT('',(20.067146218607,-14.76958362428,
    13.399999999917));
#1908 = CARTESIAN_POINT('',(19.942532498517,-15.27045909137,
    13.400000000582));
#1909 = CARTESIAN_POINT('',(19.739767942519,-15.76957196852,
    13.399999998049));
#1910 = CARTESIAN_POINT('',(19.468594074127,-16.25731878104,
    13.400000003906));
#1911 = CARTESIAN_POINT('',(19.090339066667,-16.70145707754,
    13.399999995076));
#1912 = CARTESIAN_POINT('',(18.694018173305,-17.09306630156,
    13.400000004303));
#1913 = CARTESIAN_POINT('',(18.170989905501,-17.41889328057,
    13.399999997179));
#1914 = CARTESIAN_POINT('',(17.67851389461,-17.64812220523,
    13.400000001626));
#1915 = CARTESIAN_POINT('',(17.125864971992,-17.80656842371,
    13.399999999211));
#1916 = CARTESIAN_POINT('',(16.595444743412,-17.87517582789,
    13.400000000261));
#1917 = CARTESIAN_POINT('',(16.07895580728,-17.87434688153,
    13.399999999961));
#1918 = CARTESIAN_POINT('',(15.592863854824,-17.81087035197,
    13.400000000001));
#1919 = CARTESIAN_POINT('',(15.143678713795,-17.69719772994,13.4));
#1920 = CARTESIAN_POINT('',(19.525,-13.81943954598,14.));
#1921 = CARTESIAN_POINT('',(19.524999999997,-14.21328276887,
    13.999999999999));
#1922 = CARTESIAN_POINT('',(19.475783300769,-14.62710249291,
    14.000000000003));
#1923 = CARTESIAN_POINT('',(19.370240430115,-15.05249797479,
    13.999999999993));
#1924 = CARTESIAN_POINT('',(19.196135678694,-15.47840504777,
    14.00000000001));
#1925 = CARTESIAN_POINT('',(18.970927465629,-15.88808721835,
    13.999999999988));
#1926 = CARTESIAN_POINT('',(18.63846775484,-16.27482917968,
    14.000000000013));
#1927 = CARTESIAN_POINT('',(18.31727303336,-16.5962280327,
    13.999999999984));
#1928 = CARTESIAN_POINT('',(17.857007002409,-16.88293036053,
    14.000000000019));
#1929 = CARTESIAN_POINT('',(17.449535525574,-17.07193939534,
    13.999999999981));
#1930 = CARTESIAN_POINT('',(16.974075708071,-17.20911579402,
    14.000000000015));
#1931 = CARTESIAN_POINT('',(16.525359122889,-17.2666900923,
    13.999999999991));
#1932 = CARTESIAN_POINT('',(16.085781526015,-17.26611698987,
    14.000000000004));
#1933 = CARTESIAN_POINT('',(15.672684101902,-17.21215568686,
    13.999999999999));
#1934 = CARTESIAN_POINT('',(15.290876906726,-17.11553400235,14.));
#1935 = DEFINITIONAL_REPRESENTATION('',(#1936),#1940);
#1936 = LINE('',#1937,#1938);
#1937 = CARTESIAN_POINT('',(0.,0.));
#1938 = VECTOR('',#1939,1.);
#1939 = DIRECTION('',(0.,1.));
#1940 = ( GEOMETRIC_REPRESENTATION_CONTEXT(2) 
PARAMETRIC_REPRESENTATION_CONTEXT() REPRESENTATION_CONTEXT('2D SPACE',''
  ) );
#1941 = ADVANCED_FACE('',(#1942),#504,.T.);
#1942 = FACE_BOUND('',#1943,.T.);
#1943 = EDGE_LOOP('',(#1944,#1945,#1946,#1975));
#1944 = ORIENTED_EDGE('',*,*,#487,.T.);
#1945 = ORIENTED_EDGE('',*,*,#1835,.T.);
#1946 = ORIENTED_EDGE('',*,*,#1947,.T.);
#1947 = EDGE_CURVE('',#1836,#1948,#1950,.T.);
#1948 = VERTEX_POINT('',#1949);
#1949 = CARTESIAN_POINT('',(12.633283728133,-16.17181919415,13.4));
#1950 = SURFACE_CURVE('',#1951,(#1956,#1963),.PCURVE_S1.);
#1951 = CIRCLE('',#1952,5.);
#1952 = AXIS2_PLACEMENT_3D('',#1953,#1954,#1955);
#1953 = CARTESIAN_POINT('',(16.370330321552,-12.85,13.4));
#1954 = DIRECTION('',(-0.,0.,-1.));
#1955 = DIRECTION('',(-0.245330321551,-0.969439545989,0.));
#1956 = PCURVE('',#504,#1957);
#1957 = DEFINITIONAL_REPRESENTATION('',(#1958),#1962);
#1958 = LINE('',#1959,#1960);
#1959 = CARTESIAN_POINT('',(0.596293573708,13.4));
#1960 = VECTOR('',#1961,1.);
#1961 = DIRECTION('',(-1.,-0.));
#1962 = ( GEOMETRIC_REPRESENTATION_CONTEXT(2) 
PARAMETRIC_REPRESENTATION_CONTEXT() REPRESENTATION_CONTEXT('2D SPACE',''
  ) );
#1963 = PCURVE('',#1964,#1969);
#1964 = CONICAL_SURFACE('',#1965,5.,0.785398163397);
#1965 = AXIS2_PLACEMENT_3D('',#1966,#1967,#1968);
#1966 = CARTESIAN_POINT('',(16.370330321552,-12.85,13.4));
#1967 = DIRECTION('',(-0.,-0.,-1.));
#1968 = DIRECTION('',(-0.245330321551,-0.969439545989,0.));
#1969 = DEFINITIONAL_REPRESENTATION('',(#1970),#1974);
#1970 = LINE('',#1971,#1972);
#1971 = CARTESIAN_POINT('',(0.,-0.));
#1972 = VECTOR('',#1973,1.);
#1973 = DIRECTION('',(1.,-0.));
#1974 = ( GEOMETRIC_REPRESENTATION_CONTEXT(2) 
PARAMETRIC_REPRESENTATION_CONTEXT() REPRESENTATION_CONTEXT('2D SPACE',''
  ) );
#1975 = ORIENTED_EDGE('',*,*,#1976,.F.);
#1976 = EDGE_CURVE('',#462,#1948,#1977,.T.);
#1977 = SURFACE_CURVE('',#1978,(#1982,#1989),.PCURVE_S1.);
#1978 = LINE('',#1979,#1980);
#1979 = CARTESIAN_POINT('',(12.633283728133,-16.17181919415,0.));
#1980 = VECTOR('',#1981,1.);
#1981 = DIRECTION('',(0.,0.,1.));
#1982 = PCURVE('',#504,#1983);
#1983 = DEFINITIONAL_REPRESENTATION('',(#1984),#1988);
#1984 = LINE('',#1985,#1986);
#1985 = CARTESIAN_POINT('',(0.,0.));
#1986 = VECTOR('',#1987,1.);
#1987 = DIRECTION('',(0.,1.));
#1988 = ( GEOMETRIC_REPRESENTATION_CONTEXT(2) 
PARAMETRIC_REPRESENTATION_CONTEXT() REPRESENTATION_CONTEXT('2D SPACE',''
  ) );
#1989 = PCURVE('',#476,#1990);
#1990 = DEFINITIONAL_REPRESENTATION('',(#1991),#1995);
#1991 = LINE('',#1992,#1993);
#1992 = CARTESIAN_POINT('',(3.775466967845,0.));
#1993 = VECTOR('',#1994,1.);
#1994 = DIRECTION('',(0.,-1.));
#1995 = ( GEOMETRIC_REPRESENTATION_CONTEXT(2) 
PARAMETRIC_REPRESENTATION_CONTEXT() REPRESENTATION_CONTEXT('2D SPACE',''
  ) );
#1996 = ADVANCED_FACE('',(#1997),#203,.F.);
#1997 = FACE_BOUND('',#1998,.F.);
#1998 = EDGE_LOOP('',(#1999,#2023,#2024,#2025));
#1999 = ORIENTED_EDGE('',*,*,#2000,.F.);
#2000 = EDGE_CURVE('',#189,#2001,#2003,.T.);
#2001 = VERTEX_POINT('',#2002);
#2002 = CARTESIAN_POINT('',(-20.125,-13.81943954598,13.4));
#2003 = SURFACE_CURVE('',#2004,(#2010,#2016),.PCURVE_S1.);
#2004 = B_SPLINE_CURVE_WITH_KNOTS('',2,(#2005,#2006,#2007,#2008,#2009),
  .UNSPECIFIED.,.F.,.F.,(3,1,1,3),(-0.8568,6.227006757453E-14,14.,
    14.8568),.UNSPECIFIED.);
#2005 = CARTESIAN_POINT('',(-20.125,-13.81943954598,-0.8568));
#2006 = CARTESIAN_POINT('',(-20.125,-13.81943954598,-0.4284));
#2007 = CARTESIAN_POINT('',(-20.125,-13.81943954598,7.));
#2008 = CARTESIAN_POINT('',(-20.125,-13.81943954598,14.4284));
#2009 = CARTESIAN_POINT('',(-20.125,-13.81943954598,14.8568));
#2010 = PCURVE('',#203,#2011);
#2011 = DEFINITIONAL_REPRESENTATION('',(#2012),#2015);
#2012 = B_SPLINE_CURVE_WITH_KNOTS('',1,(#2013,#2014),.UNSPECIFIED.,.F.,
  .F.,(2,2),(6.227006757453E-14,14.),.PIECEWISE_BEZIER_KNOTS.);
#2013 = CARTESIAN_POINT('',(27.66943954599,-2.6645352591E-15));
#2014 = CARTESIAN_POINT('',(27.66943954599,-14.));
#2015 = ( GEOMETRIC_REPRESENTATION_CONTEXT(2) 
PARAMETRIC_REPRESENTATION_CONTEXT() REPRESENTATION_CONTEXT('2D SPACE',''
  ) );
#2016 = PCURVE('',#276,#2017);
#2017 = DEFINITIONAL_REPRESENTATION('',(#2018),#2022);
#2018 = LINE('',#2019,#2020);
#2019 = CARTESIAN_POINT('',(0.,0.));
#2020 = VECTOR('',#2021,1.);
#2021 = DIRECTION('',(0.,1.));
#2022 = ( GEOMETRIC_REPRESENTATION_CONTEXT(2) 
PARAMETRIC_REPRESENTATION_CONTEXT() REPRESENTATION_CONTEXT('2D SPACE',''
  ) );
#2023 = ORIENTED_EDGE('',*,*,#188,.F.);
#2024 = ORIENTED_EDGE('',*,*,#1596,.T.);
#2025 = ORIENTED_EDGE('',*,*,#2026,.F.);
#2026 = EDGE_CURVE('',#2001,#1597,#2027,.T.);
#2027 = SURFACE_CURVE('',#2028,(#2032,#2039),.PCURVE_S1.);
#2028 = LINE('',#2029,#2030);
#2029 = CARTESIAN_POINT('',(-20.125,-13.81943954598,13.4));
#2030 = VECTOR('',#2031,1.);
#2031 = DIRECTION('',(-0.,1.,-0.));
#2032 = PCURVE('',#203,#2033);
#2033 = DEFINITIONAL_REPRESENTATION('',(#2034),#2038);
#2034 = LINE('',#2035,#2036);
#2035 = CARTESIAN_POINT('',(27.66943954599,-13.4));
#2036 = VECTOR('',#2037,1.);
#2037 = DIRECTION('',(-1.,0.));
#2038 = ( GEOMETRIC_REPRESENTATION_CONTEXT(2) 
PARAMETRIC_REPRESENTATION_CONTEXT() REPRESENTATION_CONTEXT('2D SPACE',''
  ) );
#2039 = PCURVE('',#2040,#2045);
#2040 = PLANE('',#2041);
#2041 = AXIS2_PLACEMENT_3D('',#2042,#2043,#2044);
#2042 = CARTESIAN_POINT('',(-19.825,-13.81943954598,13.7));
#2043 = DIRECTION('',(0.707106781187,-6.963829119075E-18,-0.707106781187
    ));
#2044 = DIRECTION('',(4.924170793122E-18,1.,-4.924170793122E-18));
#2045 = DEFINITIONAL_REPRESENTATION('',(#2046),#2050);
#2046 = LINE('',#2047,#2048);
#2047 = CARTESIAN_POINT('',(0.,-0.424264068712));
#2048 = VECTOR('',#2049,1.);
#2049 = DIRECTION('',(1.,0.));
#2050 = ( GEOMETRIC_REPRESENTATION_CONTEXT(2) 
PARAMETRIC_REPRESENTATION_CONTEXT() REPRESENTATION_CONTEXT('2D SPACE',''
  ) );
#2051 = ADVANCED_FACE('',(#2052),#476,.F.);
#2052 = FACE_BOUND('',#2053,.F.);
#2053 = EDGE_LOOP('',(#2054,#2055,#2078,#2104));
#2054 = ORIENTED_EDGE('',*,*,#461,.F.);
#2055 = ORIENTED_EDGE('',*,*,#2056,.T.);
#2056 = EDGE_CURVE('',#433,#2057,#2059,.T.);
#2057 = VERTEX_POINT('',#2058);
#2058 = CARTESIAN_POINT('',(11.616716271867,-15.02818080585,13.4));
#2059 = SURFACE_CURVE('',#2060,(#2064,#2071),.PCURVE_S1.);
#2060 = LINE('',#2061,#2062);
#2061 = CARTESIAN_POINT('',(11.616716271867,-15.02818080585,0.));
#2062 = VECTOR('',#2063,1.);
#2063 = DIRECTION('',(0.,0.,1.));
#2064 = PCURVE('',#476,#2065);
#2065 = DEFINITIONAL_REPRESENTATION('',(#2066),#2070);
#2066 = LINE('',#2067,#2068);
#2067 = CARTESIAN_POINT('',(2.245330321551,0.));
#2068 = VECTOR('',#2069,1.);
#2069 = DIRECTION('',(0.,-1.));
#2070 = ( GEOMETRIC_REPRESENTATION_CONTEXT(2) 
PARAMETRIC_REPRESENTATION_CONTEXT() REPRESENTATION_CONTEXT('2D SPACE',''
  ) );
#2071 = PCURVE('',#449,#2072);
#2072 = DEFINITIONAL_REPRESENTATION('',(#2073),#2077);
#2073 = LINE('',#2074,#2075);
#2074 = CARTESIAN_POINT('',(-0.844153986113,0.));
#2075 = VECTOR('',#2076,1.);
#2076 = DIRECTION('',(-0.,1.));
#2077 = ( GEOMETRIC_REPRESENTATION_CONTEXT(2) 
PARAMETRIC_REPRESENTATION_CONTEXT() REPRESENTATION_CONTEXT('2D SPACE',''
  ) );
#2078 = ORIENTED_EDGE('',*,*,#2079,.F.);
#2079 = EDGE_CURVE('',#1948,#2057,#2080,.T.);
#2080 = SURFACE_CURVE('',#2081,(#2085,#2092),.PCURVE_S1.);
#2081 = LINE('',#2082,#2083);
#2082 = CARTESIAN_POINT('',(12.633283728133,-16.17181919415,13.4));
#2083 = VECTOR('',#2084,1.);
#2084 = DIRECTION('',(-0.66436383883,0.747409318684,-0.));
#2085 = PCURVE('',#476,#2086);
#2086 = DEFINITIONAL_REPRESENTATION('',(#2087),#2091);
#2087 = LINE('',#2088,#2089);
#2088 = CARTESIAN_POINT('',(3.775466967845,-13.4));
#2089 = VECTOR('',#2090,1.);
#2090 = DIRECTION('',(-1.,0.));
#2091 = ( GEOMETRIC_REPRESENTATION_CONTEXT(2) 
PARAMETRIC_REPRESENTATION_CONTEXT() REPRESENTATION_CONTEXT('2D SPACE',''
  ) );
#2092 = PCURVE('',#2093,#2098);
#2093 = PLANE('',#2094);
#2094 = AXIS2_PLACEMENT_3D('',#2095,#2096,#2097);
#2095 = CARTESIAN_POINT('',(12.857506523738,-15.9725100425,13.7));
#2096 = DIRECTION('',(0.528498197563,0.469776175612,-0.707106781187));
#2097 = DIRECTION('',(-0.66436383883,0.747409318684,2.775557561563E-17)
  );
#2098 = DEFINITIONAL_REPRESENTATION('',(#2099),#2103);
#2099 = LINE('',#2100,#2101);
#2100 = CARTESIAN_POINT('',(0.,-0.424264068712));
#2101 = VECTOR('',#2102,1.);
#2102 = DIRECTION('',(1.,0.));
#2103 = ( GEOMETRIC_REPRESENTATION_CONTEXT(2) 
PARAMETRIC_REPRESENTATION_CONTEXT() REPRESENTATION_CONTEXT('2D SPACE',''
  ) );
#2104 = ORIENTED_EDGE('',*,*,#1976,.F.);
#2105 = ADVANCED_FACE('',(#2106),#276,.T.);
#2106 = FACE_BOUND('',#2107,.T.);
#2107 = EDGE_LOOP('',(#2108,#2109,#2110,#2134));
#2108 = ORIENTED_EDGE('',*,*,#2000,.F.);
#2109 = ORIENTED_EDGE('',*,*,#214,.F.);
#2110 = ORIENTED_EDGE('',*,*,#2111,.T.);
#2111 = EDGE_CURVE('',#215,#2112,#2114,.T.);
#2112 = VERTEX_POINT('',#2113);
#2113 = CARTESIAN_POINT('',(-15.14367871379,-17.69719772994,13.4));
#2114 = SURFACE_CURVE('',#2115,(#2121,#2128),.PCURVE_S1.);
#2115 = B_SPLINE_CURVE_WITH_KNOTS('',2,(#2116,#2117,#2118,#2119,#2120),
  .UNSPECIFIED.,.F.,.F.,(3,1,1,3),(-0.8568,6.227006757453E-14,14.,
    14.8568),.UNSPECIFIED.);
#2116 = CARTESIAN_POINT('',(-15.14367871379,-17.69719772994,-0.8568));
#2117 = CARTESIAN_POINT('',(-15.14367871379,-17.69719772994,-0.4284));
#2118 = CARTESIAN_POINT('',(-15.14367871379,-17.69719772994,7.));
#2119 = CARTESIAN_POINT('',(-15.14367871379,-17.69719772994,14.4284));
#2120 = CARTESIAN_POINT('',(-15.14367871379,-17.69719772994,14.8568));
#2121 = PCURVE('',#276,#2122);
#2122 = DEFINITIONAL_REPRESENTATION('',(#2123),#2127);
#2123 = LINE('',#2124,#2125);
#2124 = CARTESIAN_POINT('',(14.,0.));
#2125 = VECTOR('',#2126,1.);
#2126 = DIRECTION('',(0.,1.));
#2127 = ( GEOMETRIC_REPRESENTATION_CONTEXT(2) 
PARAMETRIC_REPRESENTATION_CONTEXT() REPRESENTATION_CONTEXT('2D SPACE',''
  ) );
#2128 = PCURVE('',#339,#2129);
#2129 = DEFINITIONAL_REPRESENTATION('',(#2130),#2133);
#2130 = B_SPLINE_CURVE_WITH_KNOTS('',1,(#2131,#2132),.UNSPECIFIED.,.F.,
  .F.,(2,2),(6.227006757453E-14,14.),.PIECEWISE_BEZIER_KNOTS.);
#2131 = CARTESIAN_POINT('',(-0.596293573708,0.));
#2132 = CARTESIAN_POINT('',(-0.596293573708,14.));
#2133 = ( GEOMETRIC_REPRESENTATION_CONTEXT(2) 
PARAMETRIC_REPRESENTATION_CONTEXT() REPRESENTATION_CONTEXT('2D SPACE',''
  ) );
#2134 = ORIENTED_EDGE('',*,*,#2135,.T.);
#2135 = EDGE_CURVE('',#2112,#2001,#2136,.T.);
#2136 = SURFACE_CURVE('',#2137,(#2153,#2179),.PCURVE_S1.);
#2137 = B_SPLINE_CURVE_WITH_KNOTS('',14,(#2138,#2139,#2140,#2141,#2142,
    #2143,#2144,#2145,#2146,#2147,#2148,#2149,#2150,#2151,#2152),
  .UNSPECIFIED.,.F.,.F.,(15,15),(70.451340058805,77.725967016746),
  .PIECEWISE_BEZIER_KNOTS.);
#2138 = CARTESIAN_POINT('',(-15.14367871379,-17.69719772994,13.4));
#2139 = CARTESIAN_POINT('',(-15.59286385482,-17.81087035197,
    13.400000000006));
#2140 = CARTESIAN_POINT('',(-16.07897924446,-17.87421113865,
    13.399999999894));
#2141 = CARTESIAN_POINT('',(-16.59511925403,-17.87628560963,
    13.400000000648));
#2142 = CARTESIAN_POINT('',(-17.12872330805,-17.80216515396,
    13.399999997907));
#2143 = CARTESIAN_POINT('',(-17.66809153117,-17.65893756221,
    13.400000004145));
#2144 = CARTESIAN_POINT('',(-18.19145417754,-17.40120279505,
    13.399999994751));
#2145 = CARTESIAN_POINT('',(-18.66832518483,-17.11306725851,
    13.400000004666));
#2146 = CARTESIAN_POINT('',(-19.11250942964,-16.68595821656,
    13.399999996847));
#2147 = CARTESIAN_POINT('',(-19.45555231757,-16.26476929635,
    13.400000001874));
#2148 = CARTESIAN_POINT('',(-19.7447378828,-15.76788124068,
    13.399999999061));
#2149 = CARTESIAN_POINT('',(-19.9413767798,-15.27050237032,
    13.400000000333));
#2150 = CARTESIAN_POINT('',(-20.06728356298,-14.76959420523,
    13.399999999936));
#2151 = CARTESIAN_POINT('',(-20.125,-14.28278472608,13.400000000006));
#2152 = CARTESIAN_POINT('',(-20.125,-13.81943954598,13.4));
#2153 = PCURVE('',#276,#2154);
#2154 = DEFINITIONAL_REPRESENTATION('',(#2155),#2178);
#2155 = B_SPLINE_CURVE_WITH_KNOTS('',11,(#2156,#2157,#2158,#2159,#2160,
    #2161,#2162,#2163,#2164,#2165,#2166,#2167,#2168,#2169,#2170,#2171,
    #2172,#2173,#2174,#2175,#2176,#2177),.UNSPECIFIED.,.F.,.F.,(12,10,12
    ),(70.451340058805,74.088653537776,77.725967016746),.UNSPECIFIED.);
#2156 = CARTESIAN_POINT('',(14.,13.4));
#2157 = CARTESIAN_POINT('',(13.346085797812,13.400000000002));
#2158 = CARTESIAN_POINT('',(12.696560853501,13.399999999968));
#2159 = CARTESIAN_POINT('',(12.051241912925,13.400000000099));
#2160 = CARTESIAN_POINT('',(11.410473573162,13.399999999893));
#2161 = CARTESIAN_POINT('',(10.773116770792,13.400000000001));
#2162 = CARTESIAN_POINT('',(10.139166952655,13.400000000085));
#2163 = CARTESIAN_POINT('',(9.50839763222,13.399999999975));
#2164 = CARTESIAN_POINT('',(8.879754592123,13.400000000028));
#2165 = CARTESIAN_POINT('',(8.252700579926,13.400000000001));
#2166 = CARTESIAN_POINT('',(7.626343544383,13.400000000006));
#2167 = CARTESIAN_POINT('',(6.373630165577,13.400000000011));
#2168 = CARTESIAN_POINT('',(5.747273704278,13.400000000015));
#2169 = CARTESIAN_POINT('',(5.120133000778,13.400000000012));
#2170 = CARTESIAN_POINT('',(4.491725921315,13.400000000021));
#2171 = CARTESIAN_POINT('',(3.860636831787,13.399999999967));
#2172 = CARTESIAN_POINT('',(3.227699351525,13.400000000038));
#2173 = CARTESIAN_POINT('',(2.588961493232,13.399999999941));
#2174 = CARTESIAN_POINT('',(1.948806872617,13.400000000058));
#2175 = CARTESIAN_POINT('',(1.30344019603,13.39999999998));
#2176 = CARTESIAN_POINT('',(0.653914202184,13.400000000003));
#2177 = CARTESIAN_POINT('',(7.576498557354E-15,13.4));
#2178 = ( GEOMETRIC_REPRESENTATION_CONTEXT(2) 
PARAMETRIC_REPRESENTATION_CONTEXT() REPRESENTATION_CONTEXT('2D SPACE',''
  ) );
#2179 = PCURVE('',#2180,#2211);
#2180 = B_SPLINE_SURFACE_WITH_KNOTS('',1,14,(
    (#2181,#2182,#2183,#2184,#2185,#2186,#2187,#2188,#2189,#2190,#2191
      ,#2192,#2193,#2194,#2195)
    ,(#2196,#2197,#2198,#2199,#2200,#2201,#2202,#2203,#2204,#2205,#2206
      ,#2207,#2208,#2209,#2210
  )),.UNSPECIFIED.,.F.,.F.,.F.,(2,2),(15,15),(0.,7.27462695794),(
    70.451340058805,77.725967016746),.PIECEWISE_BEZIER_KNOTS.);
#2181 = CARTESIAN_POINT('',(-15.14367871379,-17.69719772994,13.4));
#2182 = CARTESIAN_POINT('',(-15.59286385482,-17.81087035197,
    13.400000000006));
#2183 = CARTESIAN_POINT('',(-16.07897924446,-17.87421113865,
    13.399999999894));
#2184 = CARTESIAN_POINT('',(-16.59511925403,-17.87628560963,
    13.400000000648));
#2185 = CARTESIAN_POINT('',(-17.12872330805,-17.80216515396,
    13.399999997907));
#2186 = CARTESIAN_POINT('',(-17.66809153117,-17.65893756221,
    13.400000004145));
#2187 = CARTESIAN_POINT('',(-18.19145417754,-17.40120279505,
    13.399999994751));
#2188 = CARTESIAN_POINT('',(-18.66832518483,-17.11306725851,
    13.400000004666));
#2189 = CARTESIAN_POINT('',(-19.11250942964,-16.68595821656,
    13.399999996847));
#2190 = CARTESIAN_POINT('',(-19.45555231757,-16.26476929635,
    13.400000001874));
#2191 = CARTESIAN_POINT('',(-19.7447378828,-15.76788124068,
    13.399999999061));
#2192 = CARTESIAN_POINT('',(-19.9413767798,-15.27050237032,
    13.400000000333));
#2193 = CARTESIAN_POINT('',(-20.06728356298,-14.76959420523,
    13.399999999936));
#2194 = CARTESIAN_POINT('',(-20.125,-14.28278472608,13.400000000006));
#2195 = CARTESIAN_POINT('',(-20.125,-13.81943954598,13.4));
#2196 = CARTESIAN_POINT('',(-15.29087690672,-17.11553400235,14.));
#2197 = CARTESIAN_POINT('',(-15.67268410191,-17.21215568686,
    14.000000000003));
#2198 = CARTESIAN_POINT('',(-16.08593165591,-17.26596559825,
    13.999999999987));
#2199 = CARTESIAN_POINT('',(-16.52421972545,-17.268010576,
    14.000000000039));
#2200 = CARTESIAN_POINT('',(-16.97982405805,-17.2037144643,
    13.99999999991));
#2201 = CARTESIAN_POINT('',(-17.43223656345,-17.08589617363,
    14.00000000016));
#2202 = CARTESIAN_POINT('',(-17.88872195304,-16.85847611624,
    13.999999999774));
#2203 = CARTESIAN_POINT('',(-18.27909752941,-16.62594612817,
    14.000000000257));
#2204 = CARTESIAN_POINT('',(-18.66995530264,-16.25008281922,
    13.999999999763));
#2205 = CARTESIAN_POINT('',(-18.9531532552,-15.90143349512,
    14.000000000177));
#2206 = CARTESIAN_POINT('',(-19.20278218463,-15.47415748038,
    13.999999999893));
#2207 = CARTESIAN_POINT('',(-19.36868077268,-15.05327859686,
    14.00000000005));
#2208 = CARTESIAN_POINT('',(-19.47596689713,-14.62699409201,
    13.999999999982));
#2209 = CARTESIAN_POINT('',(-19.525,-14.21328276887,14.000000000004));
#2210 = CARTESIAN_POINT('',(-19.525,-13.81943954598,14.));
#2211 = DEFINITIONAL_REPRESENTATION('',(#2212),#2216);
#2212 = LINE('',#2213,#2214);
#2213 = CARTESIAN_POINT('',(0.,0.));
#2214 = VECTOR('',#2215,1.);
#2215 = DIRECTION('',(0.,1.));
#2216 = ( GEOMETRIC_REPRESENTATION_CONTEXT(2) 
PARAMETRIC_REPRESENTATION_CONTEXT() REPRESENTATION_CONTEXT('2D SPACE',''
  ) );
#2217 = ADVANCED_FACE('',(#2218),#449,.F.);
#2218 = FACE_BOUND('',#2219,.T.);
#2219 = EDGE_LOOP('',(#2220,#2243,#2244,#2245));
#2220 = ORIENTED_EDGE('',*,*,#2221,.F.);
#2221 = EDGE_CURVE('',#407,#2222,#2224,.T.);
#2222 = VERTEX_POINT('',#2223);
#2223 = CARTESIAN_POINT('',(7.879669678449,-13.35,13.4));
#2224 = SURFACE_CURVE('',#2225,(#2229,#2236),.PCURVE_S1.);
#2225 = LINE('',#2226,#2227);
#2226 = CARTESIAN_POINT('',(7.879669678449,-13.35,0.));
#2227 = VECTOR('',#2228,1.);
#2228 = DIRECTION('',(0.,0.,1.));
#2229 = PCURVE('',#449,#2230);
#2230 = DEFINITIONAL_REPRESENTATION('',(#2231),#2235);
#2231 = LINE('',#2232,#2233);
#2232 = CARTESIAN_POINT('',(-0.,0.));
#2233 = VECTOR('',#2234,1.);
#2234 = DIRECTION('',(-0.,1.));
#2235 = ( GEOMETRIC_REPRESENTATION_CONTEXT(2) 
PARAMETRIC_REPRESENTATION_CONTEXT() REPRESENTATION_CONTEXT('2D SPACE',''
  ) );
#2236 = PCURVE('',#421,#2237);
#2237 = DEFINITIONAL_REPRESENTATION('',(#2238),#2242);
#2238 = LINE('',#2239,#2240);
#2239 = CARTESIAN_POINT('',(7.879669678449,0.));
#2240 = VECTOR('',#2241,1.);
#2241 = DIRECTION('',(0.,-1.));
#2242 = ( GEOMETRIC_REPRESENTATION_CONTEXT(2) 
PARAMETRIC_REPRESENTATION_CONTEXT() REPRESENTATION_CONTEXT('2D SPACE',''
  ) );
#2243 = ORIENTED_EDGE('',*,*,#432,.F.);
#2244 = ORIENTED_EDGE('',*,*,#2056,.T.);
#2245 = ORIENTED_EDGE('',*,*,#2246,.T.);
#2246 = EDGE_CURVE('',#2057,#2222,#2247,.T.);
#2247 = SURFACE_CURVE('',#2248,(#2253,#2260),.PCURVE_S1.);
#2248 = CIRCLE('',#2249,5.);
#2249 = AXIS2_PLACEMENT_3D('',#2250,#2251,#2252);
#2250 = CARTESIAN_POINT('',(7.879669678449,-18.35,13.4));
#2251 = DIRECTION('',(0.,0.,1.));
#2252 = DIRECTION('',(0.747409318684,0.66436383883,-0.));
#2253 = PCURVE('',#449,#2254);
#2254 = DEFINITIONAL_REPRESENTATION('',(#2255),#2259);
#2255 = LINE('',#2256,#2257);
#2256 = CARTESIAN_POINT('',(-0.844153986113,13.4));
#2257 = VECTOR('',#2258,1.);
#2258 = DIRECTION('',(1.,-0.));
#2259 = ( GEOMETRIC_REPRESENTATION_CONTEXT(2) 
PARAMETRIC_REPRESENTATION_CONTEXT() REPRESENTATION_CONTEXT('2D SPACE',''
  ) );
#2260 = PCURVE('',#2261,#2266);
#2261 = CONICAL_SURFACE('',#2262,5.,0.785398163397);
#2262 = AXIS2_PLACEMENT_3D('',#2263,#2264,#2265);
#2263 = CARTESIAN_POINT('',(7.879669678449,-18.35,13.4));
#2264 = DIRECTION('',(0.,0.,1.));
#2265 = DIRECTION('',(0.747409318684,0.66436383883,-0.));
#2266 = DEFINITIONAL_REPRESENTATION('',(#2267),#2271);
#2267 = LINE('',#2268,#2269);
#2268 = CARTESIAN_POINT('',(0.,0.));
#2269 = VECTOR('',#2270,1.);
#2270 = DIRECTION('',(1.,0.));
#2271 = ( GEOMETRIC_REPRESENTATION_CONTEXT(2) 
PARAMETRIC_REPRESENTATION_CONTEXT() REPRESENTATION_CONTEXT('2D SPACE',''
  ) );
#2272 = ADVANCED_FACE('',(#2273),#339,.T.);
#2273 = FACE_BOUND('',#2274,.F.);
#2274 = EDGE_LOOP('',(#2275,#2276,#2277,#2306));
#2275 = ORIENTED_EDGE('',*,*,#322,.F.);
#2276 = ORIENTED_EDGE('',*,*,#2111,.T.);
#2277 = ORIENTED_EDGE('',*,*,#2278,.F.);
#2278 = EDGE_CURVE('',#2279,#2112,#2281,.T.);
#2279 = VERTEX_POINT('',#2280);
#2280 = CARTESIAN_POINT('',(-12.63328372813,-16.17181919415,13.4));
#2281 = SURFACE_CURVE('',#2282,(#2287,#2294),.PCURVE_S1.);
#2282 = CIRCLE('',#2283,5.);
#2283 = AXIS2_PLACEMENT_3D('',#2284,#2285,#2286);
#2284 = CARTESIAN_POINT('',(-16.37033032155,-12.85,13.4));
#2285 = DIRECTION('',(0.,-0.,-1.));
#2286 = DIRECTION('',(0.747409318684,-0.66436383883,0.));
#2287 = PCURVE('',#339,#2288);
#2288 = DEFINITIONAL_REPRESENTATION('',(#2289),#2293);
#2289 = LINE('',#2290,#2291);
#2290 = CARTESIAN_POINT('',(-0.,13.4));
#2291 = VECTOR('',#2292,1.);
#2292 = DIRECTION('',(-1.,0.));
#2293 = ( GEOMETRIC_REPRESENTATION_CONTEXT(2) 
PARAMETRIC_REPRESENTATION_CONTEXT() REPRESENTATION_CONTEXT('2D SPACE',''
  ) );
#2294 = PCURVE('',#2295,#2300);
#2295 = CONICAL_SURFACE('',#2296,5.,0.785398163397);
#2296 = AXIS2_PLACEMENT_3D('',#2297,#2298,#2299);
#2297 = CARTESIAN_POINT('',(-16.37033032155,-12.85,13.4));
#2298 = DIRECTION('',(-0.,-0.,-1.));
#2299 = DIRECTION('',(0.747409318684,-0.66436383883,0.));
#2300 = DEFINITIONAL_REPRESENTATION('',(#2301),#2305);
#2301 = LINE('',#2302,#2303);
#2302 = CARTESIAN_POINT('',(0.,-0.));
#2303 = VECTOR('',#2304,1.);
#2304 = DIRECTION('',(1.,-0.));
#2305 = ( GEOMETRIC_REPRESENTATION_CONTEXT(2) 
PARAMETRIC_REPRESENTATION_CONTEXT() REPRESENTATION_CONTEXT('2D SPACE',''
  ) );
#2306 = ORIENTED_EDGE('',*,*,#2307,.F.);
#2307 = EDGE_CURVE('',#323,#2279,#2308,.T.);
#2308 = SURFACE_CURVE('',#2309,(#2313,#2320),.PCURVE_S1.);
#2309 = LINE('',#2310,#2311);
#2310 = CARTESIAN_POINT('',(-12.63328372813,-16.17181919415,0.));
#2311 = VECTOR('',#2312,1.);
#2312 = DIRECTION('',(-0.,-0.,1.));
#2313 = PCURVE('',#339,#2314);
#2314 = DEFINITIONAL_REPRESENTATION('',(#2315),#2319);
#2315 = LINE('',#2316,#2317);
#2316 = CARTESIAN_POINT('',(-0.,0.));
#2317 = VECTOR('',#2318,1.);
#2318 = DIRECTION('',(-0.,1.));
#2319 = ( GEOMETRIC_REPRESENTATION_CONTEXT(2) 
PARAMETRIC_REPRESENTATION_CONTEXT() REPRESENTATION_CONTEXT('2D SPACE',''
  ) );
#2320 = PCURVE('',#366,#2321);
#2321 = DEFINITIONAL_REPRESENTATION('',(#2322),#2326);
#2322 = LINE('',#2323,#2324);
#2323 = CARTESIAN_POINT('',(-3.775466967845,0.));
#2324 = VECTOR('',#2325,1.);
#2325 = DIRECTION('',(-0.,-1.));
#2326 = ( GEOMETRIC_REPRESENTATION_CONTEXT(2) 
PARAMETRIC_REPRESENTATION_CONTEXT() REPRESENTATION_CONTEXT('2D SPACE',''
  ) );
#2327 = ADVANCED_FACE('',(#2328),#421,.F.);
#2328 = FACE_BOUND('',#2329,.F.);
#2329 = EDGE_LOOP('',(#2330,#2331,#2354,#2380));
#2330 = ORIENTED_EDGE('',*,*,#406,.F.);
#2331 = ORIENTED_EDGE('',*,*,#2332,.T.);
#2332 = EDGE_CURVE('',#378,#2333,#2335,.T.);
#2333 = VERTEX_POINT('',#2334);
#2334 = CARTESIAN_POINT('',(-7.879669678449,-13.35,13.4));
#2335 = SURFACE_CURVE('',#2336,(#2340,#2347),.PCURVE_S1.);
#2336 = LINE('',#2337,#2338);
#2337 = CARTESIAN_POINT('',(-7.879669678449,-13.35,0.));
#2338 = VECTOR('',#2339,1.);
#2339 = DIRECTION('',(-0.,-0.,1.));
#2340 = PCURVE('',#421,#2341);
#2341 = DEFINITIONAL_REPRESENTATION('',(#2342),#2346);
#2342 = LINE('',#2343,#2344);
#2343 = CARTESIAN_POINT('',(-7.879669678449,0.));
#2344 = VECTOR('',#2345,1.);
#2345 = DIRECTION('',(0.,-1.));
#2346 = ( GEOMETRIC_REPRESENTATION_CONTEXT(2) 
PARAMETRIC_REPRESENTATION_CONTEXT() REPRESENTATION_CONTEXT('2D SPACE',''
  ) );
#2347 = PCURVE('',#394,#2348);
#2348 = DEFINITIONAL_REPRESENTATION('',(#2349),#2353);
#2349 = LINE('',#2350,#2351);
#2350 = CARTESIAN_POINT('',(0.,0.));
#2351 = VECTOR('',#2352,1.);
#2352 = DIRECTION('',(0.,1.));
#2353 = ( GEOMETRIC_REPRESENTATION_CONTEXT(2) 
PARAMETRIC_REPRESENTATION_CONTEXT() REPRESENTATION_CONTEXT('2D SPACE',''
  ) );
#2354 = ORIENTED_EDGE('',*,*,#2355,.F.);
#2355 = EDGE_CURVE('',#2222,#2333,#2356,.T.);
#2356 = SURFACE_CURVE('',#2357,(#2361,#2368),.PCURVE_S1.);
#2357 = LINE('',#2358,#2359);
#2358 = CARTESIAN_POINT('',(7.879669678449,-13.35,13.4));
#2359 = VECTOR('',#2360,1.);
#2360 = DIRECTION('',(-1.,-0.,-0.));
#2361 = PCURVE('',#421,#2362);
#2362 = DEFINITIONAL_REPRESENTATION('',(#2363),#2367);
#2363 = LINE('',#2364,#2365);
#2364 = CARTESIAN_POINT('',(7.879669678449,-13.4));
#2365 = VECTOR('',#2366,1.);
#2366 = DIRECTION('',(-1.,0.));
#2367 = ( GEOMETRIC_REPRESENTATION_CONTEXT(2) 
PARAMETRIC_REPRESENTATION_CONTEXT() REPRESENTATION_CONTEXT('2D SPACE',''
  ) );
#2368 = PCURVE('',#2369,#2374);
#2369 = PLANE('',#2370);
#2370 = AXIS2_PLACEMENT_3D('',#2371,#2372,#2373);
#2371 = CARTESIAN_POINT('',(7.879669678449,-13.05,13.7));
#2372 = DIRECTION('',(0.,0.707106781187,-0.707106781187));
#2373 = DIRECTION('',(-1.,0.,-0.));
#2374 = DEFINITIONAL_REPRESENTATION('',(#2375),#2379);
#2375 = LINE('',#2376,#2377);
#2376 = CARTESIAN_POINT('',(0.,-0.424264068712));
#2377 = VECTOR('',#2378,1.);
#2378 = DIRECTION('',(1.,0.));
#2379 = ( GEOMETRIC_REPRESENTATION_CONTEXT(2) 
PARAMETRIC_REPRESENTATION_CONTEXT() REPRESENTATION_CONTEXT('2D SPACE',''
  ) );
#2380 = ORIENTED_EDGE('',*,*,#2221,.F.);
#2381 = ADVANCED_FACE('',(#2382),#366,.F.);
#2382 = FACE_BOUND('',#2383,.T.);
#2383 = EDGE_LOOP('',(#2384,#2385,#2408,#2434));
#2384 = ORIENTED_EDGE('',*,*,#351,.F.);
#2385 = ORIENTED_EDGE('',*,*,#2386,.T.);
#2386 = EDGE_CURVE('',#352,#2387,#2389,.T.);
#2387 = VERTEX_POINT('',#2388);
#2388 = CARTESIAN_POINT('',(-11.61671627186,-15.02818080585,13.4));
#2389 = SURFACE_CURVE('',#2390,(#2394,#2401),.PCURVE_S1.);
#2390 = LINE('',#2391,#2392);
#2391 = CARTESIAN_POINT('',(-11.61671627186,-15.02818080585,0.));
#2392 = VECTOR('',#2393,1.);
#2393 = DIRECTION('',(-0.,-0.,1.));
#2394 = PCURVE('',#366,#2395);
#2395 = DEFINITIONAL_REPRESENTATION('',(#2396),#2400);
#2396 = LINE('',#2397,#2398);
#2397 = CARTESIAN_POINT('',(-2.245330321551,0.));
#2398 = VECTOR('',#2399,1.);
#2399 = DIRECTION('',(-0.,-1.));
#2400 = ( GEOMETRIC_REPRESENTATION_CONTEXT(2) 
PARAMETRIC_REPRESENTATION_CONTEXT() REPRESENTATION_CONTEXT('2D SPACE',''
  ) );
#2401 = PCURVE('',#394,#2402);
#2402 = DEFINITIONAL_REPRESENTATION('',(#2403),#2407);
#2403 = LINE('',#2404,#2405);
#2404 = CARTESIAN_POINT('',(0.844153986113,0.));
#2405 = VECTOR('',#2406,1.);
#2406 = DIRECTION('',(0.,1.));
#2407 = ( GEOMETRIC_REPRESENTATION_CONTEXT(2) 
PARAMETRIC_REPRESENTATION_CONTEXT() REPRESENTATION_CONTEXT('2D SPACE',''
  ) );
#2408 = ORIENTED_EDGE('',*,*,#2409,.T.);
#2409 = EDGE_CURVE('',#2387,#2279,#2410,.T.);
#2410 = SURFACE_CURVE('',#2411,(#2415,#2422),.PCURVE_S1.);
#2411 = LINE('',#2412,#2413);
#2412 = CARTESIAN_POINT('',(-11.61671627186,-15.02818080585,13.4));
#2413 = VECTOR('',#2414,1.);
#2414 = DIRECTION('',(-0.66436383883,-0.747409318684,-0.));
#2415 = PCURVE('',#366,#2416);
#2416 = DEFINITIONAL_REPRESENTATION('',(#2417),#2421);
#2417 = LINE('',#2418,#2419);
#2418 = CARTESIAN_POINT('',(-2.245330321551,-13.4));
#2419 = VECTOR('',#2420,1.);
#2420 = DIRECTION('',(-1.,0.));
#2421 = ( GEOMETRIC_REPRESENTATION_CONTEXT(2) 
PARAMETRIC_REPRESENTATION_CONTEXT() REPRESENTATION_CONTEXT('2D SPACE',''
  ) );
#2422 = PCURVE('',#2423,#2428);
#2423 = PLANE('',#2424);
#2424 = AXIS2_PLACEMENT_3D('',#2425,#2426,#2427);
#2425 = CARTESIAN_POINT('',(-11.84093906747,-14.8288716542,13.7));
#2426 = DIRECTION('',(0.528498197563,-0.469776175612,0.707106781187));
#2427 = DIRECTION('',(0.66436383883,0.747409318684,-2.775557561563E-17)
  );
#2428 = DEFINITIONAL_REPRESENTATION('',(#2429),#2433);
#2429 = LINE('',#2430,#2431);
#2430 = CARTESIAN_POINT('',(-0.,-0.424264068712));
#2431 = VECTOR('',#2432,1.);
#2432 = DIRECTION('',(-1.,0.));
#2433 = ( GEOMETRIC_REPRESENTATION_CONTEXT(2) 
PARAMETRIC_REPRESENTATION_CONTEXT() REPRESENTATION_CONTEXT('2D SPACE',''
  ) );
#2434 = ORIENTED_EDGE('',*,*,#2307,.F.);
#2435 = ADVANCED_FACE('',(#2436),#394,.F.);
#2436 = FACE_BOUND('',#2437,.F.);
#2437 = EDGE_LOOP('',(#2438,#2439,#2440,#2441));
#2438 = ORIENTED_EDGE('',*,*,#2332,.F.);
#2439 = ORIENTED_EDGE('',*,*,#377,.T.);
#2440 = ORIENTED_EDGE('',*,*,#2386,.T.);
#2441 = ORIENTED_EDGE('',*,*,#2442,.F.);
#2442 = EDGE_CURVE('',#2333,#2387,#2443,.T.);
#2443 = SURFACE_CURVE('',#2444,(#2449,#2456),.PCURVE_S1.);
#2444 = CIRCLE('',#2445,5.);
#2445 = AXIS2_PLACEMENT_3D('',#2446,#2447,#2448);
#2446 = CARTESIAN_POINT('',(-7.879669678449,-18.35,13.4));
#2447 = DIRECTION('',(0.,0.,1.));
#2448 = DIRECTION('',(1.7763568394E-16,1.,-0.));
#2449 = PCURVE('',#394,#2450);
#2450 = DEFINITIONAL_REPRESENTATION('',(#2451),#2455);
#2451 = LINE('',#2452,#2453);
#2452 = CARTESIAN_POINT('',(0.,13.4));
#2453 = VECTOR('',#2454,1.);
#2454 = DIRECTION('',(1.,0.));
#2455 = ( GEOMETRIC_REPRESENTATION_CONTEXT(2) 
PARAMETRIC_REPRESENTATION_CONTEXT() REPRESENTATION_CONTEXT('2D SPACE',''
  ) );
#2456 = PCURVE('',#2457,#2462);
#2457 = CONICAL_SURFACE('',#2458,5.,0.785398163397);
#2458 = AXIS2_PLACEMENT_3D('',#2459,#2460,#2461);
#2459 = CARTESIAN_POINT('',(-7.879669678449,-18.35,13.4));
#2460 = DIRECTION('',(0.,0.,1.));
#2461 = DIRECTION('',(1.7763568394E-16,1.,-0.));
#2462 = DEFINITIONAL_REPRESENTATION('',(#2463),#2467);
#2463 = LINE('',#2464,#2465);
#2464 = CARTESIAN_POINT('',(0.,0.));
#2465 = VECTOR('',#2466,1.);
#2466 = DIRECTION('',(1.,0.));
#2467 = ( GEOMETRIC_REPRESENTATION_CONTEXT(2) 
PARAMETRIC_REPRESENTATION_CONTEXT() REPRESENTATION_CONTEXT('2D SPACE',''
  ) );
#2468 = ADVANCED_FACE('',(#2469),#667,.F.);
#2469 = FACE_BOUND('',#2470,.T.);
#2470 = EDGE_LOOP('',(#2471,#2500,#2521,#2522));
#2471 = ORIENTED_EDGE('',*,*,#2472,.F.);
#2472 = EDGE_CURVE('',#2473,#2473,#2475,.T.);
#2473 = VERTEX_POINT('',#2474);
#2474 = CARTESIAN_POINT('',(-15.3,-14.5,12.));
#2475 = SURFACE_CURVE('',#2476,(#2481,#2488),.PCURVE_S1.);
#2476 = CIRCLE('',#2477,1.2);
#2477 = AXIS2_PLACEMENT_3D('',#2478,#2479,#2480);
#2478 = CARTESIAN_POINT('',(-16.5,-14.5,12.));
#2479 = DIRECTION('',(0.,-1.224646799147E-16,-1.));
#2480 = DIRECTION('',(1.,0.,0.));
#2481 = PCURVE('',#667,#2482);
#2482 = DEFINITIONAL_REPRESENTATION('',(#2483),#2487);
#2483 = LINE('',#2484,#2485);
#2484 = CARTESIAN_POINT('',(-0.,0.));
#2485 = VECTOR('',#2486,1.);
#2486 = DIRECTION('',(-1.,0.));
#2487 = ( GEOMETRIC_REPRESENTATION_CONTEXT(2) 
PARAMETRIC_REPRESENTATION_CONTEXT() REPRESENTATION_CONTEXT('2D SPACE',''
  ) );
#2488 = PCURVE('',#2489,#2494);
#2489 = PLANE('',#2490);
#2490 = AXIS2_PLACEMENT_3D('',#2491,#2492,#2493);
#2491 = CARTESIAN_POINT('',(-16.5,-14.5,12.));
#2492 = DIRECTION('',(0.,-1.224646799147E-16,-1.));
#2493 = DIRECTION('',(1.,0.,0.));
#2494 = DEFINITIONAL_REPRESENTATION('',(#2495),#2499);
#2495 = CIRCLE('',#2496,1.2);
#2496 = AXIS2_PLACEMENT_2D('',#2497,#2498);
#2497 = CARTESIAN_POINT('',(1.799263332289E-16,-1.023653692829E-16));
#2498 = DIRECTION('',(1.,0.));
#2499 = ( GEOMETRIC_REPRESENTATION_CONTEXT(2) 
PARAMETRIC_REPRESENTATION_CONTEXT() REPRESENTATION_CONTEXT('2D SPACE',''
  ) );
#2500 = ORIENTED_EDGE('',*,*,#2501,.T.);
#2501 = EDGE_CURVE('',#2473,#651,#2502,.T.);
#2502 = SEAM_CURVE('',#2503,(#2507,#2514),.PCURVE_S1.);
#2503 = LINE('',#2504,#2505);
#2504 = CARTESIAN_POINT('',(-15.3,-14.5,12.));
#2505 = VECTOR('',#2506,1.);
#2506 = DIRECTION('',(0.,-1.224646799147E-16,-1.));
#2507 = PCURVE('',#667,#2508);
#2508 = DEFINITIONAL_REPRESENTATION('',(#2509),#2513);
#2509 = LINE('',#2510,#2511);
#2510 = CARTESIAN_POINT('',(-6.28318530718,0.));
#2511 = VECTOR('',#2512,1.);
#2512 = DIRECTION('',(-0.,-1.));
#2513 = ( GEOMETRIC_REPRESENTATION_CONTEXT(2) 
PARAMETRIC_REPRESENTATION_CONTEXT() REPRESENTATION_CONTEXT('2D SPACE',''
  ) );
#2514 = PCURVE('',#667,#2515);
#2515 = DEFINITIONAL_REPRESENTATION('',(#2516),#2520);
#2516 = LINE('',#2517,#2518);
#2517 = CARTESIAN_POINT('',(-0.,0.));
#2518 = VECTOR('',#2519,1.);
#2519 = DIRECTION('',(-0.,-1.));
#2520 = ( GEOMETRIC_REPRESENTATION_CONTEXT(2) 
PARAMETRIC_REPRESENTATION_CONTEXT() REPRESENTATION_CONTEXT('2D SPACE',''
  ) );
#2521 = ORIENTED_EDGE('',*,*,#650,.F.);
#2522 = ORIENTED_EDGE('',*,*,#2501,.F.);
#2523 = ADVANCED_FACE('',(#2524),#698,.F.);
#2524 = FACE_BOUND('',#2525,.T.);
#2525 = EDGE_LOOP('',(#2526,#2555,#2576,#2577));
#2526 = ORIENTED_EDGE('',*,*,#2527,.F.);
#2527 = EDGE_CURVE('',#2528,#2528,#2530,.T.);
#2528 = VERTEX_POINT('',#2529);
#2529 = CARTESIAN_POINT('',(17.7,-14.5,12.));
#2530 = SURFACE_CURVE('',#2531,(#2536,#2543),.PCURVE_S1.);
#2531 = CIRCLE('',#2532,1.2);
#2532 = AXIS2_PLACEMENT_3D('',#2533,#2534,#2535);
#2533 = CARTESIAN_POINT('',(16.5,-14.5,12.));
#2534 = DIRECTION('',(0.,-1.224646799147E-16,-1.));
#2535 = DIRECTION('',(1.,0.,0.));
#2536 = PCURVE('',#698,#2537);
#2537 = DEFINITIONAL_REPRESENTATION('',(#2538),#2542);
#2538 = LINE('',#2539,#2540);
#2539 = CARTESIAN_POINT('',(-0.,0.));
#2540 = VECTOR('',#2541,1.);
#2541 = DIRECTION('',(-1.,0.));
#2542 = ( GEOMETRIC_REPRESENTATION_CONTEXT(2) 
PARAMETRIC_REPRESENTATION_CONTEXT() REPRESENTATION_CONTEXT('2D SPACE',''
  ) );
#2543 = PCURVE('',#2544,#2549);
#2544 = PLANE('',#2545);
#2545 = AXIS2_PLACEMENT_3D('',#2546,#2547,#2548);
#2546 = CARTESIAN_POINT('',(16.5,-14.5,12.));
#2547 = DIRECTION('',(0.,-1.224646799147E-16,-1.));
#2548 = DIRECTION('',(1.,0.,0.));
#2549 = DEFINITIONAL_REPRESENTATION('',(#2550),#2554);
#2550 = CIRCLE('',#2551,1.2);
#2551 = AXIS2_PLACEMENT_2D('',#2552,#2553);
#2552 = CARTESIAN_POINT('',(1.799263332289E-16,-1.023653692829E-16));
#2553 = DIRECTION('',(1.,0.));
#2554 = ( GEOMETRIC_REPRESENTATION_CONTEXT(2) 
PARAMETRIC_REPRESENTATION_CONTEXT() REPRESENTATION_CONTEXT('2D SPACE',''
  ) );
#2555 = ORIENTED_EDGE('',*,*,#2556,.T.);
#2556 = EDGE_CURVE('',#2528,#682,#2557,.T.);
#2557 = SEAM_CURVE('',#2558,(#2562,#2569),.PCURVE_S1.);
#2558 = LINE('',#2559,#2560);
#2559 = CARTESIAN_POINT('',(17.7,-14.5,12.));
#2560 = VECTOR('',#2561,1.);
#2561 = DIRECTION('',(0.,-1.224646799147E-16,-1.));
#2562 = PCURVE('',#698,#2563);
#2563 = DEFINITIONAL_REPRESENTATION('',(#2564),#2568);
#2564 = LINE('',#2565,#2566);
#2565 = CARTESIAN_POINT('',(-6.28318530718,0.));
#2566 = VECTOR('',#2567,1.);
#2567 = DIRECTION('',(-0.,-1.));
#2568 = ( GEOMETRIC_REPRESENTATION_CONTEXT(2) 
PARAMETRIC_REPRESENTATION_CONTEXT() REPRESENTATION_CONTEXT('2D SPACE',''
  ) );
#2569 = PCURVE('',#698,#2570);
#2570 = DEFINITIONAL_REPRESENTATION('',(#2571),#2575);
#2571 = LINE('',#2572,#2573);
#2572 = CARTESIAN_POINT('',(-0.,0.));
#2573 = VECTOR('',#2574,1.);
#2574 = DIRECTION('',(-0.,-1.));
#2575 = ( GEOMETRIC_REPRESENTATION_CONTEXT(2) 
PARAMETRIC_REPRESENTATION_CONTEXT() REPRESENTATION_CONTEXT('2D SPACE',''
  ) );
#2576 = ORIENTED_EDGE('',*,*,#681,.F.);
#2577 = ORIENTED_EDGE('',*,*,#2556,.F.);
#2578 = ADVANCED_FACE('',(#2579),#729,.F.);
#2579 = FACE_BOUND('',#2580,.T.);
#2580 = EDGE_LOOP('',(#2581,#2610,#2631,#2632));
#2581 = ORIENTED_EDGE('',*,*,#2582,.F.);
#2582 = EDGE_CURVE('',#2583,#2583,#2585,.T.);
#2583 = VERTEX_POINT('',#2584);
#2584 = CARTESIAN_POINT('',(-15.3,10.,12.));
#2585 = SURFACE_CURVE('',#2586,(#2591,#2598),.PCURVE_S1.);
#2586 = CIRCLE('',#2587,1.2);
#2587 = AXIS2_PLACEMENT_3D('',#2588,#2589,#2590);
#2588 = CARTESIAN_POINT('',(-16.5,10.,12.));
#2589 = DIRECTION('',(0.,-1.224646799147E-16,-1.));
#2590 = DIRECTION('',(1.,0.,0.));
#2591 = PCURVE('',#729,#2592);
#2592 = DEFINITIONAL_REPRESENTATION('',(#2593),#2597);
#2593 = LINE('',#2594,#2595);
#2594 = CARTESIAN_POINT('',(-0.,0.));
#2595 = VECTOR('',#2596,1.);
#2596 = DIRECTION('',(-1.,0.));
#2597 = ( GEOMETRIC_REPRESENTATION_CONTEXT(2) 
PARAMETRIC_REPRESENTATION_CONTEXT() REPRESENTATION_CONTEXT('2D SPACE',''
  ) );
#2598 = PCURVE('',#2599,#2604);
#2599 = PLANE('',#2600);
#2600 = AXIS2_PLACEMENT_3D('',#2601,#2602,#2603);
#2601 = CARTESIAN_POINT('',(-16.5,10.,12.));
#2602 = DIRECTION('',(0.,-1.224646799147E-16,-1.));
#2603 = DIRECTION('',(1.,0.,0.));
#2604 = DEFINITIONAL_REPRESENTATION('',(#2605),#2609);
#2605 = CIRCLE('',#2606,1.2);
#2606 = AXIS2_PLACEMENT_2D('',#2607,#2608);
#2607 = CARTESIAN_POINT('',(1.799263332289E-16,-1.023653692829E-16));
#2608 = DIRECTION('',(1.,0.));
#2609 = ( GEOMETRIC_REPRESENTATION_CONTEXT(2) 
PARAMETRIC_REPRESENTATION_CONTEXT() REPRESENTATION_CONTEXT('2D SPACE',''
  ) );
#2610 = ORIENTED_EDGE('',*,*,#2611,.T.);
#2611 = EDGE_CURVE('',#2583,#713,#2612,.T.);
#2612 = SEAM_CURVE('',#2613,(#2617,#2624),.PCURVE_S1.);
#2613 = LINE('',#2614,#2615);
#2614 = CARTESIAN_POINT('',(-15.3,10.,12.));
#2615 = VECTOR('',#2616,1.);
#2616 = DIRECTION('',(0.,-1.224646799147E-16,-1.));
#2617 = PCURVE('',#729,#2618);
#2618 = DEFINITIONAL_REPRESENTATION('',(#2619),#2623);
#2619 = LINE('',#2620,#2621);
#2620 = CARTESIAN_POINT('',(-6.28318530718,0.));
#2621 = VECTOR('',#2622,1.);
#2622 = DIRECTION('',(-0.,-1.));
#2623 = ( GEOMETRIC_REPRESENTATION_CONTEXT(2) 
PARAMETRIC_REPRESENTATION_CONTEXT() REPRESENTATION_CONTEXT('2D SPACE',''
  ) );
#2624 = PCURVE('',#729,#2625);
#2625 = DEFINITIONAL_REPRESENTATION('',(#2626),#2630);
#2626 = LINE('',#2627,#2628);
#2627 = CARTESIAN_POINT('',(-0.,0.));
#2628 = VECTOR('',#2629,1.);
#2629 = DIRECTION('',(-0.,-1.));
#2630 = ( GEOMETRIC_REPRESENTATION_CONTEXT(2) 
PARAMETRIC_REPRESENTATION_CONTEXT() REPRESENTATION_CONTEXT('2D SPACE',''
  ) );
#2631 = ORIENTED_EDGE('',*,*,#712,.F.);
#2632 = ORIENTED_EDGE('',*,*,#2611,.F.);
#2633 = ADVANCED_FACE('',(#2634),#761,.T.);
#2634 = FACE_BOUND('',#2635,.T.);
#2635 = EDGE_LOOP('',(#2636,#2659,#2687,#2708));
#2636 = ORIENTED_EDGE('',*,*,#2637,.T.);
#2637 = EDGE_CURVE('',#744,#2638,#2640,.T.);
#2638 = VERTEX_POINT('',#2639);
#2639 = CARTESIAN_POINT('',(-11.33196588675,2.250701015138,12.6));
#2640 = SURFACE_CURVE('',#2641,(#2645,#2652),.PCURVE_S1.);
#2641 = LINE('',#2642,#2643);
#2642 = CARTESIAN_POINT('',(-11.33196588675,2.250701015138,11.));
#2643 = VECTOR('',#2644,1.);
#2644 = DIRECTION('',(0.,0.,1.));
#2645 = PCURVE('',#761,#2646);
#2646 = DEFINITIONAL_REPRESENTATION('',(#2647),#2651);
#2647 = LINE('',#2648,#2649);
#2648 = CARTESIAN_POINT('',(0.,0.));
#2649 = VECTOR('',#2650,1.);
#2650 = DIRECTION('',(0.,-1.));
#2651 = ( GEOMETRIC_REPRESENTATION_CONTEXT(2) 
PARAMETRIC_REPRESENTATION_CONTEXT() REPRESENTATION_CONTEXT('2D SPACE',''
  ) );
#2652 = PCURVE('',#790,#2653);
#2653 = DEFINITIONAL_REPRESENTATION('',(#2654),#2658);
#2654 = LINE('',#2655,#2656);
#2655 = CARTESIAN_POINT('',(-6.283303026141,0.));
#2656 = VECTOR('',#2657,1.);
#2657 = DIRECTION('',(-0.,-1.));
#2658 = ( GEOMETRIC_REPRESENTATION_CONTEXT(2) 
PARAMETRIC_REPRESENTATION_CONTEXT() REPRESENTATION_CONTEXT('2D SPACE',''
  ) );
#2659 = ORIENTED_EDGE('',*,*,#2660,.T.);
#2660 = EDGE_CURVE('',#2638,#2661,#2663,.T.);
#2661 = VERTEX_POINT('',#2662);
#2662 = CARTESIAN_POINT('',(-17.32497660562,2.250000001368,12.6));
#2663 = SURFACE_CURVE('',#2664,(#2668,#2675),.PCURVE_S1.);
#2664 = LINE('',#2665,#2666);
#2665 = CARTESIAN_POINT('',(-11.33208360562,2.250701001368,12.6));
#2666 = VECTOR('',#2667,1.);
#2667 = DIRECTION('',(-0.999999993159,-1.169718857316E-04,0.));
#2668 = PCURVE('',#761,#2669);
#2669 = DEFINITIONAL_REPRESENTATION('',(#2670),#2674);
#2670 = LINE('',#2671,#2672);
#2671 = CARTESIAN_POINT('',(1.177188734889E-04,-1.6));
#2672 = VECTOR('',#2673,1.);
#2673 = DIRECTION('',(1.,0.));
#2674 = ( GEOMETRIC_REPRESENTATION_CONTEXT(2) 
PARAMETRIC_REPRESENTATION_CONTEXT() REPRESENTATION_CONTEXT('2D SPACE',''
  ) );
#2675 = PCURVE('',#2676,#2681);
#2676 = PLANE('',#2677);
#2677 = AXIS2_PLACEMENT_3D('',#2678,#2679,#2680);
#2678 = CARTESIAN_POINT('',(-2.121008405577E-03,-1.339613301536,12.6));
#2679 = DIRECTION('',(0.,0.,1.));
#2680 = DIRECTION('',(1.,0.,-0.));
#2681 = DEFINITIONAL_REPRESENTATION('',(#2682),#2686);
#2682 = LINE('',#2683,#2684);
#2683 = CARTESIAN_POINT('',(-11.32996259721,3.590314302904));
#2684 = VECTOR('',#2685,1.);
#2685 = DIRECTION('',(-0.999999993159,-1.169718857316E-04));
#2686 = ( GEOMETRIC_REPRESENTATION_CONTEXT(2) 
PARAMETRIC_REPRESENTATION_CONTEXT() REPRESENTATION_CONTEXT('2D SPACE',''
  ) );
#2687 = ORIENTED_EDGE('',*,*,#2688,.F.);
#2688 = EDGE_CURVE('',#746,#2661,#2689,.T.);
#2689 = SURFACE_CURVE('',#2690,(#2694,#2701),.PCURVE_S1.);
#2690 = LINE('',#2691,#2692);
#2691 = CARTESIAN_POINT('',(-17.32497660562,2.250000001368,11.));
#2692 = VECTOR('',#2693,1.);
#2693 = DIRECTION('',(0.,0.,1.));
#2694 = PCURVE('',#761,#2695);
#2695 = DEFINITIONAL_REPRESENTATION('',(#2696),#2700);
#2696 = LINE('',#2697,#2698);
#2697 = CARTESIAN_POINT('',(5.993010759872,0.));
#2698 = VECTOR('',#2699,1.);
#2699 = DIRECTION('',(0.,-1.));
#2700 = ( GEOMETRIC_REPRESENTATION_CONTEXT(2) 
PARAMETRIC_REPRESENTATION_CONTEXT() REPRESENTATION_CONTEXT('2D SPACE',''
  ) );
#2701 = PCURVE('',#1550,#2702);
#2702 = DEFINITIONAL_REPRESENTATION('',(#2703),#2707);
#2703 = LINE('',#2704,#2705);
#2704 = CARTESIAN_POINT('',(1.570796326795,0.));
#2705 = VECTOR('',#2706,1.);
#2706 = DIRECTION('',(0.,-1.));
#2707 = ( GEOMETRIC_REPRESENTATION_CONTEXT(2) 
PARAMETRIC_REPRESENTATION_CONTEXT() REPRESENTATION_CONTEXT('2D SPACE',''
  ) );
#2708 = ORIENTED_EDGE('',*,*,#743,.F.);
#2709 = ADVANCED_FACE('',(#2710),#1550,.T.);
#2710 = FACE_BOUND('',#2711,.T.);
#2711 = EDGE_LOOP('',(#2712,#2713,#2741,#2762));
#2712 = ORIENTED_EDGE('',*,*,#2688,.T.);
#2713 = ORIENTED_EDGE('',*,*,#2714,.T.);
#2714 = EDGE_CURVE('',#2661,#2715,#2717,.T.);
#2715 = VERTEX_POINT('',#2716);
#2716 = CARTESIAN_POINT('',(-17.32500014941,2.25,12.6));
#2717 = SURFACE_CURVE('',#2718,(#2723,#2730),.PCURVE_S1.);
#2718 = CIRCLE('',#2719,0.2);
#2719 = AXIS2_PLACEMENT_3D('',#2720,#2721,#2722);
#2720 = CARTESIAN_POINT('',(-17.325,2.45,12.6));
#2721 = DIRECTION('',(0.,0.,-1.));
#2722 = DIRECTION('',(0.999999993159,1.169718857316E-04,0.));
#2723 = PCURVE('',#1550,#2724);
#2724 = DEFINITIONAL_REPRESENTATION('',(#2725),#2729);
#2725 = LINE('',#2726,#2727);
#2726 = CARTESIAN_POINT('',(0.,-1.6));
#2727 = VECTOR('',#2728,1.);
#2728 = DIRECTION('',(1.,0.));
#2729 = ( GEOMETRIC_REPRESENTATION_CONTEXT(2) 
PARAMETRIC_REPRESENTATION_CONTEXT() REPRESENTATION_CONTEXT('2D SPACE',''
  ) );
#2730 = PCURVE('',#2676,#2731);
#2731 = DEFINITIONAL_REPRESENTATION('',(#2732),#2740);
#2732 = ( BOUNDED_CURVE() B_SPLINE_CURVE(2,(#2733,#2734,#2735,#2736,
#2737,#2738,#2739),.UNSPECIFIED.,.T.,.F.) B_SPLINE_CURVE_WITH_KNOTS((1,2
    ,2,2,2,1),(-2.094395102393,0.,2.094395102393,4.188790204786,
6.28318530718,8.377580409573),.UNSPECIFIED.) CURVE() 
GEOMETRIC_REPRESENTATION_ITEM() RATIONAL_B_SPLINE_CURVE((1.,0.5,1.,0.5,
1.,0.5,1.)) REPRESENTATION_ITEM('') );
#2733 = CARTESIAN_POINT('',(-17.12287899296,3.789636695913));
#2734 = CARTESIAN_POINT('',(-17.12283847271,3.443226536769));
#2735 = CARTESIAN_POINT('',(-17.42285873078,3.616396524775));
#2736 = CARTESIAN_POINT('',(-17.72287898885,3.789566512781));
#2737 = CARTESIAN_POINT('',(-17.42289925103,3.962806683919));
#2738 = CARTESIAN_POINT('',(-17.12291951321,4.136046855057));
#2739 = CARTESIAN_POINT('',(-17.12287899296,3.789636695913));
#2740 = ( GEOMETRIC_REPRESENTATION_CONTEXT(2) 
PARAMETRIC_REPRESENTATION_CONTEXT() REPRESENTATION_CONTEXT('2D SPACE',''
  ) );
#2741 = ORIENTED_EDGE('',*,*,#2742,.F.);
#2742 = EDGE_CURVE('',#1503,#2715,#2743,.T.);
#2743 = SURFACE_CURVE('',#2744,(#2748,#2755),.PCURVE_S1.);
#2744 = LINE('',#2745,#2746);
#2745 = CARTESIAN_POINT('',(-17.32500014941,2.25,11.));
#2746 = VECTOR('',#2747,1.);
#2747 = DIRECTION('',(0.,0.,1.));
#2748 = PCURVE('',#1550,#2749);
#2749 = DEFINITIONAL_REPRESENTATION('',(#2750),#2754);
#2750 = LINE('',#2751,#2752);
#2751 = CARTESIAN_POINT('',(1.570914045757,0.));
#2752 = VECTOR('',#2753,1.);
#2753 = DIRECTION('',(0.,-1.));
#2754 = ( GEOMETRIC_REPRESENTATION_CONTEXT(2) 
PARAMETRIC_REPRESENTATION_CONTEXT() REPRESENTATION_CONTEXT('2D SPACE',''
  ) );
#2755 = PCURVE('',#1519,#2756);
#2756 = DEFINITIONAL_REPRESENTATION('',(#2757),#2761);
#2757 = LINE('',#2758,#2759);
#2758 = CARTESIAN_POINT('',(-6.28318530718,0.));
#2759 = VECTOR('',#2760,1.);
#2760 = DIRECTION('',(-0.,-1.));
#2761 = ( GEOMETRIC_REPRESENTATION_CONTEXT(2) 
PARAMETRIC_REPRESENTATION_CONTEXT() REPRESENTATION_CONTEXT('2D SPACE',''
  ) );
#2762 = ORIENTED_EDGE('',*,*,#1531,.F.);
#2763 = ADVANCED_FACE('',(#2764),#1519,.F.);
#2764 = FACE_BOUND('',#2765,.T.);
#2765 = EDGE_LOOP('',(#2766,#2767,#2791,#2812));
#2766 = ORIENTED_EDGE('',*,*,#2742,.T.);
#2767 = ORIENTED_EDGE('',*,*,#2768,.T.);
#2768 = EDGE_CURVE('',#2715,#2769,#2771,.T.);
#2769 = VERTEX_POINT('',#2770);
#2770 = CARTESIAN_POINT('',(-18.125,1.450000149415,12.6));
#2771 = SURFACE_CURVE('',#2772,(#2777,#2784),.PCURVE_S1.);
#2772 = CIRCLE('',#2773,0.799999252925);
#2773 = AXIS2_PLACEMENT_3D('',#2774,#2775,#2776);
#2774 = CARTESIAN_POINT('',(-17.32500074707,1.450000747075,12.6));
#2775 = DIRECTION('',(0.,-0.,1.));
#2776 = DIRECTION('',(7.470757350764E-07,1.,0.));
#2777 = PCURVE('',#1519,#2778);
#2778 = DEFINITIONAL_REPRESENTATION('',(#2779),#2783);
#2779 = LINE('',#2780,#2781);
#2780 = CARTESIAN_POINT('',(-0.,-1.6));
#2781 = VECTOR('',#2782,1.);
#2782 = DIRECTION('',(-1.,0.));
#2783 = ( GEOMETRIC_REPRESENTATION_CONTEXT(2) 
PARAMETRIC_REPRESENTATION_CONTEXT() REPRESENTATION_CONTEXT('2D SPACE',''
  ) );
#2784 = PCURVE('',#2676,#2785);
#2785 = DEFINITIONAL_REPRESENTATION('',(#2786),#2790);
#2786 = CIRCLE('',#2787,0.799999252925);
#2787 = AXIS2_PLACEMENT_2D('',#2788,#2789);
#2788 = CARTESIAN_POINT('',(-17.32287973867,2.789614048611));
#2789 = DIRECTION('',(7.470757350764E-07,1.));
#2790 = ( GEOMETRIC_REPRESENTATION_CONTEXT(2) 
PARAMETRIC_REPRESENTATION_CONTEXT() REPRESENTATION_CONTEXT('2D SPACE',''
  ) );
#2791 = ORIENTED_EDGE('',*,*,#2792,.F.);
#2792 = EDGE_CURVE('',#1470,#2769,#2793,.T.);
#2793 = SURFACE_CURVE('',#2794,(#2798,#2805),.PCURVE_S1.);
#2794 = LINE('',#2795,#2796);
#2795 = CARTESIAN_POINT('',(-18.125,1.450000149415,11.));
#2796 = VECTOR('',#2797,1.);
#2797 = DIRECTION('',(0.,0.,1.));
#2798 = PCURVE('',#1519,#2799);
#2799 = DEFINITIONAL_REPRESENTATION('',(#2800),#2804);
#2800 = LINE('',#2801,#2802);
#2801 = CARTESIAN_POINT('',(-7.853983128126,0.));
#2802 = VECTOR('',#2803,1.);
#2803 = DIRECTION('',(-0.,-1.));
#2804 = ( GEOMETRIC_REPRESENTATION_CONTEXT(2) 
PARAMETRIC_REPRESENTATION_CONTEXT() REPRESENTATION_CONTEXT('2D SPACE',''
  ) );
#2805 = PCURVE('',#1490,#2806);
#2806 = DEFINITIONAL_REPRESENTATION('',(#2807),#2811);
#2807 = LINE('',#2808,#2809);
#2808 = CARTESIAN_POINT('',(1.570796326795,0.));
#2809 = VECTOR('',#2810,1.);
#2810 = DIRECTION('',(0.,-1.));
#2811 = ( GEOMETRIC_REPRESENTATION_CONTEXT(2) 
PARAMETRIC_REPRESENTATION_CONTEXT() REPRESENTATION_CONTEXT('2D SPACE',''
  ) );
#2812 = ORIENTED_EDGE('',*,*,#1502,.F.);
#2813 = ADVANCED_FACE('',(#2814),#1490,.T.);
#2814 = FACE_BOUND('',#2815,.T.);
#2815 = EDGE_LOOP('',(#2816,#2817,#2845,#2866));
#2816 = ORIENTED_EDGE('',*,*,#2792,.T.);
#2817 = ORIENTED_EDGE('',*,*,#2818,.T.);
#2818 = EDGE_CURVE('',#2769,#2819,#2821,.T.);
#2819 = VERTEX_POINT('',#2820);
#2820 = CARTESIAN_POINT('',(-18.125,1.45,12.6));
#2821 = SURFACE_CURVE('',#2822,(#2827,#2834),.PCURVE_S1.);
#2822 = CIRCLE('',#2823,0.2);
#2823 = AXIS2_PLACEMENT_3D('',#2824,#2825,#2826);
#2824 = CARTESIAN_POINT('',(-18.325,1.45,12.6));
#2825 = DIRECTION('',(0.,0.,-1.));
#2826 = DIRECTION('',(-7.470757489561E-07,1.,0.));
#2827 = PCURVE('',#1490,#2828);
#2828 = DEFINITIONAL_REPRESENTATION('',(#2829),#2833);
#2829 = LINE('',#2830,#2831);
#2830 = CARTESIAN_POINT('',(0.,-1.6));
#2831 = VECTOR('',#2832,1.);
#2832 = DIRECTION('',(1.,0.));
#2833 = ( GEOMETRIC_REPRESENTATION_CONTEXT(2) 
PARAMETRIC_REPRESENTATION_CONTEXT() REPRESENTATION_CONTEXT('2D SPACE',''
  ) );
#2834 = PCURVE('',#2676,#2835);
#2835 = DEFINITIONAL_REPRESENTATION('',(#2836),#2844);
#2836 = ( BOUNDED_CURVE() B_SPLINE_CURVE(2,(#2837,#2838,#2839,#2840,
#2841,#2842,#2843),.UNSPECIFIED.,.T.,.F.) B_SPLINE_CURVE_WITH_KNOTS((1,2
    ,2,2,2,1),(-2.094395102393,0.,2.094395102393,4.188790204786,
6.28318530718,8.377580409573),.UNSPECIFIED.) CURVE() 
GEOMETRIC_REPRESENTATION_ITEM() RATIONAL_B_SPLINE_CURVE((1.,0.5,1.,0.5,
1.,0.5,1.)) REPRESENTATION_ITEM('') );
#2837 = CARTESIAN_POINT('',(-18.32287914101,2.989613301536));
#2838 = CARTESIAN_POINT('',(-17.97646897949,2.98961356033));
#2839 = CARTESIAN_POINT('',(-18.14967383613,2.689613430933));
#2840 = CARTESIAN_POINT('',(-18.32287869276,2.389613301536));
#2841 = CARTESIAN_POINT('',(-18.49608399764,2.689613172138));
#2842 = CARTESIAN_POINT('',(-18.66928930252,2.989613042741));
#2843 = CARTESIAN_POINT('',(-18.32287914101,2.989613301536));
#2844 = ( GEOMETRIC_REPRESENTATION_CONTEXT(2) 
PARAMETRIC_REPRESENTATION_CONTEXT() REPRESENTATION_CONTEXT('2D SPACE',''
  ) );
#2845 = ORIENTED_EDGE('',*,*,#2846,.F.);
#2846 = EDGE_CURVE('',#1442,#2819,#2847,.T.);
#2847 = SURFACE_CURVE('',#2848,(#2852,#2859),.PCURVE_S1.);
#2848 = LINE('',#2849,#2850);
#2849 = CARTESIAN_POINT('',(-18.125,1.45,11.));
#2850 = VECTOR('',#2851,1.);
#2851 = DIRECTION('',(0.,0.,1.));
#2852 = PCURVE('',#1490,#2853);
#2853 = DEFINITIONAL_REPRESENTATION('',(#2854),#2858);
#2854 = LINE('',#2855,#2856);
#2855 = CARTESIAN_POINT('',(1.570797073871,0.));
#2856 = VECTOR('',#2857,1.);
#2857 = DIRECTION('',(0.,-1.));
#2858 = ( GEOMETRIC_REPRESENTATION_CONTEXT(2) 
PARAMETRIC_REPRESENTATION_CONTEXT() REPRESENTATION_CONTEXT('2D SPACE',''
  ) );
#2859 = PCURVE('',#1457,#2860);
#2860 = DEFINITIONAL_REPRESENTATION('',(#2861),#2865);
#2861 = LINE('',#2862,#2863);
#2862 = CARTESIAN_POINT('',(0.,0.));
#2863 = VECTOR('',#2864,1.);
#2864 = DIRECTION('',(0.,-1.));
#2865 = ( GEOMETRIC_REPRESENTATION_CONTEXT(2) 
PARAMETRIC_REPRESENTATION_CONTEXT() REPRESENTATION_CONTEXT('2D SPACE',''
  ) );
#2866 = ORIENTED_EDGE('',*,*,#1469,.F.);
#2867 = ADVANCED_FACE('',(#2868),#1457,.T.);
#2868 = FACE_BOUND('',#2869,.T.);
#2869 = EDGE_LOOP('',(#2870,#2871,#2894,#2915));
#2870 = ORIENTED_EDGE('',*,*,#2846,.T.);
#2871 = ORIENTED_EDGE('',*,*,#2872,.T.);
#2872 = EDGE_CURVE('',#2819,#2873,#2875,.T.);
#2873 = VERTEX_POINT('',#2874);
#2874 = CARTESIAN_POINT('',(-18.125,-11.05,12.6));
#2875 = SURFACE_CURVE('',#2876,(#2880,#2887),.PCURVE_S1.);
#2876 = LINE('',#2877,#2878);
#2877 = CARTESIAN_POINT('',(-18.125,1.45,12.6));
#2878 = VECTOR('',#2879,1.);
#2879 = DIRECTION('',(-1.224646799147E-16,-1.,0.));
#2880 = PCURVE('',#1457,#2881);
#2881 = DEFINITIONAL_REPRESENTATION('',(#2882),#2886);
#2882 = LINE('',#2883,#2884);
#2883 = CARTESIAN_POINT('',(0.,-1.6));
#2884 = VECTOR('',#2885,1.);
#2885 = DIRECTION('',(1.,0.));
#2886 = ( GEOMETRIC_REPRESENTATION_CONTEXT(2) 
PARAMETRIC_REPRESENTATION_CONTEXT() REPRESENTATION_CONTEXT('2D SPACE',''
  ) );
#2887 = PCURVE('',#2676,#2888);
#2888 = DEFINITIONAL_REPRESENTATION('',(#2889),#2893);
#2889 = LINE('',#2890,#2891);
#2890 = CARTESIAN_POINT('',(-18.12287899159,2.789613301536));
#2891 = VECTOR('',#2892,1.);
#2892 = DIRECTION('',(-1.224646799147E-16,-1.));
#2893 = ( GEOMETRIC_REPRESENTATION_CONTEXT(2) 
PARAMETRIC_REPRESENTATION_CONTEXT() REPRESENTATION_CONTEXT('2D SPACE',''
  ) );
#2894 = ORIENTED_EDGE('',*,*,#2895,.F.);
#2895 = EDGE_CURVE('',#1409,#2873,#2896,.T.);
#2896 = SURFACE_CURVE('',#2897,(#2901,#2908),.PCURVE_S1.);
#2897 = LINE('',#2898,#2899);
#2898 = CARTESIAN_POINT('',(-18.125,-11.05,11.));
#2899 = VECTOR('',#2900,1.);
#2900 = DIRECTION('',(0.,0.,1.));
#2901 = PCURVE('',#1457,#2902);
#2902 = DEFINITIONAL_REPRESENTATION('',(#2903),#2907);
#2903 = LINE('',#2904,#2905);
#2904 = CARTESIAN_POINT('',(12.5,0.));
#2905 = VECTOR('',#2906,1.);
#2906 = DIRECTION('',(0.,-1.));
#2907 = ( GEOMETRIC_REPRESENTATION_CONTEXT(2) 
PARAMETRIC_REPRESENTATION_CONTEXT() REPRESENTATION_CONTEXT('2D SPACE',''
  ) );
#2908 = PCURVE('',#1429,#2909);
#2909 = DEFINITIONAL_REPRESENTATION('',(#2910),#2914);
#2910 = LINE('',#2911,#2912);
#2911 = CARTESIAN_POINT('',(1.570796326795,0.));
#2912 = VECTOR('',#2913,1.);
#2913 = DIRECTION('',(0.,-1.));
#2914 = ( GEOMETRIC_REPRESENTATION_CONTEXT(2) 
PARAMETRIC_REPRESENTATION_CONTEXT() REPRESENTATION_CONTEXT('2D SPACE',''
  ) );
#2915 = ORIENTED_EDGE('',*,*,#1441,.F.);
#2916 = ADVANCED_FACE('',(#2917),#1429,.T.);
#2917 = FACE_BOUND('',#2918,.T.);
#2918 = EDGE_LOOP('',(#2919,#2920,#2948,#2969));
#2919 = ORIENTED_EDGE('',*,*,#2895,.T.);
#2920 = ORIENTED_EDGE('',*,*,#2921,.T.);
#2921 = EDGE_CURVE('',#2873,#2922,#2924,.T.);
#2922 = VERTEX_POINT('',#2923);
#2923 = CARTESIAN_POINT('',(-18.125,-11.05000014941,12.6));
#2924 = SURFACE_CURVE('',#2925,(#2930,#2937),.PCURVE_S1.);
#2925 = CIRCLE('',#2926,0.2);
#2926 = AXIS2_PLACEMENT_3D('',#2927,#2928,#2929);
#2927 = CARTESIAN_POINT('',(-18.325,-11.05,12.6));
#2928 = DIRECTION('',(0.,0.,-1.));
#2929 = DIRECTION('',(1.224646799147E-16,1.,0.));
#2930 = PCURVE('',#1429,#2931);
#2931 = DEFINITIONAL_REPRESENTATION('',(#2932),#2936);
#2932 = LINE('',#2933,#2934);
#2933 = CARTESIAN_POINT('',(0.,-1.6));
#2934 = VECTOR('',#2935,1.);
#2935 = DIRECTION('',(1.,0.));
#2936 = ( GEOMETRIC_REPRESENTATION_CONTEXT(2) 
PARAMETRIC_REPRESENTATION_CONTEXT() REPRESENTATION_CONTEXT('2D SPACE',''
  ) );
#2937 = PCURVE('',#2676,#2938);
#2938 = DEFINITIONAL_REPRESENTATION('',(#2939),#2947);
#2939 = ( BOUNDED_CURVE() B_SPLINE_CURVE(2,(#2940,#2941,#2942,#2943,
#2944,#2945,#2946),.UNSPECIFIED.,.T.,.F.) B_SPLINE_CURVE_WITH_KNOTS((1,2
    ,2,2,2,1),(-2.094395102393,0.,2.094395102393,4.188790204786,
6.28318530718,8.377580409573),.UNSPECIFIED.) CURVE() 
GEOMETRIC_REPRESENTATION_ITEM() RATIONAL_B_SPLINE_CURVE((1.,0.5,1.,0.5,
1.,0.5,1.)) REPRESENTATION_ITEM('') );
#2940 = CARTESIAN_POINT('',(-18.32287899159,-9.510386698464));
#2941 = CARTESIAN_POINT('',(-17.97646883008,-9.510386698464));
#2942 = CARTESIAN_POINT('',(-18.14967391083,-9.810386698464));
#2943 = CARTESIAN_POINT('',(-18.32287899159,-10.11038669846));
#2944 = CARTESIAN_POINT('',(-18.49608407235,-9.810386698464));
#2945 = CARTESIAN_POINT('',(-18.6692891531,-9.510386698464));
#2946 = CARTESIAN_POINT('',(-18.32287899159,-9.510386698464));
#2947 = ( GEOMETRIC_REPRESENTATION_CONTEXT(2) 
PARAMETRIC_REPRESENTATION_CONTEXT() REPRESENTATION_CONTEXT('2D SPACE',''
  ) );
#2948 = ORIENTED_EDGE('',*,*,#2949,.F.);
#2949 = EDGE_CURVE('',#1380,#2922,#2950,.T.);
#2950 = SURFACE_CURVE('',#2951,(#2955,#2962),.PCURVE_S1.);
#2951 = LINE('',#2952,#2953);
#2952 = CARTESIAN_POINT('',(-18.125,-11.05000014941,11.));
#2953 = VECTOR('',#2954,1.);
#2954 = DIRECTION('',(0.,0.,1.));
#2955 = PCURVE('',#1429,#2956);
#2956 = DEFINITIONAL_REPRESENTATION('',(#2957),#2961);
#2957 = LINE('',#2958,#2959);
#2958 = CARTESIAN_POINT('',(1.570797073871,0.));
#2959 = VECTOR('',#2960,1.);
#2960 = DIRECTION('',(0.,-1.));
#2961 = ( GEOMETRIC_REPRESENTATION_CONTEXT(2) 
PARAMETRIC_REPRESENTATION_CONTEXT() REPRESENTATION_CONTEXT('2D SPACE',''
  ) );
#2962 = PCURVE('',#1396,#2963);
#2963 = DEFINITIONAL_REPRESENTATION('',(#2964),#2968);
#2964 = LINE('',#2965,#2966);
#2965 = CARTESIAN_POINT('',(-6.28318530718,0.));
#2966 = VECTOR('',#2967,1.);
#2967 = DIRECTION('',(-0.,-1.));
#2968 = ( GEOMETRIC_REPRESENTATION_CONTEXT(2) 
PARAMETRIC_REPRESENTATION_CONTEXT() REPRESENTATION_CONTEXT('2D SPACE',''
  ) );
#2969 = ORIENTED_EDGE('',*,*,#1408,.F.);
#2970 = ADVANCED_FACE('',(#2971),#1396,.F.);
#2971 = FACE_BOUND('',#2972,.T.);
#2972 = EDGE_LOOP('',(#2973,#2974,#2998,#3019));
#2973 = ORIENTED_EDGE('',*,*,#2949,.T.);
#2974 = ORIENTED_EDGE('',*,*,#2975,.T.);
#2975 = EDGE_CURVE('',#2922,#2976,#2978,.T.);
#2976 = VERTEX_POINT('',#2977);
#2977 = CARTESIAN_POINT('',(-17.32500014941,-11.85,12.6));
#2978 = SURFACE_CURVE('',#2979,(#2984,#2991),.PCURVE_S1.);
#2979 = CIRCLE('',#2980,0.799999252925);
#2980 = AXIS2_PLACEMENT_3D('',#2981,#2982,#2983);
#2981 = CARTESIAN_POINT('',(-17.32500074707,-11.05000074707,12.6));
#2982 = DIRECTION('',(0.,0.,1.));
#2983 = DIRECTION('',(-1.,7.470757634981E-07,0.));
#2984 = PCURVE('',#1396,#2985);
#2985 = DEFINITIONAL_REPRESENTATION('',(#2986),#2990);
#2986 = LINE('',#2987,#2988);
#2987 = CARTESIAN_POINT('',(-0.,-1.6));
#2988 = VECTOR('',#2989,1.);
#2989 = DIRECTION('',(-1.,0.));
#2990 = ( GEOMETRIC_REPRESENTATION_CONTEXT(2) 
PARAMETRIC_REPRESENTATION_CONTEXT() REPRESENTATION_CONTEXT('2D SPACE',''
  ) );
#2991 = PCURVE('',#2676,#2992);
#2992 = DEFINITIONAL_REPRESENTATION('',(#2993),#2997);
#2993 = CIRCLE('',#2994,0.799999252925);
#2994 = AXIS2_PLACEMENT_2D('',#2995,#2996);
#2995 = CARTESIAN_POINT('',(-17.32287973867,-9.71038744554));
#2996 = DIRECTION('',(-1.,7.470757634981E-07));
#2997 = ( GEOMETRIC_REPRESENTATION_CONTEXT(2) 
PARAMETRIC_REPRESENTATION_CONTEXT() REPRESENTATION_CONTEXT('2D SPACE',''
  ) );
#2998 = ORIENTED_EDGE('',*,*,#2999,.F.);
#2999 = EDGE_CURVE('',#1347,#2976,#3000,.T.);
#3000 = SURFACE_CURVE('',#3001,(#3005,#3012),.PCURVE_S1.);
#3001 = LINE('',#3002,#3003);
#3002 = CARTESIAN_POINT('',(-17.32500014941,-11.85,11.));
#3003 = VECTOR('',#3004,1.);
#3004 = DIRECTION('',(0.,0.,1.));
#3005 = PCURVE('',#1396,#3006);
#3006 = DEFINITIONAL_REPRESENTATION('',(#3007),#3011);
#3007 = LINE('',#3008,#3009);
#3008 = CARTESIAN_POINT('',(-7.853983128126,0.));
#3009 = VECTOR('',#3010,1.);
#3010 = DIRECTION('',(-0.,-1.));
#3011 = ( GEOMETRIC_REPRESENTATION_CONTEXT(2) 
PARAMETRIC_REPRESENTATION_CONTEXT() REPRESENTATION_CONTEXT('2D SPACE',''
  ) );
#3012 = PCURVE('',#1367,#3013);
#3013 = DEFINITIONAL_REPRESENTATION('',(#3014),#3018);
#3014 = LINE('',#3015,#3016);
#3015 = CARTESIAN_POINT('',(1.570796326795,0.));
#3016 = VECTOR('',#3017,1.);
#3017 = DIRECTION('',(0.,-1.));
#3018 = ( GEOMETRIC_REPRESENTATION_CONTEXT(2) 
PARAMETRIC_REPRESENTATION_CONTEXT() REPRESENTATION_CONTEXT('2D SPACE',''
  ) );
#3019 = ORIENTED_EDGE('',*,*,#1379,.F.);
#3020 = ADVANCED_FACE('',(#3021),#1367,.T.);
#3021 = FACE_BOUND('',#3022,.T.);
#3022 = EDGE_LOOP('',(#3023,#3024,#3052,#3073));
#3023 = ORIENTED_EDGE('',*,*,#2999,.T.);
#3024 = ORIENTED_EDGE('',*,*,#3025,.T.);
#3025 = EDGE_CURVE('',#2976,#3026,#3028,.T.);
#3026 = VERTEX_POINT('',#3027);
#3027 = CARTESIAN_POINT('',(-17.325,-11.85,12.6));
#3028 = SURFACE_CURVE('',#3029,(#3034,#3041),.PCURVE_S1.);
#3029 = CIRCLE('',#3030,0.2);
#3030 = AXIS2_PLACEMENT_3D('',#3031,#3032,#3033);
#3031 = CARTESIAN_POINT('',(-17.325,-12.05,12.6));
#3032 = DIRECTION('',(-0.,0.,-1.));
#3033 = DIRECTION('',(-1.,-7.470757631669E-07,0.));
#3034 = PCURVE('',#1367,#3035);
#3035 = DEFINITIONAL_REPRESENTATION('',(#3036),#3040);
#3036 = LINE('',#3037,#3038);
#3037 = CARTESIAN_POINT('',(0.,-1.6));
#3038 = VECTOR('',#3039,1.);
#3039 = DIRECTION('',(1.,0.));
#3040 = ( GEOMETRIC_REPRESENTATION_CONTEXT(2) 
PARAMETRIC_REPRESENTATION_CONTEXT() REPRESENTATION_CONTEXT('2D SPACE',''
  ) );
#3041 = PCURVE('',#2676,#3042);
#3042 = DEFINITIONAL_REPRESENTATION('',(#3043),#3051);
#3043 = ( BOUNDED_CURVE() B_SPLINE_CURVE(2,(#3044,#3045,#3046,#3047,
#3048,#3049,#3050),.UNSPECIFIED.,.T.,.F.) B_SPLINE_CURVE_WITH_KNOTS((1,2
    ,2,2,2,1),(-2.094395102393,0.,2.094395102393,4.188790204786,
6.28318530718,8.377580409573),.UNSPECIFIED.) CURVE() 
GEOMETRIC_REPRESENTATION_ITEM() RATIONAL_B_SPLINE_CURVE((1.,0.5,1.,0.5,
1.,0.5,1.)) REPRESENTATION_ITEM('') );
#3044 = CARTESIAN_POINT('',(-17.52287899159,-10.71038684788));
#3045 = CARTESIAN_POINT('',(-17.52287925038,-10.36397668636));
#3046 = CARTESIAN_POINT('',(-17.22287912099,-10.537181543));
#3047 = CARTESIAN_POINT('',(-16.92287899159,-10.71038639963));
#3048 = CARTESIAN_POINT('',(-17.22287886219,-10.88359170451));
#3049 = CARTESIAN_POINT('',(-17.5228787328,-11.05679700939));
#3050 = CARTESIAN_POINT('',(-17.52287899159,-10.71038684788));
#3051 = ( GEOMETRIC_REPRESENTATION_CONTEXT(2) 
PARAMETRIC_REPRESENTATION_CONTEXT() REPRESENTATION_CONTEXT('2D SPACE',''
  ) );
#3052 = ORIENTED_EDGE('',*,*,#3053,.F.);
#3053 = EDGE_CURVE('',#1319,#3026,#3054,.T.);
#3054 = SURFACE_CURVE('',#3055,(#3059,#3066),.PCURVE_S1.);
#3055 = LINE('',#3056,#3057);
#3056 = CARTESIAN_POINT('',(-17.325,-11.85,11.));
#3057 = VECTOR('',#3058,1.);
#3058 = DIRECTION('',(0.,0.,1.));
#3059 = PCURVE('',#1367,#3060);
#3060 = DEFINITIONAL_REPRESENTATION('',(#3061),#3065);
#3061 = LINE('',#3062,#3063);
#3062 = CARTESIAN_POINT('',(1.570797073871,0.));
#3063 = VECTOR('',#3064,1.);
#3064 = DIRECTION('',(0.,-1.));
#3065 = ( GEOMETRIC_REPRESENTATION_CONTEXT(2) 
PARAMETRIC_REPRESENTATION_CONTEXT() REPRESENTATION_CONTEXT('2D SPACE',''
  ) );
#3066 = PCURVE('',#1334,#3067);
#3067 = DEFINITIONAL_REPRESENTATION('',(#3068),#3072);
#3068 = LINE('',#3069,#3070);
#3069 = CARTESIAN_POINT('',(0.,0.));
#3070 = VECTOR('',#3071,1.);
#3071 = DIRECTION('',(0.,-1.));
#3072 = ( GEOMETRIC_REPRESENTATION_CONTEXT(2) 
PARAMETRIC_REPRESENTATION_CONTEXT() REPRESENTATION_CONTEXT('2D SPACE',''
  ) );
#3073 = ORIENTED_EDGE('',*,*,#1346,.F.);
#3074 = ADVANCED_FACE('',(#3075),#1334,.T.);
#3075 = FACE_BOUND('',#3076,.T.);
#3076 = EDGE_LOOP('',(#3077,#3078,#3101,#3122));
#3077 = ORIENTED_EDGE('',*,*,#3053,.T.);
#3078 = ORIENTED_EDGE('',*,*,#3079,.T.);
#3079 = EDGE_CURVE('',#3026,#3080,#3082,.T.);
#3080 = VERTEX_POINT('',#3081);
#3081 = CARTESIAN_POINT('',(17.325,-11.85,12.6));
#3082 = SURFACE_CURVE('',#3083,(#3087,#3094),.PCURVE_S1.);
#3083 = LINE('',#3084,#3085);
#3084 = CARTESIAN_POINT('',(-17.325,-11.85,12.6));
#3085 = VECTOR('',#3086,1.);
#3086 = DIRECTION('',(1.,-1.224646799147E-16,-0.));
#3087 = PCURVE('',#1334,#3088);
#3088 = DEFINITIONAL_REPRESENTATION('',(#3089),#3093);
#3089 = LINE('',#3090,#3091);
#3090 = CARTESIAN_POINT('',(0.,-1.6));
#3091 = VECTOR('',#3092,1.);
#3092 = DIRECTION('',(1.,0.));
#3093 = ( GEOMETRIC_REPRESENTATION_CONTEXT(2) 
PARAMETRIC_REPRESENTATION_CONTEXT() REPRESENTATION_CONTEXT('2D SPACE',''
  ) );
#3094 = PCURVE('',#2676,#3095);
#3095 = DEFINITIONAL_REPRESENTATION('',(#3096),#3100);
#3096 = LINE('',#3097,#3098);
#3097 = CARTESIAN_POINT('',(-17.32287899159,-10.51038669846));
#3098 = VECTOR('',#3099,1.);
#3099 = DIRECTION('',(1.,-1.224646799147E-16));
#3100 = ( GEOMETRIC_REPRESENTATION_CONTEXT(2) 
PARAMETRIC_REPRESENTATION_CONTEXT() REPRESENTATION_CONTEXT('2D SPACE',''
  ) );
#3101 = ORIENTED_EDGE('',*,*,#3102,.F.);
#3102 = EDGE_CURVE('',#1286,#3080,#3103,.T.);
#3103 = SURFACE_CURVE('',#3104,(#3108,#3115),.PCURVE_S1.);
#3104 = LINE('',#3105,#3106);
#3105 = CARTESIAN_POINT('',(17.325,-11.85,11.));
#3106 = VECTOR('',#3107,1.);
#3107 = DIRECTION('',(0.,0.,1.));
#3108 = PCURVE('',#1334,#3109);
#3109 = DEFINITIONAL_REPRESENTATION('',(#3110),#3114);
#3110 = LINE('',#3111,#3112);
#3111 = CARTESIAN_POINT('',(34.65,0.));
#3112 = VECTOR('',#3113,1.);
#3113 = DIRECTION('',(0.,-1.));
#3114 = ( GEOMETRIC_REPRESENTATION_CONTEXT(2) 
PARAMETRIC_REPRESENTATION_CONTEXT() REPRESENTATION_CONTEXT('2D SPACE',''
  ) );
#3115 = PCURVE('',#1306,#3116);
#3116 = DEFINITIONAL_REPRESENTATION('',(#3117),#3121);
#3117 = LINE('',#3118,#3119);
#3118 = CARTESIAN_POINT('',(1.570796326795,0.));
#3119 = VECTOR('',#3120,1.);
#3120 = DIRECTION('',(0.,-1.));
#3121 = ( GEOMETRIC_REPRESENTATION_CONTEXT(2) 
PARAMETRIC_REPRESENTATION_CONTEXT() REPRESENTATION_CONTEXT('2D SPACE',''
  ) );
#3122 = ORIENTED_EDGE('',*,*,#1318,.F.);
#3123 = ADVANCED_FACE('',(#3124),#1306,.T.);
#3124 = FACE_BOUND('',#3125,.T.);
#3125 = EDGE_LOOP('',(#3126,#3127,#3155,#3176));
#3126 = ORIENTED_EDGE('',*,*,#3102,.T.);
#3127 = ORIENTED_EDGE('',*,*,#3128,.T.);
#3128 = EDGE_CURVE('',#3080,#3129,#3131,.T.);
#3129 = VERTEX_POINT('',#3130);
#3130 = CARTESIAN_POINT('',(17.325000149415,-11.85,12.6));
#3131 = SURFACE_CURVE('',#3132,(#3137,#3144),.PCURVE_S1.);
#3132 = CIRCLE('',#3133,0.2);
#3133 = AXIS2_PLACEMENT_3D('',#3134,#3135,#3136);
#3134 = CARTESIAN_POINT('',(17.325,-12.05,12.6));
#3135 = DIRECTION('',(0.,0.,-1.));
#3136 = DIRECTION('',(-1.,1.224646799147E-16,0.));
#3137 = PCURVE('',#1306,#3138);
#3138 = DEFINITIONAL_REPRESENTATION('',(#3139),#3143);
#3139 = LINE('',#3140,#3141);
#3140 = CARTESIAN_POINT('',(0.,-1.6));
#3141 = VECTOR('',#3142,1.);
#3142 = DIRECTION('',(1.,0.));
#3143 = ( GEOMETRIC_REPRESENTATION_CONTEXT(2) 
PARAMETRIC_REPRESENTATION_CONTEXT() REPRESENTATION_CONTEXT('2D SPACE',''
  ) );
#3144 = PCURVE('',#2676,#3145);
#3145 = DEFINITIONAL_REPRESENTATION('',(#3146),#3154);
#3146 = ( BOUNDED_CURVE() B_SPLINE_CURVE(2,(#3147,#3148,#3149,#3150,
#3151,#3152,#3153),.UNSPECIFIED.,.T.,.F.) B_SPLINE_CURVE_WITH_KNOTS((1,2
    ,2,2,2,1),(-2.094395102393,0.,2.094395102393,4.188790204786,
6.28318530718,8.377580409573),.UNSPECIFIED.) CURVE() 
GEOMETRIC_REPRESENTATION_ITEM() RATIONAL_B_SPLINE_CURVE((1.,0.5,1.,0.5,
1.,0.5,1.)) REPRESENTATION_ITEM('') );
#3147 = CARTESIAN_POINT('',(17.127121008406,-10.71038669846));
#3148 = CARTESIAN_POINT('',(17.127121008406,-10.36397653695));
#3149 = CARTESIAN_POINT('',(17.427121008406,-10.5371816177));
#3150 = CARTESIAN_POINT('',(17.727121008406,-10.71038669846));
#3151 = CARTESIAN_POINT('',(17.427121008406,-10.88359177922));
#3152 = CARTESIAN_POINT('',(17.127121008406,-11.05679685997));
#3153 = CARTESIAN_POINT('',(17.127121008406,-10.71038669846));
#3154 = ( GEOMETRIC_REPRESENTATION_CONTEXT(2) 
PARAMETRIC_REPRESENTATION_CONTEXT() REPRESENTATION_CONTEXT('2D SPACE',''
  ) );
#3155 = ORIENTED_EDGE('',*,*,#3156,.F.);
#3156 = EDGE_CURVE('',#1257,#3129,#3157,.T.);
#3157 = SURFACE_CURVE('',#3158,(#3162,#3169),.PCURVE_S1.);
#3158 = LINE('',#3159,#3160);
#3159 = CARTESIAN_POINT('',(17.325000149415,-11.85,11.));
#3160 = VECTOR('',#3161,1.);
#3161 = DIRECTION('',(0.,0.,1.));
#3162 = PCURVE('',#1306,#3163);
#3163 = DEFINITIONAL_REPRESENTATION('',(#3164),#3168);
#3164 = LINE('',#3165,#3166);
#3165 = CARTESIAN_POINT('',(1.570797073871,0.));
#3166 = VECTOR('',#3167,1.);
#3167 = DIRECTION('',(0.,-1.));
#3168 = ( GEOMETRIC_REPRESENTATION_CONTEXT(2) 
PARAMETRIC_REPRESENTATION_CONTEXT() REPRESENTATION_CONTEXT('2D SPACE',''
  ) );
#3169 = PCURVE('',#1273,#3170);
#3170 = DEFINITIONAL_REPRESENTATION('',(#3171),#3175);
#3171 = LINE('',#3172,#3173);
#3172 = CARTESIAN_POINT('',(-6.28318530718,0.));
#3173 = VECTOR('',#3174,1.);
#3174 = DIRECTION('',(-0.,-1.));
#3175 = ( GEOMETRIC_REPRESENTATION_CONTEXT(2) 
PARAMETRIC_REPRESENTATION_CONTEXT() REPRESENTATION_CONTEXT('2D SPACE',''
  ) );
#3176 = ORIENTED_EDGE('',*,*,#1285,.F.);
#3177 = ADVANCED_FACE('',(#3178),#1273,.F.);
#3178 = FACE_BOUND('',#3179,.T.);
#3179 = EDGE_LOOP('',(#3180,#3181,#3205,#3226));
#3180 = ORIENTED_EDGE('',*,*,#3156,.T.);
#3181 = ORIENTED_EDGE('',*,*,#3182,.T.);
#3182 = EDGE_CURVE('',#3129,#3183,#3185,.T.);
#3183 = VERTEX_POINT('',#3184);
#3184 = CARTESIAN_POINT('',(18.125,-11.05000014941,12.6));
#3185 = SURFACE_CURVE('',#3186,(#3191,#3198),.PCURVE_S1.);
#3186 = CIRCLE('',#3187,0.799999252925);
#3187 = AXIS2_PLACEMENT_3D('',#3188,#3189,#3190);
#3188 = CARTESIAN_POINT('',(17.325000747075,-11.05000074707,12.6));
#3189 = DIRECTION('',(0.,0.,1.));
#3190 = DIRECTION('',(-7.470757634981E-07,-1.,0.));
#3191 = PCURVE('',#1273,#3192);
#3192 = DEFINITIONAL_REPRESENTATION('',(#3193),#3197);
#3193 = LINE('',#3194,#3195);
#3194 = CARTESIAN_POINT('',(-0.,-1.6));
#3195 = VECTOR('',#3196,1.);
#3196 = DIRECTION('',(-1.,0.));
#3197 = ( GEOMETRIC_REPRESENTATION_CONTEXT(2) 
PARAMETRIC_REPRESENTATION_CONTEXT() REPRESENTATION_CONTEXT('2D SPACE',''
  ) );
#3198 = PCURVE('',#2676,#3199);
#3199 = DEFINITIONAL_REPRESENTATION('',(#3200),#3204);
#3200 = CIRCLE('',#3201,0.799999252925);
#3201 = AXIS2_PLACEMENT_2D('',#3202,#3203);
#3202 = CARTESIAN_POINT('',(17.327121755481,-9.71038744554));
#3203 = DIRECTION('',(-7.470757634981E-07,-1.));
#3204 = ( GEOMETRIC_REPRESENTATION_CONTEXT(2) 
PARAMETRIC_REPRESENTATION_CONTEXT() REPRESENTATION_CONTEXT('2D SPACE',''
  ) );
#3205 = ORIENTED_EDGE('',*,*,#3206,.F.);
#3206 = EDGE_CURVE('',#1224,#3183,#3207,.T.);
#3207 = SURFACE_CURVE('',#3208,(#3212,#3219),.PCURVE_S1.);
#3208 = LINE('',#3209,#3210);
#3209 = CARTESIAN_POINT('',(18.125,-11.05000014941,11.));
#3210 = VECTOR('',#3211,1.);
#3211 = DIRECTION('',(0.,0.,1.));
#3212 = PCURVE('',#1273,#3213);
#3213 = DEFINITIONAL_REPRESENTATION('',(#3214),#3218);
#3214 = LINE('',#3215,#3216);
#3215 = CARTESIAN_POINT('',(-7.853983128126,0.));
#3216 = VECTOR('',#3217,1.);
#3217 = DIRECTION('',(-0.,-1.));
#3218 = ( GEOMETRIC_REPRESENTATION_CONTEXT(2) 
PARAMETRIC_REPRESENTATION_CONTEXT() REPRESENTATION_CONTEXT('2D SPACE',''
  ) );
#3219 = PCURVE('',#1244,#3220);
#3220 = DEFINITIONAL_REPRESENTATION('',(#3221),#3225);
#3221 = LINE('',#3222,#3223);
#3222 = CARTESIAN_POINT('',(1.570796326795,0.));
#3223 = VECTOR('',#3224,1.);
#3224 = DIRECTION('',(0.,-1.));
#3225 = ( GEOMETRIC_REPRESENTATION_CONTEXT(2) 
PARAMETRIC_REPRESENTATION_CONTEXT() REPRESENTATION_CONTEXT('2D SPACE',''
  ) );
#3226 = ORIENTED_EDGE('',*,*,#1256,.F.);
#3227 = ADVANCED_FACE('',(#3228),#1244,.T.);
#3228 = FACE_BOUND('',#3229,.T.);
#3229 = EDGE_LOOP('',(#3230,#3231,#3259,#3280));
#3230 = ORIENTED_EDGE('',*,*,#3206,.T.);
#3231 = ORIENTED_EDGE('',*,*,#3232,.T.);
#3232 = EDGE_CURVE('',#3183,#3233,#3235,.T.);
#3233 = VERTEX_POINT('',#3234);
#3234 = CARTESIAN_POINT('',(18.125,-11.05,12.6));
#3235 = SURFACE_CURVE('',#3236,(#3241,#3248),.PCURVE_S1.);
#3236 = CIRCLE('',#3237,0.2);
#3237 = AXIS2_PLACEMENT_3D('',#3238,#3239,#3240);
#3238 = CARTESIAN_POINT('',(18.325,-11.05,12.6));
#3239 = DIRECTION('',(-0.,0.,-1.));
#3240 = DIRECTION('',(7.470757631669E-07,-1.,-0.));
#3241 = PCURVE('',#1244,#3242);
#3242 = DEFINITIONAL_REPRESENTATION('',(#3243),#3247);
#3243 = LINE('',#3244,#3245);
#3244 = CARTESIAN_POINT('',(0.,-1.6));
#3245 = VECTOR('',#3246,1.);
#3246 = DIRECTION('',(1.,0.));
#3247 = ( GEOMETRIC_REPRESENTATION_CONTEXT(2) 
PARAMETRIC_REPRESENTATION_CONTEXT() REPRESENTATION_CONTEXT('2D SPACE',''
  ) );
#3248 = PCURVE('',#2676,#3249);
#3249 = DEFINITIONAL_REPRESENTATION('',(#3250),#3258);
#3250 = ( BOUNDED_CURVE() B_SPLINE_CURVE(2,(#3251,#3252,#3253,#3254,
#3255,#3256,#3257),.UNSPECIFIED.,.T.,.F.) B_SPLINE_CURVE_WITH_KNOTS((1,2
    ,2,2,2,1),(-2.094395102393,0.,2.094395102393,4.188790204786,
6.28318530718,8.377580409573),.UNSPECIFIED.) CURVE() 
GEOMETRIC_REPRESENTATION_ITEM() RATIONAL_B_SPLINE_CURVE((1.,0.5,1.,0.5,
1.,0.5,1.)) REPRESENTATION_ITEM('') );
#3251 = CARTESIAN_POINT('',(18.327121157821,-9.910386698464));
#3252 = CARTESIAN_POINT('',(17.980710996307,-9.910386957259));
#3253 = CARTESIAN_POINT('',(18.153915852941,-9.610386827862));
#3254 = CARTESIAN_POINT('',(18.327120709575,-9.310386698465));
#3255 = CARTESIAN_POINT('',(18.500326014455,-9.610386569067));
#3256 = CARTESIAN_POINT('',(18.673531319334,-9.91038643967));
#3257 = CARTESIAN_POINT('',(18.327121157821,-9.910386698464));
#3258 = ( GEOMETRIC_REPRESENTATION_CONTEXT(2) 
PARAMETRIC_REPRESENTATION_CONTEXT() REPRESENTATION_CONTEXT('2D SPACE',''
  ) );
#3259 = ORIENTED_EDGE('',*,*,#3260,.F.);
#3260 = EDGE_CURVE('',#1196,#3233,#3261,.T.);
#3261 = SURFACE_CURVE('',#3262,(#3266,#3273),.PCURVE_S1.);
#3262 = LINE('',#3263,#3264);
#3263 = CARTESIAN_POINT('',(18.125,-11.05,11.));
#3264 = VECTOR('',#3265,1.);
#3265 = DIRECTION('',(0.,0.,1.));
#3266 = PCURVE('',#1244,#3267);
#3267 = DEFINITIONAL_REPRESENTATION('',(#3268),#3272);
#3268 = LINE('',#3269,#3270);
#3269 = CARTESIAN_POINT('',(1.570797073871,0.));
#3270 = VECTOR('',#3271,1.);
#3271 = DIRECTION('',(0.,-1.));
#3272 = ( GEOMETRIC_REPRESENTATION_CONTEXT(2) 
PARAMETRIC_REPRESENTATION_CONTEXT() REPRESENTATION_CONTEXT('2D SPACE',''
  ) );
#3273 = PCURVE('',#1211,#3274);
#3274 = DEFINITIONAL_REPRESENTATION('',(#3275),#3279);
#3275 = LINE('',#3276,#3277);
#3276 = CARTESIAN_POINT('',(0.,0.));
#3277 = VECTOR('',#3278,1.);
#3278 = DIRECTION('',(0.,-1.));
#3279 = ( GEOMETRIC_REPRESENTATION_CONTEXT(2) 
PARAMETRIC_REPRESENTATION_CONTEXT() REPRESENTATION_CONTEXT('2D SPACE',''
  ) );
#3280 = ORIENTED_EDGE('',*,*,#1223,.F.);
#3281 = ADVANCED_FACE('',(#3282),#1211,.T.);
#3282 = FACE_BOUND('',#3283,.T.);
#3283 = EDGE_LOOP('',(#3284,#3285,#3308,#3329));
#3284 = ORIENTED_EDGE('',*,*,#3260,.T.);
#3285 = ORIENTED_EDGE('',*,*,#3286,.T.);
#3286 = EDGE_CURVE('',#3233,#3287,#3289,.T.);
#3287 = VERTEX_POINT('',#3288);
#3288 = CARTESIAN_POINT('',(18.125,1.45,12.6));
#3289 = SURFACE_CURVE('',#3290,(#3294,#3301),.PCURVE_S1.);
#3290 = LINE('',#3291,#3292);
#3291 = CARTESIAN_POINT('',(18.125,-11.05,12.6));
#3292 = VECTOR('',#3293,1.);
#3293 = DIRECTION('',(1.224646799147E-16,1.,0.));
#3294 = PCURVE('',#1211,#3295);
#3295 = DEFINITIONAL_REPRESENTATION('',(#3296),#3300);
#3296 = LINE('',#3297,#3298);
#3297 = CARTESIAN_POINT('',(0.,-1.6));
#3298 = VECTOR('',#3299,1.);
#3299 = DIRECTION('',(1.,0.));
#3300 = ( GEOMETRIC_REPRESENTATION_CONTEXT(2) 
PARAMETRIC_REPRESENTATION_CONTEXT() REPRESENTATION_CONTEXT('2D SPACE',''
  ) );
#3301 = PCURVE('',#2676,#3302);
#3302 = DEFINITIONAL_REPRESENTATION('',(#3303),#3307);
#3303 = LINE('',#3304,#3305);
#3304 = CARTESIAN_POINT('',(18.127121008406,-9.710386698464));
#3305 = VECTOR('',#3306,1.);
#3306 = DIRECTION('',(1.224646799147E-16,1.));
#3307 = ( GEOMETRIC_REPRESENTATION_CONTEXT(2) 
PARAMETRIC_REPRESENTATION_CONTEXT() REPRESENTATION_CONTEXT('2D SPACE',''
  ) );
#3308 = ORIENTED_EDGE('',*,*,#3309,.F.);
#3309 = EDGE_CURVE('',#1163,#3287,#3310,.T.);
#3310 = SURFACE_CURVE('',#3311,(#3315,#3322),.PCURVE_S1.);
#3311 = LINE('',#3312,#3313);
#3312 = CARTESIAN_POINT('',(18.125,1.45,11.));
#3313 = VECTOR('',#3314,1.);
#3314 = DIRECTION('',(0.,0.,1.));
#3315 = PCURVE('',#1211,#3316);
#3316 = DEFINITIONAL_REPRESENTATION('',(#3317),#3321);
#3317 = LINE('',#3318,#3319);
#3318 = CARTESIAN_POINT('',(12.5,0.));
#3319 = VECTOR('',#3320,1.);
#3320 = DIRECTION('',(0.,-1.));
#3321 = ( GEOMETRIC_REPRESENTATION_CONTEXT(2) 
PARAMETRIC_REPRESENTATION_CONTEXT() REPRESENTATION_CONTEXT('2D SPACE',''
  ) );
#3322 = PCURVE('',#1183,#3323);
#3323 = DEFINITIONAL_REPRESENTATION('',(#3324),#3328);
#3324 = LINE('',#3325,#3326);
#3325 = CARTESIAN_POINT('',(1.570796326795,0.));
#3326 = VECTOR('',#3327,1.);
#3327 = DIRECTION('',(0.,-1.));
#3328 = ( GEOMETRIC_REPRESENTATION_CONTEXT(2) 
PARAMETRIC_REPRESENTATION_CONTEXT() REPRESENTATION_CONTEXT('2D SPACE',''
  ) );
#3329 = ORIENTED_EDGE('',*,*,#1195,.F.);
#3330 = ADVANCED_FACE('',(#3331),#1183,.T.);
#3331 = FACE_BOUND('',#3332,.T.);
#3332 = EDGE_LOOP('',(#3333,#3334,#3362,#3383));
#3333 = ORIENTED_EDGE('',*,*,#3309,.T.);
#3334 = ORIENTED_EDGE('',*,*,#3335,.T.);
#3335 = EDGE_CURVE('',#3287,#3336,#3338,.T.);
#3336 = VERTEX_POINT('',#3337);
#3337 = CARTESIAN_POINT('',(18.125,1.450000149415,12.6));
#3338 = SURFACE_CURVE('',#3339,(#3344,#3351),.PCURVE_S1.);
#3339 = CIRCLE('',#3340,0.2);
#3340 = AXIS2_PLACEMENT_3D('',#3341,#3342,#3343);
#3341 = CARTESIAN_POINT('',(18.325,1.45,12.6));
#3342 = DIRECTION('',(-0.,0.,-1.));
#3343 = DIRECTION('',(-1.224646799147E-16,-1.,0.));
#3344 = PCURVE('',#1183,#3345);
#3345 = DEFINITIONAL_REPRESENTATION('',(#3346),#3350);
#3346 = LINE('',#3347,#3348);
#3347 = CARTESIAN_POINT('',(0.,-1.6));
#3348 = VECTOR('',#3349,1.);
#3349 = DIRECTION('',(1.,0.));
#3350 = ( GEOMETRIC_REPRESENTATION_CONTEXT(2) 
PARAMETRIC_REPRESENTATION_CONTEXT() REPRESENTATION_CONTEXT('2D SPACE',''
  ) );
#3351 = PCURVE('',#2676,#3352);
#3352 = DEFINITIONAL_REPRESENTATION('',(#3353),#3361);
#3353 = ( BOUNDED_CURVE() B_SPLINE_CURVE(2,(#3354,#3355,#3356,#3357,
#3358,#3359,#3360),.UNSPECIFIED.,.T.,.F.) B_SPLINE_CURVE_WITH_KNOTS((1,2
    ,2,2,2,1),(-2.094395102393,0.,2.094395102393,4.188790204786,
6.28318530718,8.377580409573),.UNSPECIFIED.) CURVE() 
GEOMETRIC_REPRESENTATION_ITEM() RATIONAL_B_SPLINE_CURVE((1.,0.5,1.,0.5,
1.,0.5,1.)) REPRESENTATION_ITEM('') );
#3354 = CARTESIAN_POINT('',(18.327121008406,2.589613301536));
#3355 = CARTESIAN_POINT('',(17.980710846892,2.589613301536));
#3356 = CARTESIAN_POINT('',(18.153915927649,2.889613301536));
#3357 = CARTESIAN_POINT('',(18.327121008406,3.189613301536));
#3358 = CARTESIAN_POINT('',(18.500326089162,2.889613301536));
#3359 = CARTESIAN_POINT('',(18.673531169919,2.589613301536));
#3360 = CARTESIAN_POINT('',(18.327121008406,2.589613301536));
#3361 = ( GEOMETRIC_REPRESENTATION_CONTEXT(2) 
PARAMETRIC_REPRESENTATION_CONTEXT() REPRESENTATION_CONTEXT('2D SPACE',''
  ) );
#3362 = ORIENTED_EDGE('',*,*,#3363,.F.);
#3363 = EDGE_CURVE('',#1134,#3336,#3364,.T.);
#3364 = SURFACE_CURVE('',#3365,(#3369,#3376),.PCURVE_S1.);
#3365 = LINE('',#3366,#3367);
#3366 = CARTESIAN_POINT('',(18.125,1.450000149415,11.));
#3367 = VECTOR('',#3368,1.);
#3368 = DIRECTION('',(0.,0.,1.));
#3369 = PCURVE('',#1183,#3370);
#3370 = DEFINITIONAL_REPRESENTATION('',(#3371),#3375);
#3371 = LINE('',#3372,#3373);
#3372 = CARTESIAN_POINT('',(1.570797073871,0.));
#3373 = VECTOR('',#3374,1.);
#3374 = DIRECTION('',(0.,-1.));
#3375 = ( GEOMETRIC_REPRESENTATION_CONTEXT(2) 
PARAMETRIC_REPRESENTATION_CONTEXT() REPRESENTATION_CONTEXT('2D SPACE',''
  ) );
#3376 = PCURVE('',#1150,#3377);
#3377 = DEFINITIONAL_REPRESENTATION('',(#3378),#3382);
#3378 = LINE('',#3379,#3380);
#3379 = CARTESIAN_POINT('',(-6.28318530718,0.));
#3380 = VECTOR('',#3381,1.);
#3381 = DIRECTION('',(-0.,-1.));
#3382 = ( GEOMETRIC_REPRESENTATION_CONTEXT(2) 
PARAMETRIC_REPRESENTATION_CONTEXT() REPRESENTATION_CONTEXT('2D SPACE',''
  ) );
#3383 = ORIENTED_EDGE('',*,*,#1162,.F.);
#3384 = ADVANCED_FACE('',(#3385),#1150,.F.);
#3385 = FACE_BOUND('',#3386,.T.);
#3386 = EDGE_LOOP('',(#3387,#3388,#3412,#3433));
#3387 = ORIENTED_EDGE('',*,*,#3363,.T.);
#3388 = ORIENTED_EDGE('',*,*,#3389,.T.);
#3389 = EDGE_CURVE('',#3336,#3390,#3392,.T.);
#3390 = VERTEX_POINT('',#3391);
#3391 = CARTESIAN_POINT('',(17.325000149415,2.25,12.6));
#3392 = SURFACE_CURVE('',#3393,(#3398,#3405),.PCURVE_S1.);
#3393 = CIRCLE('',#3394,0.799999252925);
#3394 = AXIS2_PLACEMENT_3D('',#3395,#3396,#3397);
#3395 = CARTESIAN_POINT('',(17.325000747075,1.450000747075,12.6));
#3396 = DIRECTION('',(0.,-0.,1.));
#3397 = DIRECTION('',(1.,-7.470757492872E-07,-0.));
#3398 = PCURVE('',#1150,#3399);
#3399 = DEFINITIONAL_REPRESENTATION('',(#3400),#3404);
#3400 = LINE('',#3401,#3402);
#3401 = CARTESIAN_POINT('',(-0.,-1.6));
#3402 = VECTOR('',#3403,1.);
#3403 = DIRECTION('',(-1.,0.));
#3404 = ( GEOMETRIC_REPRESENTATION_CONTEXT(2) 
PARAMETRIC_REPRESENTATION_CONTEXT() REPRESENTATION_CONTEXT('2D SPACE',''
  ) );
#3405 = PCURVE('',#2676,#3406);
#3406 = DEFINITIONAL_REPRESENTATION('',(#3407),#3411);
#3407 = CIRCLE('',#3408,0.799999252925);
#3408 = AXIS2_PLACEMENT_2D('',#3409,#3410);
#3409 = CARTESIAN_POINT('',(17.327121755481,2.789614048611));
#3410 = DIRECTION('',(1.,-7.470757492872E-07));
#3411 = ( GEOMETRIC_REPRESENTATION_CONTEXT(2) 
PARAMETRIC_REPRESENTATION_CONTEXT() REPRESENTATION_CONTEXT('2D SPACE',''
  ) );
#3412 = ORIENTED_EDGE('',*,*,#3413,.F.);
#3413 = EDGE_CURVE('',#1101,#3390,#3414,.T.);
#3414 = SURFACE_CURVE('',#3415,(#3419,#3426),.PCURVE_S1.);
#3415 = LINE('',#3416,#3417);
#3416 = CARTESIAN_POINT('',(17.325000149415,2.25,11.));
#3417 = VECTOR('',#3418,1.);
#3418 = DIRECTION('',(0.,0.,1.));
#3419 = PCURVE('',#1150,#3420);
#3420 = DEFINITIONAL_REPRESENTATION('',(#3421),#3425);
#3421 = LINE('',#3422,#3423);
#3422 = CARTESIAN_POINT('',(-7.853983128126,0.));
#3423 = VECTOR('',#3424,1.);
#3424 = DIRECTION('',(-0.,-1.));
#3425 = ( GEOMETRIC_REPRESENTATION_CONTEXT(2) 
PARAMETRIC_REPRESENTATION_CONTEXT() REPRESENTATION_CONTEXT('2D SPACE',''
  ) );
#3426 = PCURVE('',#1121,#3427);
#3427 = DEFINITIONAL_REPRESENTATION('',(#3428),#3432);
#3428 = LINE('',#3429,#3430);
#3429 = CARTESIAN_POINT('',(1.570796326795,0.));
#3430 = VECTOR('',#3431,1.);
#3431 = DIRECTION('',(0.,-1.));
#3432 = ( GEOMETRIC_REPRESENTATION_CONTEXT(2) 
PARAMETRIC_REPRESENTATION_CONTEXT() REPRESENTATION_CONTEXT('2D SPACE',''
  ) );
#3433 = ORIENTED_EDGE('',*,*,#1133,.F.);
#3434 = ADVANCED_FACE('',(#3435),#1121,.T.);
#3435 = FACE_BOUND('',#3436,.T.);
#3436 = EDGE_LOOP('',(#3437,#3438,#3466,#3487));
#3437 = ORIENTED_EDGE('',*,*,#3413,.T.);
#3438 = ORIENTED_EDGE('',*,*,#3439,.T.);
#3439 = EDGE_CURVE('',#3390,#3440,#3442,.T.);
#3440 = VERTEX_POINT('',#3441);
#3441 = CARTESIAN_POINT('',(17.324796833337,2.250000103192,12.6));
#3442 = SURFACE_CURVE('',#3443,(#3448,#3455),.PCURVE_S1.);
#3443 = CIRCLE('',#3444,0.2);
#3444 = AXIS2_PLACEMENT_3D('',#3445,#3446,#3447);
#3445 = CARTESIAN_POINT('',(17.325,2.45,12.6));
#3446 = DIRECTION('',(0.,0.,-1.));
#3447 = DIRECTION('',(1.,7.470757489561E-07,0.));
#3448 = PCURVE('',#1121,#3449);
#3449 = DEFINITIONAL_REPRESENTATION('',(#3450),#3454);
#3450 = LINE('',#3451,#3452);
#3451 = CARTESIAN_POINT('',(0.,-1.6));
#3452 = VECTOR('',#3453,1.);
#3453 = DIRECTION('',(1.,0.));
#3454 = ( GEOMETRIC_REPRESENTATION_CONTEXT(2) 
PARAMETRIC_REPRESENTATION_CONTEXT() REPRESENTATION_CONTEXT('2D SPACE',''
  ) );
#3455 = PCURVE('',#2676,#3456);
#3456 = DEFINITIONAL_REPRESENTATION('',(#3457),#3465);
#3457 = ( BOUNDED_CURVE() B_SPLINE_CURVE(2,(#3458,#3459,#3460,#3461,
#3462,#3463,#3464),.UNSPECIFIED.,.T.,.F.) B_SPLINE_CURVE_WITH_KNOTS((1,2
    ,2,2,2,1),(-2.094395102393,0.,2.094395102393,4.188790204786,
6.28318530718,8.377580409573),.UNSPECIFIED.) CURVE() 
GEOMETRIC_REPRESENTATION_ITEM() RATIONAL_B_SPLINE_CURVE((1.,0.5,1.,0.5,
1.,0.5,1.)) REPRESENTATION_ITEM('') );
#3458 = CARTESIAN_POINT('',(17.527121008406,3.789613450951));
#3459 = CARTESIAN_POINT('',(17.5271212672,3.443203289437));
#3460 = CARTESIAN_POINT('',(17.227121137803,3.616408146071));
#3461 = CARTESIAN_POINT('',(16.927121008406,3.789613002705));
#3462 = CARTESIAN_POINT('',(17.227120879008,3.962818307585));
#3463 = CARTESIAN_POINT('',(17.527120749611,4.136023612464));
#3464 = CARTESIAN_POINT('',(17.527121008406,3.789613450951));
#3465 = ( GEOMETRIC_REPRESENTATION_CONTEXT(2) 
PARAMETRIC_REPRESENTATION_CONTEXT() REPRESENTATION_CONTEXT('2D SPACE',''
  ) );
#3466 = ORIENTED_EDGE('',*,*,#3467,.F.);
#3467 = EDGE_CURVE('',#1073,#3440,#3468,.T.);
#3468 = SURFACE_CURVE('',#3469,(#3473,#3480),.PCURVE_S1.);
#3469 = LINE('',#3470,#3471);
#3470 = CARTESIAN_POINT('',(17.324796833337,2.250000103192,11.));
#3471 = VECTOR('',#3472,1.);
#3472 = DIRECTION('',(0.,0.,1.));
#3473 = PCURVE('',#1121,#3474);
#3474 = DEFINITIONAL_REPRESENTATION('',(#3475),#3479);
#3475 = LINE('',#3476,#3477);
#3476 = CARTESIAN_POINT('',(1.571812907362,0.));
#3477 = VECTOR('',#3478,1.);
#3478 = DIRECTION('',(0.,-1.));
#3479 = ( GEOMETRIC_REPRESENTATION_CONTEXT(2) 
PARAMETRIC_REPRESENTATION_CONTEXT() REPRESENTATION_CONTEXT('2D SPACE',''
  ) );
#3480 = PCURVE('',#1088,#3481);
#3481 = DEFINITIONAL_REPRESENTATION('',(#3482),#3486);
#3482 = LINE('',#3483,#3484);
#3483 = CARTESIAN_POINT('',(0.,0.));
#3484 = VECTOR('',#3485,1.);
#3485 = DIRECTION('',(0.,-1.));
#3486 = ( GEOMETRIC_REPRESENTATION_CONTEXT(2) 
PARAMETRIC_REPRESENTATION_CONTEXT() REPRESENTATION_CONTEXT('2D SPACE',''
  ) );
#3487 = ORIENTED_EDGE('',*,*,#1100,.F.);
#3488 = ADVANCED_FACE('',(#3489),#1088,.T.);
#3489 = FACE_BOUND('',#3490,.T.);
#3490 = EDGE_LOOP('',(#3491,#3492,#3515,#3536));
#3491 = ORIENTED_EDGE('',*,*,#3467,.T.);
#3492 = ORIENTED_EDGE('',*,*,#3493,.T.);
#3493 = EDGE_CURVE('',#3440,#3494,#3496,.T.);
#3494 = VERTEX_POINT('',#3495);
#3495 = CARTESIAN_POINT('',(11.32489686094,2.256095004628,12.6));
#3496 = SURFACE_CURVE('',#3497,(#3501,#3508),.PCURVE_S1.);
#3497 = LINE('',#3498,#3499);
#3498 = CARTESIAN_POINT('',(17.324796833337,2.250000103192,12.6));
#3499 = VECTOR('',#3500,1.);
#3500 = DIRECTION('',(-0.999999484041,1.015833317122E-03,0.));
#3501 = PCURVE('',#1088,#3502);
#3502 = DEFINITIONAL_REPRESENTATION('',(#3503),#3507);
#3503 = LINE('',#3504,#3505);
#3504 = CARTESIAN_POINT('',(0.,-1.6));
#3505 = VECTOR('',#3506,1.);
#3506 = DIRECTION('',(1.,0.));
#3507 = ( GEOMETRIC_REPRESENTATION_CONTEXT(2) 
PARAMETRIC_REPRESENTATION_CONTEXT() REPRESENTATION_CONTEXT('2D SPACE',''
  ) );
#3508 = PCURVE('',#2676,#3509);
#3509 = DEFINITIONAL_REPRESENTATION('',(#3510),#3514);
#3510 = LINE('',#3511,#3512);
#3511 = CARTESIAN_POINT('',(17.326917841742,3.589613404727));
#3512 = VECTOR('',#3513,1.);
#3513 = DIRECTION('',(-0.999999484041,1.015833317122E-03));
#3514 = ( GEOMETRIC_REPRESENTATION_CONTEXT(2) 
PARAMETRIC_REPRESENTATION_CONTEXT() REPRESENTATION_CONTEXT('2D SPACE',''
  ) );
#3515 = ORIENTED_EDGE('',*,*,#3516,.F.);
#3516 = EDGE_CURVE('',#1044,#3494,#3517,.T.);
#3517 = SURFACE_CURVE('',#3518,(#3522,#3529),.PCURVE_S1.);
#3518 = LINE('',#3519,#3520);
#3519 = CARTESIAN_POINT('',(11.32489686094,2.256095004628,11.));
#3520 = VECTOR('',#3521,1.);
#3521 = DIRECTION('',(0.,0.,1.));
#3522 = PCURVE('',#1088,#3523);
#3523 = DEFINITIONAL_REPRESENTATION('',(#3524),#3528);
#3524 = LINE('',#3525,#3526);
#3525 = CARTESIAN_POINT('',(5.999903068099,0.));
#3526 = VECTOR('',#3527,1.);
#3527 = DIRECTION('',(0.,-1.));
#3528 = ( GEOMETRIC_REPRESENTATION_CONTEXT(2) 
PARAMETRIC_REPRESENTATION_CONTEXT() REPRESENTATION_CONTEXT('2D SPACE',''
  ) );
#3529 = PCURVE('',#1060,#3530);
#3530 = DEFINITIONAL_REPRESENTATION('',(#3531),#3535);
#3531 = LINE('',#3532,#3533);
#3532 = CARTESIAN_POINT('',(-7.853894554341,0.));
#3533 = VECTOR('',#3534,1.);
#3534 = DIRECTION('',(-0.,-1.));
#3535 = ( GEOMETRIC_REPRESENTATION_CONTEXT(2) 
PARAMETRIC_REPRESENTATION_CONTEXT() REPRESENTATION_CONTEXT('2D SPACE',''
  ) );
#3536 = ORIENTED_EDGE('',*,*,#1072,.F.);
#3537 = ADVANCED_FACE('',(#3538),#1060,.T.);
#3538 = FACE_BOUND('',#3539,.F.);
#3539 = EDGE_LOOP('',(#3540,#3563,#3585,#3586));
#3540 = ORIENTED_EDGE('',*,*,#3541,.T.);
#3541 = EDGE_CURVE('',#1016,#3542,#3544,.T.);
#3542 = VERTEX_POINT('',#3543);
#3543 = CARTESIAN_POINT('',(10.125003,3.456094252925,12.6));
#3544 = SURFACE_CURVE('',#3545,(#3549,#3556),.PCURVE_S1.);
#3545 = LINE('',#3546,#3547);
#3546 = CARTESIAN_POINT('',(10.125003,3.456094252925,11.));
#3547 = VECTOR('',#3548,1.);
#3548 = DIRECTION('',(0.,0.,1.));
#3549 = PCURVE('',#1060,#3550);
#3550 = DEFINITIONAL_REPRESENTATION('',(#3551),#3555);
#3551 = LINE('',#3552,#3553);
#3552 = CARTESIAN_POINT('',(-6.283186054255,0.));
#3553 = VECTOR('',#3554,1.);
#3554 = DIRECTION('',(-0.,-1.));
#3555 = ( GEOMETRIC_REPRESENTATION_CONTEXT(2) 
PARAMETRIC_REPRESENTATION_CONTEXT() REPRESENTATION_CONTEXT('2D SPACE',''
  ) );
#3556 = PCURVE('',#1031,#3557);
#3557 = DEFINITIONAL_REPRESENTATION('',(#3558),#3562);
#3558 = LINE('',#3559,#3560);
#3559 = CARTESIAN_POINT('',(4.440892098501E-16,0.));
#3560 = VECTOR('',#3561,1.);
#3561 = DIRECTION('',(0.,-1.));
#3562 = ( GEOMETRIC_REPRESENTATION_CONTEXT(2) 
PARAMETRIC_REPRESENTATION_CONTEXT() REPRESENTATION_CONTEXT('2D SPACE',''
  ) );
#3563 = ORIENTED_EDGE('',*,*,#3564,.T.);
#3564 = EDGE_CURVE('',#3542,#3494,#3565,.T.);
#3565 = SURFACE_CURVE('',#3566,(#3571,#3578),.PCURVE_S1.);
#3566 = CIRCLE('',#3567,1.199999252925);
#3567 = AXIS2_PLACEMENT_3D('',#3568,#3569,#3570);
#3568 = CARTESIAN_POINT('',(11.325002252925,3.456094252925,12.6));
#3569 = DIRECTION('',(0.,0.,1.));
#3570 = DIRECTION('',(-1.,7.470757634981E-07,0.));
#3571 = PCURVE('',#1060,#3572);
#3572 = DEFINITIONAL_REPRESENTATION('',(#3573),#3577);
#3573 = LINE('',#3574,#3575);
#3574 = CARTESIAN_POINT('',(-0.,-1.6));
#3575 = VECTOR('',#3576,1.);
#3576 = DIRECTION('',(-1.,0.));
#3577 = ( GEOMETRIC_REPRESENTATION_CONTEXT(2) 
PARAMETRIC_REPRESENTATION_CONTEXT() REPRESENTATION_CONTEXT('2D SPACE',''
  ) );
#3578 = PCURVE('',#2676,#3579);
#3579 = DEFINITIONAL_REPRESENTATION('',(#3580),#3584);
#3580 = CIRCLE('',#3581,1.199999252925);
#3581 = AXIS2_PLACEMENT_2D('',#3582,#3583);
#3582 = CARTESIAN_POINT('',(11.32712326133,4.79570755446));
#3583 = DIRECTION('',(-1.,7.470757634981E-07));
#3584 = ( GEOMETRIC_REPRESENTATION_CONTEXT(2) 
PARAMETRIC_REPRESENTATION_CONTEXT() REPRESENTATION_CONTEXT('2D SPACE',''
  ) );
#3585 = ORIENTED_EDGE('',*,*,#3516,.F.);
#3586 = ORIENTED_EDGE('',*,*,#1043,.F.);
#3587 = ADVANCED_FACE('',(#3588),#1031,.T.);
#3588 = FACE_BOUND('',#3589,.T.);
#3589 = EDGE_LOOP('',(#3590,#3591,#3614,#3635));
#3590 = ORIENTED_EDGE('',*,*,#3541,.T.);
#3591 = ORIENTED_EDGE('',*,*,#3592,.T.);
#3592 = EDGE_CURVE('',#3542,#3593,#3595,.T.);
#3593 = VERTEX_POINT('',#3594);
#3594 = CARTESIAN_POINT('',(10.125003,11.048993,12.6));
#3595 = SURFACE_CURVE('',#3596,(#3600,#3607),.PCURVE_S1.);
#3596 = LINE('',#3597,#3598);
#3597 = CARTESIAN_POINT('',(10.125003,3.456095,12.6));
#3598 = VECTOR('',#3599,1.);
#3599 = DIRECTION('',(2.339497829946E-16,1.,0.));
#3600 = PCURVE('',#1031,#3601);
#3601 = DEFINITIONAL_REPRESENTATION('',(#3602),#3606);
#3602 = LINE('',#3603,#3604);
#3603 = CARTESIAN_POINT('',(7.4707520481E-07,-1.6));
#3604 = VECTOR('',#3605,1.);
#3605 = DIRECTION('',(1.,0.));
#3606 = ( GEOMETRIC_REPRESENTATION_CONTEXT(2) 
PARAMETRIC_REPRESENTATION_CONTEXT() REPRESENTATION_CONTEXT('2D SPACE',''
  ) );
#3607 = PCURVE('',#2676,#3608);
#3608 = DEFINITIONAL_REPRESENTATION('',(#3609),#3613);
#3609 = LINE('',#3610,#3611);
#3610 = CARTESIAN_POINT('',(10.127124008406,4.795708301536));
#3611 = VECTOR('',#3612,1.);
#3612 = DIRECTION('',(2.339497829946E-16,1.));
#3613 = ( GEOMETRIC_REPRESENTATION_CONTEXT(2) 
PARAMETRIC_REPRESENTATION_CONTEXT() REPRESENTATION_CONTEXT('2D SPACE',''
  ) );
#3614 = ORIENTED_EDGE('',*,*,#3615,.F.);
#3615 = EDGE_CURVE('',#983,#3593,#3616,.T.);
#3616 = SURFACE_CURVE('',#3617,(#3621,#3628),.PCURVE_S1.);
#3617 = LINE('',#3618,#3619);
#3618 = CARTESIAN_POINT('',(10.125003,11.048993,11.));
#3619 = VECTOR('',#3620,1.);
#3620 = DIRECTION('',(0.,0.,1.));
#3621 = PCURVE('',#1031,#3622);
#3622 = DEFINITIONAL_REPRESENTATION('',(#3623),#3627);
#3623 = LINE('',#3624,#3625);
#3624 = CARTESIAN_POINT('',(7.592898747075,0.));
#3625 = VECTOR('',#3626,1.);
#3626 = DIRECTION('',(0.,-1.));
#3627 = ( GEOMETRIC_REPRESENTATION_CONTEXT(2) 
PARAMETRIC_REPRESENTATION_CONTEXT() REPRESENTATION_CONTEXT('2D SPACE',''
  ) );
#3628 = PCURVE('',#1003,#3629);
#3629 = DEFINITIONAL_REPRESENTATION('',(#3630),#3634);
#3630 = LINE('',#3631,#3632);
#3631 = CARTESIAN_POINT('',(1.570796326795,0.));
#3632 = VECTOR('',#3633,1.);
#3633 = DIRECTION('',(0.,-1.));
#3634 = ( GEOMETRIC_REPRESENTATION_CONTEXT(2) 
PARAMETRIC_REPRESENTATION_CONTEXT() REPRESENTATION_CONTEXT('2D SPACE',''
  ) );
#3635 = ORIENTED_EDGE('',*,*,#1015,.F.);
#3636 = ADVANCED_FACE('',(#3637),#1003,.T.);
#3637 = FACE_BOUND('',#3638,.T.);
#3638 = EDGE_LOOP('',(#3639,#3640,#3668,#3689));
#3639 = ORIENTED_EDGE('',*,*,#3615,.T.);
#3640 = ORIENTED_EDGE('',*,*,#3641,.T.);
#3641 = EDGE_CURVE('',#3593,#3642,#3644,.T.);
#3642 = VERTEX_POINT('',#3643);
#3643 = CARTESIAN_POINT('',(10.125003,11.048993149415,12.6));
#3644 = SURFACE_CURVE('',#3645,(#3650,#3657),.PCURVE_S1.);
#3645 = CIRCLE('',#3646,0.2);
#3646 = AXIS2_PLACEMENT_3D('',#3647,#3648,#3649);
#3647 = CARTESIAN_POINT('',(10.325003,11.048993,12.6));
#3648 = DIRECTION('',(-0.,0.,-1.));
#3649 = DIRECTION('',(-2.339497829946E-16,-1.,0.));
#3650 = PCURVE('',#1003,#3651);
#3651 = DEFINITIONAL_REPRESENTATION('',(#3652),#3656);
#3652 = LINE('',#3653,#3654);
#3653 = CARTESIAN_POINT('',(0.,-1.6));
#3654 = VECTOR('',#3655,1.);
#3655 = DIRECTION('',(1.,0.));
#3656 = ( GEOMETRIC_REPRESENTATION_CONTEXT(2) 
PARAMETRIC_REPRESENTATION_CONTEXT() REPRESENTATION_CONTEXT('2D SPACE',''
  ) );
#3657 = PCURVE('',#2676,#3658);
#3658 = DEFINITIONAL_REPRESENTATION('',(#3659),#3667);
#3659 = ( BOUNDED_CURVE() B_SPLINE_CURVE(2,(#3660,#3661,#3662,#3663,
#3664,#3665,#3666),.UNSPECIFIED.,.T.,.F.) B_SPLINE_CURVE_WITH_KNOTS((1,2
    ,2,2,2,1),(-2.094395102393,0.,2.094395102393,4.188790204786,
6.28318530718,8.377580409573),.UNSPECIFIED.) CURVE() 
GEOMETRIC_REPRESENTATION_ITEM() RATIONAL_B_SPLINE_CURVE((1.,0.5,1.,0.5,
1.,0.5,1.)) REPRESENTATION_ITEM('') );
#3660 = CARTESIAN_POINT('',(10.327124008406,12.188606301536));
#3661 = CARTESIAN_POINT('',(9.980713846892,12.188606301536));
#3662 = CARTESIAN_POINT('',(10.153918927649,12.488606301536));
#3663 = CARTESIAN_POINT('',(10.327124008406,12.788606301536));
#3664 = CARTESIAN_POINT('',(10.500329089162,12.488606301536));
#3665 = CARTESIAN_POINT('',(10.673534169919,12.188606301536));
#3666 = CARTESIAN_POINT('',(10.327124008406,12.188606301536));
#3667 = ( GEOMETRIC_REPRESENTATION_CONTEXT(2) 
PARAMETRIC_REPRESENTATION_CONTEXT() REPRESENTATION_CONTEXT('2D SPACE',''
  ) );
#3668 = ORIENTED_EDGE('',*,*,#3669,.F.);
#3669 = EDGE_CURVE('',#954,#3642,#3670,.T.);
#3670 = SURFACE_CURVE('',#3671,(#3675,#3682),.PCURVE_S1.);
#3671 = LINE('',#3672,#3673);
#3672 = CARTESIAN_POINT('',(10.125003,11.048993149415,11.));
#3673 = VECTOR('',#3674,1.);
#3674 = DIRECTION('',(0.,0.,1.));
#3675 = PCURVE('',#1003,#3676);
#3676 = DEFINITIONAL_REPRESENTATION('',(#3677),#3681);
#3677 = LINE('',#3678,#3679);
#3678 = CARTESIAN_POINT('',(1.570797073871,0.));
#3679 = VECTOR('',#3680,1.);
#3680 = DIRECTION('',(0.,-1.));
#3681 = ( GEOMETRIC_REPRESENTATION_CONTEXT(2) 
PARAMETRIC_REPRESENTATION_CONTEXT() REPRESENTATION_CONTEXT('2D SPACE',''
  ) );
#3682 = PCURVE('',#970,#3683);
#3683 = DEFINITIONAL_REPRESENTATION('',(#3684),#3688);
#3684 = LINE('',#3685,#3686);
#3685 = CARTESIAN_POINT('',(-6.28318530718,0.));
#3686 = VECTOR('',#3687,1.);
#3687 = DIRECTION('',(-0.,-1.));
#3688 = ( GEOMETRIC_REPRESENTATION_CONTEXT(2) 
PARAMETRIC_REPRESENTATION_CONTEXT() REPRESENTATION_CONTEXT('2D SPACE',''
  ) );
#3689 = ORIENTED_EDGE('',*,*,#982,.F.);
#3690 = ADVANCED_FACE('',(#3691),#970,.F.);
#3691 = FACE_BOUND('',#3692,.T.);
#3692 = EDGE_LOOP('',(#3693,#3694,#3718,#3739));
#3693 = ORIENTED_EDGE('',*,*,#3669,.T.);
#3694 = ORIENTED_EDGE('',*,*,#3695,.T.);
#3695 = EDGE_CURVE('',#3642,#3696,#3698,.T.);
#3696 = VERTEX_POINT('',#3697);
#3697 = CARTESIAN_POINT('',(9.325003149415,11.848993,12.6));
#3698 = SURFACE_CURVE('',#3699,(#3704,#3711),.PCURVE_S1.);
#3699 = CIRCLE('',#3700,0.799999252925);
#3700 = AXIS2_PLACEMENT_3D('',#3701,#3702,#3703);
#3701 = CARTESIAN_POINT('',(9.325003747075,11.048993747075,12.6));
#3702 = DIRECTION('',(0.,-0.,1.));
#3703 = DIRECTION('',(1.,-7.470757634981E-07,-0.));
#3704 = PCURVE('',#970,#3705);
#3705 = DEFINITIONAL_REPRESENTATION('',(#3706),#3710);
#3706 = LINE('',#3707,#3708);
#3707 = CARTESIAN_POINT('',(-0.,-1.6));
#3708 = VECTOR('',#3709,1.);
#3709 = DIRECTION('',(-1.,0.));
#3710 = ( GEOMETRIC_REPRESENTATION_CONTEXT(2) 
PARAMETRIC_REPRESENTATION_CONTEXT() REPRESENTATION_CONTEXT('2D SPACE',''
  ) );
#3711 = PCURVE('',#2676,#3712);
#3712 = DEFINITIONAL_REPRESENTATION('',(#3713),#3717);
#3713 = CIRCLE('',#3714,0.799999252925);
#3714 = AXIS2_PLACEMENT_2D('',#3715,#3716);
#3715 = CARTESIAN_POINT('',(9.327124755481,12.388607048611));
#3716 = DIRECTION('',(1.,-7.470757634981E-07));
#3717 = ( GEOMETRIC_REPRESENTATION_CONTEXT(2) 
PARAMETRIC_REPRESENTATION_CONTEXT() REPRESENTATION_CONTEXT('2D SPACE',''
  ) );
#3718 = ORIENTED_EDGE('',*,*,#3719,.F.);
#3719 = EDGE_CURVE('',#921,#3696,#3720,.T.);
#3720 = SURFACE_CURVE('',#3721,(#3725,#3732),.PCURVE_S1.);
#3721 = LINE('',#3722,#3723);
#3722 = CARTESIAN_POINT('',(9.325003149415,11.848993,11.));
#3723 = VECTOR('',#3724,1.);
#3724 = DIRECTION('',(0.,0.,1.));
#3725 = PCURVE('',#970,#3726);
#3726 = DEFINITIONAL_REPRESENTATION('',(#3727),#3731);
#3727 = LINE('',#3728,#3729);
#3728 = CARTESIAN_POINT('',(-7.853983128126,0.));
#3729 = VECTOR('',#3730,1.);
#3730 = DIRECTION('',(-0.,-1.));
#3731 = ( GEOMETRIC_REPRESENTATION_CONTEXT(2) 
PARAMETRIC_REPRESENTATION_CONTEXT() REPRESENTATION_CONTEXT('2D SPACE',''
  ) );
#3732 = PCURVE('',#941,#3733);
#3733 = DEFINITIONAL_REPRESENTATION('',(#3734),#3738);
#3734 = LINE('',#3735,#3736);
#3735 = CARTESIAN_POINT('',(1.570796326795,0.));
#3736 = VECTOR('',#3737,1.);
#3737 = DIRECTION('',(0.,-1.));
#3738 = ( GEOMETRIC_REPRESENTATION_CONTEXT(2) 
PARAMETRIC_REPRESENTATION_CONTEXT() REPRESENTATION_CONTEXT('2D SPACE',''
  ) );
#3739 = ORIENTED_EDGE('',*,*,#953,.F.);
#3740 = ADVANCED_FACE('',(#3741),#941,.T.);
#3741 = FACE_BOUND('',#3742,.T.);
#3742 = EDGE_LOOP('',(#3743,#3744,#3772,#3793));
#3743 = ORIENTED_EDGE('',*,*,#3719,.T.);
#3744 = ORIENTED_EDGE('',*,*,#3745,.T.);
#3745 = EDGE_CURVE('',#3696,#3746,#3748,.T.);
#3746 = VERTEX_POINT('',#3747);
#3747 = CARTESIAN_POINT('',(9.324992205188,11.848993000291,12.6));
#3748 = SURFACE_CURVE('',#3749,(#3754,#3761),.PCURVE_S1.);
#3749 = CIRCLE('',#3750,0.2);
#3750 = AXIS2_PLACEMENT_3D('',#3751,#3752,#3753);
#3751 = CARTESIAN_POINT('',(9.325003,12.048993,12.6));
#3752 = DIRECTION('',(0.,0.,-1.));
#3753 = DIRECTION('',(1.,7.470757631669E-07,0.));
#3754 = PCURVE('',#941,#3755);
#3755 = DEFINITIONAL_REPRESENTATION('',(#3756),#3760);
#3756 = LINE('',#3757,#3758);
#3757 = CARTESIAN_POINT('',(0.,-1.6));
#3758 = VECTOR('',#3759,1.);
#3759 = DIRECTION('',(1.,0.));
#3760 = ( GEOMETRIC_REPRESENTATION_CONTEXT(2) 
PARAMETRIC_REPRESENTATION_CONTEXT() REPRESENTATION_CONTEXT('2D SPACE',''
  ) );
#3761 = PCURVE('',#2676,#3762);
#3762 = DEFINITIONAL_REPRESENTATION('',(#3763),#3771);
#3763 = ( BOUNDED_CURVE() B_SPLINE_CURVE(2,(#3764,#3765,#3766,#3767,
#3768,#3769,#3770),.UNSPECIFIED.,.T.,.F.) B_SPLINE_CURVE_WITH_KNOTS((1,2
    ,2,2,2,1),(-2.094395102393,0.,2.094395102393,4.188790204786,
6.28318530718,8.377580409573),.UNSPECIFIED.) CURVE() 
GEOMETRIC_REPRESENTATION_ITEM() RATIONAL_B_SPLINE_CURVE((1.,0.5,1.,0.5,
1.,0.5,1.)) REPRESENTATION_ITEM('') );
#3764 = CARTESIAN_POINT('',(9.527124008406,13.388606450951));
#3765 = CARTESIAN_POINT('',(9.5271242672,13.042196289437));
#3766 = CARTESIAN_POINT('',(9.227124137803,13.215401146071));
#3767 = CARTESIAN_POINT('',(8.927124008406,13.388606002705));
#3768 = CARTESIAN_POINT('',(9.227123879008,13.561811307585));
#3769 = CARTESIAN_POINT('',(9.527123749611,13.735016612464));
#3770 = CARTESIAN_POINT('',(9.527124008406,13.388606450951));
#3771 = ( GEOMETRIC_REPRESENTATION_CONTEXT(2) 
PARAMETRIC_REPRESENTATION_CONTEXT() REPRESENTATION_CONTEXT('2D SPACE',''
  ) );
#3772 = ORIENTED_EDGE('',*,*,#3773,.F.);
#3773 = EDGE_CURVE('',#893,#3746,#3774,.T.);
#3774 = SURFACE_CURVE('',#3775,(#3779,#3786),.PCURVE_S1.);
#3775 = LINE('',#3776,#3777);
#3776 = CARTESIAN_POINT('',(9.324992205188,11.848993000291,11.));
#3777 = VECTOR('',#3778,1.);
#3778 = DIRECTION('',(0.,0.,1.));
#3779 = PCURVE('',#941,#3780);
#3780 = DEFINITIONAL_REPRESENTATION('',(#3781),#3785);
#3781 = LINE('',#3782,#3783);
#3782 = CARTESIAN_POINT('',(1.570851047932,0.));
#3783 = VECTOR('',#3784,1.);
#3784 = DIRECTION('',(0.,-1.));
#3785 = ( GEOMETRIC_REPRESENTATION_CONTEXT(2) 
PARAMETRIC_REPRESENTATION_CONTEXT() REPRESENTATION_CONTEXT('2D SPACE',''
  ) );
#3786 = PCURVE('',#908,#3787);
#3787 = DEFINITIONAL_REPRESENTATION('',(#3788),#3792);
#3788 = LINE('',#3789,#3790);
#3789 = CARTESIAN_POINT('',(0.,0.));
#3790 = VECTOR('',#3791,1.);
#3791 = DIRECTION('',(0.,-1.));
#3792 = ( GEOMETRIC_REPRESENTATION_CONTEXT(2) 
PARAMETRIC_REPRESENTATION_CONTEXT() REPRESENTATION_CONTEXT('2D SPACE',''
  ) );
#3793 = ORIENTED_EDGE('',*,*,#920,.F.);
#3794 = ADVANCED_FACE('',(#3795),#908,.T.);
#3795 = FACE_BOUND('',#3796,.T.);
#3796 = EDGE_LOOP('',(#3797,#3798,#3821,#3842));
#3797 = ORIENTED_EDGE('',*,*,#3773,.T.);
#3798 = ORIENTED_EDGE('',*,*,#3799,.T.);
#3799 = EDGE_CURVE('',#3746,#3800,#3802,.T.);
#3800 = VERTEX_POINT('',#3801);
#3801 = CARTESIAN_POINT('',(-9.332064567867,11.849999997418,12.6));
#3802 = SURFACE_CURVE('',#3803,(#3807,#3814),.PCURVE_S1.);
#3803 = LINE('',#3804,#3805);
#3804 = CARTESIAN_POINT('',(9.324992205188,11.848993000291,12.6));
#3805 = VECTOR('',#3806,1.);
#3806 = DIRECTION('',(-0.999999998543,5.397406128484E-05,0.));
#3807 = PCURVE('',#908,#3808);
#3808 = DEFINITIONAL_REPRESENTATION('',(#3809),#3813);
#3809 = LINE('',#3810,#3811);
#3810 = CARTESIAN_POINT('',(0.,-1.6));
#3811 = VECTOR('',#3812,1.);
#3812 = DIRECTION('',(1.,0.));
#3813 = ( GEOMETRIC_REPRESENTATION_CONTEXT(2) 
PARAMETRIC_REPRESENTATION_CONTEXT() REPRESENTATION_CONTEXT('2D SPACE',''
  ) );
#3814 = PCURVE('',#2676,#3815);
#3815 = DEFINITIONAL_REPRESENTATION('',(#3816),#3820);
#3816 = LINE('',#3817,#3818);
#3817 = CARTESIAN_POINT('',(9.327113213593,13.188606301827));
#3818 = VECTOR('',#3819,1.);
#3819 = DIRECTION('',(-0.999999998543,5.397406128484E-05));
#3820 = ( GEOMETRIC_REPRESENTATION_CONTEXT(2) 
PARAMETRIC_REPRESENTATION_CONTEXT() REPRESENTATION_CONTEXT('2D SPACE',''
  ) );
#3821 = ORIENTED_EDGE('',*,*,#3822,.F.);
#3822 = EDGE_CURVE('',#864,#3800,#3823,.T.);
#3823 = SURFACE_CURVE('',#3824,(#3828,#3835),.PCURVE_S1.);
#3824 = LINE('',#3825,#3826);
#3825 = CARTESIAN_POINT('',(-9.332064567867,11.849999997418,11.));
#3826 = VECTOR('',#3827,1.);
#3827 = DIRECTION('',(0.,0.,1.));
#3828 = PCURVE('',#908,#3829);
#3829 = DEFINITIONAL_REPRESENTATION('',(#3830),#3834);
#3830 = LINE('',#3831,#3832);
#3831 = CARTESIAN_POINT('',(18.65705680023,0.));
#3832 = VECTOR('',#3833,1.);
#3833 = DIRECTION('',(0.,-1.));
#3834 = ( GEOMETRIC_REPRESENTATION_CONTEXT(2) 
PARAMETRIC_REPRESENTATION_CONTEXT() REPRESENTATION_CONTEXT('2D SPACE',''
  ) );
#3835 = PCURVE('',#880,#3836);
#3836 = DEFINITIONAL_REPRESENTATION('',(#3837),#3841);
#3837 = LINE('',#3838,#3839);
#3838 = CARTESIAN_POINT('',(-6.283132080194,0.));
#3839 = VECTOR('',#3840,1.);
#3840 = DIRECTION('',(-0.,-1.));
#3841 = ( GEOMETRIC_REPRESENTATION_CONTEXT(2) 
PARAMETRIC_REPRESENTATION_CONTEXT() REPRESENTATION_CONTEXT('2D SPACE',''
  ) );
#3842 = ORIENTED_EDGE('',*,*,#892,.F.);
#3843 = ADVANCED_FACE('',(#3844),#880,.F.);
#3844 = FACE_BOUND('',#3845,.T.);
#3845 = EDGE_LOOP('',(#3846,#3847,#3871,#3892));
#3846 = ORIENTED_EDGE('',*,*,#3822,.T.);
#3847 = ORIENTED_EDGE('',*,*,#3848,.T.);
#3848 = EDGE_CURVE('',#3800,#3849,#3851,.T.);
#3849 = VERTEX_POINT('',#3850);
#3850 = CARTESIAN_POINT('',(-10.132107,11.050000149415,12.6));
#3851 = SURFACE_CURVE('',#3852,(#3857,#3864),.PCURVE_S1.);
#3852 = CIRCLE('',#3853,0.799999252925);
#3853 = AXIS2_PLACEMENT_3D('',#3854,#3855,#3856);
#3854 = CARTESIAN_POINT('',(-9.332107747075,11.050000747075,12.6));
#3855 = DIRECTION('',(0.,-0.,1.));
#3856 = DIRECTION('',(7.470757634981E-07,1.,0.));
#3857 = PCURVE('',#880,#3858);
#3858 = DEFINITIONAL_REPRESENTATION('',(#3859),#3863);
#3859 = LINE('',#3860,#3861);
#3860 = CARTESIAN_POINT('',(-0.,-1.6));
#3861 = VECTOR('',#3862,1.);
#3862 = DIRECTION('',(-1.,0.));
#3863 = ( GEOMETRIC_REPRESENTATION_CONTEXT(2) 
PARAMETRIC_REPRESENTATION_CONTEXT() REPRESENTATION_CONTEXT('2D SPACE',''
  ) );
#3864 = PCURVE('',#2676,#3865);
#3865 = DEFINITIONAL_REPRESENTATION('',(#3866),#3870);
#3866 = CIRCLE('',#3867,0.799999252925);
#3867 = AXIS2_PLACEMENT_2D('',#3868,#3869);
#3868 = CARTESIAN_POINT('',(-9.32998673867,12.389614048611));
#3869 = DIRECTION('',(7.470757634981E-07,1.));
#3870 = ( GEOMETRIC_REPRESENTATION_CONTEXT(2) 
PARAMETRIC_REPRESENTATION_CONTEXT() REPRESENTATION_CONTEXT('2D SPACE',''
  ) );
#3871 = ORIENTED_EDGE('',*,*,#3872,.F.);
#3872 = EDGE_CURVE('',#831,#3849,#3873,.T.);
#3873 = SURFACE_CURVE('',#3874,(#3878,#3885),.PCURVE_S1.);
#3874 = LINE('',#3875,#3876);
#3875 = CARTESIAN_POINT('',(-10.132107,11.050000149415,11.));
#3876 = VECTOR('',#3877,1.);
#3877 = DIRECTION('',(0.,0.,1.));
#3878 = PCURVE('',#880,#3879);
#3879 = DEFINITIONAL_REPRESENTATION('',(#3880),#3884);
#3880 = LINE('',#3881,#3882);
#3881 = CARTESIAN_POINT('',(-7.853983128126,0.));
#3882 = VECTOR('',#3883,1.);
#3883 = DIRECTION('',(-0.,-1.));
#3884 = ( GEOMETRIC_REPRESENTATION_CONTEXT(2) 
PARAMETRIC_REPRESENTATION_CONTEXT() REPRESENTATION_CONTEXT('2D SPACE',''
  ) );
#3885 = PCURVE('',#851,#3886);
#3886 = DEFINITIONAL_REPRESENTATION('',(#3887),#3891);
#3887 = LINE('',#3888,#3889);
#3888 = CARTESIAN_POINT('',(1.570796326795,0.));
#3889 = VECTOR('',#3890,1.);
#3890 = DIRECTION('',(0.,-1.));
#3891 = ( GEOMETRIC_REPRESENTATION_CONTEXT(2) 
PARAMETRIC_REPRESENTATION_CONTEXT() REPRESENTATION_CONTEXT('2D SPACE',''
  ) );
#3892 = ORIENTED_EDGE('',*,*,#863,.F.);
#3893 = ADVANCED_FACE('',(#3894),#851,.T.);
#3894 = FACE_BOUND('',#3895,.T.);
#3895 = EDGE_LOOP('',(#3896,#3897,#3925,#3946));
#3896 = ORIENTED_EDGE('',*,*,#3872,.T.);
#3897 = ORIENTED_EDGE('',*,*,#3898,.T.);
#3898 = EDGE_CURVE('',#3849,#3899,#3901,.T.);
#3899 = VERTEX_POINT('',#3900);
#3900 = CARTESIAN_POINT('',(-10.132107,11.05,12.6));
#3901 = SURFACE_CURVE('',#3902,(#3907,#3914),.PCURVE_S1.);
#3902 = CIRCLE('',#3903,0.2);
#3903 = AXIS2_PLACEMENT_3D('',#3904,#3905,#3906);
#3904 = CARTESIAN_POINT('',(-10.332107,11.05,12.6));
#3905 = DIRECTION('',(0.,0.,-1.));
#3906 = DIRECTION('',(-7.470757631669E-07,1.,0.));
#3907 = PCURVE('',#851,#3908);
#3908 = DEFINITIONAL_REPRESENTATION('',(#3909),#3913);
#3909 = LINE('',#3910,#3911);
#3910 = CARTESIAN_POINT('',(0.,-1.6));
#3911 = VECTOR('',#3912,1.);
#3912 = DIRECTION('',(1.,0.));
#3913 = ( GEOMETRIC_REPRESENTATION_CONTEXT(2) 
PARAMETRIC_REPRESENTATION_CONTEXT() REPRESENTATION_CONTEXT('2D SPACE',''
  ) );
#3914 = PCURVE('',#2676,#3915);
#3915 = DEFINITIONAL_REPRESENTATION('',(#3916),#3924);
#3916 = ( BOUNDED_CURVE() B_SPLINE_CURVE(2,(#3917,#3918,#3919,#3920,
#3921,#3922,#3923),.UNSPECIFIED.,.T.,.F.) B_SPLINE_CURVE_WITH_KNOTS((1,2
    ,2,2,2,1),(-2.094395102393,0.,2.094395102393,4.188790204786,
6.28318530718,8.377580409573),.UNSPECIFIED.) CURVE() 
GEOMETRIC_REPRESENTATION_ITEM() RATIONAL_B_SPLINE_CURVE((1.,0.5,1.,0.5,
1.,0.5,1.)) REPRESENTATION_ITEM('') );
#3917 = CARTESIAN_POINT('',(-10.32998614101,12.589613301536));
#3918 = CARTESIAN_POINT('',(-9.983575979496,12.58961356033));
#3919 = CARTESIAN_POINT('',(-10.15678083613,12.289613430933));
#3920 = CARTESIAN_POINT('',(-10.32998569276,11.989613301536));
#3921 = CARTESIAN_POINT('',(-10.50319099764,12.289613172138));
#3922 = CARTESIAN_POINT('',(-10.67639630252,12.589613042741));
#3923 = CARTESIAN_POINT('',(-10.32998614101,12.589613301536));
#3924 = ( GEOMETRIC_REPRESENTATION_CONTEXT(2) 
PARAMETRIC_REPRESENTATION_CONTEXT() REPRESENTATION_CONTEXT('2D SPACE',''
  ) );
#3925 = ORIENTED_EDGE('',*,*,#3926,.F.);
#3926 = EDGE_CURVE('',#803,#3899,#3927,.T.);
#3927 = SURFACE_CURVE('',#3928,(#3932,#3939),.PCURVE_S1.);
#3928 = LINE('',#3929,#3930);
#3929 = CARTESIAN_POINT('',(-10.132107,11.05,11.));
#3930 = VECTOR('',#3931,1.);
#3931 = DIRECTION('',(0.,0.,1.));
#3932 = PCURVE('',#851,#3933);
#3933 = DEFINITIONAL_REPRESENTATION('',(#3934),#3938);
#3934 = LINE('',#3935,#3936);
#3935 = CARTESIAN_POINT('',(1.570797073871,0.));
#3936 = VECTOR('',#3937,1.);
#3937 = DIRECTION('',(0.,-1.));
#3938 = ( GEOMETRIC_REPRESENTATION_CONTEXT(2) 
PARAMETRIC_REPRESENTATION_CONTEXT() REPRESENTATION_CONTEXT('2D SPACE',''
  ) );
#3939 = PCURVE('',#818,#3940);
#3940 = DEFINITIONAL_REPRESENTATION('',(#3941),#3945);
#3941 = LINE('',#3942,#3943);
#3942 = CARTESIAN_POINT('',(0.,0.));
#3943 = VECTOR('',#3944,1.);
#3944 = DIRECTION('',(0.,-1.));
#3945 = ( GEOMETRIC_REPRESENTATION_CONTEXT(2) 
PARAMETRIC_REPRESENTATION_CONTEXT() REPRESENTATION_CONTEXT('2D SPACE',''
  ) );
#3946 = ORIENTED_EDGE('',*,*,#830,.F.);
#3947 = ADVANCED_FACE('',(#3948),#818,.T.);
#3948 = FACE_BOUND('',#3949,.T.);
#3949 = EDGE_LOOP('',(#3950,#3951,#3974,#3995));
#3950 = ORIENTED_EDGE('',*,*,#3926,.T.);
#3951 = ORIENTED_EDGE('',*,*,#3952,.T.);
#3952 = EDGE_CURVE('',#3899,#3953,#3955,.T.);
#3953 = VERTEX_POINT('',#3954);
#3954 = CARTESIAN_POINT('',(-10.132107,3.450700252925,12.6));
#3955 = SURFACE_CURVE('',#3956,(#3960,#3967),.PCURVE_S1.);
#3956 = LINE('',#3957,#3958);
#3957 = CARTESIAN_POINT('',(-10.132107,11.05,12.6));
#3958 = VECTOR('',#3959,1.);
#3959 = DIRECTION('',(-1.224646799147E-16,-1.,0.));
#3960 = PCURVE('',#818,#3961);
#3961 = DEFINITIONAL_REPRESENTATION('',(#3962),#3966);
#3962 = LINE('',#3963,#3964);
#3963 = CARTESIAN_POINT('',(0.,-1.6));
#3964 = VECTOR('',#3965,1.);
#3965 = DIRECTION('',(1.,0.));
#3966 = ( GEOMETRIC_REPRESENTATION_CONTEXT(2) 
PARAMETRIC_REPRESENTATION_CONTEXT() REPRESENTATION_CONTEXT('2D SPACE',''
  ) );
#3967 = PCURVE('',#2676,#3968);
#3968 = DEFINITIONAL_REPRESENTATION('',(#3969),#3973);
#3969 = LINE('',#3970,#3971);
#3970 = CARTESIAN_POINT('',(-10.12998599159,12.389613301536));
#3971 = VECTOR('',#3972,1.);
#3972 = DIRECTION('',(-1.224646799147E-16,-1.));
#3973 = ( GEOMETRIC_REPRESENTATION_CONTEXT(2) 
PARAMETRIC_REPRESENTATION_CONTEXT() REPRESENTATION_CONTEXT('2D SPACE',''
  ) );
#3974 = ORIENTED_EDGE('',*,*,#3975,.F.);
#3975 = EDGE_CURVE('',#774,#3953,#3976,.T.);
#3976 = SURFACE_CURVE('',#3977,(#3981,#3988),.PCURVE_S1.);
#3977 = LINE('',#3978,#3979);
#3978 = CARTESIAN_POINT('',(-10.132107,3.450700252925,11.));
#3979 = VECTOR('',#3980,1.);
#3980 = DIRECTION('',(0.,0.,1.));
#3981 = PCURVE('',#818,#3982);
#3982 = DEFINITIONAL_REPRESENTATION('',(#3983),#3987);
#3983 = LINE('',#3984,#3985);
#3984 = CARTESIAN_POINT('',(7.599299747075,0.));
#3985 = VECTOR('',#3986,1.);
#3986 = DIRECTION('',(0.,-1.));
#3987 = ( GEOMETRIC_REPRESENTATION_CONTEXT(2) 
PARAMETRIC_REPRESENTATION_CONTEXT() REPRESENTATION_CONTEXT('2D SPACE',''
  ) );
#3988 = PCURVE('',#790,#3989);
#3989 = DEFINITIONAL_REPRESENTATION('',(#3990),#3994);
#3990 = LINE('',#3991,#3992);
#3991 = CARTESIAN_POINT('',(-7.85398238105,0.));
#3992 = VECTOR('',#3993,1.);
#3993 = DIRECTION('',(-0.,-1.));
#3994 = ( GEOMETRIC_REPRESENTATION_CONTEXT(2) 
PARAMETRIC_REPRESENTATION_CONTEXT() REPRESENTATION_CONTEXT('2D SPACE',''
  ) );
#3995 = ORIENTED_EDGE('',*,*,#802,.F.);
#3996 = ADVANCED_FACE('',(#3997),#790,.T.);
#3997 = FACE_BOUND('',#3998,.F.);
#3998 = EDGE_LOOP('',(#3999,#4000,#4022,#4023));
#3999 = ORIENTED_EDGE('',*,*,#2637,.T.);
#4000 = ORIENTED_EDGE('',*,*,#4001,.T.);
#4001 = EDGE_CURVE('',#2638,#3953,#4002,.T.);
#4002 = SURFACE_CURVE('',#4003,(#4008,#4015),.PCURVE_S1.);
#4003 = CIRCLE('',#4004,1.199999252925);
#4004 = AXIS2_PLACEMENT_3D('',#4005,#4006,#4007);
#4005 = CARTESIAN_POINT('',(-11.33210625292,3.450700252925,12.6));
#4006 = DIRECTION('',(0.,0.,1.));
#4007 = DIRECTION('',(-7.470757066546E-07,-1.,0.));
#4008 = PCURVE('',#790,#4009);
#4009 = DEFINITIONAL_REPRESENTATION('',(#4010),#4014);
#4010 = LINE('',#4011,#4012);
#4011 = CARTESIAN_POINT('',(-0.,-1.6));
#4012 = VECTOR('',#4013,1.);
#4013 = DIRECTION('',(-1.,0.));
#4014 = ( GEOMETRIC_REPRESENTATION_CONTEXT(2) 
PARAMETRIC_REPRESENTATION_CONTEXT() REPRESENTATION_CONTEXT('2D SPACE',''
  ) );
#4015 = PCURVE('',#2676,#4016);
#4016 = DEFINITIONAL_REPRESENTATION('',(#4017),#4021);
#4017 = CIRCLE('',#4018,1.199999252925);
#4018 = AXIS2_PLACEMENT_2D('',#4019,#4020);
#4019 = CARTESIAN_POINT('',(-11.32998524451,4.79031355446));
#4020 = DIRECTION('',(-7.470757066546E-07,-1.));
#4021 = ( GEOMETRIC_REPRESENTATION_CONTEXT(2) 
PARAMETRIC_REPRESENTATION_CONTEXT() REPRESENTATION_CONTEXT('2D SPACE',''
  ) );
#4022 = ORIENTED_EDGE('',*,*,#3975,.F.);
#4023 = ORIENTED_EDGE('',*,*,#773,.F.);
#4024 = ADVANCED_FACE('',(#4025),#1581,.F.);
#4025 = FACE_BOUND('',#4026,.T.);
#4026 = EDGE_LOOP('',(#4027,#4056,#4077,#4078));
#4027 = ORIENTED_EDGE('',*,*,#4028,.F.);
#4028 = EDGE_CURVE('',#4029,#4029,#4031,.T.);
#4029 = VERTEX_POINT('',#4030);
#4030 = CARTESIAN_POINT('',(17.7,10.,12.));
#4031 = SURFACE_CURVE('',#4032,(#4037,#4044),.PCURVE_S1.);
#4032 = CIRCLE('',#4033,1.2);
#4033 = AXIS2_PLACEMENT_3D('',#4034,#4035,#4036);
#4034 = CARTESIAN_POINT('',(16.5,10.,12.));
#4035 = DIRECTION('',(0.,-1.224646799147E-16,-1.));
#4036 = DIRECTION('',(1.,0.,0.));
#4037 = PCURVE('',#1581,#4038);
#4038 = DEFINITIONAL_REPRESENTATION('',(#4039),#4043);
#4039 = LINE('',#4040,#4041);
#4040 = CARTESIAN_POINT('',(-0.,0.));
#4041 = VECTOR('',#4042,1.);
#4042 = DIRECTION('',(-1.,0.));
#4043 = ( GEOMETRIC_REPRESENTATION_CONTEXT(2) 
PARAMETRIC_REPRESENTATION_CONTEXT() REPRESENTATION_CONTEXT('2D SPACE',''
  ) );
#4044 = PCURVE('',#4045,#4050);
#4045 = PLANE('',#4046);
#4046 = AXIS2_PLACEMENT_3D('',#4047,#4048,#4049);
#4047 = CARTESIAN_POINT('',(16.5,10.,12.));
#4048 = DIRECTION('',(0.,-1.224646799147E-16,-1.));
#4049 = DIRECTION('',(1.,0.,0.));
#4050 = DEFINITIONAL_REPRESENTATION('',(#4051),#4055);
#4051 = CIRCLE('',#4052,1.2);
#4052 = AXIS2_PLACEMENT_2D('',#4053,#4054);
#4053 = CARTESIAN_POINT('',(1.799263332289E-16,-1.023653692829E-16));
#4054 = DIRECTION('',(1.,0.));
#4055 = ( GEOMETRIC_REPRESENTATION_CONTEXT(2) 
PARAMETRIC_REPRESENTATION_CONTEXT() REPRESENTATION_CONTEXT('2D SPACE',''
  ) );
#4056 = ORIENTED_EDGE('',*,*,#4057,.T.);
#4057 = EDGE_CURVE('',#4029,#1565,#4058,.T.);
#4058 = SEAM_CURVE('',#4059,(#4063,#4070),.PCURVE_S1.);
#4059 = LINE('',#4060,#4061);
#4060 = CARTESIAN_POINT('',(17.7,10.,12.));
#4061 = VECTOR('',#4062,1.);
#4062 = DIRECTION('',(0.,-1.224646799147E-16,-1.));
#4063 = PCURVE('',#1581,#4064);
#4064 = DEFINITIONAL_REPRESENTATION('',(#4065),#4069);
#4065 = LINE('',#4066,#4067);
#4066 = CARTESIAN_POINT('',(-6.28318530718,0.));
#4067 = VECTOR('',#4068,1.);
#4068 = DIRECTION('',(-0.,-1.));
#4069 = ( GEOMETRIC_REPRESENTATION_CONTEXT(2) 
PARAMETRIC_REPRESENTATION_CONTEXT() REPRESENTATION_CONTEXT('2D SPACE',''
  ) );
#4070 = PCURVE('',#1581,#4071);
#4071 = DEFINITIONAL_REPRESENTATION('',(#4072),#4076);
#4072 = LINE('',#4073,#4074);
#4073 = CARTESIAN_POINT('',(-0.,0.));
#4074 = VECTOR('',#4075,1.);
#4075 = DIRECTION('',(-0.,-1.));
#4076 = ( GEOMETRIC_REPRESENTATION_CONTEXT(2) 
PARAMETRIC_REPRESENTATION_CONTEXT() REPRESENTATION_CONTEXT('2D SPACE',''
  ) );
#4077 = ORIENTED_EDGE('',*,*,#1564,.F.);
#4078 = ORIENTED_EDGE('',*,*,#4057,.F.);
#4079 = ADVANCED_FACE('',(#4080),#1636,.T.);
#4080 = FACE_BOUND('',#4081,.F.);
#4081 = EDGE_LOOP('',(#4082,#4103,#4104,#4105));
#4082 = ORIENTED_EDGE('',*,*,#4083,.F.);
#4083 = EDGE_CURVE('',#1597,#4084,#4086,.T.);
#4084 = VERTEX_POINT('',#4085);
#4085 = CARTESIAN_POINT('',(-19.525,9.85,14.));
#4086 = SURFACE_CURVE('',#4087,(#4091,#4097),.PCURVE_S1.);
#4087 = LINE('',#4088,#4089);
#4088 = CARTESIAN_POINT('',(-19.825,9.85,13.7));
#4089 = VECTOR('',#4090,1.);
#4090 = DIRECTION('',(0.707106781187,0.,0.707106781187));
#4091 = PCURVE('',#1636,#4092);
#4092 = DEFINITIONAL_REPRESENTATION('',(#4093),#4096);
#4093 = B_SPLINE_CURVE_WITH_KNOTS('',1,(#4094,#4095),.UNSPECIFIED.,.F.,
  .F.,(2,2),(-0.424264068712,0.424264068712),.PIECEWISE_BEZIER_KNOTS.);
#4094 = CARTESIAN_POINT('',(0.,0.));
#4095 = CARTESIAN_POINT('',(0.,-0.6));
#4096 = ( GEOMETRIC_REPRESENTATION_CONTEXT(2) 
PARAMETRIC_REPRESENTATION_CONTEXT() REPRESENTATION_CONTEXT('2D SPACE',''
  ) );
#4097 = PCURVE('',#2040,#4098);
#4098 = DEFINITIONAL_REPRESENTATION('',(#4099),#4102);
#4099 = B_SPLINE_CURVE_WITH_KNOTS('',1,(#4100,#4101),.UNSPECIFIED.,.F.,
  .F.,(2,2),(-0.424264068712,0.424264068712),.PIECEWISE_BEZIER_KNOTS.);
#4100 = CARTESIAN_POINT('',(23.66943954599,-0.424264068712));
#4101 = CARTESIAN_POINT('',(23.66943954599,0.424264068712));
#4102 = ( GEOMETRIC_REPRESENTATION_CONTEXT(2) 
PARAMETRIC_REPRESENTATION_CONTEXT() REPRESENTATION_CONTEXT('2D SPACE',''
  ) );
#4103 = ORIENTED_EDGE('',*,*,#1621,.T.);
#4104 = ORIENTED_EDGE('',*,*,#1651,.T.);
#4105 = ORIENTED_EDGE('',*,*,#4106,.F.);
#4106 = EDGE_CURVE('',#4084,#1652,#4107,.T.);
#4107 = SURFACE_CURVE('',#4108,(#4113,#4120),.PCURVE_S1.);
#4108 = CIRCLE('',#4109,3.4);
#4109 = AXIS2_PLACEMENT_3D('',#4110,#4111,#4112);
#4110 = CARTESIAN_POINT('',(-16.125,9.85,14.));
#4111 = DIRECTION('',(-0.,0.,-1.));
#4112 = DIRECTION('',(-1.,0.,0.));
#4113 = PCURVE('',#1636,#4114);
#4114 = DEFINITIONAL_REPRESENTATION('',(#4115),#4119);
#4115 = LINE('',#4116,#4117);
#4116 = CARTESIAN_POINT('',(0.,-0.6));
#4117 = VECTOR('',#4118,1.);
#4118 = DIRECTION('',(1.,-0.));
#4119 = ( GEOMETRIC_REPRESENTATION_CONTEXT(2) 
PARAMETRIC_REPRESENTATION_CONTEXT() REPRESENTATION_CONTEXT('2D SPACE',''
  ) );
#4120 = PCURVE('',#1713,#4121);
#4121 = DEFINITIONAL_REPRESENTATION('',(#4122),#4130);
#4122 = ( BOUNDED_CURVE() B_SPLINE_CURVE(2,(#4123,#4124,#4125,#4126,
#4127,#4128,#4129),.UNSPECIFIED.,.T.,.F.) B_SPLINE_CURVE_WITH_KNOTS((1,2
    ,2,2,2,1),(-2.094395102393,0.,2.094395102393,4.188790204786,
6.28318530718,8.377580409573),.UNSPECIFIED.) CURVE() 
GEOMETRIC_REPRESENTATION_ITEM() RATIONAL_B_SPLINE_CURVE((1.,0.5,1.,0.5,
1.,0.5,1.)) REPRESENTATION_ITEM('') );
#4123 = CARTESIAN_POINT('',(-19.525,11.85));
#4124 = CARTESIAN_POINT('',(-19.525,17.738972745734));
#4125 = CARTESIAN_POINT('',(-14.425,14.794486372867));
#4126 = CARTESIAN_POINT('',(-9.325,11.85));
#4127 = CARTESIAN_POINT('',(-14.425,8.905513627133));
#4128 = CARTESIAN_POINT('',(-19.525,5.961027254266));
#4129 = CARTESIAN_POINT('',(-19.525,11.85));
#4130 = ( GEOMETRIC_REPRESENTATION_CONTEXT(2) 
PARAMETRIC_REPRESENTATION_CONTEXT() REPRESENTATION_CONTEXT('2D SPACE',''
  ) );
#4131 = ADVANCED_FACE('',(#4132,#4475,#4510,#4541,#4576,#4607,#4638,
    #4673,#4704,#4810),#1713,.T.);
#4132 = FACE_BOUND('',#4133,.T.);
#4133 = EDGE_LOOP('',(#4134,#4162,#4163,#4164,#4187,#4234,#4262,#4285,
    #4309,#4332,#4356,#4379,#4407,#4454));
#4134 = ORIENTED_EDGE('',*,*,#4135,.F.);
#4135 = EDGE_CURVE('',#1674,#4136,#4138,.T.);
#4136 = VERTEX_POINT('',#4137);
#4137 = CARTESIAN_POINT('',(19.525,9.85,14.));
#4138 = SURFACE_CURVE('',#4139,(#4144,#4155),.PCURVE_S1.);
#4139 = CIRCLE('',#4140,3.4);
#4140 = AXIS2_PLACEMENT_3D('',#4141,#4142,#4143);
#4141 = CARTESIAN_POINT('',(16.125,9.85,14.));
#4142 = DIRECTION('',(0.,-0.,-1.));
#4143 = DIRECTION('',(0.,1.,-0.));
#4144 = PCURVE('',#1713,#4145);
#4145 = DEFINITIONAL_REPRESENTATION('',(#4146),#4154);
#4146 = ( BOUNDED_CURVE() B_SPLINE_CURVE(2,(#4147,#4148,#4149,#4150,
#4151,#4152,#4153),.UNSPECIFIED.,.T.,.F.) B_SPLINE_CURVE_WITH_KNOTS((1,2
    ,2,2,2,1),(-2.094395102393,0.,2.094395102393,4.188790204786,
6.28318530718,8.377580409573),.UNSPECIFIED.) CURVE() 
GEOMETRIC_REPRESENTATION_ITEM() RATIONAL_B_SPLINE_CURVE((1.,0.5,1.,0.5,
1.,0.5,1.)) REPRESENTATION_ITEM('') );
#4147 = CARTESIAN_POINT('',(16.125,15.25));
#4148 = CARTESIAN_POINT('',(22.013972745734,15.25));
#4149 = CARTESIAN_POINT('',(19.069486372867,10.15));
#4150 = CARTESIAN_POINT('',(16.125,5.05));
#4151 = CARTESIAN_POINT('',(13.180513627133,10.15));
#4152 = CARTESIAN_POINT('',(10.236027254266,15.25));
#4153 = CARTESIAN_POINT('',(16.125,15.25));
#4154 = ( GEOMETRIC_REPRESENTATION_CONTEXT(2) 
PARAMETRIC_REPRESENTATION_CONTEXT() REPRESENTATION_CONTEXT('2D SPACE',''
  ) );
#4155 = PCURVE('',#1688,#4156);
#4156 = DEFINITIONAL_REPRESENTATION('',(#4157),#4161);
#4157 = LINE('',#4158,#4159);
#4158 = CARTESIAN_POINT('',(0.,-0.6));
#4159 = VECTOR('',#4160,1.);
#4160 = DIRECTION('',(1.,-0.));
#4161 = ( GEOMETRIC_REPRESENTATION_CONTEXT(2) 
PARAMETRIC_REPRESENTATION_CONTEXT() REPRESENTATION_CONTEXT('2D SPACE',''
  ) );
#4162 = ORIENTED_EDGE('',*,*,#1699,.F.);
#4163 = ORIENTED_EDGE('',*,*,#4106,.F.);
#4164 = ORIENTED_EDGE('',*,*,#4165,.F.);
#4165 = EDGE_CURVE('',#4166,#4084,#4168,.T.);
#4166 = VERTEX_POINT('',#4167);
#4167 = CARTESIAN_POINT('',(-19.525,-13.81943954598,14.));
#4168 = SURFACE_CURVE('',#4169,(#4173,#4180),.PCURVE_S1.);
#4169 = LINE('',#4170,#4171);
#4170 = CARTESIAN_POINT('',(-19.525,-13.81943954598,14.));
#4171 = VECTOR('',#4172,1.);
#4172 = DIRECTION('',(-0.,1.,-0.));
#4173 = PCURVE('',#1713,#4174);
#4174 = DEFINITIONAL_REPRESENTATION('',(#4175),#4179);
#4175 = LINE('',#4176,#4177);
#4176 = CARTESIAN_POINT('',(-19.525,-11.81943954598));
#4177 = VECTOR('',#4178,1.);
#4178 = DIRECTION('',(0.,1.));
#4179 = ( GEOMETRIC_REPRESENTATION_CONTEXT(2) 
PARAMETRIC_REPRESENTATION_CONTEXT() REPRESENTATION_CONTEXT('2D SPACE',''
  ) );
#4180 = PCURVE('',#2040,#4181);
#4181 = DEFINITIONAL_REPRESENTATION('',(#4182),#4186);
#4182 = LINE('',#4183,#4184);
#4183 = CARTESIAN_POINT('',(0.,0.424264068712));
#4184 = VECTOR('',#4185,1.);
#4185 = DIRECTION('',(1.,0.));
#4186 = ( GEOMETRIC_REPRESENTATION_CONTEXT(2) 
PARAMETRIC_REPRESENTATION_CONTEXT() REPRESENTATION_CONTEXT('2D SPACE',''
  ) );
#4187 = ORIENTED_EDGE('',*,*,#4188,.F.);
#4188 = EDGE_CURVE('',#4189,#4166,#4191,.T.);
#4189 = VERTEX_POINT('',#4190);
#4190 = CARTESIAN_POINT('',(-15.29087690672,-17.11553400235,14.));
#4191 = SURFACE_CURVE('',#4192,(#4208,#4227),.PCURVE_S1.);
#4192 = B_SPLINE_CURVE_WITH_KNOTS('',14,(#4193,#4194,#4195,#4196,#4197,
    #4198,#4199,#4200,#4201,#4202,#4203,#4204,#4205,#4206,#4207),
  .UNSPECIFIED.,.F.,.F.,(15,15),(70.451340058805,77.725967016746),
  .PIECEWISE_BEZIER_KNOTS.);
#4193 = CARTESIAN_POINT('',(-15.29087690672,-17.11553400235,14.));
#4194 = CARTESIAN_POINT('',(-15.67268410191,-17.21215568686,
    14.000000000003));
#4195 = CARTESIAN_POINT('',(-16.08593165591,-17.26596559825,
    13.999999999987));
#4196 = CARTESIAN_POINT('',(-16.52421972545,-17.268010576,
    14.000000000039));
#4197 = CARTESIAN_POINT('',(-16.97982405805,-17.2037144643,
    13.99999999991));
#4198 = CARTESIAN_POINT('',(-17.43223656345,-17.08589617363,
    14.00000000016));
#4199 = CARTESIAN_POINT('',(-17.88872195304,-16.85847611624,
    13.999999999774));
#4200 = CARTESIAN_POINT('',(-18.27909752941,-16.62594612817,
    14.000000000257));
#4201 = CARTESIAN_POINT('',(-18.66995530264,-16.25008281922,
    13.999999999763));
#4202 = CARTESIAN_POINT('',(-18.9531532552,-15.90143349512,
    14.000000000177));
#4203 = CARTESIAN_POINT('',(-19.20278218463,-15.47415748038,
    13.999999999893));
#4204 = CARTESIAN_POINT('',(-19.36868077268,-15.05327859686,
    14.00000000005));
#4205 = CARTESIAN_POINT('',(-19.47596689713,-14.62699409201,
    13.999999999982));
#4206 = CARTESIAN_POINT('',(-19.525,-14.21328276887,14.000000000004));
#4207 = CARTESIAN_POINT('',(-19.525,-13.81943954598,14.));
#4208 = PCURVE('',#1713,#4209);
#4209 = DEFINITIONAL_REPRESENTATION('',(#4210),#4226);
#4210 = B_SPLINE_CURVE_WITH_KNOTS('',14,(#4211,#4212,#4213,#4214,#4215,
    #4216,#4217,#4218,#4219,#4220,#4221,#4222,#4223,#4224,#4225),
  .UNSPECIFIED.,.F.,.F.,(15,15),(70.451340058805,77.725967016746),
  .PIECEWISE_BEZIER_KNOTS.);
#4211 = CARTESIAN_POINT('',(-15.29087690672,-15.11553400235));
#4212 = CARTESIAN_POINT('',(-15.67268410191,-15.21215568686));
#4213 = CARTESIAN_POINT('',(-16.08593165591,-15.26596559825));
#4214 = CARTESIAN_POINT('',(-16.52421972545,-15.26801057598));
#4215 = CARTESIAN_POINT('',(-16.97982405805,-15.20371446433));
#4216 = CARTESIAN_POINT('',(-17.43223656345,-15.08589617357));
#4217 = CARTESIAN_POINT('',(-17.88872195304,-14.85847611631));
#4218 = CARTESIAN_POINT('',(-18.27909752941,-14.62594612808));
#4219 = CARTESIAN_POINT('',(-18.66995530264,-14.2500828193));
#4220 = CARTESIAN_POINT('',(-18.9531532552,-13.90143349506));
#4221 = CARTESIAN_POINT('',(-19.20278218463,-13.47415748042));
#4222 = CARTESIAN_POINT('',(-19.36868077268,-13.05327859684));
#4223 = CARTESIAN_POINT('',(-19.47596689713,-12.62699409201));
#4224 = CARTESIAN_POINT('',(-19.525,-12.21328276887));
#4225 = CARTESIAN_POINT('',(-19.525,-11.81943954598));
#4226 = ( GEOMETRIC_REPRESENTATION_CONTEXT(2) 
PARAMETRIC_REPRESENTATION_CONTEXT() REPRESENTATION_CONTEXT('2D SPACE',''
  ) );
#4227 = PCURVE('',#2180,#4228);
#4228 = DEFINITIONAL_REPRESENTATION('',(#4229),#4233);
#4229 = LINE('',#4230,#4231);
#4230 = CARTESIAN_POINT('',(7.27462695794,0.));
#4231 = VECTOR('',#4232,1.);
#4232 = DIRECTION('',(0.,1.));
#4233 = ( GEOMETRIC_REPRESENTATION_CONTEXT(2) 
PARAMETRIC_REPRESENTATION_CONTEXT() REPRESENTATION_CONTEXT('2D SPACE',''
  ) );
#4234 = ORIENTED_EDGE('',*,*,#4235,.F.);
#4235 = EDGE_CURVE('',#4236,#4189,#4238,.T.);
#4236 = VERTEX_POINT('',#4237);
#4237 = CARTESIAN_POINT('',(-13.08172931934,-15.77320089085,14.));
#4238 = SURFACE_CURVE('',#4239,(#4244,#4255),.PCURVE_S1.);
#4239 = CIRCLE('',#4240,4.4);
#4240 = AXIS2_PLACEMENT_3D('',#4241,#4242,#4243);
#4241 = CARTESIAN_POINT('',(-16.37033032155,-12.85,14.));
#4242 = DIRECTION('',(0.,-0.,-1.));
#4243 = DIRECTION('',(0.747409318684,-0.66436383883,0.));
#4244 = PCURVE('',#1713,#4245);
#4245 = DEFINITIONAL_REPRESENTATION('',(#4246),#4254);
#4246 = ( BOUNDED_CURVE() B_SPLINE_CURVE(2,(#4247,#4248,#4249,#4250,
#4251,#4252,#4253),.UNSPECIFIED.,.T.,.F.) B_SPLINE_CURVE_WITH_KNOTS((1,2
    ,2,2,2,1),(-2.094395102393,0.,2.094395102393,4.188790204786,
6.28318530718,8.377580409573),.UNSPECIFIED.) CURVE() 
GEOMETRIC_REPRESENTATION_ITEM() RATIONAL_B_SPLINE_CURVE((1.,0.5,1.,0.5,
1.,0.5,1.)) REPRESENTATION_ITEM('') );
#4247 = CARTESIAN_POINT('',(-13.08172931934,-13.77320089085));
#4248 = CARTESIAN_POINT('',(-18.14486178302,-19.46922491249));
#4249 = CARTESIAN_POINT('',(-20.54619705449,-12.23641156539));
#4250 = CARTESIAN_POINT('',(-22.94753232596,-5.003598218297));
#4251 = CARTESIAN_POINT('',(-15.48306459081,-6.540387543751));
#4252 = CARTESIAN_POINT('',(-8.018596855658,-8.077176869206));
#4253 = CARTESIAN_POINT('',(-13.08172931934,-13.77320089085));
#4254 = ( GEOMETRIC_REPRESENTATION_CONTEXT(2) 
PARAMETRIC_REPRESENTATION_CONTEXT() REPRESENTATION_CONTEXT('2D SPACE',''
  ) );
#4255 = PCURVE('',#2295,#4256);
#4256 = DEFINITIONAL_REPRESENTATION('',(#4257),#4261);
#4257 = LINE('',#4258,#4259);
#4258 = CARTESIAN_POINT('',(0.,-0.6));
#4259 = VECTOR('',#4260,1.);
#4260 = DIRECTION('',(1.,-0.));
#4261 = ( GEOMETRIC_REPRESENTATION_CONTEXT(2) 
PARAMETRIC_REPRESENTATION_CONTEXT() REPRESENTATION_CONTEXT('2D SPACE',''
  ) );
#4262 = ORIENTED_EDGE('',*,*,#4263,.F.);
#4263 = EDGE_CURVE('',#4264,#4236,#4266,.T.);
#4264 = VERTEX_POINT('',#4265);
#4265 = CARTESIAN_POINT('',(-12.06516186307,-14.62956250255,14.));
#4266 = SURFACE_CURVE('',#4267,(#4271,#4278),.PCURVE_S1.);
#4267 = LINE('',#4268,#4269);
#4268 = CARTESIAN_POINT('',(-12.06516186307,-14.62956250255,14.));
#4269 = VECTOR('',#4270,1.);
#4270 = DIRECTION('',(-0.66436383883,-0.747409318684,-0.));
#4271 = PCURVE('',#1713,#4272);
#4272 = DEFINITIONAL_REPRESENTATION('',(#4273),#4277);
#4273 = LINE('',#4274,#4275);
#4274 = CARTESIAN_POINT('',(-12.06516186307,-12.62956250255));
#4275 = VECTOR('',#4276,1.);
#4276 = DIRECTION('',(-0.66436383883,-0.747409318684));
#4277 = ( GEOMETRIC_REPRESENTATION_CONTEXT(2) 
PARAMETRIC_REPRESENTATION_CONTEXT() REPRESENTATION_CONTEXT('2D SPACE',''
  ) );
#4278 = PCURVE('',#2423,#4279);
#4279 = DEFINITIONAL_REPRESENTATION('',(#4280),#4284);
#4280 = LINE('',#4281,#4282);
#4281 = CARTESIAN_POINT('',(-0.,0.424264068712));
#4282 = VECTOR('',#4283,1.);
#4283 = DIRECTION('',(-1.,0.));
#4284 = ( GEOMETRIC_REPRESENTATION_CONTEXT(2) 
PARAMETRIC_REPRESENTATION_CONTEXT() REPRESENTATION_CONTEXT('2D SPACE',''
  ) );
#4285 = ORIENTED_EDGE('',*,*,#4286,.F.);
#4286 = EDGE_CURVE('',#4287,#4264,#4289,.T.);
#4287 = VERTEX_POINT('',#4288);
#4288 = CARTESIAN_POINT('',(-7.879669678449,-12.75,14.));
#4289 = SURFACE_CURVE('',#4290,(#4295,#4302),.PCURVE_S1.);
#4290 = CIRCLE('',#4291,5.6);
#4291 = AXIS2_PLACEMENT_3D('',#4292,#4293,#4294);
#4292 = CARTESIAN_POINT('',(-7.879669678449,-18.35,14.));
#4293 = DIRECTION('',(0.,0.,1.));
#4294 = DIRECTION('',(1.7763568394E-16,1.,-0.));
#4295 = PCURVE('',#1713,#4296);
#4296 = DEFINITIONAL_REPRESENTATION('',(#4297),#4301);
#4297 = CIRCLE('',#4298,5.6);
#4298 = AXIS2_PLACEMENT_2D('',#4299,#4300);
#4299 = CARTESIAN_POINT('',(-7.879669678449,-16.35));
#4300 = DIRECTION('',(1.7763568394E-16,1.));
#4301 = ( GEOMETRIC_REPRESENTATION_CONTEXT(2) 
PARAMETRIC_REPRESENTATION_CONTEXT() REPRESENTATION_CONTEXT('2D SPACE',''
  ) );
#4302 = PCURVE('',#2457,#4303);
#4303 = DEFINITIONAL_REPRESENTATION('',(#4304),#4308);
#4304 = LINE('',#4305,#4306);
#4305 = CARTESIAN_POINT('',(0.,0.6));
#4306 = VECTOR('',#4307,1.);
#4307 = DIRECTION('',(1.,0.));
#4308 = ( GEOMETRIC_REPRESENTATION_CONTEXT(2) 
PARAMETRIC_REPRESENTATION_CONTEXT() REPRESENTATION_CONTEXT('2D SPACE',''
  ) );
#4309 = ORIENTED_EDGE('',*,*,#4310,.F.);
#4310 = EDGE_CURVE('',#4311,#4287,#4313,.T.);
#4311 = VERTEX_POINT('',#4312);
#4312 = CARTESIAN_POINT('',(7.879669678449,-12.75,14.));
#4313 = SURFACE_CURVE('',#4314,(#4318,#4325),.PCURVE_S1.);
#4314 = LINE('',#4315,#4316);
#4315 = CARTESIAN_POINT('',(7.879669678449,-12.75,14.));
#4316 = VECTOR('',#4317,1.);
#4317 = DIRECTION('',(-1.,-0.,-0.));
#4318 = PCURVE('',#1713,#4319);
#4319 = DEFINITIONAL_REPRESENTATION('',(#4320),#4324);
#4320 = LINE('',#4321,#4322);
#4321 = CARTESIAN_POINT('',(7.879669678449,-10.75));
#4322 = VECTOR('',#4323,1.);
#4323 = DIRECTION('',(-1.,0.));
#4324 = ( GEOMETRIC_REPRESENTATION_CONTEXT(2) 
PARAMETRIC_REPRESENTATION_CONTEXT() REPRESENTATION_CONTEXT('2D SPACE',''
  ) );
#4325 = PCURVE('',#2369,#4326);
#4326 = DEFINITIONAL_REPRESENTATION('',(#4327),#4331);
#4327 = LINE('',#4328,#4329);
#4328 = CARTESIAN_POINT('',(0.,0.424264068712));
#4329 = VECTOR('',#4330,1.);
#4330 = DIRECTION('',(1.,0.));
#4331 = ( GEOMETRIC_REPRESENTATION_CONTEXT(2) 
PARAMETRIC_REPRESENTATION_CONTEXT() REPRESENTATION_CONTEXT('2D SPACE',''
  ) );
#4332 = ORIENTED_EDGE('',*,*,#4333,.F.);
#4333 = EDGE_CURVE('',#4334,#4311,#4336,.T.);
#4334 = VERTEX_POINT('',#4335);
#4335 = CARTESIAN_POINT('',(12.065161863077,-14.62956250255,14.));
#4336 = SURFACE_CURVE('',#4337,(#4342,#4349),.PCURVE_S1.);
#4337 = CIRCLE('',#4338,5.6);
#4338 = AXIS2_PLACEMENT_3D('',#4339,#4340,#4341);
#4339 = CARTESIAN_POINT('',(7.879669678449,-18.35,14.));
#4340 = DIRECTION('',(0.,0.,1.));
#4341 = DIRECTION('',(0.747409318684,0.66436383883,-0.));
#4342 = PCURVE('',#1713,#4343);
#4343 = DEFINITIONAL_REPRESENTATION('',(#4344),#4348);
#4344 = CIRCLE('',#4345,5.6);
#4345 = AXIS2_PLACEMENT_2D('',#4346,#4347);
#4346 = CARTESIAN_POINT('',(7.879669678449,-16.35));
#4347 = DIRECTION('',(0.747409318684,0.66436383883));
#4348 = ( GEOMETRIC_REPRESENTATION_CONTEXT(2) 
PARAMETRIC_REPRESENTATION_CONTEXT() REPRESENTATION_CONTEXT('2D SPACE',''
  ) );
#4349 = PCURVE('',#2261,#4350);
#4350 = DEFINITIONAL_REPRESENTATION('',(#4351),#4355);
#4351 = LINE('',#4352,#4353);
#4352 = CARTESIAN_POINT('',(0.,0.6));
#4353 = VECTOR('',#4354,1.);
#4354 = DIRECTION('',(1.,0.));
#4355 = ( GEOMETRIC_REPRESENTATION_CONTEXT(2) 
PARAMETRIC_REPRESENTATION_CONTEXT() REPRESENTATION_CONTEXT('2D SPACE',''
  ) );
#4356 = ORIENTED_EDGE('',*,*,#4357,.F.);
#4357 = EDGE_CURVE('',#4358,#4334,#4360,.T.);
#4358 = VERTEX_POINT('',#4359);
#4359 = CARTESIAN_POINT('',(13.081729319343,-15.77320089085,14.));
#4360 = SURFACE_CURVE('',#4361,(#4365,#4372),.PCURVE_S1.);
#4361 = LINE('',#4362,#4363);
#4362 = CARTESIAN_POINT('',(13.081729319343,-15.77320089085,14.));
#4363 = VECTOR('',#4364,1.);
#4364 = DIRECTION('',(-0.66436383883,0.747409318684,-0.));
#4365 = PCURVE('',#1713,#4366);
#4366 = DEFINITIONAL_REPRESENTATION('',(#4367),#4371);
#4367 = LINE('',#4368,#4369);
#4368 = CARTESIAN_POINT('',(13.081729319343,-13.77320089085));
#4369 = VECTOR('',#4370,1.);
#4370 = DIRECTION('',(-0.66436383883,0.747409318684));
#4371 = ( GEOMETRIC_REPRESENTATION_CONTEXT(2) 
PARAMETRIC_REPRESENTATION_CONTEXT() REPRESENTATION_CONTEXT('2D SPACE',''
  ) );
#4372 = PCURVE('',#2093,#4373);
#4373 = DEFINITIONAL_REPRESENTATION('',(#4374),#4378);
#4374 = LINE('',#4375,#4376);
#4375 = CARTESIAN_POINT('',(0.,0.424264068712));
#4376 = VECTOR('',#4377,1.);
#4377 = DIRECTION('',(1.,0.));
#4378 = ( GEOMETRIC_REPRESENTATION_CONTEXT(2) 
PARAMETRIC_REPRESENTATION_CONTEXT() REPRESENTATION_CONTEXT('2D SPACE',''
  ) );
#4379 = ORIENTED_EDGE('',*,*,#4380,.F.);
#4380 = EDGE_CURVE('',#4381,#4358,#4383,.T.);
#4381 = VERTEX_POINT('',#4382);
#4382 = CARTESIAN_POINT('',(15.290876906726,-17.11553400235,14.));
#4383 = SURFACE_CURVE('',#4384,(#4389,#4400),.PCURVE_S1.);
#4384 = CIRCLE('',#4385,4.4);
#4385 = AXIS2_PLACEMENT_3D('',#4386,#4387,#4388);
#4386 = CARTESIAN_POINT('',(16.370330321552,-12.85,14.));
#4387 = DIRECTION('',(-0.,0.,-1.));
#4388 = DIRECTION('',(-0.245330321551,-0.969439545989,0.));
#4389 = PCURVE('',#1713,#4390);
#4390 = DEFINITIONAL_REPRESENTATION('',(#4391),#4399);
#4391 = ( BOUNDED_CURVE() B_SPLINE_CURVE(2,(#4392,#4393,#4394,#4395,
#4396,#4397,#4398),.UNSPECIFIED.,.T.,.F.) B_SPLINE_CURVE_WITH_KNOTS((1,2
    ,2,2,2,1),(-2.094395102393,0.,2.094395102393,4.188790204786,
6.28318530718,8.377580409573),.UNSPECIFIED.) CURVE() 
GEOMETRIC_REPRESENTATION_ITEM() RATIONAL_B_SPLINE_CURVE((1.,0.5,1.,0.5,
1.,0.5,1.)) REPRESENTATION_ITEM('') );
#4392 = CARTESIAN_POINT('',(15.290876906726,-15.11553400235));
#4393 = CARTESIAN_POINT('',(7.90275529324,-13.24586584347));
#4394 = CARTESIAN_POINT('',(13.215996222221,-7.782398919383));
#4395 = CARTESIAN_POINT('',(18.529237151203,-2.318931995296));
#4396 = CARTESIAN_POINT('',(20.604117835708,-9.652067078265));
#4397 = CARTESIAN_POINT('',(22.678998520212,-16.98520216123));
#4398 = CARTESIAN_POINT('',(15.290876906726,-15.11553400235));
#4399 = ( GEOMETRIC_REPRESENTATION_CONTEXT(2) 
PARAMETRIC_REPRESENTATION_CONTEXT() REPRESENTATION_CONTEXT('2D SPACE',''
  ) );
#4400 = PCURVE('',#1964,#4401);
#4401 = DEFINITIONAL_REPRESENTATION('',(#4402),#4406);
#4402 = LINE('',#4403,#4404);
#4403 = CARTESIAN_POINT('',(0.,-0.6));
#4404 = VECTOR('',#4405,1.);
#4405 = DIRECTION('',(1.,-0.));
#4406 = ( GEOMETRIC_REPRESENTATION_CONTEXT(2) 
PARAMETRIC_REPRESENTATION_CONTEXT() REPRESENTATION_CONTEXT('2D SPACE',''
  ) );
#4407 = ORIENTED_EDGE('',*,*,#4408,.F.);
#4408 = EDGE_CURVE('',#4409,#4381,#4411,.T.);
#4409 = VERTEX_POINT('',#4410);
#4410 = CARTESIAN_POINT('',(19.525,-13.81943954598,14.));
#4411 = SURFACE_CURVE('',#4412,(#4428,#4447),.PCURVE_S1.);
#4412 = B_SPLINE_CURVE_WITH_KNOTS('',14,(#4413,#4414,#4415,#4416,#4417,
    #4418,#4419,#4420,#4421,#4422,#4423,#4424,#4425,#4426,#4427),
  .UNSPECIFIED.,.F.,.F.,(15,15),(29.952624853169,37.227251811109),
  .PIECEWISE_BEZIER_KNOTS.);
#4413 = CARTESIAN_POINT('',(19.525,-13.81943954598,14.));
#4414 = CARTESIAN_POINT('',(19.524999999997,-14.21328276887,
    13.999999999999));
#4415 = CARTESIAN_POINT('',(19.475783300769,-14.62710249291,
    14.000000000003));
#4416 = CARTESIAN_POINT('',(19.370240430115,-15.05249797479,
    13.999999999993));
#4417 = CARTESIAN_POINT('',(19.196135678694,-15.47840504777,
    14.00000000001));
#4418 = CARTESIAN_POINT('',(18.970927465629,-15.88808721835,
    13.999999999988));
#4419 = CARTESIAN_POINT('',(18.63846775484,-16.27482917968,
    14.000000000013));
#4420 = CARTESIAN_POINT('',(18.31727303336,-16.5962280327,
    13.999999999984));
#4421 = CARTESIAN_POINT('',(17.857007002409,-16.88293036053,
    14.000000000019));
#4422 = CARTESIAN_POINT('',(17.449535525574,-17.07193939534,
    13.999999999981));
#4423 = CARTESIAN_POINT('',(16.974075708071,-17.20911579402,
    14.000000000015));
#4424 = CARTESIAN_POINT('',(16.525359122889,-17.2666900923,
    13.999999999991));
#4425 = CARTESIAN_POINT('',(16.085781526015,-17.26611698987,
    14.000000000004));
#4426 = CARTESIAN_POINT('',(15.672684101902,-17.21215568686,
    13.999999999999));
#4427 = CARTESIAN_POINT('',(15.290876906726,-17.11553400235,14.));
#4428 = PCURVE('',#1713,#4429);
#4429 = DEFINITIONAL_REPRESENTATION('',(#4430),#4446);
#4430 = B_SPLINE_CURVE_WITH_KNOTS('',14,(#4431,#4432,#4433,#4434,#4435,
    #4436,#4437,#4438,#4439,#4440,#4441,#4442,#4443,#4444,#4445),
  .UNSPECIFIED.,.F.,.F.,(15,15),(29.952624853169,37.227251811109),
  .PIECEWISE_BEZIER_KNOTS.);
#4431 = CARTESIAN_POINT('',(19.525,-11.81943954598));
#4432 = CARTESIAN_POINT('',(19.524999999997,-12.21328276886));
#4433 = CARTESIAN_POINT('',(19.475783300769,-12.62710249293));
#4434 = CARTESIAN_POINT('',(19.370240430115,-13.05249797473));
#4435 = CARTESIAN_POINT('',(19.196135678694,-13.47840504788));
#4436 = CARTESIAN_POINT('',(18.970927465629,-13.88808721818));
#4437 = CARTESIAN_POINT('',(18.63846775484,-14.2748291799));
#4438 = CARTESIAN_POINT('',(18.31727303336,-14.59622803247));
#4439 = CARTESIAN_POINT('',(17.857007002409,-14.88293036073));
#4440 = CARTESIAN_POINT('',(17.449535525574,-15.0719393952));
#4441 = CARTESIAN_POINT('',(16.974075708071,-15.20911579411));
#4442 = CARTESIAN_POINT('',(16.525359122889,-15.26669009226));
#4443 = CARTESIAN_POINT('',(16.085781526015,-15.26611698989));
#4444 = CARTESIAN_POINT('',(15.672684101902,-15.21215568686));
#4445 = CARTESIAN_POINT('',(15.290876906726,-15.11553400235));
#4446 = ( GEOMETRIC_REPRESENTATION_CONTEXT(2) 
PARAMETRIC_REPRESENTATION_CONTEXT() REPRESENTATION_CONTEXT('2D SPACE',''
  ) );
#4447 = PCURVE('',#1904,#4448);
#4448 = DEFINITIONAL_REPRESENTATION('',(#4449),#4453);
#4449 = LINE('',#4450,#4451);
#4450 = CARTESIAN_POINT('',(7.27462695794,0.));
#4451 = VECTOR('',#4452,1.);
#4452 = DIRECTION('',(0.,1.));
#4453 = ( GEOMETRIC_REPRESENTATION_CONTEXT(2) 
PARAMETRIC_REPRESENTATION_CONTEXT() REPRESENTATION_CONTEXT('2D SPACE',''
  ) );
#4454 = ORIENTED_EDGE('',*,*,#4455,.F.);
#4455 = EDGE_CURVE('',#4136,#4409,#4456,.T.);
#4456 = SURFACE_CURVE('',#4457,(#4461,#4468),.PCURVE_S1.);
#4457 = LINE('',#4458,#4459);
#4458 = CARTESIAN_POINT('',(19.525,9.85,14.));
#4459 = VECTOR('',#4460,1.);
#4460 = DIRECTION('',(-0.,-1.,-0.));
#4461 = PCURVE('',#1713,#4462);
#4462 = DEFINITIONAL_REPRESENTATION('',(#4463),#4467);
#4463 = LINE('',#4464,#4465);
#4464 = CARTESIAN_POINT('',(19.525,11.85));
#4465 = VECTOR('',#4466,1.);
#4466 = DIRECTION('',(0.,-1.));
#4467 = ( GEOMETRIC_REPRESENTATION_CONTEXT(2) 
PARAMETRIC_REPRESENTATION_CONTEXT() REPRESENTATION_CONTEXT('2D SPACE',''
  ) );
#4468 = PCURVE('',#1817,#4469);
#4469 = DEFINITIONAL_REPRESENTATION('',(#4470),#4474);
#4470 = LINE('',#4471,#4472);
#4471 = CARTESIAN_POINT('',(0.,0.424264068712));
#4472 = VECTOR('',#4473,1.);
#4473 = DIRECTION('',(1.,0.));
#4474 = ( GEOMETRIC_REPRESENTATION_CONTEXT(2) 
PARAMETRIC_REPRESENTATION_CONTEXT() REPRESENTATION_CONTEXT('2D SPACE',''
  ) );
#4475 = FACE_BOUND('',#4476,.T.);
#4476 = EDGE_LOOP('',(#4477));
#4477 = ORIENTED_EDGE('',*,*,#4478,.T.);
#4478 = EDGE_CURVE('',#4479,#4479,#4481,.T.);
#4479 = VERTEX_POINT('',#4480);
#4480 = CARTESIAN_POINT('',(-14.6,-14.5,14.));
#4481 = SURFACE_CURVE('',#4482,(#4487,#4498),.PCURVE_S1.);
#4482 = CIRCLE('',#4483,1.9);
#4483 = AXIS2_PLACEMENT_3D('',#4484,#4485,#4486);
#4484 = CARTESIAN_POINT('',(-16.5,-14.5,14.));
#4485 = DIRECTION('',(0.,-1.224646799147E-16,-1.));
#4486 = DIRECTION('',(1.,0.,0.));
#4487 = PCURVE('',#1713,#4488);
#4488 = DEFINITIONAL_REPRESENTATION('',(#4489),#4497);
#4489 = ( BOUNDED_CURVE() B_SPLINE_CURVE(2,(#4490,#4491,#4492,#4493,
#4494,#4495,#4496),.UNSPECIFIED.,.T.,.F.) B_SPLINE_CURVE_WITH_KNOTS((1,2
    ,2,2,2,1),(-2.094395102393,0.,2.094395102393,4.188790204786,
6.28318530718,8.377580409573),.UNSPECIFIED.) CURVE() 
GEOMETRIC_REPRESENTATION_ITEM() RATIONAL_B_SPLINE_CURVE((1.,0.5,1.,0.5,
1.,0.5,1.)) REPRESENTATION_ITEM('') );
#4490 = CARTESIAN_POINT('',(-14.6,-12.5));
#4491 = CARTESIAN_POINT('',(-14.6,-15.79089653438));
#4492 = CARTESIAN_POINT('',(-17.45,-14.14544826719));
#4493 = CARTESIAN_POINT('',(-20.3,-12.5));
#4494 = CARTESIAN_POINT('',(-17.45,-10.85455173281));
#4495 = CARTESIAN_POINT('',(-14.6,-9.209103465619));
#4496 = CARTESIAN_POINT('',(-14.6,-12.5));
#4497 = ( GEOMETRIC_REPRESENTATION_CONTEXT(2) 
PARAMETRIC_REPRESENTATION_CONTEXT() REPRESENTATION_CONTEXT('2D SPACE',''
  ) );
#4498 = PCURVE('',#4499,#4504);
#4499 = CYLINDRICAL_SURFACE('',#4500,1.9);
#4500 = AXIS2_PLACEMENT_3D('',#4501,#4502,#4503);
#4501 = CARTESIAN_POINT('',(-16.5,-14.5,14.));
#4502 = DIRECTION('',(0.,1.224646799147E-16,1.));
#4503 = DIRECTION('',(1.,0.,0.));
#4504 = DEFINITIONAL_REPRESENTATION('',(#4505),#4509);
#4505 = LINE('',#4506,#4507);
#4506 = CARTESIAN_POINT('',(-0.,0.));
#4507 = VECTOR('',#4508,1.);
#4508 = DIRECTION('',(-1.,0.));
#4509 = ( GEOMETRIC_REPRESENTATION_CONTEXT(2) 
PARAMETRIC_REPRESENTATION_CONTEXT() REPRESENTATION_CONTEXT('2D SPACE',''
  ) );
#4510 = FACE_BOUND('',#4511,.T.);
#4511 = EDGE_LOOP('',(#4512));
#4512 = ORIENTED_EDGE('',*,*,#4513,.F.);
#4513 = EDGE_CURVE('',#4514,#4514,#4516,.T.);
#4514 = VERTEX_POINT('',#4515);
#4515 = CARTESIAN_POINT('',(-10.82,-8.065,14.));
#4516 = SURFACE_CURVE('',#4517,(#4522,#4529),.PCURVE_S1.);
#4517 = CIRCLE('',#4518,2.6);
#4518 = AXIS2_PLACEMENT_3D('',#4519,#4520,#4521);
#4519 = CARTESIAN_POINT('',(-13.42,-8.065,14.));
#4520 = DIRECTION('',(0.,0.,1.));
#4521 = DIRECTION('',(1.,0.,-0.));
#4522 = PCURVE('',#1713,#4523);
#4523 = DEFINITIONAL_REPRESENTATION('',(#4524),#4528);
#4524 = CIRCLE('',#4525,2.6);
#4525 = AXIS2_PLACEMENT_2D('',#4526,#4527);
#4526 = CARTESIAN_POINT('',(-13.42,-6.065));
#4527 = DIRECTION('',(1.,0.));
#4528 = ( GEOMETRIC_REPRESENTATION_CONTEXT(2) 
PARAMETRIC_REPRESENTATION_CONTEXT() REPRESENTATION_CONTEXT('2D SPACE',''
  ) );
#4529 = PCURVE('',#4530,#4535);
#4530 = CYLINDRICAL_SURFACE('',#4531,2.6);
#4531 = AXIS2_PLACEMENT_3D('',#4532,#4533,#4534);
#4532 = CARTESIAN_POINT('',(-13.42,-8.065,13.5));
#4533 = DIRECTION('',(0.,0.,1.));
#4534 = DIRECTION('',(1.,0.,0.));
#4535 = DEFINITIONAL_REPRESENTATION('',(#4536),#4540);
#4536 = LINE('',#4537,#4538);
#4537 = CARTESIAN_POINT('',(0.,0.5));
#4538 = VECTOR('',#4539,1.);
#4539 = DIRECTION('',(1.,0.));
#4540 = ( GEOMETRIC_REPRESENTATION_CONTEXT(2) 
PARAMETRIC_REPRESENTATION_CONTEXT() REPRESENTATION_CONTEXT('2D SPACE',''
  ) );
#4541 = FACE_BOUND('',#4542,.T.);
#4542 = EDGE_LOOP('',(#4543));
#4543 = ORIENTED_EDGE('',*,*,#4544,.T.);
#4544 = EDGE_CURVE('',#4545,#4545,#4547,.T.);
#4545 = VERTEX_POINT('',#4546);
#4546 = CARTESIAN_POINT('',(18.4,-14.5,14.));
#4547 = SURFACE_CURVE('',#4548,(#4553,#4564),.PCURVE_S1.);
#4548 = CIRCLE('',#4549,1.9);
#4549 = AXIS2_PLACEMENT_3D('',#4550,#4551,#4552);
#4550 = CARTESIAN_POINT('',(16.5,-14.5,14.));
#4551 = DIRECTION('',(0.,-1.224646799147E-16,-1.));
#4552 = DIRECTION('',(1.,0.,0.));
#4553 = PCURVE('',#1713,#4554);
#4554 = DEFINITIONAL_REPRESENTATION('',(#4555),#4563);
#4555 = ( BOUNDED_CURVE() B_SPLINE_CURVE(2,(#4556,#4557,#4558,#4559,
#4560,#4561,#4562),.UNSPECIFIED.,.T.,.F.) B_SPLINE_CURVE_WITH_KNOTS((1,2
    ,2,2,2,1),(-2.094395102393,0.,2.094395102393,4.188790204786,
6.28318530718,8.377580409573),.UNSPECIFIED.) CURVE() 
GEOMETRIC_REPRESENTATION_ITEM() RATIONAL_B_SPLINE_CURVE((1.,0.5,1.,0.5,
1.,0.5,1.)) REPRESENTATION_ITEM('') );
#4556 = CARTESIAN_POINT('',(18.4,-12.5));
#4557 = CARTESIAN_POINT('',(18.4,-15.79089653438));
#4558 = CARTESIAN_POINT('',(15.55,-14.14544826719));
#4559 = CARTESIAN_POINT('',(12.7,-12.5));
#4560 = CARTESIAN_POINT('',(15.55,-10.85455173281));
#4561 = CARTESIAN_POINT('',(18.4,-9.209103465619));
#4562 = CARTESIAN_POINT('',(18.4,-12.5));
#4563 = ( GEOMETRIC_REPRESENTATION_CONTEXT(2) 
PARAMETRIC_REPRESENTATION_CONTEXT() REPRESENTATION_CONTEXT('2D SPACE',''
  ) );
#4564 = PCURVE('',#4565,#4570);
#4565 = CYLINDRICAL_SURFACE('',#4566,1.9);
#4566 = AXIS2_PLACEMENT_3D('',#4567,#4568,#4569);
#4567 = CARTESIAN_POINT('',(16.5,-14.5,14.));
#4568 = DIRECTION('',(0.,1.224646799147E-16,1.));
#4569 = DIRECTION('',(1.,0.,0.));
#4570 = DEFINITIONAL_REPRESENTATION('',(#4571),#4575);
#4571 = LINE('',#4572,#4573);
#4572 = CARTESIAN_POINT('',(-0.,0.));
#4573 = VECTOR('',#4574,1.);
#4574 = DIRECTION('',(-1.,0.));
#4575 = ( GEOMETRIC_REPRESENTATION_CONTEXT(2) 
PARAMETRIC_REPRESENTATION_CONTEXT() REPRESENTATION_CONTEXT('2D SPACE',''
  ) );
#4576 = FACE_BOUND('',#4577,.T.);
#4577 = EDGE_LOOP('',(#4578));
#4578 = ORIENTED_EDGE('',*,*,#4579,.F.);
#4579 = EDGE_CURVE('',#4580,#4580,#4582,.T.);
#4580 = VERTEX_POINT('',#4581);
#4581 = CARTESIAN_POINT('',(16.28,-8.065,14.));
#4582 = SURFACE_CURVE('',#4583,(#4588,#4595),.PCURVE_S1.);
#4583 = CIRCLE('',#4584,2.6);
#4584 = AXIS2_PLACEMENT_3D('',#4585,#4586,#4587);
#4585 = CARTESIAN_POINT('',(13.68,-8.065,14.));
#4586 = DIRECTION('',(0.,0.,1.));
#4587 = DIRECTION('',(1.,0.,-0.));
#4588 = PCURVE('',#1713,#4589);
#4589 = DEFINITIONAL_REPRESENTATION('',(#4590),#4594);
#4590 = CIRCLE('',#4591,2.6);
#4591 = AXIS2_PLACEMENT_2D('',#4592,#4593);
#4592 = CARTESIAN_POINT('',(13.68,-6.065));
#4593 = DIRECTION('',(1.,0.));
#4594 = ( GEOMETRIC_REPRESENTATION_CONTEXT(2) 
PARAMETRIC_REPRESENTATION_CONTEXT() REPRESENTATION_CONTEXT('2D SPACE',''
  ) );
#4595 = PCURVE('',#4596,#4601);
#4596 = CYLINDRICAL_SURFACE('',#4597,2.6);
#4597 = AXIS2_PLACEMENT_3D('',#4598,#4599,#4600);
#4598 = CARTESIAN_POINT('',(13.68,-8.065,13.5));
#4599 = DIRECTION('',(0.,0.,1.));
#4600 = DIRECTION('',(1.,0.,0.));
#4601 = DEFINITIONAL_REPRESENTATION('',(#4602),#4606);
#4602 = LINE('',#4603,#4604);
#4603 = CARTESIAN_POINT('',(0.,0.5));
#4604 = VECTOR('',#4605,1.);
#4605 = DIRECTION('',(1.,0.));
#4606 = ( GEOMETRIC_REPRESENTATION_CONTEXT(2) 
PARAMETRIC_REPRESENTATION_CONTEXT() REPRESENTATION_CONTEXT('2D SPACE',''
  ) );
#4607 = FACE_BOUND('',#4608,.T.);
#4608 = EDGE_LOOP('',(#4609));
#4609 = ORIENTED_EDGE('',*,*,#4610,.F.);
#4610 = EDGE_CURVE('',#4611,#4611,#4613,.T.);
#4611 = VERTEX_POINT('',#4612);
#4612 = CARTESIAN_POINT('',(-10.82,-1.315,14.));
#4613 = SURFACE_CURVE('',#4614,(#4619,#4626),.PCURVE_S1.);
#4614 = CIRCLE('',#4615,2.6);
#4615 = AXIS2_PLACEMENT_3D('',#4616,#4617,#4618);
#4616 = CARTESIAN_POINT('',(-13.42,-1.315,14.));
#4617 = DIRECTION('',(0.,0.,1.));
#4618 = DIRECTION('',(1.,0.,-0.));
#4619 = PCURVE('',#1713,#4620);
#4620 = DEFINITIONAL_REPRESENTATION('',(#4621),#4625);
#4621 = CIRCLE('',#4622,2.6);
#4622 = AXIS2_PLACEMENT_2D('',#4623,#4624);
#4623 = CARTESIAN_POINT('',(-13.42,0.685));
#4624 = DIRECTION('',(1.,0.));
#4625 = ( GEOMETRIC_REPRESENTATION_CONTEXT(2) 
PARAMETRIC_REPRESENTATION_CONTEXT() REPRESENTATION_CONTEXT('2D SPACE',''
  ) );
#4626 = PCURVE('',#4627,#4632);
#4627 = CYLINDRICAL_SURFACE('',#4628,2.6);
#4628 = AXIS2_PLACEMENT_3D('',#4629,#4630,#4631);
#4629 = CARTESIAN_POINT('',(-13.42,-1.315,13.5));
#4630 = DIRECTION('',(0.,0.,1.));
#4631 = DIRECTION('',(1.,0.,0.));
#4632 = DEFINITIONAL_REPRESENTATION('',(#4633),#4637);
#4633 = LINE('',#4634,#4635);
#4634 = CARTESIAN_POINT('',(0.,0.5));
#4635 = VECTOR('',#4636,1.);
#4636 = DIRECTION('',(1.,0.));
#4637 = ( GEOMETRIC_REPRESENTATION_CONTEXT(2) 
PARAMETRIC_REPRESENTATION_CONTEXT() REPRESENTATION_CONTEXT('2D SPACE',''
  ) );
#4638 = FACE_BOUND('',#4639,.T.);
#4639 = EDGE_LOOP('',(#4640));
#4640 = ORIENTED_EDGE('',*,*,#4641,.T.);
#4641 = EDGE_CURVE('',#4642,#4642,#4644,.T.);
#4642 = VERTEX_POINT('',#4643);
#4643 = CARTESIAN_POINT('',(-14.6,10.,14.));
#4644 = SURFACE_CURVE('',#4645,(#4650,#4661),.PCURVE_S1.);
#4645 = CIRCLE('',#4646,1.9);
#4646 = AXIS2_PLACEMENT_3D('',#4647,#4648,#4649);
#4647 = CARTESIAN_POINT('',(-16.5,10.,14.));
#4648 = DIRECTION('',(0.,-1.224646799147E-16,-1.));
#4649 = DIRECTION('',(1.,0.,0.));
#4650 = PCURVE('',#1713,#4651);
#4651 = DEFINITIONAL_REPRESENTATION('',(#4652),#4660);
#4652 = ( BOUNDED_CURVE() B_SPLINE_CURVE(2,(#4653,#4654,#4655,#4656,
#4657,#4658,#4659),.UNSPECIFIED.,.T.,.F.) B_SPLINE_CURVE_WITH_KNOTS((1,2
    ,2,2,2,1),(-2.094395102393,0.,2.094395102393,4.188790204786,
6.28318530718,8.377580409573),.UNSPECIFIED.) CURVE() 
GEOMETRIC_REPRESENTATION_ITEM() RATIONAL_B_SPLINE_CURVE((1.,0.5,1.,0.5,
1.,0.5,1.)) REPRESENTATION_ITEM('') );
#4653 = CARTESIAN_POINT('',(-14.6,12.));
#4654 = CARTESIAN_POINT('',(-14.6,8.709103465619));
#4655 = CARTESIAN_POINT('',(-17.45,10.35455173281));
#4656 = CARTESIAN_POINT('',(-20.3,12.));
#4657 = CARTESIAN_POINT('',(-17.45,13.64544826719));
#4658 = CARTESIAN_POINT('',(-14.6,15.290896534381));
#4659 = CARTESIAN_POINT('',(-14.6,12.));
#4660 = ( GEOMETRIC_REPRESENTATION_CONTEXT(2) 
PARAMETRIC_REPRESENTATION_CONTEXT() REPRESENTATION_CONTEXT('2D SPACE',''
  ) );
#4661 = PCURVE('',#4662,#4667);
#4662 = CYLINDRICAL_SURFACE('',#4663,1.9);
#4663 = AXIS2_PLACEMENT_3D('',#4664,#4665,#4666);
#4664 = CARTESIAN_POINT('',(-16.5,10.,14.));
#4665 = DIRECTION('',(0.,1.224646799147E-16,1.));
#4666 = DIRECTION('',(1.,0.,0.));
#4667 = DEFINITIONAL_REPRESENTATION('',(#4668),#4672);
#4668 = LINE('',#4669,#4670);
#4669 = CARTESIAN_POINT('',(-0.,0.));
#4670 = VECTOR('',#4671,1.);
#4671 = DIRECTION('',(-1.,0.));
#4672 = ( GEOMETRIC_REPRESENTATION_CONTEXT(2) 
PARAMETRIC_REPRESENTATION_CONTEXT() REPRESENTATION_CONTEXT('2D SPACE',''
  ) );
#4673 = FACE_BOUND('',#4674,.T.);
#4674 = EDGE_LOOP('',(#4675));
#4675 = ORIENTED_EDGE('',*,*,#4676,.F.);
#4676 = EDGE_CURVE('',#4677,#4677,#4679,.T.);
#4677 = VERTEX_POINT('',#4678);
#4678 = CARTESIAN_POINT('',(16.28,-1.315,14.));
#4679 = SURFACE_CURVE('',#4680,(#4685,#4692),.PCURVE_S1.);
#4680 = CIRCLE('',#4681,2.6);
#4681 = AXIS2_PLACEMENT_3D('',#4682,#4683,#4684);
#4682 = CARTESIAN_POINT('',(13.68,-1.315,14.));
#4683 = DIRECTION('',(0.,0.,1.));
#4684 = DIRECTION('',(1.,0.,-0.));
#4685 = PCURVE('',#1713,#4686);
#4686 = DEFINITIONAL_REPRESENTATION('',(#4687),#4691);
#4687 = CIRCLE('',#4688,2.6);
#4688 = AXIS2_PLACEMENT_2D('',#4689,#4690);
#4689 = CARTESIAN_POINT('',(13.68,0.685));
#4690 = DIRECTION('',(1.,0.));
#4691 = ( GEOMETRIC_REPRESENTATION_CONTEXT(2) 
PARAMETRIC_REPRESENTATION_CONTEXT() REPRESENTATION_CONTEXT('2D SPACE',''
  ) );
#4692 = PCURVE('',#4693,#4698);
#4693 = CYLINDRICAL_SURFACE('',#4694,2.6);
#4694 = AXIS2_PLACEMENT_3D('',#4695,#4696,#4697);
#4695 = CARTESIAN_POINT('',(13.68,-1.315,13.5));
#4696 = DIRECTION('',(0.,0.,1.));
#4697 = DIRECTION('',(1.,0.,0.));
#4698 = DEFINITIONAL_REPRESENTATION('',(#4699),#4703);
#4699 = LINE('',#4700,#4701);
#4700 = CARTESIAN_POINT('',(0.,0.5));
#4701 = VECTOR('',#4702,1.);
#4702 = DIRECTION('',(1.,0.));
#4703 = ( GEOMETRIC_REPRESENTATION_CONTEXT(2) 
PARAMETRIC_REPRESENTATION_CONTEXT() REPRESENTATION_CONTEXT('2D SPACE',''
  ) );
#4704 = FACE_BOUND('',#4705,.T.);
#4705 = EDGE_LOOP('',(#4706,#4734,#4760,#4786));
#4706 = ORIENTED_EDGE('',*,*,#4707,.T.);
#4707 = EDGE_CURVE('',#4708,#4710,#4712,.T.);
#4708 = VERTEX_POINT('',#4709);
#4709 = CARTESIAN_POINT('',(5.8,9.6,14.));
#4710 = VERTEX_POINT('',#4711);
#4711 = CARTESIAN_POINT('',(5.8,2.4,14.));
#4712 = SURFACE_CURVE('',#4713,(#4717,#4723),.PCURVE_S1.);
#4713 = LINE('',#4714,#4715);
#4714 = CARTESIAN_POINT('',(5.8,0.2,14.));
#4715 = VECTOR('',#4716,1.);
#4716 = DIRECTION('',(0.,-1.,0.));
#4717 = PCURVE('',#1713,#4718);
#4718 = DEFINITIONAL_REPRESENTATION('',(#4719),#4722);
#4719 = B_SPLINE_CURVE_WITH_KNOTS('',1,(#4720,#4721),.UNSPECIFIED.,.F.,
  .F.,(2,2),(-9.4,-2.2),.PIECEWISE_BEZIER_KNOTS.);
#4720 = CARTESIAN_POINT('',(5.8,11.6));
#4721 = CARTESIAN_POINT('',(5.8,4.4));
#4722 = ( GEOMETRIC_REPRESENTATION_CONTEXT(2) 
PARAMETRIC_REPRESENTATION_CONTEXT() REPRESENTATION_CONTEXT('2D SPACE',''
  ) );
#4723 = PCURVE('',#4724,#4729);
#4724 = PLANE('',#4725);
#4725 = AXIS2_PLACEMENT_3D('',#4726,#4727,#4728);
#4726 = CARTESIAN_POINT('',(5.8,2.4,-40.25001237362));
#4727 = DIRECTION('',(-1.,0.,0.));
#4728 = DIRECTION('',(0.,1.,0.));
#4729 = DEFINITIONAL_REPRESENTATION('',(#4730),#4733);
#4730 = B_SPLINE_CURVE_WITH_KNOTS('',1,(#4731,#4732),.UNSPECIFIED.,.F.,
  .F.,(2,2),(-9.4,-2.2),.PIECEWISE_BEZIER_KNOTS.);
#4731 = CARTESIAN_POINT('',(7.2,-54.25001237362));
#4732 = CARTESIAN_POINT('',(0.,-54.25001237362));
#4733 = ( GEOMETRIC_REPRESENTATION_CONTEXT(2) 
PARAMETRIC_REPRESENTATION_CONTEXT() REPRESENTATION_CONTEXT('2D SPACE',''
  ) );
#4734 = ORIENTED_EDGE('',*,*,#4735,.T.);
#4735 = EDGE_CURVE('',#4710,#4736,#4738,.T.);
#4736 = VERTEX_POINT('',#4737);
#4737 = CARTESIAN_POINT('',(-5.8,2.4,14.));
#4738 = SURFACE_CURVE('',#4739,(#4743,#4749),.PCURVE_S1.);
#4739 = LINE('',#4740,#4741);
#4740 = CARTESIAN_POINT('',(-2.9,2.4,14.));
#4741 = VECTOR('',#4742,1.);
#4742 = DIRECTION('',(-1.,0.,0.));
#4743 = PCURVE('',#1713,#4744);
#4744 = DEFINITIONAL_REPRESENTATION('',(#4745),#4748);
#4745 = B_SPLINE_CURVE_WITH_KNOTS('',1,(#4746,#4747),.UNSPECIFIED.,.F.,
  .F.,(2,2),(-8.7,2.9),.PIECEWISE_BEZIER_KNOTS.);
#4746 = CARTESIAN_POINT('',(5.8,4.4));
#4747 = CARTESIAN_POINT('',(-5.8,4.4));
#4748 = ( GEOMETRIC_REPRESENTATION_CONTEXT(2) 
PARAMETRIC_REPRESENTATION_CONTEXT() REPRESENTATION_CONTEXT('2D SPACE',''
  ) );
#4749 = PCURVE('',#4750,#4755);
#4750 = PLANE('',#4751);
#4751 = AXIS2_PLACEMENT_3D('',#4752,#4753,#4754);
#4752 = CARTESIAN_POINT('',(-5.8,2.4,-40.25001237362));
#4753 = DIRECTION('',(0.,1.,0.));
#4754 = DIRECTION('',(1.,0.,0.));
#4755 = DEFINITIONAL_REPRESENTATION('',(#4756),#4759);
#4756 = B_SPLINE_CURVE_WITH_KNOTS('',1,(#4757,#4758),.UNSPECIFIED.,.F.,
  .F.,(2,2),(-8.7,2.9),.PIECEWISE_BEZIER_KNOTS.);
#4757 = CARTESIAN_POINT('',(11.6,-54.25001237362));
#4758 = CARTESIAN_POINT('',(0.,-54.25001237362));
#4759 = ( GEOMETRIC_REPRESENTATION_CONTEXT(2) 
PARAMETRIC_REPRESENTATION_CONTEXT() REPRESENTATION_CONTEXT('2D SPACE',''
  ) );
#4760 = ORIENTED_EDGE('',*,*,#4761,.T.);
#4761 = EDGE_CURVE('',#4736,#4762,#4764,.T.);
#4762 = VERTEX_POINT('',#4763);
#4763 = CARTESIAN_POINT('',(-5.8,9.6,14.));
#4764 = SURFACE_CURVE('',#4765,(#4769,#4775),.PCURVE_S1.);
#4765 = LINE('',#4766,#4767);
#4766 = CARTESIAN_POINT('',(-5.8,3.8,14.));
#4767 = VECTOR('',#4768,1.);
#4768 = DIRECTION('',(0.,1.,0.));
#4769 = PCURVE('',#1713,#4770);
#4770 = DEFINITIONAL_REPRESENTATION('',(#4771),#4774);
#4771 = B_SPLINE_CURVE_WITH_KNOTS('',1,(#4772,#4773),.UNSPECIFIED.,.F.,
  .F.,(2,2),(-1.4,5.8),.PIECEWISE_BEZIER_KNOTS.);
#4772 = CARTESIAN_POINT('',(-5.8,4.4));
#4773 = CARTESIAN_POINT('',(-5.8,11.6));
#4774 = ( GEOMETRIC_REPRESENTATION_CONTEXT(2) 
PARAMETRIC_REPRESENTATION_CONTEXT() REPRESENTATION_CONTEXT('2D SPACE',''
  ) );
#4775 = PCURVE('',#4776,#4781);
#4776 = PLANE('',#4777);
#4777 = AXIS2_PLACEMENT_3D('',#4778,#4779,#4780);
#4778 = CARTESIAN_POINT('',(-5.8,9.6,-40.25001237362));
#4779 = DIRECTION('',(1.,0.,0.));
#4780 = DIRECTION('',(0.,-1.,0.));
#4781 = DEFINITIONAL_REPRESENTATION('',(#4782),#4785);
#4782 = B_SPLINE_CURVE_WITH_KNOTS('',1,(#4783,#4784),.UNSPECIFIED.,.F.,
  .F.,(2,2),(-1.4,5.8),.PIECEWISE_BEZIER_KNOTS.);
#4783 = CARTESIAN_POINT('',(7.2,-54.25001237362));
#4784 = CARTESIAN_POINT('',(0.,-54.25001237362));
#4785 = ( GEOMETRIC_REPRESENTATION_CONTEXT(2) 
PARAMETRIC_REPRESENTATION_CONTEXT() REPRESENTATION_CONTEXT('2D SPACE',''
  ) );
#4786 = ORIENTED_EDGE('',*,*,#4787,.T.);
#4787 = EDGE_CURVE('',#4762,#4708,#4788,.T.);
#4788 = SURFACE_CURVE('',#4789,(#4793,#4799),.PCURVE_S1.);
#4789 = LINE('',#4790,#4791);
#4790 = CARTESIAN_POINT('',(2.9,9.6,14.));
#4791 = VECTOR('',#4792,1.);
#4792 = DIRECTION('',(1.,0.,-0.));
#4793 = PCURVE('',#1713,#4794);
#4794 = DEFINITIONAL_REPRESENTATION('',(#4795),#4798);
#4795 = B_SPLINE_CURVE_WITH_KNOTS('',1,(#4796,#4797),.UNSPECIFIED.,.F.,
  .F.,(2,2),(-8.7,2.9),.PIECEWISE_BEZIER_KNOTS.);
#4796 = CARTESIAN_POINT('',(-5.8,11.6));
#4797 = CARTESIAN_POINT('',(5.8,11.6));
#4798 = ( GEOMETRIC_REPRESENTATION_CONTEXT(2) 
PARAMETRIC_REPRESENTATION_CONTEXT() REPRESENTATION_CONTEXT('2D SPACE',''
  ) );
#4799 = PCURVE('',#4800,#4805);
#4800 = PLANE('',#4801);
#4801 = AXIS2_PLACEMENT_3D('',#4802,#4803,#4804);
#4802 = CARTESIAN_POINT('',(5.8,9.6,-40.25001237362));
#4803 = DIRECTION('',(0.,-1.,0.));
#4804 = DIRECTION('',(-1.,0.,0.));
#4805 = DEFINITIONAL_REPRESENTATION('',(#4806),#4809);
#4806 = B_SPLINE_CURVE_WITH_KNOTS('',1,(#4807,#4808),.UNSPECIFIED.,.F.,
  .F.,(2,2),(-8.7,2.9),.PIECEWISE_BEZIER_KNOTS.);
#4807 = CARTESIAN_POINT('',(11.6,-54.25001237362));
#4808 = CARTESIAN_POINT('',(0.,-54.25001237362));
#4809 = ( GEOMETRIC_REPRESENTATION_CONTEXT(2) 
PARAMETRIC_REPRESENTATION_CONTEXT() REPRESENTATION_CONTEXT('2D SPACE',''
  ) );
#4810 = FACE_BOUND('',#4811,.T.);
#4811 = EDGE_LOOP('',(#4812));
#4812 = ORIENTED_EDGE('',*,*,#4813,.T.);
#4813 = EDGE_CURVE('',#4814,#4814,#4816,.T.);
#4814 = VERTEX_POINT('',#4815);
#4815 = CARTESIAN_POINT('',(18.4,10.,14.));
#4816 = SURFACE_CURVE('',#4817,(#4822,#4833),.PCURVE_S1.);
#4817 = CIRCLE('',#4818,1.9);
#4818 = AXIS2_PLACEMENT_3D('',#4819,#4820,#4821);
#4819 = CARTESIAN_POINT('',(16.5,10.,14.));
#4820 = DIRECTION('',(0.,-1.224646799147E-16,-1.));
#4821 = DIRECTION('',(1.,0.,0.));
#4822 = PCURVE('',#1713,#4823);
#4823 = DEFINITIONAL_REPRESENTATION('',(#4824),#4832);
#4824 = ( BOUNDED_CURVE() B_SPLINE_CURVE(2,(#4825,#4826,#4827,#4828,
#4829,#4830,#4831),.UNSPECIFIED.,.T.,.F.) B_SPLINE_CURVE_WITH_KNOTS((1,2
    ,2,2,2,1),(-2.094395102393,0.,2.094395102393,4.188790204786,
6.28318530718,8.377580409573),.UNSPECIFIED.) CURVE() 
GEOMETRIC_REPRESENTATION_ITEM() RATIONAL_B_SPLINE_CURVE((1.,0.5,1.,0.5,
1.,0.5,1.)) REPRESENTATION_ITEM('') );
#4825 = CARTESIAN_POINT('',(18.4,12.));
#4826 = CARTESIAN_POINT('',(18.4,8.709103465619));
#4827 = CARTESIAN_POINT('',(15.55,10.35455173281));
#4828 = CARTESIAN_POINT('',(12.7,12.));
#4829 = CARTESIAN_POINT('',(15.55,13.64544826719));
#4830 = CARTESIAN_POINT('',(18.4,15.290896534381));
#4831 = CARTESIAN_POINT('',(18.4,12.));
#4832 = ( GEOMETRIC_REPRESENTATION_CONTEXT(2) 
PARAMETRIC_REPRESENTATION_CONTEXT() REPRESENTATION_CONTEXT('2D SPACE',''
  ) );
#4833 = PCURVE('',#4834,#4839);
#4834 = CYLINDRICAL_SURFACE('',#4835,1.9);
#4835 = AXIS2_PLACEMENT_3D('',#4836,#4837,#4838);
#4836 = CARTESIAN_POINT('',(16.5,10.,14.));
#4837 = DIRECTION('',(0.,1.224646799147E-16,1.));
#4838 = DIRECTION('',(1.,0.,0.));
#4839 = DEFINITIONAL_REPRESENTATION('',(#4840),#4844);
#4840 = LINE('',#4841,#4842);
#4841 = CARTESIAN_POINT('',(-0.,0.));
#4842 = VECTOR('',#4843,1.);
#4843 = DIRECTION('',(-1.,0.));
#4844 = ( GEOMETRIC_REPRESENTATION_CONTEXT(2) 
PARAMETRIC_REPRESENTATION_CONTEXT() REPRESENTATION_CONTEXT('2D SPACE',''
  ) );
#4845 = ADVANCED_FACE('',(#4846),#1688,.T.);
#4846 = FACE_BOUND('',#4847,.F.);
#4847 = EDGE_LOOP('',(#4848,#4849,#4850,#4869));
#4848 = ORIENTED_EDGE('',*,*,#1673,.F.);
#4849 = ORIENTED_EDGE('',*,*,#1753,.T.);
#4850 = ORIENTED_EDGE('',*,*,#4851,.T.);
#4851 = EDGE_CURVE('',#1731,#4136,#4852,.T.);
#4852 = SURFACE_CURVE('',#4853,(#4857,#4863),.PCURVE_S1.);
#4853 = LINE('',#4854,#4855);
#4854 = CARTESIAN_POINT('',(20.125,9.85,13.4));
#4855 = VECTOR('',#4856,1.);
#4856 = DIRECTION('',(-0.707106781187,-4.329780281177E-17,0.707106781187
    ));
#4857 = PCURVE('',#1688,#4858);
#4858 = DEFINITIONAL_REPRESENTATION('',(#4859),#4862);
#4859 = B_SPLINE_CURVE_WITH_KNOTS('',1,(#4860,#4861),.UNSPECIFIED.,.F.,
  .F.,(2,2),(0.,0.848528137424),.PIECEWISE_BEZIER_KNOTS.);
#4860 = CARTESIAN_POINT('',(1.570796326795,0.));
#4861 = CARTESIAN_POINT('',(1.570796326795,-0.6));
#4862 = ( GEOMETRIC_REPRESENTATION_CONTEXT(2) 
PARAMETRIC_REPRESENTATION_CONTEXT() REPRESENTATION_CONTEXT('2D SPACE',''
  ) );
#4863 = PCURVE('',#1817,#4864);
#4864 = DEFINITIONAL_REPRESENTATION('',(#4865),#4868);
#4865 = B_SPLINE_CURVE_WITH_KNOTS('',1,(#4866,#4867),.UNSPECIFIED.,.F.,
  .F.,(2,2),(0.,0.848528137424),.PIECEWISE_BEZIER_KNOTS.);
#4866 = CARTESIAN_POINT('',(0.,-0.424264068712));
#4867 = CARTESIAN_POINT('',(0.,0.424264068712));
#4868 = ( GEOMETRIC_REPRESENTATION_CONTEXT(2) 
PARAMETRIC_REPRESENTATION_CONTEXT() REPRESENTATION_CONTEXT('2D SPACE',''
  ) );
#4869 = ORIENTED_EDGE('',*,*,#4135,.F.);
#4870 = ADVANCED_FACE('',(#4871),#1817,.F.);
#4871 = FACE_BOUND('',#4872,.F.);
#4872 = EDGE_LOOP('',(#4873,#4874,#4875,#4894));
#4873 = ORIENTED_EDGE('',*,*,#4851,.F.);
#4874 = ORIENTED_EDGE('',*,*,#1803,.T.);
#4875 = ORIENTED_EDGE('',*,*,#4876,.T.);
#4876 = EDGE_CURVE('',#1780,#4409,#4877,.T.);
#4877 = SURFACE_CURVE('',#4878,(#4882,#4888),.PCURVE_S1.);
#4878 = LINE('',#4879,#4880);
#4879 = CARTESIAN_POINT('',(19.825,-13.81943954598,13.7));
#4880 = VECTOR('',#4881,1.);
#4881 = DIRECTION('',(-0.707106781187,0.,0.707106781187));
#4882 = PCURVE('',#1817,#4883);
#4883 = DEFINITIONAL_REPRESENTATION('',(#4884),#4887);
#4884 = B_SPLINE_CURVE_WITH_KNOTS('',1,(#4885,#4886),.UNSPECIFIED.,.F.,
  .F.,(2,2),(-0.424264068712,0.424264068712),.PIECEWISE_BEZIER_KNOTS.);
#4885 = CARTESIAN_POINT('',(23.66943954599,-0.424264068712));
#4886 = CARTESIAN_POINT('',(23.66943954599,0.424264068712));
#4887 = ( GEOMETRIC_REPRESENTATION_CONTEXT(2) 
PARAMETRIC_REPRESENTATION_CONTEXT() REPRESENTATION_CONTEXT('2D SPACE',''
  ) );
#4888 = PCURVE('',#1904,#4889);
#4889 = DEFINITIONAL_REPRESENTATION('',(#4890),#4893);
#4890 = B_SPLINE_CURVE_WITH_KNOTS('',1,(#4891,#4892),.UNSPECIFIED.,.F.,
  .F.,(2,2),(-0.424264068712,0.424264068712),.PIECEWISE_BEZIER_KNOTS.);
#4891 = CARTESIAN_POINT('',(0.,29.952624853169));
#4892 = CARTESIAN_POINT('',(7.27462695794,29.952624853169));
#4893 = ( GEOMETRIC_REPRESENTATION_CONTEXT(2) 
PARAMETRIC_REPRESENTATION_CONTEXT() REPRESENTATION_CONTEXT('2D SPACE',''
  ) );
#4894 = ORIENTED_EDGE('',*,*,#4455,.F.);
#4895 = ADVANCED_FACE('',(#4896),#1904,.T.);
#4896 = FACE_BOUND('',#4897,.T.);
#4897 = EDGE_LOOP('',(#4898,#4899,#4900,#4918));
#4898 = ORIENTED_EDGE('',*,*,#4876,.T.);
#4899 = ORIENTED_EDGE('',*,*,#4408,.T.);
#4900 = ORIENTED_EDGE('',*,*,#4901,.F.);
#4901 = EDGE_CURVE('',#1836,#4381,#4902,.T.);
#4902 = SURFACE_CURVE('',#4903,(#4906,#4912),.PCURVE_S1.);
#4903 = B_SPLINE_CURVE_WITH_KNOTS('',1,(#4904,#4905),.UNSPECIFIED.,.F.,
  .F.,(2,2),(0.,7.27462695794),.PIECEWISE_BEZIER_KNOTS.);
#4904 = CARTESIAN_POINT('',(15.143678713795,-17.69719772994,13.4));
#4905 = CARTESIAN_POINT('',(15.290876906726,-17.11553400235,14.));
#4906 = PCURVE('',#1904,#4907);
#4907 = DEFINITIONAL_REPRESENTATION('',(#4908),#4911);
#4908 = B_SPLINE_CURVE_WITH_KNOTS('',1,(#4909,#4910),.UNSPECIFIED.,.F.,
  .F.,(2,2),(0.,7.27462695794),.PIECEWISE_BEZIER_KNOTS.);
#4909 = CARTESIAN_POINT('',(0.,37.227251811109));
#4910 = CARTESIAN_POINT('',(7.27462695794,37.227251811109));
#4911 = ( GEOMETRIC_REPRESENTATION_CONTEXT(2) 
PARAMETRIC_REPRESENTATION_CONTEXT() REPRESENTATION_CONTEXT('2D SPACE',''
  ) );
#4912 = PCURVE('',#1964,#4913);
#4913 = DEFINITIONAL_REPRESENTATION('',(#4914),#4917);
#4914 = B_SPLINE_CURVE_WITH_KNOTS('',1,(#4915,#4916),.UNSPECIFIED.,.F.,
  .F.,(2,2),(0.,7.27462695794),.PIECEWISE_BEZIER_KNOTS.);
#4915 = CARTESIAN_POINT('',(2.22044604925E-16,0.));
#4916 = CARTESIAN_POINT('',(2.22044604925E-16,-0.6));
#4917 = ( GEOMETRIC_REPRESENTATION_CONTEXT(2) 
PARAMETRIC_REPRESENTATION_CONTEXT() REPRESENTATION_CONTEXT('2D SPACE',''
  ) );
#4918 = ORIENTED_EDGE('',*,*,#1859,.F.);
#4919 = ADVANCED_FACE('',(#4920),#1964,.T.);
#4920 = FACE_BOUND('',#4921,.F.);
#4921 = EDGE_LOOP('',(#4922,#4923,#4924,#4943));
#4922 = ORIENTED_EDGE('',*,*,#4901,.F.);
#4923 = ORIENTED_EDGE('',*,*,#1947,.T.);
#4924 = ORIENTED_EDGE('',*,*,#4925,.T.);
#4925 = EDGE_CURVE('',#1948,#4358,#4926,.T.);
#4926 = SURFACE_CURVE('',#4927,(#4931,#4937),.PCURVE_S1.);
#4927 = LINE('',#4928,#4929);
#4928 = CARTESIAN_POINT('',(12.633283728133,-16.17181919415,13.4));
#4929 = VECTOR('',#4930,1.);
#4930 = DIRECTION('',(0.528498197563,0.469776175612,0.707106781187));
#4931 = PCURVE('',#1964,#4932);
#4932 = DEFINITIONAL_REPRESENTATION('',(#4933),#4936);
#4933 = B_SPLINE_CURVE_WITH_KNOTS('',1,(#4934,#4935),.UNSPECIFIED.,.F.,
  .F.,(2,2),(0.,0.848528137424),.PIECEWISE_BEZIER_KNOTS.);
#4934 = CARTESIAN_POINT('',(0.596293573708,0.));
#4935 = CARTESIAN_POINT('',(0.596293573708,-0.6));
#4936 = ( GEOMETRIC_REPRESENTATION_CONTEXT(2) 
PARAMETRIC_REPRESENTATION_CONTEXT() REPRESENTATION_CONTEXT('2D SPACE',''
  ) );
#4937 = PCURVE('',#2093,#4938);
#4938 = DEFINITIONAL_REPRESENTATION('',(#4939),#4942);
#4939 = B_SPLINE_CURVE_WITH_KNOTS('',1,(#4940,#4941),.UNSPECIFIED.,.F.,
  .F.,(2,2),(0.,0.848528137424),.PIECEWISE_BEZIER_KNOTS.);
#4940 = CARTESIAN_POINT('',(3.552713678801E-15,-0.424264068712));
#4941 = CARTESIAN_POINT('',(3.552713678801E-15,0.424264068712));
#4942 = ( GEOMETRIC_REPRESENTATION_CONTEXT(2) 
PARAMETRIC_REPRESENTATION_CONTEXT() REPRESENTATION_CONTEXT('2D SPACE',''
  ) );
#4943 = ORIENTED_EDGE('',*,*,#4380,.F.);
#4944 = ADVANCED_FACE('',(#4945),#2040,.F.);
#4945 = FACE_BOUND('',#4946,.F.);
#4946 = EDGE_LOOP('',(#4947,#4965,#4966,#4967));
#4947 = ORIENTED_EDGE('',*,*,#4948,.F.);
#4948 = EDGE_CURVE('',#2001,#4166,#4949,.T.);
#4949 = SURFACE_CURVE('',#4950,(#4953,#4959),.PCURVE_S1.);
#4950 = B_SPLINE_CURVE_WITH_KNOTS('',1,(#4951,#4952),.UNSPECIFIED.,.F.,
  .F.,(2,2),(0.,7.27462695794),.PIECEWISE_BEZIER_KNOTS.);
#4951 = CARTESIAN_POINT('',(-20.125,-13.81943954598,13.4));
#4952 = CARTESIAN_POINT('',(-19.525,-13.81943954598,14.));
#4953 = PCURVE('',#2040,#4954);
#4954 = DEFINITIONAL_REPRESENTATION('',(#4955),#4958);
#4955 = B_SPLINE_CURVE_WITH_KNOTS('',1,(#4956,#4957),.UNSPECIFIED.,.F.,
  .F.,(2,2),(0.,7.27462695794),.PIECEWISE_BEZIER_KNOTS.);
#4956 = CARTESIAN_POINT('',(0.,-0.424264068712));
#4957 = CARTESIAN_POINT('',(0.,0.424264068712));
#4958 = ( GEOMETRIC_REPRESENTATION_CONTEXT(2) 
PARAMETRIC_REPRESENTATION_CONTEXT() REPRESENTATION_CONTEXT('2D SPACE',''
  ) );
#4959 = PCURVE('',#2180,#4960);
#4960 = DEFINITIONAL_REPRESENTATION('',(#4961),#4964);
#4961 = B_SPLINE_CURVE_WITH_KNOTS('',1,(#4962,#4963),.UNSPECIFIED.,.F.,
  .F.,(2,2),(0.,7.27462695794),.PIECEWISE_BEZIER_KNOTS.);
#4962 = CARTESIAN_POINT('',(0.,77.725967016746));
#4963 = CARTESIAN_POINT('',(7.27462695794,77.725967016746));
#4964 = ( GEOMETRIC_REPRESENTATION_CONTEXT(2) 
PARAMETRIC_REPRESENTATION_CONTEXT() REPRESENTATION_CONTEXT('2D SPACE',''
  ) );
#4965 = ORIENTED_EDGE('',*,*,#2026,.T.);
#4966 = ORIENTED_EDGE('',*,*,#4083,.T.);
#4967 = ORIENTED_EDGE('',*,*,#4165,.F.);
#4968 = ADVANCED_FACE('',(#4969),#2093,.F.);
#4969 = FACE_BOUND('',#4970,.F.);
#4970 = EDGE_LOOP('',(#4971,#4972,#4973,#4992));
#4971 = ORIENTED_EDGE('',*,*,#4925,.F.);
#4972 = ORIENTED_EDGE('',*,*,#2079,.T.);
#4973 = ORIENTED_EDGE('',*,*,#4974,.T.);
#4974 = EDGE_CURVE('',#2057,#4334,#4975,.T.);
#4975 = SURFACE_CURVE('',#4976,(#4980,#4986),.PCURVE_S1.);
#4976 = LINE('',#4977,#4978);
#4977 = CARTESIAN_POINT('',(11.840939067472,-14.8288716542,13.7));
#4978 = VECTOR('',#4979,1.);
#4979 = DIRECTION('',(0.528498197563,0.469776175612,0.707106781187));
#4980 = PCURVE('',#2093,#4981);
#4981 = DEFINITIONAL_REPRESENTATION('',(#4982),#4985);
#4982 = B_SPLINE_CURVE_WITH_KNOTS('',1,(#4983,#4984),.UNSPECIFIED.,.F.,
  .F.,(2,2),(-0.424264068712,0.424264068712),.PIECEWISE_BEZIER_KNOTS.);
#4983 = CARTESIAN_POINT('',(1.530136646294,-0.424264068712));
#4984 = CARTESIAN_POINT('',(1.530136646294,0.424264068712));
#4985 = ( GEOMETRIC_REPRESENTATION_CONTEXT(2) 
PARAMETRIC_REPRESENTATION_CONTEXT() REPRESENTATION_CONTEXT('2D SPACE',''
  ) );
#4986 = PCURVE('',#2261,#4987);
#4987 = DEFINITIONAL_REPRESENTATION('',(#4988),#4991);
#4988 = B_SPLINE_CURVE_WITH_KNOTS('',1,(#4989,#4990),.UNSPECIFIED.,.F.,
  .F.,(2,2),(-0.424264068712,0.424264068712),.PIECEWISE_BEZIER_KNOTS.);
#4989 = CARTESIAN_POINT('',(0.,0.));
#4990 = CARTESIAN_POINT('',(0.,0.6));
#4991 = ( GEOMETRIC_REPRESENTATION_CONTEXT(2) 
PARAMETRIC_REPRESENTATION_CONTEXT() REPRESENTATION_CONTEXT('2D SPACE',''
  ) );
#4992 = ORIENTED_EDGE('',*,*,#4357,.F.);
#4993 = ADVANCED_FACE('',(#4994),#2180,.T.);
#4994 = FACE_BOUND('',#4995,.T.);
#4995 = EDGE_LOOP('',(#4996,#5015,#5016,#5017));
#4996 = ORIENTED_EDGE('',*,*,#4997,.T.);
#4997 = EDGE_CURVE('',#2112,#4189,#4998,.T.);
#4998 = SURFACE_CURVE('',#4999,(#5003,#5009),.PCURVE_S1.);
#4999 = LINE('',#5000,#5001);
#5000 = CARTESIAN_POINT('',(-15.14367871379,-17.69719772994,13.4));
#5001 = VECTOR('',#5002,1.);
#5002 = DIRECTION('',(-0.173474734,0.685497276919,0.707106781187));
#5003 = PCURVE('',#2180,#5004);
#5004 = DEFINITIONAL_REPRESENTATION('',(#5005),#5008);
#5005 = B_SPLINE_CURVE_WITH_KNOTS('',1,(#5006,#5007),.UNSPECIFIED.,.F.,
  .F.,(2,2),(0.,0.848528137424),.PIECEWISE_BEZIER_KNOTS.);
#5006 = CARTESIAN_POINT('',(0.,70.451340058805));
#5007 = CARTESIAN_POINT('',(7.27462695794,70.451340058805));
#5008 = ( GEOMETRIC_REPRESENTATION_CONTEXT(2) 
PARAMETRIC_REPRESENTATION_CONTEXT() REPRESENTATION_CONTEXT('2D SPACE',''
  ) );
#5009 = PCURVE('',#2295,#5010);
#5010 = DEFINITIONAL_REPRESENTATION('',(#5011),#5014);
#5011 = B_SPLINE_CURVE_WITH_KNOTS('',1,(#5012,#5013),.UNSPECIFIED.,.F.,
  .F.,(2,2),(0.,0.848528137424),.PIECEWISE_BEZIER_KNOTS.);
#5012 = CARTESIAN_POINT('',(0.596293573708,0.));
#5013 = CARTESIAN_POINT('',(0.596293573708,-0.6));
#5014 = ( GEOMETRIC_REPRESENTATION_CONTEXT(2) 
PARAMETRIC_REPRESENTATION_CONTEXT() REPRESENTATION_CONTEXT('2D SPACE',''
  ) );
#5015 = ORIENTED_EDGE('',*,*,#4188,.T.);
#5016 = ORIENTED_EDGE('',*,*,#4948,.F.);
#5017 = ORIENTED_EDGE('',*,*,#2135,.F.);
#5018 = ADVANCED_FACE('',(#5019),#2261,.F.);
#5019 = FACE_BOUND('',#5020,.F.);
#5020 = EDGE_LOOP('',(#5021,#5022,#5023,#5042));
#5021 = ORIENTED_EDGE('',*,*,#4974,.F.);
#5022 = ORIENTED_EDGE('',*,*,#2246,.T.);
#5023 = ORIENTED_EDGE('',*,*,#5024,.T.);
#5024 = EDGE_CURVE('',#2222,#4311,#5025,.T.);
#5025 = SURFACE_CURVE('',#5026,(#5030,#5036),.PCURVE_S1.);
#5026 = LINE('',#5027,#5028);
#5027 = CARTESIAN_POINT('',(7.879669678449,-13.35,13.4));
#5028 = VECTOR('',#5029,1.);
#5029 = DIRECTION('',(0.,0.707106781187,0.707106781187));
#5030 = PCURVE('',#2261,#5031);
#5031 = DEFINITIONAL_REPRESENTATION('',(#5032),#5035);
#5032 = B_SPLINE_CURVE_WITH_KNOTS('',1,(#5033,#5034),.UNSPECIFIED.,.F.,
  .F.,(2,2),(0.,0.848528137424),.PIECEWISE_BEZIER_KNOTS.);
#5033 = CARTESIAN_POINT('',(0.844153986113,0.));
#5034 = CARTESIAN_POINT('',(0.844153986113,0.6));
#5035 = ( GEOMETRIC_REPRESENTATION_CONTEXT(2) 
PARAMETRIC_REPRESENTATION_CONTEXT() REPRESENTATION_CONTEXT('2D SPACE',''
  ) );
#5036 = PCURVE('',#2369,#5037);
#5037 = DEFINITIONAL_REPRESENTATION('',(#5038),#5041);
#5038 = B_SPLINE_CURVE_WITH_KNOTS('',1,(#5039,#5040),.UNSPECIFIED.,.F.,
  .F.,(2,2),(0.,0.848528137424),.PIECEWISE_BEZIER_KNOTS.);
#5039 = CARTESIAN_POINT('',(0.,-0.424264068712));
#5040 = CARTESIAN_POINT('',(0.,0.424264068712));
#5041 = ( GEOMETRIC_REPRESENTATION_CONTEXT(2) 
PARAMETRIC_REPRESENTATION_CONTEXT() REPRESENTATION_CONTEXT('2D SPACE',''
  ) );
#5042 = ORIENTED_EDGE('',*,*,#4333,.F.);
#5043 = ADVANCED_FACE('',(#5044),#2295,.T.);
#5044 = FACE_BOUND('',#5045,.F.);
#5045 = EDGE_LOOP('',(#5046,#5065,#5066,#5067));
#5046 = ORIENTED_EDGE('',*,*,#5047,.F.);
#5047 = EDGE_CURVE('',#2279,#4236,#5048,.T.);
#5048 = SURFACE_CURVE('',#5049,(#5053,#5059),.PCURVE_S1.);
#5049 = LINE('',#5050,#5051);
#5050 = CARTESIAN_POINT('',(-12.85750652373,-15.9725100425,13.7));
#5051 = VECTOR('',#5052,1.);
#5052 = DIRECTION('',(-0.528498197563,0.469776175612,0.707106781187));
#5053 = PCURVE('',#2295,#5054);
#5054 = DEFINITIONAL_REPRESENTATION('',(#5055),#5058);
#5055 = B_SPLINE_CURVE_WITH_KNOTS('',1,(#5056,#5057),.UNSPECIFIED.,.F.,
  .F.,(2,2),(-0.424264068712,0.424264068712),.PIECEWISE_BEZIER_KNOTS.);
#5056 = CARTESIAN_POINT('',(0.,0.));
#5057 = CARTESIAN_POINT('',(0.,-0.6));
#5058 = ( GEOMETRIC_REPRESENTATION_CONTEXT(2) 
PARAMETRIC_REPRESENTATION_CONTEXT() REPRESENTATION_CONTEXT('2D SPACE',''
  ) );
#5059 = PCURVE('',#2423,#5060);
#5060 = DEFINITIONAL_REPRESENTATION('',(#5061),#5064);
#5061 = B_SPLINE_CURVE_WITH_KNOTS('',1,(#5062,#5063),.UNSPECIFIED.,.F.,
  .F.,(2,2),(-0.424264068712,0.424264068712),.PIECEWISE_BEZIER_KNOTS.);
#5062 = CARTESIAN_POINT('',(-1.530136646294,-0.424264068712));
#5063 = CARTESIAN_POINT('',(-1.530136646294,0.424264068712));
#5064 = ( GEOMETRIC_REPRESENTATION_CONTEXT(2) 
PARAMETRIC_REPRESENTATION_CONTEXT() REPRESENTATION_CONTEXT('2D SPACE',''
  ) );
#5065 = ORIENTED_EDGE('',*,*,#2278,.T.);
#5066 = ORIENTED_EDGE('',*,*,#4997,.T.);
#5067 = ORIENTED_EDGE('',*,*,#4235,.F.);
#5068 = ADVANCED_FACE('',(#5069),#2369,.F.);
#5069 = FACE_BOUND('',#5070,.F.);
#5070 = EDGE_LOOP('',(#5071,#5072,#5073,#5092));
#5071 = ORIENTED_EDGE('',*,*,#5024,.F.);
#5072 = ORIENTED_EDGE('',*,*,#2355,.T.);
#5073 = ORIENTED_EDGE('',*,*,#5074,.T.);
#5074 = EDGE_CURVE('',#2333,#4287,#5075,.T.);
#5075 = SURFACE_CURVE('',#5076,(#5080,#5086),.PCURVE_S1.);
#5076 = LINE('',#5077,#5078);
#5077 = CARTESIAN_POINT('',(-7.879669678449,-13.05,13.7));
#5078 = VECTOR('',#5079,1.);
#5079 = DIRECTION('',(0.,0.707106781187,0.707106781187));
#5080 = PCURVE('',#2369,#5081);
#5081 = DEFINITIONAL_REPRESENTATION('',(#5082),#5085);
#5082 = B_SPLINE_CURVE_WITH_KNOTS('',1,(#5083,#5084),.UNSPECIFIED.,.F.,
  .F.,(2,2),(-0.424264068712,0.424264068712),.PIECEWISE_BEZIER_KNOTS.);
#5083 = CARTESIAN_POINT('',(15.759339356898,-0.424264068712));
#5084 = CARTESIAN_POINT('',(15.759339356898,0.424264068712));
#5085 = ( GEOMETRIC_REPRESENTATION_CONTEXT(2) 
PARAMETRIC_REPRESENTATION_CONTEXT() REPRESENTATION_CONTEXT('2D SPACE',''
  ) );
#5086 = PCURVE('',#2457,#5087);
#5087 = DEFINITIONAL_REPRESENTATION('',(#5088),#5091);
#5088 = B_SPLINE_CURVE_WITH_KNOTS('',1,(#5089,#5090),.UNSPECIFIED.,.F.,
  .F.,(2,2),(-0.424264068712,0.424264068712),.PIECEWISE_BEZIER_KNOTS.);
#5089 = CARTESIAN_POINT('',(0.,0.));
#5090 = CARTESIAN_POINT('',(0.,0.6));
#5091 = ( GEOMETRIC_REPRESENTATION_CONTEXT(2) 
PARAMETRIC_REPRESENTATION_CONTEXT() REPRESENTATION_CONTEXT('2D SPACE',''
  ) );
#5092 = ORIENTED_EDGE('',*,*,#4310,.F.);
#5093 = ADVANCED_FACE('',(#5094),#2423,.T.);
#5094 = FACE_BOUND('',#5095,.F.);
#5095 = EDGE_LOOP('',(#5096,#5115,#5116,#5117));
#5096 = ORIENTED_EDGE('',*,*,#5097,.F.);
#5097 = EDGE_CURVE('',#2387,#4264,#5098,.T.);
#5098 = SURFACE_CURVE('',#5099,(#5103,#5109),.PCURVE_S1.);
#5099 = LINE('',#5100,#5101);
#5100 = CARTESIAN_POINT('',(-11.61671627186,-15.02818080585,13.4));
#5101 = VECTOR('',#5102,1.);
#5102 = DIRECTION('',(-0.528498197563,0.469776175612,0.707106781187));
#5103 = PCURVE('',#2423,#5104);
#5104 = DEFINITIONAL_REPRESENTATION('',(#5105),#5108);
#5105 = B_SPLINE_CURVE_WITH_KNOTS('',1,(#5106,#5107),.UNSPECIFIED.,.F.,
  .F.,(2,2),(0.,0.848528137424),.PIECEWISE_BEZIER_KNOTS.);
#5106 = CARTESIAN_POINT('',(-3.10862446895E-15,-0.424264068712));
#5107 = CARTESIAN_POINT('',(-3.10862446895E-15,0.424264068712));
#5108 = ( GEOMETRIC_REPRESENTATION_CONTEXT(2) 
PARAMETRIC_REPRESENTATION_CONTEXT() REPRESENTATION_CONTEXT('2D SPACE',''
  ) );
#5109 = PCURVE('',#2457,#5110);
#5110 = DEFINITIONAL_REPRESENTATION('',(#5111),#5114);
#5111 = B_SPLINE_CURVE_WITH_KNOTS('',1,(#5112,#5113),.UNSPECIFIED.,.F.,
  .F.,(2,2),(0.,0.848528137424),.PIECEWISE_BEZIER_KNOTS.);
#5112 = CARTESIAN_POINT('',(0.844153986113,0.));
#5113 = CARTESIAN_POINT('',(0.844153986113,0.6));
#5114 = ( GEOMETRIC_REPRESENTATION_CONTEXT(2) 
PARAMETRIC_REPRESENTATION_CONTEXT() REPRESENTATION_CONTEXT('2D SPACE',''
  ) );
#5115 = ORIENTED_EDGE('',*,*,#2409,.T.);
#5116 = ORIENTED_EDGE('',*,*,#5047,.T.);
#5117 = ORIENTED_EDGE('',*,*,#4263,.F.);
#5118 = ADVANCED_FACE('',(#5119),#2457,.F.);
#5119 = FACE_BOUND('',#5120,.F.);
#5120 = EDGE_LOOP('',(#5121,#5122,#5123,#5124));
#5121 = ORIENTED_EDGE('',*,*,#5074,.F.);
#5122 = ORIENTED_EDGE('',*,*,#2442,.T.);
#5123 = ORIENTED_EDGE('',*,*,#5097,.T.);
#5124 = ORIENTED_EDGE('',*,*,#4286,.F.);
#5125 = ADVANCED_FACE('',(#5126,#5152),#2489,.F.);
#5126 = FACE_BOUND('',#5127,.F.);
#5127 = EDGE_LOOP('',(#5128));
#5128 = ORIENTED_EDGE('',*,*,#5129,.T.);
#5129 = EDGE_CURVE('',#5130,#5130,#5132,.T.);
#5130 = VERTEX_POINT('',#5131);
#5131 = CARTESIAN_POINT('',(-14.6,-14.5,12.));
#5132 = SURFACE_CURVE('',#5133,(#5138,#5145),.PCURVE_S1.);
#5133 = CIRCLE('',#5134,1.9);
#5134 = AXIS2_PLACEMENT_3D('',#5135,#5136,#5137);
#5135 = CARTESIAN_POINT('',(-16.5,-14.5,12.));
#5136 = DIRECTION('',(0.,-1.224646799147E-16,-1.));
#5137 = DIRECTION('',(1.,0.,0.));
#5138 = PCURVE('',#2489,#5139);
#5139 = DEFINITIONAL_REPRESENTATION('',(#5140),#5144);
#5140 = CIRCLE('',#5141,1.9);
#5141 = AXIS2_PLACEMENT_2D('',#5142,#5143);
#5142 = CARTESIAN_POINT('',(1.799263332289E-16,-1.023653692829E-16));
#5143 = DIRECTION('',(1.,0.));
#5144 = ( GEOMETRIC_REPRESENTATION_CONTEXT(2) 
PARAMETRIC_REPRESENTATION_CONTEXT() REPRESENTATION_CONTEXT('2D SPACE',''
  ) );
#5145 = PCURVE('',#4499,#5146);
#5146 = DEFINITIONAL_REPRESENTATION('',(#5147),#5151);
#5147 = LINE('',#5148,#5149);
#5148 = CARTESIAN_POINT('',(-0.,-2.));
#5149 = VECTOR('',#5150,1.);
#5150 = DIRECTION('',(-1.,0.));
#5151 = ( GEOMETRIC_REPRESENTATION_CONTEXT(2) 
PARAMETRIC_REPRESENTATION_CONTEXT() REPRESENTATION_CONTEXT('2D SPACE',''
  ) );
#5152 = FACE_BOUND('',#5153,.F.);
#5153 = EDGE_LOOP('',(#5154));
#5154 = ORIENTED_EDGE('',*,*,#2472,.F.);
#5155 = ADVANCED_FACE('',(#5156,#5182),#2544,.F.);
#5156 = FACE_BOUND('',#5157,.F.);
#5157 = EDGE_LOOP('',(#5158));
#5158 = ORIENTED_EDGE('',*,*,#5159,.T.);
#5159 = EDGE_CURVE('',#5160,#5160,#5162,.T.);
#5160 = VERTEX_POINT('',#5161);
#5161 = CARTESIAN_POINT('',(18.4,-14.5,12.));
#5162 = SURFACE_CURVE('',#5163,(#5168,#5175),.PCURVE_S1.);
#5163 = CIRCLE('',#5164,1.9);
#5164 = AXIS2_PLACEMENT_3D('',#5165,#5166,#5167);
#5165 = CARTESIAN_POINT('',(16.5,-14.5,12.));
#5166 = DIRECTION('',(0.,-1.224646799147E-16,-1.));
#5167 = DIRECTION('',(1.,0.,0.));
#5168 = PCURVE('',#2544,#5169);
#5169 = DEFINITIONAL_REPRESENTATION('',(#5170),#5174);
#5170 = CIRCLE('',#5171,1.9);
#5171 = AXIS2_PLACEMENT_2D('',#5172,#5173);
#5172 = CARTESIAN_POINT('',(1.799263332289E-16,-1.023653692829E-16));
#5173 = DIRECTION('',(1.,0.));
#5174 = ( GEOMETRIC_REPRESENTATION_CONTEXT(2) 
PARAMETRIC_REPRESENTATION_CONTEXT() REPRESENTATION_CONTEXT('2D SPACE',''
  ) );
#5175 = PCURVE('',#4565,#5176);
#5176 = DEFINITIONAL_REPRESENTATION('',(#5177),#5181);
#5177 = LINE('',#5178,#5179);
#5178 = CARTESIAN_POINT('',(-0.,-2.));
#5179 = VECTOR('',#5180,1.);
#5180 = DIRECTION('',(-1.,0.));
#5181 = ( GEOMETRIC_REPRESENTATION_CONTEXT(2) 
PARAMETRIC_REPRESENTATION_CONTEXT() REPRESENTATION_CONTEXT('2D SPACE',''
  ) );
#5182 = FACE_BOUND('',#5183,.F.);
#5183 = EDGE_LOOP('',(#5184));
#5184 = ORIENTED_EDGE('',*,*,#2527,.F.);
#5185 = ADVANCED_FACE('',(#5186,#5212),#2599,.F.);
#5186 = FACE_BOUND('',#5187,.F.);
#5187 = EDGE_LOOP('',(#5188));
#5188 = ORIENTED_EDGE('',*,*,#5189,.T.);
#5189 = EDGE_CURVE('',#5190,#5190,#5192,.T.);
#5190 = VERTEX_POINT('',#5191);
#5191 = CARTESIAN_POINT('',(-14.6,10.,12.));
#5192 = SURFACE_CURVE('',#5193,(#5198,#5205),.PCURVE_S1.);
#5193 = CIRCLE('',#5194,1.9);
#5194 = AXIS2_PLACEMENT_3D('',#5195,#5196,#5197);
#5195 = CARTESIAN_POINT('',(-16.5,10.,12.));
#5196 = DIRECTION('',(0.,-1.224646799147E-16,-1.));
#5197 = DIRECTION('',(1.,0.,0.));
#5198 = PCURVE('',#2599,#5199);
#5199 = DEFINITIONAL_REPRESENTATION('',(#5200),#5204);
#5200 = CIRCLE('',#5201,1.9);
#5201 = AXIS2_PLACEMENT_2D('',#5202,#5203);
#5202 = CARTESIAN_POINT('',(1.799263332289E-16,-1.023653692829E-16));
#5203 = DIRECTION('',(1.,0.));
#5204 = ( GEOMETRIC_REPRESENTATION_CONTEXT(2) 
PARAMETRIC_REPRESENTATION_CONTEXT() REPRESENTATION_CONTEXT('2D SPACE',''
  ) );
#5205 = PCURVE('',#4662,#5206);
#5206 = DEFINITIONAL_REPRESENTATION('',(#5207),#5211);
#5207 = LINE('',#5208,#5209);
#5208 = CARTESIAN_POINT('',(-0.,-2.));
#5209 = VECTOR('',#5210,1.);
#5210 = DIRECTION('',(-1.,0.));
#5211 = ( GEOMETRIC_REPRESENTATION_CONTEXT(2) 
PARAMETRIC_REPRESENTATION_CONTEXT() REPRESENTATION_CONTEXT('2D SPACE',''
  ) );
#5212 = FACE_BOUND('',#5213,.F.);
#5213 = EDGE_LOOP('',(#5214));
#5214 = ORIENTED_EDGE('',*,*,#2582,.F.);
#5215 = ADVANCED_FACE('',(#5216,#5245,#5276,#5307,#5338,#5444,#5475),
  #2676,.F.);
#5216 = FACE_BOUND('',#5217,.F.);
#5217 = EDGE_LOOP('',(#5218,#5219,#5220,#5221,#5222,#5223,#5224,#5225,
    #5226,#5227,#5228,#5229,#5230,#5231,#5232,#5233,#5234,#5235,#5236,
    #5237,#5238,#5239,#5240,#5241,#5242,#5243,#5244));
#5218 = ORIENTED_EDGE('',*,*,#2660,.T.);
#5219 = ORIENTED_EDGE('',*,*,#2714,.T.);
#5220 = ORIENTED_EDGE('',*,*,#2768,.T.);
#5221 = ORIENTED_EDGE('',*,*,#2818,.T.);
#5222 = ORIENTED_EDGE('',*,*,#2872,.T.);
#5223 = ORIENTED_EDGE('',*,*,#2921,.T.);
#5224 = ORIENTED_EDGE('',*,*,#2975,.T.);
#5225 = ORIENTED_EDGE('',*,*,#3025,.T.);
#5226 = ORIENTED_EDGE('',*,*,#3079,.T.);
#5227 = ORIENTED_EDGE('',*,*,#3128,.T.);
#5228 = ORIENTED_EDGE('',*,*,#3182,.T.);
#5229 = ORIENTED_EDGE('',*,*,#3232,.T.);
#5230 = ORIENTED_EDGE('',*,*,#3286,.T.);
#5231 = ORIENTED_EDGE('',*,*,#3335,.T.);
#5232 = ORIENTED_EDGE('',*,*,#3389,.T.);
#5233 = ORIENTED_EDGE('',*,*,#3439,.T.);
#5234 = ORIENTED_EDGE('',*,*,#3493,.T.);
#5235 = ORIENTED_EDGE('',*,*,#3564,.F.);
#5236 = ORIENTED_EDGE('',*,*,#3592,.T.);
#5237 = ORIENTED_EDGE('',*,*,#3641,.T.);
#5238 = ORIENTED_EDGE('',*,*,#3695,.T.);
#5239 = ORIENTED_EDGE('',*,*,#3745,.T.);
#5240 = ORIENTED_EDGE('',*,*,#3799,.T.);
#5241 = ORIENTED_EDGE('',*,*,#3848,.T.);
#5242 = ORIENTED_EDGE('',*,*,#3898,.T.);
#5243 = ORIENTED_EDGE('',*,*,#3952,.T.);
#5244 = ORIENTED_EDGE('',*,*,#4001,.F.);
#5245 = FACE_BOUND('',#5246,.F.);
#5246 = EDGE_LOOP('',(#5247));
#5247 = ORIENTED_EDGE('',*,*,#5248,.F.);
#5248 = EDGE_CURVE('',#5249,#5249,#5251,.T.);
#5249 = VERTEX_POINT('',#5250);
#5250 = CARTESIAN_POINT('',(-10.22,-8.065,12.6));
#5251 = SURFACE_CURVE('',#5252,(#5257,#5264),.PCURVE_S1.);
#5252 = CIRCLE('',#5253,3.2);
#5253 = AXIS2_PLACEMENT_3D('',#5254,#5255,#5256);
#5254 = CARTESIAN_POINT('',(-13.42,-8.065,12.6));
#5255 = DIRECTION('',(0.,0.,1.));
#5256 = DIRECTION('',(1.,0.,-0.));
#5257 = PCURVE('',#2676,#5258);
#5258 = DEFINITIONAL_REPRESENTATION('',(#5259),#5263);
#5259 = CIRCLE('',#5260,3.2);
#5260 = AXIS2_PLACEMENT_2D('',#5261,#5262);
#5261 = CARTESIAN_POINT('',(-13.41787899159,-6.725386698464));
#5262 = DIRECTION('',(1.,0.));
#5263 = ( GEOMETRIC_REPRESENTATION_CONTEXT(2) 
PARAMETRIC_REPRESENTATION_CONTEXT() REPRESENTATION_CONTEXT('2D SPACE',''
  ) );
#5264 = PCURVE('',#5265,#5270);
#5265 = CYLINDRICAL_SURFACE('',#5266,3.2);
#5266 = AXIS2_PLACEMENT_3D('',#5267,#5268,#5269);
#5267 = CARTESIAN_POINT('',(-13.42,-8.065,13.));
#5268 = DIRECTION('',(0.,0.,1.));
#5269 = DIRECTION('',(1.,0.,0.));
#5270 = DEFINITIONAL_REPRESENTATION('',(#5271),#5275);
#5271 = LINE('',#5272,#5273);
#5272 = CARTESIAN_POINT('',(0.,-0.4));
#5273 = VECTOR('',#5274,1.);
#5274 = DIRECTION('',(1.,0.));
#5275 = ( GEOMETRIC_REPRESENTATION_CONTEXT(2) 
PARAMETRIC_REPRESENTATION_CONTEXT() REPRESENTATION_CONTEXT('2D SPACE',''
  ) );
#5276 = FACE_BOUND('',#5277,.F.);
#5277 = EDGE_LOOP('',(#5278));
#5278 = ORIENTED_EDGE('',*,*,#5279,.F.);
#5279 = EDGE_CURVE('',#5280,#5280,#5282,.T.);
#5280 = VERTEX_POINT('',#5281);
#5281 = CARTESIAN_POINT('',(-10.22,-1.315,12.6));
#5282 = SURFACE_CURVE('',#5283,(#5288,#5295),.PCURVE_S1.);
#5283 = CIRCLE('',#5284,3.2);
#5284 = AXIS2_PLACEMENT_3D('',#5285,#5286,#5287);
#5285 = CARTESIAN_POINT('',(-13.42,-1.315,12.6));
#5286 = DIRECTION('',(0.,0.,1.));
#5287 = DIRECTION('',(1.,0.,-0.));
#5288 = PCURVE('',#2676,#5289);
#5289 = DEFINITIONAL_REPRESENTATION('',(#5290),#5294);
#5290 = CIRCLE('',#5291,3.2);
#5291 = AXIS2_PLACEMENT_2D('',#5292,#5293);
#5292 = CARTESIAN_POINT('',(-13.41787899159,2.461330153561E-02));
#5293 = DIRECTION('',(1.,0.));
#5294 = ( GEOMETRIC_REPRESENTATION_CONTEXT(2) 
PARAMETRIC_REPRESENTATION_CONTEXT() REPRESENTATION_CONTEXT('2D SPACE',''
  ) );
#5295 = PCURVE('',#5296,#5301);
#5296 = CYLINDRICAL_SURFACE('',#5297,3.2);
#5297 = AXIS2_PLACEMENT_3D('',#5298,#5299,#5300);
#5298 = CARTESIAN_POINT('',(-13.42,-1.315,13.));
#5299 = DIRECTION('',(0.,0.,1.));
#5300 = DIRECTION('',(1.,0.,0.));
#5301 = DEFINITIONAL_REPRESENTATION('',(#5302),#5306);
#5302 = LINE('',#5303,#5304);
#5303 = CARTESIAN_POINT('',(0.,-0.4));
#5304 = VECTOR('',#5305,1.);
#5305 = DIRECTION('',(1.,0.));
#5306 = ( GEOMETRIC_REPRESENTATION_CONTEXT(2) 
PARAMETRIC_REPRESENTATION_CONTEXT() REPRESENTATION_CONTEXT('2D SPACE',''
  ) );
#5307 = FACE_BOUND('',#5308,.F.);
#5308 = EDGE_LOOP('',(#5309));
#5309 = ORIENTED_EDGE('',*,*,#5310,.F.);
#5310 = EDGE_CURVE('',#5311,#5311,#5313,.T.);
#5311 = VERTEX_POINT('',#5312);
#5312 = CARTESIAN_POINT('',(16.88,-8.065,12.6));
#5313 = SURFACE_CURVE('',#5314,(#5319,#5326),.PCURVE_S1.);
#5314 = CIRCLE('',#5315,3.2);
#5315 = AXIS2_PLACEMENT_3D('',#5316,#5317,#5318);
#5316 = CARTESIAN_POINT('',(13.68,-8.065,12.6));
#5317 = DIRECTION('',(0.,0.,1.));
#5318 = DIRECTION('',(1.,0.,-0.));
#5319 = PCURVE('',#2676,#5320);
#5320 = DEFINITIONAL_REPRESENTATION('',(#5321),#5325);
#5321 = CIRCLE('',#5322,3.2);
#5322 = AXIS2_PLACEMENT_2D('',#5323,#5324);
#5323 = CARTESIAN_POINT('',(13.682121008406,-6.725386698464));
#5324 = DIRECTION('',(1.,0.));
#5325 = ( GEOMETRIC_REPRESENTATION_CONTEXT(2) 
PARAMETRIC_REPRESENTATION_CONTEXT() REPRESENTATION_CONTEXT('2D SPACE',''
  ) );
#5326 = PCURVE('',#5327,#5332);
#5327 = CYLINDRICAL_SURFACE('',#5328,3.2);
#5328 = AXIS2_PLACEMENT_3D('',#5329,#5330,#5331);
#5329 = CARTESIAN_POINT('',(13.68,-8.065,13.));
#5330 = DIRECTION('',(0.,0.,1.));
#5331 = DIRECTION('',(1.,0.,0.));
#5332 = DEFINITIONAL_REPRESENTATION('',(#5333),#5337);
#5333 = LINE('',#5334,#5335);
#5334 = CARTESIAN_POINT('',(0.,-0.4));
#5335 = VECTOR('',#5336,1.);
#5336 = DIRECTION('',(1.,0.));
#5337 = ( GEOMETRIC_REPRESENTATION_CONTEXT(2) 
PARAMETRIC_REPRESENTATION_CONTEXT() REPRESENTATION_CONTEXT('2D SPACE',''
  ) );
#5338 = FACE_BOUND('',#5339,.F.);
#5339 = EDGE_LOOP('',(#5340,#5368,#5394,#5420));
#5340 = ORIENTED_EDGE('',*,*,#5341,.F.);
#5341 = EDGE_CURVE('',#5342,#5344,#5346,.T.);
#5342 = VERTEX_POINT('',#5343);
#5343 = CARTESIAN_POINT('',(-9.35,-10.85,12.6));
#5344 = VERTEX_POINT('',#5345);
#5345 = CARTESIAN_POINT('',(9.75,-10.85,12.6));
#5346 = SURFACE_CURVE('',#5347,(#5351,#5357),.PCURVE_S1.);
#5347 = LINE('',#5348,#5349);
#5348 = CARTESIAN_POINT('',(-4.676060504203,-10.85,12.6));
#5349 = VECTOR('',#5350,1.);
#5350 = DIRECTION('',(1.,0.,-0.));
#5351 = PCURVE('',#2676,#5352);
#5352 = DEFINITIONAL_REPRESENTATION('',(#5353),#5356);
#5353 = B_SPLINE_CURVE_WITH_KNOTS('',1,(#5354,#5355),.UNSPECIFIED.,.F.,
  .F.,(2,2),(-4.673939495797,14.426060504203),.PIECEWISE_BEZIER_KNOTS.);
#5354 = CARTESIAN_POINT('',(-9.347878991594,-9.510386698464));
#5355 = CARTESIAN_POINT('',(9.752121008406,-9.510386698464));
#5356 = ( GEOMETRIC_REPRESENTATION_CONTEXT(2) 
PARAMETRIC_REPRESENTATION_CONTEXT() REPRESENTATION_CONTEXT('2D SPACE',''
  ) );
#5357 = PCURVE('',#5358,#5363);
#5358 = PLANE('',#5359);
#5359 = AXIS2_PLACEMENT_3D('',#5360,#5361,#5362);
#5360 = CARTESIAN_POINT('',(-9.35,-10.85,13.6));
#5361 = DIRECTION('',(0.,-1.,0.));
#5362 = DIRECTION('',(1.,0.,0.));
#5363 = DEFINITIONAL_REPRESENTATION('',(#5364),#5367);
#5364 = B_SPLINE_CURVE_WITH_KNOTS('',1,(#5365,#5366),.UNSPECIFIED.,.F.,
  .F.,(2,2),(-4.673939495797,14.426060504203),.PIECEWISE_BEZIER_KNOTS.);
#5365 = CARTESIAN_POINT('',(0.,-1.));
#5366 = CARTESIAN_POINT('',(19.1,-1.));
#5367 = ( GEOMETRIC_REPRESENTATION_CONTEXT(2) 
PARAMETRIC_REPRESENTATION_CONTEXT() REPRESENTATION_CONTEXT('2D SPACE',''
  ) );
#5368 = ORIENTED_EDGE('',*,*,#5369,.F.);
#5369 = EDGE_CURVE('',#5370,#5342,#5372,.T.);
#5370 = VERTEX_POINT('',#5371);
#5371 = CARTESIAN_POINT('',(-9.35,1.25,12.6));
#5372 = SURFACE_CURVE('',#5373,(#5377,#5383),.PCURVE_S1.);
#5373 = LINE('',#5374,#5375);
#5374 = CARTESIAN_POINT('',(-9.35,-4.48066507678E-02,12.6));
#5375 = VECTOR('',#5376,1.);
#5376 = DIRECTION('',(0.,-1.,0.));
#5377 = PCURVE('',#2676,#5378);
#5378 = DEFINITIONAL_REPRESENTATION('',(#5379),#5382);
#5379 = B_SPLINE_CURVE_WITH_KNOTS('',1,(#5380,#5381),.UNSPECIFIED.,.F.,
  .F.,(2,2),(-1.294806650768,10.805193349232),.PIECEWISE_BEZIER_KNOTS.);
#5380 = CARTESIAN_POINT('',(-9.347878991594,2.589613301536));
#5381 = CARTESIAN_POINT('',(-9.347878991594,-9.510386698464));
#5382 = ( GEOMETRIC_REPRESENTATION_CONTEXT(2) 
PARAMETRIC_REPRESENTATION_CONTEXT() REPRESENTATION_CONTEXT('2D SPACE',''
  ) );
#5383 = PCURVE('',#5384,#5389);
#5384 = PLANE('',#5385);
#5385 = AXIS2_PLACEMENT_3D('',#5386,#5387,#5388);
#5386 = CARTESIAN_POINT('',(-9.35,1.25,13.6));
#5387 = DIRECTION('',(-1.,0.,0.));
#5388 = DIRECTION('',(0.,-1.,0.));
#5389 = DEFINITIONAL_REPRESENTATION('',(#5390),#5393);
#5390 = B_SPLINE_CURVE_WITH_KNOTS('',1,(#5391,#5392),.UNSPECIFIED.,.F.,
  .F.,(2,2),(-1.294806650768,10.805193349232),.PIECEWISE_BEZIER_KNOTS.);
#5391 = CARTESIAN_POINT('',(0.,-1.));
#5392 = CARTESIAN_POINT('',(12.1,-1.));
#5393 = ( GEOMETRIC_REPRESENTATION_CONTEXT(2) 
PARAMETRIC_REPRESENTATION_CONTEXT() REPRESENTATION_CONTEXT('2D SPACE',''
  ) );
#5394 = ORIENTED_EDGE('',*,*,#5395,.F.);
#5395 = EDGE_CURVE('',#5396,#5370,#5398,.T.);
#5396 = VERTEX_POINT('',#5397);
#5397 = CARTESIAN_POINT('',(9.75,1.25,12.6));
#5398 = SURFACE_CURVE('',#5399,(#5403,#5409),.PCURVE_S1.);
#5399 = LINE('',#5400,#5401);
#5400 = CARTESIAN_POINT('',(4.873939495797,1.25,12.6));
#5401 = VECTOR('',#5402,1.);
#5402 = DIRECTION('',(-1.,0.,0.));
#5403 = PCURVE('',#2676,#5404);
#5404 = DEFINITIONAL_REPRESENTATION('',(#5405),#5408);
#5405 = B_SPLINE_CURVE_WITH_KNOTS('',1,(#5406,#5407),.UNSPECIFIED.,.F.,
  .F.,(2,2),(-4.876060504203,14.223939495797),.PIECEWISE_BEZIER_KNOTS.);
#5406 = CARTESIAN_POINT('',(9.752121008406,2.589613301536));
#5407 = CARTESIAN_POINT('',(-9.347878991594,2.589613301536));
#5408 = ( GEOMETRIC_REPRESENTATION_CONTEXT(2) 
PARAMETRIC_REPRESENTATION_CONTEXT() REPRESENTATION_CONTEXT('2D SPACE',''
  ) );
#5409 = PCURVE('',#5410,#5415);
#5410 = PLANE('',#5411);
#5411 = AXIS2_PLACEMENT_3D('',#5412,#5413,#5414);
#5412 = CARTESIAN_POINT('',(9.75,1.25,13.6));
#5413 = DIRECTION('',(0.,1.,-0.));
#5414 = DIRECTION('',(-1.,0.,0.));
#5415 = DEFINITIONAL_REPRESENTATION('',(#5416),#5419);
#5416 = B_SPLINE_CURVE_WITH_KNOTS('',1,(#5417,#5418),.UNSPECIFIED.,.F.,
  .F.,(2,2),(-4.876060504203,14.223939495797),.PIECEWISE_BEZIER_KNOTS.);
#5417 = CARTESIAN_POINT('',(0.,-1.));
#5418 = CARTESIAN_POINT('',(19.1,-1.));
#5419 = ( GEOMETRIC_REPRESENTATION_CONTEXT(2) 
PARAMETRIC_REPRESENTATION_CONTEXT() REPRESENTATION_CONTEXT('2D SPACE',''
  ) );
#5420 = ORIENTED_EDGE('',*,*,#5421,.F.);
#5421 = EDGE_CURVE('',#5344,#5396,#5422,.T.);
#5422 = SURFACE_CURVE('',#5423,(#5427,#5433),.PCURVE_S1.);
#5423 = LINE('',#5424,#5425);
#5424 = CARTESIAN_POINT('',(9.75,-6.094806650768,12.6));
#5425 = VECTOR('',#5426,1.);
#5426 = DIRECTION('',(0.,1.,0.));
#5427 = PCURVE('',#2676,#5428);
#5428 = DEFINITIONAL_REPRESENTATION('',(#5429),#5432);
#5429 = B_SPLINE_CURVE_WITH_KNOTS('',1,(#5430,#5431),.UNSPECIFIED.,.F.,
  .F.,(2,2),(-4.755193349232,7.344806650768),.PIECEWISE_BEZIER_KNOTS.);
#5430 = CARTESIAN_POINT('',(9.752121008406,-9.510386698464));
#5431 = CARTESIAN_POINT('',(9.752121008406,2.589613301536));
#5432 = ( GEOMETRIC_REPRESENTATION_CONTEXT(2) 
PARAMETRIC_REPRESENTATION_CONTEXT() REPRESENTATION_CONTEXT('2D SPACE',''
  ) );
#5433 = PCURVE('',#5434,#5439);
#5434 = PLANE('',#5435);
#5435 = AXIS2_PLACEMENT_3D('',#5436,#5437,#5438);
#5436 = CARTESIAN_POINT('',(9.75,-10.85,13.6));
#5437 = DIRECTION('',(1.,0.,0.));
#5438 = DIRECTION('',(-0.,1.,0.));
#5439 = DEFINITIONAL_REPRESENTATION('',(#5440),#5443);
#5440 = B_SPLINE_CURVE_WITH_KNOTS('',1,(#5441,#5442),.UNSPECIFIED.,.F.,
  .F.,(2,2),(-4.755193349232,7.344806650768),.PIECEWISE_BEZIER_KNOTS.);
#5441 = CARTESIAN_POINT('',(0.,-1.));
#5442 = CARTESIAN_POINT('',(12.1,-1.));
#5443 = ( GEOMETRIC_REPRESENTATION_CONTEXT(2) 
PARAMETRIC_REPRESENTATION_CONTEXT() REPRESENTATION_CONTEXT('2D SPACE',''
  ) );
#5444 = FACE_BOUND('',#5445,.F.);
#5445 = EDGE_LOOP('',(#5446));
#5446 = ORIENTED_EDGE('',*,*,#5447,.F.);
#5447 = EDGE_CURVE('',#5448,#5448,#5450,.T.);
#5448 = VERTEX_POINT('',#5449);
#5449 = CARTESIAN_POINT('',(16.88,-1.315,12.6));
#5450 = SURFACE_CURVE('',#5451,(#5456,#5463),.PCURVE_S1.);
#5451 = CIRCLE('',#5452,3.2);
#5452 = AXIS2_PLACEMENT_3D('',#5453,#5454,#5455);
#5453 = CARTESIAN_POINT('',(13.68,-1.315,12.6));
#5454 = DIRECTION('',(0.,0.,1.));
#5455 = DIRECTION('',(1.,0.,-0.));
#5456 = PCURVE('',#2676,#5457);
#5457 = DEFINITIONAL_REPRESENTATION('',(#5458),#5462);
#5458 = CIRCLE('',#5459,3.2);
#5459 = AXIS2_PLACEMENT_2D('',#5460,#5461);
#5460 = CARTESIAN_POINT('',(13.682121008406,2.461330153561E-02));
#5461 = DIRECTION('',(1.,0.));
#5462 = ( GEOMETRIC_REPRESENTATION_CONTEXT(2) 
PARAMETRIC_REPRESENTATION_CONTEXT() REPRESENTATION_CONTEXT('2D SPACE',''
  ) );
#5463 = PCURVE('',#5464,#5469);
#5464 = CYLINDRICAL_SURFACE('',#5465,3.2);
#5465 = AXIS2_PLACEMENT_3D('',#5466,#5467,#5468);
#5466 = CARTESIAN_POINT('',(13.68,-1.315,13.));
#5467 = DIRECTION('',(0.,0.,1.));
#5468 = DIRECTION('',(1.,0.,0.));
#5469 = DEFINITIONAL_REPRESENTATION('',(#5470),#5474);
#5470 = LINE('',#5471,#5472);
#5471 = CARTESIAN_POINT('',(0.,-0.4));
#5472 = VECTOR('',#5473,1.);
#5473 = DIRECTION('',(1.,0.));
#5474 = ( GEOMETRIC_REPRESENTATION_CONTEXT(2) 
PARAMETRIC_REPRESENTATION_CONTEXT() REPRESENTATION_CONTEXT('2D SPACE',''
  ) );
#5475 = FACE_BOUND('',#5476,.F.);
#5476 = EDGE_LOOP('',(#5477,#5500,#5521,#5542));
#5477 = ORIENTED_EDGE('',*,*,#5478,.F.);
#5478 = EDGE_CURVE('',#5479,#5481,#5483,.T.);
#5479 = VERTEX_POINT('',#5480);
#5480 = CARTESIAN_POINT('',(5.8,2.4,12.6));
#5481 = VERTEX_POINT('',#5482);
#5482 = CARTESIAN_POINT('',(5.8,9.6,12.6));
#5483 = SURFACE_CURVE('',#5484,(#5488,#5494),.PCURVE_S1.);
#5484 = LINE('',#5485,#5486);
#5485 = CARTESIAN_POINT('',(5.8,0.530193349232,12.6));
#5486 = VECTOR('',#5487,1.);
#5487 = DIRECTION('',(0.,1.,-0.));
#5488 = PCURVE('',#2676,#5489);
#5489 = DEFINITIONAL_REPRESENTATION('',(#5490),#5493);
#5490 = B_SPLINE_CURVE_WITH_KNOTS('',1,(#5491,#5492),.UNSPECIFIED.,.F.,
  .F.,(2,2),(1.869806650768,9.069806650768),.PIECEWISE_BEZIER_KNOTS.);
#5491 = CARTESIAN_POINT('',(5.802121008406,3.739613301536));
#5492 = CARTESIAN_POINT('',(5.802121008406,10.939613301536));
#5493 = ( GEOMETRIC_REPRESENTATION_CONTEXT(2) 
PARAMETRIC_REPRESENTATION_CONTEXT() REPRESENTATION_CONTEXT('2D SPACE',''
  ) );
#5494 = PCURVE('',#4724,#5495);
#5495 = DEFINITIONAL_REPRESENTATION('',(#5496),#5499);
#5496 = B_SPLINE_CURVE_WITH_KNOTS('',1,(#5497,#5498),.UNSPECIFIED.,.F.,
  .F.,(2,2),(1.869806650768,9.069806650768),.PIECEWISE_BEZIER_KNOTS.);
#5497 = CARTESIAN_POINT('',(0.,-52.85001237362));
#5498 = CARTESIAN_POINT('',(7.2,-52.85001237362));
#5499 = ( GEOMETRIC_REPRESENTATION_CONTEXT(2) 
PARAMETRIC_REPRESENTATION_CONTEXT() REPRESENTATION_CONTEXT('2D SPACE',''
  ) );
#5500 = ORIENTED_EDGE('',*,*,#5501,.F.);
#5501 = EDGE_CURVE('',#5502,#5479,#5504,.T.);
#5502 = VERTEX_POINT('',#5503);
#5503 = CARTESIAN_POINT('',(-5.8,2.4,12.6));
#5504 = SURFACE_CURVE('',#5505,(#5509,#5515),.PCURVE_S1.);
#5505 = LINE('',#5506,#5507);
#5506 = CARTESIAN_POINT('',(-2.901060504203,2.4,12.6));
#5507 = VECTOR('',#5508,1.);
#5508 = DIRECTION('',(1.,0.,0.));
#5509 = PCURVE('',#2676,#5510);
#5510 = DEFINITIONAL_REPRESENTATION('',(#5511),#5514);
#5511 = B_SPLINE_CURVE_WITH_KNOTS('',1,(#5512,#5513),.UNSPECIFIED.,.F.,
  .F.,(2,2),(-2.898939495797,8.701060504203),.PIECEWISE_BEZIER_KNOTS.);
#5512 = CARTESIAN_POINT('',(-5.797878991594,3.739613301536));
#5513 = CARTESIAN_POINT('',(5.802121008406,3.739613301536));
#5514 = ( GEOMETRIC_REPRESENTATION_CONTEXT(2) 
PARAMETRIC_REPRESENTATION_CONTEXT() REPRESENTATION_CONTEXT('2D SPACE',''
  ) );
#5515 = PCURVE('',#4750,#5516);
#5516 = DEFINITIONAL_REPRESENTATION('',(#5517),#5520);
#5517 = B_SPLINE_CURVE_WITH_KNOTS('',1,(#5518,#5519),.UNSPECIFIED.,.F.,
  .F.,(2,2),(-2.898939495797,8.701060504203),.PIECEWISE_BEZIER_KNOTS.);
#5518 = CARTESIAN_POINT('',(0.,-52.85001237362));
#5519 = CARTESIAN_POINT('',(11.6,-52.85001237362));
#5520 = ( GEOMETRIC_REPRESENTATION_CONTEXT(2) 
PARAMETRIC_REPRESENTATION_CONTEXT() REPRESENTATION_CONTEXT('2D SPACE',''
  ) );
#5521 = ORIENTED_EDGE('',*,*,#5522,.F.);
#5522 = EDGE_CURVE('',#5523,#5502,#5525,.T.);
#5523 = VERTEX_POINT('',#5524);
#5524 = CARTESIAN_POINT('',(-5.8,9.6,12.6));
#5525 = SURFACE_CURVE('',#5526,(#5530,#5536),.PCURVE_S1.);
#5526 = LINE('',#5527,#5528);
#5527 = CARTESIAN_POINT('',(-5.8,4.130193349232,12.6));
#5528 = VECTOR('',#5529,1.);
#5529 = DIRECTION('',(0.,-1.,0.));
#5530 = PCURVE('',#2676,#5531);
#5531 = DEFINITIONAL_REPRESENTATION('',(#5532),#5535);
#5532 = B_SPLINE_CURVE_WITH_KNOTS('',1,(#5533,#5534),.UNSPECIFIED.,.F.,
  .F.,(2,2),(-5.469806650768,1.730193349232),.PIECEWISE_BEZIER_KNOTS.);
#5533 = CARTESIAN_POINT('',(-5.797878991594,10.939613301536));
#5534 = CARTESIAN_POINT('',(-5.797878991594,3.739613301536));
#5535 = ( GEOMETRIC_REPRESENTATION_CONTEXT(2) 
PARAMETRIC_REPRESENTATION_CONTEXT() REPRESENTATION_CONTEXT('2D SPACE',''
  ) );
#5536 = PCURVE('',#4776,#5537);
#5537 = DEFINITIONAL_REPRESENTATION('',(#5538),#5541);
#5538 = B_SPLINE_CURVE_WITH_KNOTS('',1,(#5539,#5540),.UNSPECIFIED.,.F.,
  .F.,(2,2),(-5.469806650768,1.730193349232),.PIECEWISE_BEZIER_KNOTS.);
#5539 = CARTESIAN_POINT('',(0.,-52.85001237362));
#5540 = CARTESIAN_POINT('',(7.2,-52.85001237362));
#5541 = ( GEOMETRIC_REPRESENTATION_CONTEXT(2) 
PARAMETRIC_REPRESENTATION_CONTEXT() REPRESENTATION_CONTEXT('2D SPACE',''
  ) );
#5542 = ORIENTED_EDGE('',*,*,#5543,.F.);
#5543 = EDGE_CURVE('',#5481,#5523,#5544,.T.);
#5544 = SURFACE_CURVE('',#5545,(#5549,#5555),.PCURVE_S1.);
#5545 = LINE('',#5546,#5547);
#5546 = CARTESIAN_POINT('',(2.898939495797,9.6,12.6));
#5547 = VECTOR('',#5548,1.);
#5548 = DIRECTION('',(-1.,0.,0.));
#5549 = PCURVE('',#2676,#5550);
#5550 = DEFINITIONAL_REPRESENTATION('',(#5551),#5554);
#5551 = B_SPLINE_CURVE_WITH_KNOTS('',1,(#5552,#5553),.UNSPECIFIED.,.F.,
  .F.,(2,2),(-2.901060504203,8.698939495797),.PIECEWISE_BEZIER_KNOTS.);
#5552 = CARTESIAN_POINT('',(5.802121008406,10.939613301536));
#5553 = CARTESIAN_POINT('',(-5.797878991594,10.939613301536));
#5554 = ( GEOMETRIC_REPRESENTATION_CONTEXT(2) 
PARAMETRIC_REPRESENTATION_CONTEXT() REPRESENTATION_CONTEXT('2D SPACE',''
  ) );
#5555 = PCURVE('',#4800,#5556);
#5556 = DEFINITIONAL_REPRESENTATION('',(#5557),#5560);
#5557 = B_SPLINE_CURVE_WITH_KNOTS('',1,(#5558,#5559),.UNSPECIFIED.,.F.,
  .F.,(2,2),(-2.901060504203,8.698939495797),.PIECEWISE_BEZIER_KNOTS.);
#5558 = CARTESIAN_POINT('',(0.,-52.85001237362));
#5559 = CARTESIAN_POINT('',(11.6,-52.85001237362));
#5560 = ( GEOMETRIC_REPRESENTATION_CONTEXT(2) 
PARAMETRIC_REPRESENTATION_CONTEXT() REPRESENTATION_CONTEXT('2D SPACE',''
  ) );
#5561 = ADVANCED_FACE('',(#5562,#5588),#4045,.F.);
#5562 = FACE_BOUND('',#5563,.F.);
#5563 = EDGE_LOOP('',(#5564));
#5564 = ORIENTED_EDGE('',*,*,#5565,.T.);
#5565 = EDGE_CURVE('',#5566,#5566,#5568,.T.);
#5566 = VERTEX_POINT('',#5567);
#5567 = CARTESIAN_POINT('',(18.4,10.,12.));
#5568 = SURFACE_CURVE('',#5569,(#5574,#5581),.PCURVE_S1.);
#5569 = CIRCLE('',#5570,1.9);
#5570 = AXIS2_PLACEMENT_3D('',#5571,#5572,#5573);
#5571 = CARTESIAN_POINT('',(16.5,10.,12.));
#5572 = DIRECTION('',(0.,-1.224646799147E-16,-1.));
#5573 = DIRECTION('',(1.,0.,0.));
#5574 = PCURVE('',#4045,#5575);
#5575 = DEFINITIONAL_REPRESENTATION('',(#5576),#5580);
#5576 = CIRCLE('',#5577,1.9);
#5577 = AXIS2_PLACEMENT_2D('',#5578,#5579);
#5578 = CARTESIAN_POINT('',(1.799263332289E-16,-1.023653692829E-16));
#5579 = DIRECTION('',(1.,0.));
#5580 = ( GEOMETRIC_REPRESENTATION_CONTEXT(2) 
PARAMETRIC_REPRESENTATION_CONTEXT() REPRESENTATION_CONTEXT('2D SPACE',''
  ) );
#5581 = PCURVE('',#4834,#5582);
#5582 = DEFINITIONAL_REPRESENTATION('',(#5583),#5587);
#5583 = LINE('',#5584,#5585);
#5584 = CARTESIAN_POINT('',(-0.,-2.));
#5585 = VECTOR('',#5586,1.);
#5586 = DIRECTION('',(-1.,0.));
#5587 = ( GEOMETRIC_REPRESENTATION_CONTEXT(2) 
PARAMETRIC_REPRESENTATION_CONTEXT() REPRESENTATION_CONTEXT('2D SPACE',''
  ) );
#5588 = FACE_BOUND('',#5589,.F.);
#5589 = EDGE_LOOP('',(#5590));
#5590 = ORIENTED_EDGE('',*,*,#4028,.F.);
#5591 = ADVANCED_FACE('',(#5592),#4499,.F.);
#5592 = FACE_BOUND('',#5593,.T.);
#5593 = EDGE_LOOP('',(#5594,#5615,#5616,#5617));
#5594 = ORIENTED_EDGE('',*,*,#5595,.T.);
#5595 = EDGE_CURVE('',#4479,#5130,#5596,.T.);
#5596 = SEAM_CURVE('',#5597,(#5601,#5608),.PCURVE_S1.);
#5597 = LINE('',#5598,#5599);
#5598 = CARTESIAN_POINT('',(-14.6,-14.5,14.));
#5599 = VECTOR('',#5600,1.);
#5600 = DIRECTION('',(0.,-1.224646799147E-16,-1.));
#5601 = PCURVE('',#4499,#5602);
#5602 = DEFINITIONAL_REPRESENTATION('',(#5603),#5607);
#5603 = LINE('',#5604,#5605);
#5604 = CARTESIAN_POINT('',(-0.,0.));
#5605 = VECTOR('',#5606,1.);
#5606 = DIRECTION('',(-0.,-1.));
#5607 = ( GEOMETRIC_REPRESENTATION_CONTEXT(2) 
PARAMETRIC_REPRESENTATION_CONTEXT() REPRESENTATION_CONTEXT('2D SPACE',''
  ) );
#5608 = PCURVE('',#4499,#5609);
#5609 = DEFINITIONAL_REPRESENTATION('',(#5610),#5614);
#5610 = LINE('',#5611,#5612);
#5611 = CARTESIAN_POINT('',(-6.28318530718,0.));
#5612 = VECTOR('',#5613,1.);
#5613 = DIRECTION('',(-0.,-1.));
#5614 = ( GEOMETRIC_REPRESENTATION_CONTEXT(2) 
PARAMETRIC_REPRESENTATION_CONTEXT() REPRESENTATION_CONTEXT('2D SPACE',''
  ) );
#5615 = ORIENTED_EDGE('',*,*,#5129,.T.);
#5616 = ORIENTED_EDGE('',*,*,#5595,.F.);
#5617 = ORIENTED_EDGE('',*,*,#4478,.F.);
#5618 = ADVANCED_FACE('',(#5619),#4530,.F.);
#5619 = FACE_BOUND('',#5620,.F.);
#5620 = EDGE_LOOP('',(#5621,#5650,#5671,#5672));
#5621 = ORIENTED_EDGE('',*,*,#5622,.T.);
#5622 = EDGE_CURVE('',#5623,#5623,#5625,.T.);
#5623 = VERTEX_POINT('',#5624);
#5624 = CARTESIAN_POINT('',(-10.82,-8.065,13.5));
#5625 = SURFACE_CURVE('',#5626,(#5631,#5638),.PCURVE_S1.);
#5626 = CIRCLE('',#5627,2.6);
#5627 = AXIS2_PLACEMENT_3D('',#5628,#5629,#5630);
#5628 = CARTESIAN_POINT('',(-13.42,-8.065,13.5));
#5629 = DIRECTION('',(0.,0.,1.));
#5630 = DIRECTION('',(1.,0.,0.));
#5631 = PCURVE('',#4530,#5632);
#5632 = DEFINITIONAL_REPRESENTATION('',(#5633),#5637);
#5633 = LINE('',#5634,#5635);
#5634 = CARTESIAN_POINT('',(0.,0.));
#5635 = VECTOR('',#5636,1.);
#5636 = DIRECTION('',(1.,0.));
#5637 = ( GEOMETRIC_REPRESENTATION_CONTEXT(2) 
PARAMETRIC_REPRESENTATION_CONTEXT() REPRESENTATION_CONTEXT('2D SPACE',''
  ) );
#5638 = PCURVE('',#5639,#5644);
#5639 = PLANE('',#5640);
#5640 = AXIS2_PLACEMENT_3D('',#5641,#5642,#5643);
#5641 = CARTESIAN_POINT('',(-13.42,-8.065,13.5));
#5642 = DIRECTION('',(0.,0.,1.));
#5643 = DIRECTION('',(1.,0.,0.));
#5644 = DEFINITIONAL_REPRESENTATION('',(#5645),#5649);
#5645 = CIRCLE('',#5646,2.6);
#5646 = AXIS2_PLACEMENT_2D('',#5647,#5648);
#5647 = CARTESIAN_POINT('',(0.,0.));
#5648 = DIRECTION('',(1.,0.));
#5649 = ( GEOMETRIC_REPRESENTATION_CONTEXT(2) 
PARAMETRIC_REPRESENTATION_CONTEXT() REPRESENTATION_CONTEXT('2D SPACE',''
  ) );
#5650 = ORIENTED_EDGE('',*,*,#5651,.T.);
#5651 = EDGE_CURVE('',#5623,#4514,#5652,.T.);
#5652 = SEAM_CURVE('',#5653,(#5657,#5664),.PCURVE_S1.);
#5653 = LINE('',#5654,#5655);
#5654 = CARTESIAN_POINT('',(-10.82,-8.065,13.5));
#5655 = VECTOR('',#5656,1.);
#5656 = DIRECTION('',(0.,0.,1.));
#5657 = PCURVE('',#4530,#5658);
#5658 = DEFINITIONAL_REPRESENTATION('',(#5659),#5663);
#5659 = LINE('',#5660,#5661);
#5660 = CARTESIAN_POINT('',(0.,0.));
#5661 = VECTOR('',#5662,1.);
#5662 = DIRECTION('',(0.,1.));
#5663 = ( GEOMETRIC_REPRESENTATION_CONTEXT(2) 
PARAMETRIC_REPRESENTATION_CONTEXT() REPRESENTATION_CONTEXT('2D SPACE',''
  ) );
#5664 = PCURVE('',#4530,#5665);
#5665 = DEFINITIONAL_REPRESENTATION('',(#5666),#5670);
#5666 = LINE('',#5667,#5668);
#5667 = CARTESIAN_POINT('',(6.28318530718,0.));
#5668 = VECTOR('',#5669,1.);
#5669 = DIRECTION('',(0.,1.));
#5670 = ( GEOMETRIC_REPRESENTATION_CONTEXT(2) 
PARAMETRIC_REPRESENTATION_CONTEXT() REPRESENTATION_CONTEXT('2D SPACE',''
  ) );
#5671 = ORIENTED_EDGE('',*,*,#4513,.F.);
#5672 = ORIENTED_EDGE('',*,*,#5651,.F.);
#5673 = ADVANCED_FACE('',(#5674),#4565,.F.);
#5674 = FACE_BOUND('',#5675,.T.);
#5675 = EDGE_LOOP('',(#5676,#5697,#5698,#5699));
#5676 = ORIENTED_EDGE('',*,*,#5677,.T.);
#5677 = EDGE_CURVE('',#4545,#5160,#5678,.T.);
#5678 = SEAM_CURVE('',#5679,(#5683,#5690),.PCURVE_S1.);
#5679 = LINE('',#5680,#5681);
#5680 = CARTESIAN_POINT('',(18.4,-14.5,14.));
#5681 = VECTOR('',#5682,1.);
#5682 = DIRECTION('',(0.,-1.224646799147E-16,-1.));
#5683 = PCURVE('',#4565,#5684);
#5684 = DEFINITIONAL_REPRESENTATION('',(#5685),#5689);
#5685 = LINE('',#5686,#5687);
#5686 = CARTESIAN_POINT('',(-0.,0.));
#5687 = VECTOR('',#5688,1.);
#5688 = DIRECTION('',(-0.,-1.));
#5689 = ( GEOMETRIC_REPRESENTATION_CONTEXT(2) 
PARAMETRIC_REPRESENTATION_CONTEXT() REPRESENTATION_CONTEXT('2D SPACE',''
  ) );
#5690 = PCURVE('',#4565,#5691);
#5691 = DEFINITIONAL_REPRESENTATION('',(#5692),#5696);
#5692 = LINE('',#5693,#5694);
#5693 = CARTESIAN_POINT('',(-6.28318530718,0.));
#5694 = VECTOR('',#5695,1.);
#5695 = DIRECTION('',(-0.,-1.));
#5696 = ( GEOMETRIC_REPRESENTATION_CONTEXT(2) 
PARAMETRIC_REPRESENTATION_CONTEXT() REPRESENTATION_CONTEXT('2D SPACE',''
  ) );
#5697 = ORIENTED_EDGE('',*,*,#5159,.T.);
#5698 = ORIENTED_EDGE('',*,*,#5677,.F.);
#5699 = ORIENTED_EDGE('',*,*,#4544,.F.);
#5700 = ADVANCED_FACE('',(#5701),#4596,.F.);
#5701 = FACE_BOUND('',#5702,.F.);
#5702 = EDGE_LOOP('',(#5703,#5732,#5753,#5754));
#5703 = ORIENTED_EDGE('',*,*,#5704,.T.);
#5704 = EDGE_CURVE('',#5705,#5705,#5707,.T.);
#5705 = VERTEX_POINT('',#5706);
#5706 = CARTESIAN_POINT('',(16.28,-8.065,13.5));
#5707 = SURFACE_CURVE('',#5708,(#5713,#5720),.PCURVE_S1.);
#5708 = CIRCLE('',#5709,2.6);
#5709 = AXIS2_PLACEMENT_3D('',#5710,#5711,#5712);
#5710 = CARTESIAN_POINT('',(13.68,-8.065,13.5));
#5711 = DIRECTION('',(0.,0.,1.));
#5712 = DIRECTION('',(1.,0.,0.));
#5713 = PCURVE('',#4596,#5714);
#5714 = DEFINITIONAL_REPRESENTATION('',(#5715),#5719);
#5715 = LINE('',#5716,#5717);
#5716 = CARTESIAN_POINT('',(0.,0.));
#5717 = VECTOR('',#5718,1.);
#5718 = DIRECTION('',(1.,0.));
#5719 = ( GEOMETRIC_REPRESENTATION_CONTEXT(2) 
PARAMETRIC_REPRESENTATION_CONTEXT() REPRESENTATION_CONTEXT('2D SPACE',''
  ) );
#5720 = PCURVE('',#5721,#5726);
#5721 = PLANE('',#5722);
#5722 = AXIS2_PLACEMENT_3D('',#5723,#5724,#5725);
#5723 = CARTESIAN_POINT('',(13.68,-8.065,13.5));
#5724 = DIRECTION('',(0.,0.,1.));
#5725 = DIRECTION('',(1.,0.,0.));
#5726 = DEFINITIONAL_REPRESENTATION('',(#5727),#5731);
#5727 = CIRCLE('',#5728,2.6);
#5728 = AXIS2_PLACEMENT_2D('',#5729,#5730);
#5729 = CARTESIAN_POINT('',(0.,0.));
#5730 = DIRECTION('',(1.,0.));
#5731 = ( GEOMETRIC_REPRESENTATION_CONTEXT(2) 
PARAMETRIC_REPRESENTATION_CONTEXT() REPRESENTATION_CONTEXT('2D SPACE',''
  ) );
#5732 = ORIENTED_EDGE('',*,*,#5733,.T.);
#5733 = EDGE_CURVE('',#5705,#4580,#5734,.T.);
#5734 = SEAM_CURVE('',#5735,(#5739,#5746),.PCURVE_S1.);
#5735 = LINE('',#5736,#5737);
#5736 = CARTESIAN_POINT('',(16.28,-8.065,13.5));
#5737 = VECTOR('',#5738,1.);
#5738 = DIRECTION('',(0.,0.,1.));
#5739 = PCURVE('',#4596,#5740);
#5740 = DEFINITIONAL_REPRESENTATION('',(#5741),#5745);
#5741 = LINE('',#5742,#5743);
#5742 = CARTESIAN_POINT('',(0.,0.));
#5743 = VECTOR('',#5744,1.);
#5744 = DIRECTION('',(0.,1.));
#5745 = ( GEOMETRIC_REPRESENTATION_CONTEXT(2) 
PARAMETRIC_REPRESENTATION_CONTEXT() REPRESENTATION_CONTEXT('2D SPACE',''
  ) );
#5746 = PCURVE('',#4596,#5747);
#5747 = DEFINITIONAL_REPRESENTATION('',(#5748),#5752);
#5748 = LINE('',#5749,#5750);
#5749 = CARTESIAN_POINT('',(6.28318530718,0.));
#5750 = VECTOR('',#5751,1.);
#5751 = DIRECTION('',(0.,1.));
#5752 = ( GEOMETRIC_REPRESENTATION_CONTEXT(2) 
PARAMETRIC_REPRESENTATION_CONTEXT() REPRESENTATION_CONTEXT('2D SPACE',''
  ) );
#5753 = ORIENTED_EDGE('',*,*,#4579,.F.);
#5754 = ORIENTED_EDGE('',*,*,#5733,.F.);
#5755 = ADVANCED_FACE('',(#5756),#4627,.F.);
#5756 = FACE_BOUND('',#5757,.F.);
#5757 = EDGE_LOOP('',(#5758,#5787,#5808,#5809));
#5758 = ORIENTED_EDGE('',*,*,#5759,.T.);
#5759 = EDGE_CURVE('',#5760,#5760,#5762,.T.);
#5760 = VERTEX_POINT('',#5761);
#5761 = CARTESIAN_POINT('',(-10.82,-1.315,13.5));
#5762 = SURFACE_CURVE('',#5763,(#5768,#5775),.PCURVE_S1.);
#5763 = CIRCLE('',#5764,2.6);
#5764 = AXIS2_PLACEMENT_3D('',#5765,#5766,#5767);
#5765 = CARTESIAN_POINT('',(-13.42,-1.315,13.5));
#5766 = DIRECTION('',(0.,0.,1.));
#5767 = DIRECTION('',(1.,0.,0.));
#5768 = PCURVE('',#4627,#5769);
#5769 = DEFINITIONAL_REPRESENTATION('',(#5770),#5774);
#5770 = LINE('',#5771,#5772);
#5771 = CARTESIAN_POINT('',(0.,0.));
#5772 = VECTOR('',#5773,1.);
#5773 = DIRECTION('',(1.,0.));
#5774 = ( GEOMETRIC_REPRESENTATION_CONTEXT(2) 
PARAMETRIC_REPRESENTATION_CONTEXT() REPRESENTATION_CONTEXT('2D SPACE',''
  ) );
#5775 = PCURVE('',#5776,#5781);
#5776 = PLANE('',#5777);
#5777 = AXIS2_PLACEMENT_3D('',#5778,#5779,#5780);
#5778 = CARTESIAN_POINT('',(-13.42,-1.315,13.5));
#5779 = DIRECTION('',(0.,0.,1.));
#5780 = DIRECTION('',(1.,0.,0.));
#5781 = DEFINITIONAL_REPRESENTATION('',(#5782),#5786);
#5782 = CIRCLE('',#5783,2.6);
#5783 = AXIS2_PLACEMENT_2D('',#5784,#5785);
#5784 = CARTESIAN_POINT('',(0.,0.));
#5785 = DIRECTION('',(1.,0.));
#5786 = ( GEOMETRIC_REPRESENTATION_CONTEXT(2) 
PARAMETRIC_REPRESENTATION_CONTEXT() REPRESENTATION_CONTEXT('2D SPACE',''
  ) );
#5787 = ORIENTED_EDGE('',*,*,#5788,.T.);
#5788 = EDGE_CURVE('',#5760,#4611,#5789,.T.);
#5789 = SEAM_CURVE('',#5790,(#5794,#5801),.PCURVE_S1.);
#5790 = LINE('',#5791,#5792);
#5791 = CARTESIAN_POINT('',(-10.82,-1.315,13.5));
#5792 = VECTOR('',#5793,1.);
#5793 = DIRECTION('',(0.,0.,1.));
#5794 = PCURVE('',#4627,#5795);
#5795 = DEFINITIONAL_REPRESENTATION('',(#5796),#5800);
#5796 = LINE('',#5797,#5798);
#5797 = CARTESIAN_POINT('',(0.,0.));
#5798 = VECTOR('',#5799,1.);
#5799 = DIRECTION('',(0.,1.));
#5800 = ( GEOMETRIC_REPRESENTATION_CONTEXT(2) 
PARAMETRIC_REPRESENTATION_CONTEXT() REPRESENTATION_CONTEXT('2D SPACE',''
  ) );
#5801 = PCURVE('',#4627,#5802);
#5802 = DEFINITIONAL_REPRESENTATION('',(#5803),#5807);
#5803 = LINE('',#5804,#5805);
#5804 = CARTESIAN_POINT('',(6.28318530718,0.));
#5805 = VECTOR('',#5806,1.);
#5806 = DIRECTION('',(0.,1.));
#5807 = ( GEOMETRIC_REPRESENTATION_CONTEXT(2) 
PARAMETRIC_REPRESENTATION_CONTEXT() REPRESENTATION_CONTEXT('2D SPACE',''
  ) );
#5808 = ORIENTED_EDGE('',*,*,#4610,.F.);
#5809 = ORIENTED_EDGE('',*,*,#5788,.F.);
#5810 = ADVANCED_FACE('',(#5811),#4662,.F.);
#5811 = FACE_BOUND('',#5812,.T.);
#5812 = EDGE_LOOP('',(#5813,#5834,#5835,#5836));
#5813 = ORIENTED_EDGE('',*,*,#5814,.T.);
#5814 = EDGE_CURVE('',#4642,#5190,#5815,.T.);
#5815 = SEAM_CURVE('',#5816,(#5820,#5827),.PCURVE_S1.);
#5816 = LINE('',#5817,#5818);
#5817 = CARTESIAN_POINT('',(-14.6,10.,14.));
#5818 = VECTOR('',#5819,1.);
#5819 = DIRECTION('',(0.,-1.224646799147E-16,-1.));
#5820 = PCURVE('',#4662,#5821);
#5821 = DEFINITIONAL_REPRESENTATION('',(#5822),#5826);
#5822 = LINE('',#5823,#5824);
#5823 = CARTESIAN_POINT('',(-0.,0.));
#5824 = VECTOR('',#5825,1.);
#5825 = DIRECTION('',(-0.,-1.));
#5826 = ( GEOMETRIC_REPRESENTATION_CONTEXT(2) 
PARAMETRIC_REPRESENTATION_CONTEXT() REPRESENTATION_CONTEXT('2D SPACE',''
  ) );
#5827 = PCURVE('',#4662,#5828);
#5828 = DEFINITIONAL_REPRESENTATION('',(#5829),#5833);
#5829 = LINE('',#5830,#5831);
#5830 = CARTESIAN_POINT('',(-6.28318530718,0.));
#5831 = VECTOR('',#5832,1.);
#5832 = DIRECTION('',(-0.,-1.));
#5833 = ( GEOMETRIC_REPRESENTATION_CONTEXT(2) 
PARAMETRIC_REPRESENTATION_CONTEXT() REPRESENTATION_CONTEXT('2D SPACE',''
  ) );
#5834 = ORIENTED_EDGE('',*,*,#5189,.T.);
#5835 = ORIENTED_EDGE('',*,*,#5814,.F.);
#5836 = ORIENTED_EDGE('',*,*,#4641,.F.);
#5837 = ADVANCED_FACE('',(#5838),#4693,.F.);
#5838 = FACE_BOUND('',#5839,.F.);
#5839 = EDGE_LOOP('',(#5840,#5869,#5890,#5891));
#5840 = ORIENTED_EDGE('',*,*,#5841,.T.);
#5841 = EDGE_CURVE('',#5842,#5842,#5844,.T.);
#5842 = VERTEX_POINT('',#5843);
#5843 = CARTESIAN_POINT('',(16.28,-1.315,13.5));
#5844 = SURFACE_CURVE('',#5845,(#5850,#5857),.PCURVE_S1.);
#5845 = CIRCLE('',#5846,2.6);
#5846 = AXIS2_PLACEMENT_3D('',#5847,#5848,#5849);
#5847 = CARTESIAN_POINT('',(13.68,-1.315,13.5));
#5848 = DIRECTION('',(0.,0.,1.));
#5849 = DIRECTION('',(1.,0.,0.));
#5850 = PCURVE('',#4693,#5851);
#5851 = DEFINITIONAL_REPRESENTATION('',(#5852),#5856);
#5852 = LINE('',#5853,#5854);
#5853 = CARTESIAN_POINT('',(0.,0.));
#5854 = VECTOR('',#5855,1.);
#5855 = DIRECTION('',(1.,0.));
#5856 = ( GEOMETRIC_REPRESENTATION_CONTEXT(2) 
PARAMETRIC_REPRESENTATION_CONTEXT() REPRESENTATION_CONTEXT('2D SPACE',''
  ) );
#5857 = PCURVE('',#5858,#5863);
#5858 = PLANE('',#5859);
#5859 = AXIS2_PLACEMENT_3D('',#5860,#5861,#5862);
#5860 = CARTESIAN_POINT('',(13.68,-1.315,13.5));
#5861 = DIRECTION('',(0.,0.,1.));
#5862 = DIRECTION('',(1.,0.,0.));
#5863 = DEFINITIONAL_REPRESENTATION('',(#5864),#5868);
#5864 = CIRCLE('',#5865,2.6);
#5865 = AXIS2_PLACEMENT_2D('',#5866,#5867);
#5866 = CARTESIAN_POINT('',(0.,0.));
#5867 = DIRECTION('',(1.,0.));
#5868 = ( GEOMETRIC_REPRESENTATION_CONTEXT(2) 
PARAMETRIC_REPRESENTATION_CONTEXT() REPRESENTATION_CONTEXT('2D SPACE',''
  ) );
#5869 = ORIENTED_EDGE('',*,*,#5870,.T.);
#5870 = EDGE_CURVE('',#5842,#4677,#5871,.T.);
#5871 = SEAM_CURVE('',#5872,(#5876,#5883),.PCURVE_S1.);
#5872 = LINE('',#5873,#5874);
#5873 = CARTESIAN_POINT('',(16.28,-1.315,13.5));
#5874 = VECTOR('',#5875,1.);
#5875 = DIRECTION('',(0.,0.,1.));
#5876 = PCURVE('',#4693,#5877);
#5877 = DEFINITIONAL_REPRESENTATION('',(#5878),#5882);
#5878 = LINE('',#5879,#5880);
#5879 = CARTESIAN_POINT('',(0.,0.));
#5880 = VECTOR('',#5881,1.);
#5881 = DIRECTION('',(0.,1.));
#5882 = ( GEOMETRIC_REPRESENTATION_CONTEXT(2) 
PARAMETRIC_REPRESENTATION_CONTEXT() REPRESENTATION_CONTEXT('2D SPACE',''
  ) );
#5883 = PCURVE('',#4693,#5884);
#5884 = DEFINITIONAL_REPRESENTATION('',(#5885),#5889);
#5885 = LINE('',#5886,#5887);
#5886 = CARTESIAN_POINT('',(6.28318530718,0.));
#5887 = VECTOR('',#5888,1.);
#5888 = DIRECTION('',(0.,1.));
#5889 = ( GEOMETRIC_REPRESENTATION_CONTEXT(2) 
PARAMETRIC_REPRESENTATION_CONTEXT() REPRESENTATION_CONTEXT('2D SPACE',''
  ) );
#5890 = ORIENTED_EDGE('',*,*,#4676,.F.);
#5891 = ORIENTED_EDGE('',*,*,#5870,.F.);
#5892 = ADVANCED_FACE('',(#5893),#4724,.T.);
#5893 = FACE_BOUND('',#5894,.T.);
#5894 = EDGE_LOOP('',(#5895,#5916,#5917,#5938));
#5895 = ORIENTED_EDGE('',*,*,#5896,.F.);
#5896 = EDGE_CURVE('',#5481,#4708,#5897,.T.);
#5897 = SURFACE_CURVE('',#5898,(#5902,#5909),.PCURVE_S1.);
#5898 = LINE('',#5899,#5900);
#5899 = CARTESIAN_POINT('',(5.8,9.6,-40.25001237362));
#5900 = VECTOR('',#5901,1.);
#5901 = DIRECTION('',(0.,0.,1.));
#5902 = PCURVE('',#4724,#5903);
#5903 = DEFINITIONAL_REPRESENTATION('',(#5904),#5908);
#5904 = LINE('',#5905,#5906);
#5905 = CARTESIAN_POINT('',(7.2,0.));
#5906 = VECTOR('',#5907,1.);
#5907 = DIRECTION('',(0.,-1.));
#5908 = ( GEOMETRIC_REPRESENTATION_CONTEXT(2) 
PARAMETRIC_REPRESENTATION_CONTEXT() REPRESENTATION_CONTEXT('2D SPACE',''
  ) );
#5909 = PCURVE('',#4800,#5910);
#5910 = DEFINITIONAL_REPRESENTATION('',(#5911),#5915);
#5911 = LINE('',#5912,#5913);
#5912 = CARTESIAN_POINT('',(0.,-0.));
#5913 = VECTOR('',#5914,1.);
#5914 = DIRECTION('',(0.,-1.));
#5915 = ( GEOMETRIC_REPRESENTATION_CONTEXT(2) 
PARAMETRIC_REPRESENTATION_CONTEXT() REPRESENTATION_CONTEXT('2D SPACE',''
  ) );
#5916 = ORIENTED_EDGE('',*,*,#5478,.F.);
#5917 = ORIENTED_EDGE('',*,*,#5918,.T.);
#5918 = EDGE_CURVE('',#5479,#4710,#5919,.T.);
#5919 = SURFACE_CURVE('',#5920,(#5924,#5931),.PCURVE_S1.);
#5920 = LINE('',#5921,#5922);
#5921 = CARTESIAN_POINT('',(5.8,2.4,-40.25001237362));
#5922 = VECTOR('',#5923,1.);
#5923 = DIRECTION('',(0.,0.,1.));
#5924 = PCURVE('',#4724,#5925);
#5925 = DEFINITIONAL_REPRESENTATION('',(#5926),#5930);
#5926 = LINE('',#5927,#5928);
#5927 = CARTESIAN_POINT('',(0.,0.));
#5928 = VECTOR('',#5929,1.);
#5929 = DIRECTION('',(0.,-1.));
#5930 = ( GEOMETRIC_REPRESENTATION_CONTEXT(2) 
PARAMETRIC_REPRESENTATION_CONTEXT() REPRESENTATION_CONTEXT('2D SPACE',''
  ) );
#5931 = PCURVE('',#4750,#5932);
#5932 = DEFINITIONAL_REPRESENTATION('',(#5933),#5937);
#5933 = LINE('',#5934,#5935);
#5934 = CARTESIAN_POINT('',(11.6,0.));
#5935 = VECTOR('',#5936,1.);
#5936 = DIRECTION('',(0.,-1.));
#5937 = ( GEOMETRIC_REPRESENTATION_CONTEXT(2) 
PARAMETRIC_REPRESENTATION_CONTEXT() REPRESENTATION_CONTEXT('2D SPACE',''
  ) );
#5938 = ORIENTED_EDGE('',*,*,#4707,.F.);
#5939 = ADVANCED_FACE('',(#5940),#4800,.T.);
#5940 = FACE_BOUND('',#5941,.T.);
#5941 = EDGE_LOOP('',(#5942,#5963,#5964,#5965));
#5942 = ORIENTED_EDGE('',*,*,#5943,.F.);
#5943 = EDGE_CURVE('',#5523,#4762,#5944,.T.);
#5944 = SURFACE_CURVE('',#5945,(#5949,#5956),.PCURVE_S1.);
#5945 = LINE('',#5946,#5947);
#5946 = CARTESIAN_POINT('',(-5.8,9.6,-40.25001237362));
#5947 = VECTOR('',#5948,1.);
#5948 = DIRECTION('',(0.,0.,1.));
#5949 = PCURVE('',#4800,#5950);
#5950 = DEFINITIONAL_REPRESENTATION('',(#5951),#5955);
#5951 = LINE('',#5952,#5953);
#5952 = CARTESIAN_POINT('',(11.6,0.));
#5953 = VECTOR('',#5954,1.);
#5954 = DIRECTION('',(0.,-1.));
#5955 = ( GEOMETRIC_REPRESENTATION_CONTEXT(2) 
PARAMETRIC_REPRESENTATION_CONTEXT() REPRESENTATION_CONTEXT('2D SPACE',''
  ) );
#5956 = PCURVE('',#4776,#5957);
#5957 = DEFINITIONAL_REPRESENTATION('',(#5958),#5962);
#5958 = LINE('',#5959,#5960);
#5959 = CARTESIAN_POINT('',(0.,0.));
#5960 = VECTOR('',#5961,1.);
#5961 = DIRECTION('',(0.,-1.));
#5962 = ( GEOMETRIC_REPRESENTATION_CONTEXT(2) 
PARAMETRIC_REPRESENTATION_CONTEXT() REPRESENTATION_CONTEXT('2D SPACE',''
  ) );
#5963 = ORIENTED_EDGE('',*,*,#5543,.F.);
#5964 = ORIENTED_EDGE('',*,*,#5896,.T.);
#5965 = ORIENTED_EDGE('',*,*,#4787,.F.);
#5966 = ADVANCED_FACE('',(#5967),#4750,.T.);
#5967 = FACE_BOUND('',#5968,.T.);
#5968 = EDGE_LOOP('',(#5969,#5970,#5971,#5992));
#5969 = ORIENTED_EDGE('',*,*,#5918,.F.);
#5970 = ORIENTED_EDGE('',*,*,#5501,.F.);
#5971 = ORIENTED_EDGE('',*,*,#5972,.T.);
#5972 = EDGE_CURVE('',#5502,#4736,#5973,.T.);
#5973 = SURFACE_CURVE('',#5974,(#5978,#5985),.PCURVE_S1.);
#5974 = LINE('',#5975,#5976);
#5975 = CARTESIAN_POINT('',(-5.8,2.4,-40.25001237362));
#5976 = VECTOR('',#5977,1.);
#5977 = DIRECTION('',(0.,0.,1.));
#5978 = PCURVE('',#4750,#5979);
#5979 = DEFINITIONAL_REPRESENTATION('',(#5980),#5984);
#5980 = LINE('',#5981,#5982);
#5981 = CARTESIAN_POINT('',(0.,0.));
#5982 = VECTOR('',#5983,1.);
#5983 = DIRECTION('',(0.,-1.));
#5984 = ( GEOMETRIC_REPRESENTATION_CONTEXT(2) 
PARAMETRIC_REPRESENTATION_CONTEXT() REPRESENTATION_CONTEXT('2D SPACE',''
  ) );
#5985 = PCURVE('',#4776,#5986);
#5986 = DEFINITIONAL_REPRESENTATION('',(#5987),#5991);
#5987 = LINE('',#5988,#5989);
#5988 = CARTESIAN_POINT('',(7.2,0.));
#5989 = VECTOR('',#5990,1.);
#5990 = DIRECTION('',(0.,-1.));
#5991 = ( GEOMETRIC_REPRESENTATION_CONTEXT(2) 
PARAMETRIC_REPRESENTATION_CONTEXT() REPRESENTATION_CONTEXT('2D SPACE',''
  ) );
#5992 = ORIENTED_EDGE('',*,*,#4735,.F.);
#5993 = ADVANCED_FACE('',(#5994),#4776,.T.);
#5994 = FACE_BOUND('',#5995,.T.);
#5995 = EDGE_LOOP('',(#5996,#5997,#5998,#5999));
#5996 = ORIENTED_EDGE('',*,*,#5972,.F.);
#5997 = ORIENTED_EDGE('',*,*,#5522,.F.);
#5998 = ORIENTED_EDGE('',*,*,#5943,.T.);
#5999 = ORIENTED_EDGE('',*,*,#4761,.F.);
#6000 = ADVANCED_FACE('',(#6001),#4834,.F.);
#6001 = FACE_BOUND('',#6002,.T.);
#6002 = EDGE_LOOP('',(#6003,#6024,#6025,#6026));
#6003 = ORIENTED_EDGE('',*,*,#6004,.T.);
#6004 = EDGE_CURVE('',#4814,#5566,#6005,.T.);
#6005 = SEAM_CURVE('',#6006,(#6010,#6017),.PCURVE_S1.);
#6006 = LINE('',#6007,#6008);
#6007 = CARTESIAN_POINT('',(18.4,10.,14.));
#6008 = VECTOR('',#6009,1.);
#6009 = DIRECTION('',(0.,-1.224646799147E-16,-1.));
#6010 = PCURVE('',#4834,#6011);
#6011 = DEFINITIONAL_REPRESENTATION('',(#6012),#6016);
#6012 = LINE('',#6013,#6014);
#6013 = CARTESIAN_POINT('',(-0.,0.));
#6014 = VECTOR('',#6015,1.);
#6015 = DIRECTION('',(-0.,-1.));
#6016 = ( GEOMETRIC_REPRESENTATION_CONTEXT(2) 
PARAMETRIC_REPRESENTATION_CONTEXT() REPRESENTATION_CONTEXT('2D SPACE',''
  ) );
#6017 = PCURVE('',#4834,#6018);
#6018 = DEFINITIONAL_REPRESENTATION('',(#6019),#6023);
#6019 = LINE('',#6020,#6021);
#6020 = CARTESIAN_POINT('',(-6.28318530718,0.));
#6021 = VECTOR('',#6022,1.);
#6022 = DIRECTION('',(-0.,-1.));
#6023 = ( GEOMETRIC_REPRESENTATION_CONTEXT(2) 
PARAMETRIC_REPRESENTATION_CONTEXT() REPRESENTATION_CONTEXT('2D SPACE',''
  ) );
#6024 = ORIENTED_EDGE('',*,*,#5565,.T.);
#6025 = ORIENTED_EDGE('',*,*,#6004,.F.);
#6026 = ORIENTED_EDGE('',*,*,#4813,.F.);
#6027 = ADVANCED_FACE('',(#6028),#5265,.F.);
#6028 = FACE_BOUND('',#6029,.F.);
#6029 = EDGE_LOOP('',(#6030,#6053,#6075,#6076));
#6030 = ORIENTED_EDGE('',*,*,#6031,.F.);
#6031 = EDGE_CURVE('',#6032,#5249,#6034,.T.);
#6032 = VERTEX_POINT('',#6033);
#6033 = CARTESIAN_POINT('',(-10.22,-8.065,13.5));
#6034 = SEAM_CURVE('',#6035,(#6039,#6046),.PCURVE_S1.);
#6035 = LINE('',#6036,#6037);
#6036 = CARTESIAN_POINT('',(-10.22,-8.065,13.5));
#6037 = VECTOR('',#6038,1.);
#6038 = DIRECTION('',(0.,0.,-1.));
#6039 = PCURVE('',#5265,#6040);
#6040 = DEFINITIONAL_REPRESENTATION('',(#6041),#6045);
#6041 = LINE('',#6042,#6043);
#6042 = CARTESIAN_POINT('',(6.28318530718,0.5));
#6043 = VECTOR('',#6044,1.);
#6044 = DIRECTION('',(-0.,-1.));
#6045 = ( GEOMETRIC_REPRESENTATION_CONTEXT(2) 
PARAMETRIC_REPRESENTATION_CONTEXT() REPRESENTATION_CONTEXT('2D SPACE',''
  ) );
#6046 = PCURVE('',#5265,#6047);
#6047 = DEFINITIONAL_REPRESENTATION('',(#6048),#6052);
#6048 = LINE('',#6049,#6050);
#6049 = CARTESIAN_POINT('',(0.,0.5));
#6050 = VECTOR('',#6051,1.);
#6051 = DIRECTION('',(-0.,-1.));
#6052 = ( GEOMETRIC_REPRESENTATION_CONTEXT(2) 
PARAMETRIC_REPRESENTATION_CONTEXT() REPRESENTATION_CONTEXT('2D SPACE',''
  ) );
#6053 = ORIENTED_EDGE('',*,*,#6054,.F.);
#6054 = EDGE_CURVE('',#6032,#6032,#6055,.T.);
#6055 = SURFACE_CURVE('',#6056,(#6061,#6068),.PCURVE_S1.);
#6056 = CIRCLE('',#6057,3.2);
#6057 = AXIS2_PLACEMENT_3D('',#6058,#6059,#6060);
#6058 = CARTESIAN_POINT('',(-13.42,-8.065,13.5));
#6059 = DIRECTION('',(0.,0.,1.));
#6060 = DIRECTION('',(1.,0.,0.));
#6061 = PCURVE('',#5265,#6062);
#6062 = DEFINITIONAL_REPRESENTATION('',(#6063),#6067);
#6063 = LINE('',#6064,#6065);
#6064 = CARTESIAN_POINT('',(0.,0.5));
#6065 = VECTOR('',#6066,1.);
#6066 = DIRECTION('',(1.,0.));
#6067 = ( GEOMETRIC_REPRESENTATION_CONTEXT(2) 
PARAMETRIC_REPRESENTATION_CONTEXT() REPRESENTATION_CONTEXT('2D SPACE',''
  ) );
#6068 = PCURVE('',#5639,#6069);
#6069 = DEFINITIONAL_REPRESENTATION('',(#6070),#6074);
#6070 = CIRCLE('',#6071,3.2);
#6071 = AXIS2_PLACEMENT_2D('',#6072,#6073);
#6072 = CARTESIAN_POINT('',(0.,0.));
#6073 = DIRECTION('',(1.,0.));
#6074 = ( GEOMETRIC_REPRESENTATION_CONTEXT(2) 
PARAMETRIC_REPRESENTATION_CONTEXT() REPRESENTATION_CONTEXT('2D SPACE',''
  ) );
#6075 = ORIENTED_EDGE('',*,*,#6031,.T.);
#6076 = ORIENTED_EDGE('',*,*,#5248,.T.);
#6077 = ADVANCED_FACE('',(#6078),#5296,.F.);
#6078 = FACE_BOUND('',#6079,.F.);
#6079 = EDGE_LOOP('',(#6080,#6103,#6125,#6126));
#6080 = ORIENTED_EDGE('',*,*,#6081,.F.);
#6081 = EDGE_CURVE('',#6082,#5280,#6084,.T.);
#6082 = VERTEX_POINT('',#6083);
#6083 = CARTESIAN_POINT('',(-10.22,-1.315,13.5));
#6084 = SEAM_CURVE('',#6085,(#6089,#6096),.PCURVE_S1.);
#6085 = LINE('',#6086,#6087);
#6086 = CARTESIAN_POINT('',(-10.22,-1.315,13.5));
#6087 = VECTOR('',#6088,1.);
#6088 = DIRECTION('',(0.,0.,-1.));
#6089 = PCURVE('',#5296,#6090);
#6090 = DEFINITIONAL_REPRESENTATION('',(#6091),#6095);
#6091 = LINE('',#6092,#6093);
#6092 = CARTESIAN_POINT('',(6.28318530718,0.5));
#6093 = VECTOR('',#6094,1.);
#6094 = DIRECTION('',(-0.,-1.));
#6095 = ( GEOMETRIC_REPRESENTATION_CONTEXT(2) 
PARAMETRIC_REPRESENTATION_CONTEXT() REPRESENTATION_CONTEXT('2D SPACE',''
  ) );
#6096 = PCURVE('',#5296,#6097);
#6097 = DEFINITIONAL_REPRESENTATION('',(#6098),#6102);
#6098 = LINE('',#6099,#6100);
#6099 = CARTESIAN_POINT('',(0.,0.5));
#6100 = VECTOR('',#6101,1.);
#6101 = DIRECTION('',(-0.,-1.));
#6102 = ( GEOMETRIC_REPRESENTATION_CONTEXT(2) 
PARAMETRIC_REPRESENTATION_CONTEXT() REPRESENTATION_CONTEXT('2D SPACE',''
  ) );
#6103 = ORIENTED_EDGE('',*,*,#6104,.F.);
#6104 = EDGE_CURVE('',#6082,#6082,#6105,.T.);
#6105 = SURFACE_CURVE('',#6106,(#6111,#6118),.PCURVE_S1.);
#6106 = CIRCLE('',#6107,3.2);
#6107 = AXIS2_PLACEMENT_3D('',#6108,#6109,#6110);
#6108 = CARTESIAN_POINT('',(-13.42,-1.315,13.5));
#6109 = DIRECTION('',(0.,0.,1.));
#6110 = DIRECTION('',(1.,0.,0.));
#6111 = PCURVE('',#5296,#6112);
#6112 = DEFINITIONAL_REPRESENTATION('',(#6113),#6117);
#6113 = LINE('',#6114,#6115);
#6114 = CARTESIAN_POINT('',(0.,0.5));
#6115 = VECTOR('',#6116,1.);
#6116 = DIRECTION('',(1.,0.));
#6117 = ( GEOMETRIC_REPRESENTATION_CONTEXT(2) 
PARAMETRIC_REPRESENTATION_CONTEXT() REPRESENTATION_CONTEXT('2D SPACE',''
  ) );
#6118 = PCURVE('',#5776,#6119);
#6119 = DEFINITIONAL_REPRESENTATION('',(#6120),#6124);
#6120 = CIRCLE('',#6121,3.2);
#6121 = AXIS2_PLACEMENT_2D('',#6122,#6123);
#6122 = CARTESIAN_POINT('',(0.,0.));
#6123 = DIRECTION('',(1.,0.));
#6124 = ( GEOMETRIC_REPRESENTATION_CONTEXT(2) 
PARAMETRIC_REPRESENTATION_CONTEXT() REPRESENTATION_CONTEXT('2D SPACE',''
  ) );
#6125 = ORIENTED_EDGE('',*,*,#6081,.T.);
#6126 = ORIENTED_EDGE('',*,*,#5279,.T.);
#6127 = ADVANCED_FACE('',(#6128),#5327,.F.);
#6128 = FACE_BOUND('',#6129,.F.);
#6129 = EDGE_LOOP('',(#6130,#6153,#6175,#6176));
#6130 = ORIENTED_EDGE('',*,*,#6131,.F.);
#6131 = EDGE_CURVE('',#6132,#5311,#6134,.T.);
#6132 = VERTEX_POINT('',#6133);
#6133 = CARTESIAN_POINT('',(16.88,-8.065,13.5));
#6134 = SEAM_CURVE('',#6135,(#6139,#6146),.PCURVE_S1.);
#6135 = LINE('',#6136,#6137);
#6136 = CARTESIAN_POINT('',(16.88,-8.065,13.5));
#6137 = VECTOR('',#6138,1.);
#6138 = DIRECTION('',(0.,0.,-1.));
#6139 = PCURVE('',#5327,#6140);
#6140 = DEFINITIONAL_REPRESENTATION('',(#6141),#6145);
#6141 = LINE('',#6142,#6143);
#6142 = CARTESIAN_POINT('',(6.28318530718,0.5));
#6143 = VECTOR('',#6144,1.);
#6144 = DIRECTION('',(-0.,-1.));
#6145 = ( GEOMETRIC_REPRESENTATION_CONTEXT(2) 
PARAMETRIC_REPRESENTATION_CONTEXT() REPRESENTATION_CONTEXT('2D SPACE',''
  ) );
#6146 = PCURVE('',#5327,#6147);
#6147 = DEFINITIONAL_REPRESENTATION('',(#6148),#6152);
#6148 = LINE('',#6149,#6150);
#6149 = CARTESIAN_POINT('',(0.,0.5));
#6150 = VECTOR('',#6151,1.);
#6151 = DIRECTION('',(-0.,-1.));
#6152 = ( GEOMETRIC_REPRESENTATION_CONTEXT(2) 
PARAMETRIC_REPRESENTATION_CONTEXT() REPRESENTATION_CONTEXT('2D SPACE',''
  ) );
#6153 = ORIENTED_EDGE('',*,*,#6154,.F.);
#6154 = EDGE_CURVE('',#6132,#6132,#6155,.T.);
#6155 = SURFACE_CURVE('',#6156,(#6161,#6168),.PCURVE_S1.);
#6156 = CIRCLE('',#6157,3.2);
#6157 = AXIS2_PLACEMENT_3D('',#6158,#6159,#6160);
#6158 = CARTESIAN_POINT('',(13.68,-8.065,13.5));
#6159 = DIRECTION('',(0.,0.,1.));
#6160 = DIRECTION('',(1.,0.,0.));
#6161 = PCURVE('',#5327,#6162);
#6162 = DEFINITIONAL_REPRESENTATION('',(#6163),#6167);
#6163 = LINE('',#6164,#6165);
#6164 = CARTESIAN_POINT('',(0.,0.5));
#6165 = VECTOR('',#6166,1.);
#6166 = DIRECTION('',(1.,0.));
#6167 = ( GEOMETRIC_REPRESENTATION_CONTEXT(2) 
PARAMETRIC_REPRESENTATION_CONTEXT() REPRESENTATION_CONTEXT('2D SPACE',''
  ) );
#6168 = PCURVE('',#5721,#6169);
#6169 = DEFINITIONAL_REPRESENTATION('',(#6170),#6174);
#6170 = CIRCLE('',#6171,3.2);
#6171 = AXIS2_PLACEMENT_2D('',#6172,#6173);
#6172 = CARTESIAN_POINT('',(0.,0.));
#6173 = DIRECTION('',(1.,0.));
#6174 = ( GEOMETRIC_REPRESENTATION_CONTEXT(2) 
PARAMETRIC_REPRESENTATION_CONTEXT() REPRESENTATION_CONTEXT('2D SPACE',''
  ) );
#6175 = ORIENTED_EDGE('',*,*,#6131,.T.);
#6176 = ORIENTED_EDGE('',*,*,#5310,.T.);
#6177 = ADVANCED_FACE('',(#6178),#5358,.F.);
#6178 = FACE_BOUND('',#6179,.F.);
#6179 = EDGE_LOOP('',(#6180,#6210,#6231,#6232));
#6180 = ORIENTED_EDGE('',*,*,#6181,.F.);
#6181 = EDGE_CURVE('',#6182,#6184,#6186,.T.);
#6182 = VERTEX_POINT('',#6183);
#6183 = CARTESIAN_POINT('',(-9.35,-10.85,13.6));
#6184 = VERTEX_POINT('',#6185);
#6185 = CARTESIAN_POINT('',(9.75,-10.85,13.6));
#6186 = SURFACE_CURVE('',#6187,(#6191,#6198),.PCURVE_S1.);
#6187 = LINE('',#6188,#6189);
#6188 = CARTESIAN_POINT('',(-9.35,-10.85,13.6));
#6189 = VECTOR('',#6190,1.);
#6190 = DIRECTION('',(1.,0.,0.));
#6191 = PCURVE('',#5358,#6192);
#6192 = DEFINITIONAL_REPRESENTATION('',(#6193),#6197);
#6193 = LINE('',#6194,#6195);
#6194 = CARTESIAN_POINT('',(0.,0.));
#6195 = VECTOR('',#6196,1.);
#6196 = DIRECTION('',(1.,0.));
#6197 = ( GEOMETRIC_REPRESENTATION_CONTEXT(2) 
PARAMETRIC_REPRESENTATION_CONTEXT() REPRESENTATION_CONTEXT('2D SPACE',''
  ) );
#6198 = PCURVE('',#6199,#6204);
#6199 = PLANE('',#6200);
#6200 = AXIS2_PLACEMENT_3D('',#6201,#6202,#6203);
#6201 = CARTESIAN_POINT('',(0.2,-4.8,13.6));
#6202 = DIRECTION('',(0.,0.,1.));
#6203 = DIRECTION('',(1.,0.,-0.));
#6204 = DEFINITIONAL_REPRESENTATION('',(#6205),#6209);
#6205 = LINE('',#6206,#6207);
#6206 = CARTESIAN_POINT('',(-9.55,-6.05));
#6207 = VECTOR('',#6208,1.);
#6208 = DIRECTION('',(1.,0.));
#6209 = ( GEOMETRIC_REPRESENTATION_CONTEXT(2) 
PARAMETRIC_REPRESENTATION_CONTEXT() REPRESENTATION_CONTEXT('2D SPACE',''
  ) );
#6210 = ORIENTED_EDGE('',*,*,#6211,.T.);
#6211 = EDGE_CURVE('',#6182,#5342,#6212,.T.);
#6212 = SURFACE_CURVE('',#6213,(#6217,#6224),.PCURVE_S1.);
#6213 = LINE('',#6214,#6215);
#6214 = CARTESIAN_POINT('',(-9.35,-10.85,13.6));
#6215 = VECTOR('',#6216,1.);
#6216 = DIRECTION('',(-0.,-0.,-1.));
#6217 = PCURVE('',#5358,#6218);
#6218 = DEFINITIONAL_REPRESENTATION('',(#6219),#6223);
#6219 = LINE('',#6220,#6221);
#6220 = CARTESIAN_POINT('',(0.,0.));
#6221 = VECTOR('',#6222,1.);
#6222 = DIRECTION('',(0.,-1.));
#6223 = ( GEOMETRIC_REPRESENTATION_CONTEXT(2) 
PARAMETRIC_REPRESENTATION_CONTEXT() REPRESENTATION_CONTEXT('2D SPACE',''
  ) );
#6224 = PCURVE('',#5384,#6225);
#6225 = DEFINITIONAL_REPRESENTATION('',(#6226),#6230);
#6226 = LINE('',#6227,#6228);
#6227 = CARTESIAN_POINT('',(12.1,0.));
#6228 = VECTOR('',#6229,1.);
#6229 = DIRECTION('',(0.,-1.));
#6230 = ( GEOMETRIC_REPRESENTATION_CONTEXT(2) 
PARAMETRIC_REPRESENTATION_CONTEXT() REPRESENTATION_CONTEXT('2D SPACE',''
  ) );
#6231 = ORIENTED_EDGE('',*,*,#5341,.T.);
#6232 = ORIENTED_EDGE('',*,*,#6233,.F.);
#6233 = EDGE_CURVE('',#6184,#5344,#6234,.T.);
#6234 = SURFACE_CURVE('',#6235,(#6239,#6246),.PCURVE_S1.);
#6235 = LINE('',#6236,#6237);
#6236 = CARTESIAN_POINT('',(9.75,-10.85,13.6));
#6237 = VECTOR('',#6238,1.);
#6238 = DIRECTION('',(-0.,-0.,-1.));
#6239 = PCURVE('',#5358,#6240);
#6240 = DEFINITIONAL_REPRESENTATION('',(#6241),#6245);
#6241 = LINE('',#6242,#6243);
#6242 = CARTESIAN_POINT('',(19.1,0.));
#6243 = VECTOR('',#6244,1.);
#6244 = DIRECTION('',(0.,-1.));
#6245 = ( GEOMETRIC_REPRESENTATION_CONTEXT(2) 
PARAMETRIC_REPRESENTATION_CONTEXT() REPRESENTATION_CONTEXT('2D SPACE',''
  ) );
#6246 = PCURVE('',#5434,#6247);
#6247 = DEFINITIONAL_REPRESENTATION('',(#6248),#6252);
#6248 = LINE('',#6249,#6250);
#6249 = CARTESIAN_POINT('',(0.,0.));
#6250 = VECTOR('',#6251,1.);
#6251 = DIRECTION('',(0.,-1.));
#6252 = ( GEOMETRIC_REPRESENTATION_CONTEXT(2) 
PARAMETRIC_REPRESENTATION_CONTEXT() REPRESENTATION_CONTEXT('2D SPACE',''
  ) );
#6253 = ADVANCED_FACE('',(#6254),#5434,.F.);
#6254 = FACE_BOUND('',#6255,.F.);
#6255 = EDGE_LOOP('',(#6256,#6279,#6280,#6281));
#6256 = ORIENTED_EDGE('',*,*,#6257,.F.);
#6257 = EDGE_CURVE('',#6184,#6258,#6260,.T.);
#6258 = VERTEX_POINT('',#6259);
#6259 = CARTESIAN_POINT('',(9.75,1.25,13.6));
#6260 = SURFACE_CURVE('',#6261,(#6265,#6272),.PCURVE_S1.);
#6261 = LINE('',#6262,#6263);
#6262 = CARTESIAN_POINT('',(9.75,-10.85,13.6));
#6263 = VECTOR('',#6264,1.);
#6264 = DIRECTION('',(0.,1.,0.));
#6265 = PCURVE('',#5434,#6266);
#6266 = DEFINITIONAL_REPRESENTATION('',(#6267),#6271);
#6267 = LINE('',#6268,#6269);
#6268 = CARTESIAN_POINT('',(0.,0.));
#6269 = VECTOR('',#6270,1.);
#6270 = DIRECTION('',(1.,0.));
#6271 = ( GEOMETRIC_REPRESENTATION_CONTEXT(2) 
PARAMETRIC_REPRESENTATION_CONTEXT() REPRESENTATION_CONTEXT('2D SPACE',''
  ) );
#6272 = PCURVE('',#6199,#6273);
#6273 = DEFINITIONAL_REPRESENTATION('',(#6274),#6278);
#6274 = LINE('',#6275,#6276);
#6275 = CARTESIAN_POINT('',(9.55,-6.05));
#6276 = VECTOR('',#6277,1.);
#6277 = DIRECTION('',(0.,1.));
#6278 = ( GEOMETRIC_REPRESENTATION_CONTEXT(2) 
PARAMETRIC_REPRESENTATION_CONTEXT() REPRESENTATION_CONTEXT('2D SPACE',''
  ) );
#6279 = ORIENTED_EDGE('',*,*,#6233,.T.);
#6280 = ORIENTED_EDGE('',*,*,#5421,.T.);
#6281 = ORIENTED_EDGE('',*,*,#6282,.F.);
#6282 = EDGE_CURVE('',#6258,#5396,#6283,.T.);
#6283 = SURFACE_CURVE('',#6284,(#6288,#6295),.PCURVE_S1.);
#6284 = LINE('',#6285,#6286);
#6285 = CARTESIAN_POINT('',(9.75,1.25,13.6));
#6286 = VECTOR('',#6287,1.);
#6287 = DIRECTION('',(-0.,-0.,-1.));
#6288 = PCURVE('',#5434,#6289);
#6289 = DEFINITIONAL_REPRESENTATION('',(#6290),#6294);
#6290 = LINE('',#6291,#6292);
#6291 = CARTESIAN_POINT('',(12.1,0.));
#6292 = VECTOR('',#6293,1.);
#6293 = DIRECTION('',(0.,-1.));
#6294 = ( GEOMETRIC_REPRESENTATION_CONTEXT(2) 
PARAMETRIC_REPRESENTATION_CONTEXT() REPRESENTATION_CONTEXT('2D SPACE',''
  ) );
#6295 = PCURVE('',#5410,#6296);
#6296 = DEFINITIONAL_REPRESENTATION('',(#6297),#6301);
#6297 = LINE('',#6298,#6299);
#6298 = CARTESIAN_POINT('',(0.,0.));
#6299 = VECTOR('',#6300,1.);
#6300 = DIRECTION('',(0.,-1.));
#6301 = ( GEOMETRIC_REPRESENTATION_CONTEXT(2) 
PARAMETRIC_REPRESENTATION_CONTEXT() REPRESENTATION_CONTEXT('2D SPACE',''
  ) );
#6302 = ADVANCED_FACE('',(#6303),#5410,.F.);
#6303 = FACE_BOUND('',#6304,.F.);
#6304 = EDGE_LOOP('',(#6305,#6328,#6329,#6330));
#6305 = ORIENTED_EDGE('',*,*,#6306,.F.);
#6306 = EDGE_CURVE('',#6258,#6307,#6309,.T.);
#6307 = VERTEX_POINT('',#6308);
#6308 = CARTESIAN_POINT('',(-9.35,1.25,13.6));
#6309 = SURFACE_CURVE('',#6310,(#6314,#6321),.PCURVE_S1.);
#6310 = LINE('',#6311,#6312);
#6311 = CARTESIAN_POINT('',(9.75,1.25,13.6));
#6312 = VECTOR('',#6313,1.);
#6313 = DIRECTION('',(-1.,0.,0.));
#6314 = PCURVE('',#5410,#6315);
#6315 = DEFINITIONAL_REPRESENTATION('',(#6316),#6320);
#6316 = LINE('',#6317,#6318);
#6317 = CARTESIAN_POINT('',(0.,0.));
#6318 = VECTOR('',#6319,1.);
#6319 = DIRECTION('',(1.,0.));
#6320 = ( GEOMETRIC_REPRESENTATION_CONTEXT(2) 
PARAMETRIC_REPRESENTATION_CONTEXT() REPRESENTATION_CONTEXT('2D SPACE',''
  ) );
#6321 = PCURVE('',#6199,#6322);
#6322 = DEFINITIONAL_REPRESENTATION('',(#6323),#6327);
#6323 = LINE('',#6324,#6325);
#6324 = CARTESIAN_POINT('',(9.55,6.05));
#6325 = VECTOR('',#6326,1.);
#6326 = DIRECTION('',(-1.,0.));
#6327 = ( GEOMETRIC_REPRESENTATION_CONTEXT(2) 
PARAMETRIC_REPRESENTATION_CONTEXT() REPRESENTATION_CONTEXT('2D SPACE',''
  ) );
#6328 = ORIENTED_EDGE('',*,*,#6282,.T.);
#6329 = ORIENTED_EDGE('',*,*,#5395,.T.);
#6330 = ORIENTED_EDGE('',*,*,#6331,.F.);
#6331 = EDGE_CURVE('',#6307,#5370,#6332,.T.);
#6332 = SURFACE_CURVE('',#6333,(#6337,#6344),.PCURVE_S1.);
#6333 = LINE('',#6334,#6335);
#6334 = CARTESIAN_POINT('',(-9.35,1.25,13.6));
#6335 = VECTOR('',#6336,1.);
#6336 = DIRECTION('',(-0.,-0.,-1.));
#6337 = PCURVE('',#5410,#6338);
#6338 = DEFINITIONAL_REPRESENTATION('',(#6339),#6343);
#6339 = LINE('',#6340,#6341);
#6340 = CARTESIAN_POINT('',(19.1,0.));
#6341 = VECTOR('',#6342,1.);
#6342 = DIRECTION('',(0.,-1.));
#6343 = ( GEOMETRIC_REPRESENTATION_CONTEXT(2) 
PARAMETRIC_REPRESENTATION_CONTEXT() REPRESENTATION_CONTEXT('2D SPACE',''
  ) );
#6344 = PCURVE('',#5384,#6345);
#6345 = DEFINITIONAL_REPRESENTATION('',(#6346),#6350);
#6346 = LINE('',#6347,#6348);
#6347 = CARTESIAN_POINT('',(0.,0.));
#6348 = VECTOR('',#6349,1.);
#6349 = DIRECTION('',(0.,-1.));
#6350 = ( GEOMETRIC_REPRESENTATION_CONTEXT(2) 
PARAMETRIC_REPRESENTATION_CONTEXT() REPRESENTATION_CONTEXT('2D SPACE',''
  ) );
#6351 = ADVANCED_FACE('',(#6352),#5384,.F.);
#6352 = FACE_BOUND('',#6353,.F.);
#6353 = EDGE_LOOP('',(#6354,#6375,#6376,#6377));
#6354 = ORIENTED_EDGE('',*,*,#6355,.F.);
#6355 = EDGE_CURVE('',#6307,#6182,#6356,.T.);
#6356 = SURFACE_CURVE('',#6357,(#6361,#6368),.PCURVE_S1.);
#6357 = LINE('',#6358,#6359);
#6358 = CARTESIAN_POINT('',(-9.35,1.25,13.6));
#6359 = VECTOR('',#6360,1.);
#6360 = DIRECTION('',(0.,-1.,0.));
#6361 = PCURVE('',#5384,#6362);
#6362 = DEFINITIONAL_REPRESENTATION('',(#6363),#6367);
#6363 = LINE('',#6364,#6365);
#6364 = CARTESIAN_POINT('',(0.,0.));
#6365 = VECTOR('',#6366,1.);
#6366 = DIRECTION('',(1.,0.));
#6367 = ( GEOMETRIC_REPRESENTATION_CONTEXT(2) 
PARAMETRIC_REPRESENTATION_CONTEXT() REPRESENTATION_CONTEXT('2D SPACE',''
  ) );
#6368 = PCURVE('',#6199,#6369);
#6369 = DEFINITIONAL_REPRESENTATION('',(#6370),#6374);
#6370 = LINE('',#6371,#6372);
#6371 = CARTESIAN_POINT('',(-9.55,6.05));
#6372 = VECTOR('',#6373,1.);
#6373 = DIRECTION('',(0.,-1.));
#6374 = ( GEOMETRIC_REPRESENTATION_CONTEXT(2) 
PARAMETRIC_REPRESENTATION_CONTEXT() REPRESENTATION_CONTEXT('2D SPACE',''
  ) );
#6375 = ORIENTED_EDGE('',*,*,#6331,.T.);
#6376 = ORIENTED_EDGE('',*,*,#5369,.T.);
#6377 = ORIENTED_EDGE('',*,*,#6211,.F.);
#6378 = ADVANCED_FACE('',(#6379),#5464,.F.);
#6379 = FACE_BOUND('',#6380,.F.);
#6380 = EDGE_LOOP('',(#6381,#6404,#6426,#6427));
#6381 = ORIENTED_EDGE('',*,*,#6382,.F.);
#6382 = EDGE_CURVE('',#6383,#5448,#6385,.T.);
#6383 = VERTEX_POINT('',#6384);
#6384 = CARTESIAN_POINT('',(16.88,-1.315,13.5));
#6385 = SEAM_CURVE('',#6386,(#6390,#6397),.PCURVE_S1.);
#6386 = LINE('',#6387,#6388);
#6387 = CARTESIAN_POINT('',(16.88,-1.315,13.5));
#6388 = VECTOR('',#6389,1.);
#6389 = DIRECTION('',(0.,0.,-1.));
#6390 = PCURVE('',#5464,#6391);
#6391 = DEFINITIONAL_REPRESENTATION('',(#6392),#6396);
#6392 = LINE('',#6393,#6394);
#6393 = CARTESIAN_POINT('',(6.28318530718,0.5));
#6394 = VECTOR('',#6395,1.);
#6395 = DIRECTION('',(-0.,-1.));
#6396 = ( GEOMETRIC_REPRESENTATION_CONTEXT(2) 
PARAMETRIC_REPRESENTATION_CONTEXT() REPRESENTATION_CONTEXT('2D SPACE',''
  ) );
#6397 = PCURVE('',#5464,#6398);
#6398 = DEFINITIONAL_REPRESENTATION('',(#6399),#6403);
#6399 = LINE('',#6400,#6401);
#6400 = CARTESIAN_POINT('',(0.,0.5));
#6401 = VECTOR('',#6402,1.);
#6402 = DIRECTION('',(-0.,-1.));
#6403 = ( GEOMETRIC_REPRESENTATION_CONTEXT(2) 
PARAMETRIC_REPRESENTATION_CONTEXT() REPRESENTATION_CONTEXT('2D SPACE',''
  ) );
#6404 = ORIENTED_EDGE('',*,*,#6405,.F.);
#6405 = EDGE_CURVE('',#6383,#6383,#6406,.T.);
#6406 = SURFACE_CURVE('',#6407,(#6412,#6419),.PCURVE_S1.);
#6407 = CIRCLE('',#6408,3.2);
#6408 = AXIS2_PLACEMENT_3D('',#6409,#6410,#6411);
#6409 = CARTESIAN_POINT('',(13.68,-1.315,13.5));
#6410 = DIRECTION('',(0.,0.,1.));
#6411 = DIRECTION('',(1.,0.,0.));
#6412 = PCURVE('',#5464,#6413);
#6413 = DEFINITIONAL_REPRESENTATION('',(#6414),#6418);
#6414 = LINE('',#6415,#6416);
#6415 = CARTESIAN_POINT('',(0.,0.5));
#6416 = VECTOR('',#6417,1.);
#6417 = DIRECTION('',(1.,0.));
#6418 = ( GEOMETRIC_REPRESENTATION_CONTEXT(2) 
PARAMETRIC_REPRESENTATION_CONTEXT() REPRESENTATION_CONTEXT('2D SPACE',''
  ) );
#6419 = PCURVE('',#5858,#6420);
#6420 = DEFINITIONAL_REPRESENTATION('',(#6421),#6425);
#6421 = CIRCLE('',#6422,3.2);
#6422 = AXIS2_PLACEMENT_2D('',#6423,#6424);
#6423 = CARTESIAN_POINT('',(0.,0.));
#6424 = DIRECTION('',(1.,0.));
#6425 = ( GEOMETRIC_REPRESENTATION_CONTEXT(2) 
PARAMETRIC_REPRESENTATION_CONTEXT() REPRESENTATION_CONTEXT('2D SPACE',''
  ) );
#6426 = ORIENTED_EDGE('',*,*,#6382,.T.);
#6427 = ORIENTED_EDGE('',*,*,#5447,.T.);
#6428 = ADVANCED_FACE('',(#6429,#6432),#5639,.F.);
#6429 = FACE_BOUND('',#6430,.F.);
#6430 = EDGE_LOOP('',(#6431));
#6431 = ORIENTED_EDGE('',*,*,#6054,.T.);
#6432 = FACE_BOUND('',#6433,.F.);
#6433 = EDGE_LOOP('',(#6434));
#6434 = ORIENTED_EDGE('',*,*,#5622,.F.);
#6435 = ADVANCED_FACE('',(#6436,#6439),#5721,.F.);
#6436 = FACE_BOUND('',#6437,.F.);
#6437 = EDGE_LOOP('',(#6438));
#6438 = ORIENTED_EDGE('',*,*,#6154,.T.);
#6439 = FACE_BOUND('',#6440,.F.);
#6440 = EDGE_LOOP('',(#6441));
#6441 = ORIENTED_EDGE('',*,*,#5704,.F.);
#6442 = ADVANCED_FACE('',(#6443,#6446),#5776,.F.);
#6443 = FACE_BOUND('',#6444,.F.);
#6444 = EDGE_LOOP('',(#6445));
#6445 = ORIENTED_EDGE('',*,*,#6104,.T.);
#6446 = FACE_BOUND('',#6447,.F.);
#6447 = EDGE_LOOP('',(#6448));
#6448 = ORIENTED_EDGE('',*,*,#5759,.F.);
#6449 = ADVANCED_FACE('',(#6450,#6453),#5858,.F.);
#6450 = FACE_BOUND('',#6451,.F.);
#6451 = EDGE_LOOP('',(#6452));
#6452 = ORIENTED_EDGE('',*,*,#6405,.T.);
#6453 = FACE_BOUND('',#6454,.F.);
#6454 = EDGE_LOOP('',(#6455));
#6455 = ORIENTED_EDGE('',*,*,#5841,.F.);
#6456 = ADVANCED_FACE('',(#6457),#6199,.F.);
#6457 = FACE_BOUND('',#6458,.F.);
#6458 = EDGE_LOOP('',(#6459,#6460,#6461,#6462));
#6459 = ORIENTED_EDGE('',*,*,#6181,.T.);
#6460 = ORIENTED_EDGE('',*,*,#6257,.T.);
#6461 = ORIENTED_EDGE('',*,*,#6306,.T.);
#6462 = ORIENTED_EDGE('',*,*,#6355,.T.);
#6463 = ( GEOMETRIC_REPRESENTATION_CONTEXT(3) 
GLOBAL_UNCERTAINTY_ASSIGNED_CONTEXT((#6467)) 
GLOBAL_UNIT_ASSIGNED_CONTEXT((#6464,#6465,#6466)) REPRESENTATION_CONTEXT
('Context #1','3D Context with UNIT and UNCERTAINTY') );
#6464 = ( LENGTH_UNIT() NAMED_UNIT(*) SI_UNIT(.MILLI.,.METRE.) );
#6465 = ( NAMED_UNIT(*) PLANE_ANGLE_UNIT() SI_UNIT($,.RADIAN.) );
#6466 = ( NAMED_UNIT(*) SI_UNIT($,.STERADIAN.) SOLID_ANGLE_UNIT() );
#6467 = UNCERTAINTY_MEASURE_WITH_UNIT(LENGTH_MEASURE(5.E-06),#6464,
  'distance_accuracy_value','confusion accuracy');
#6468 = PRODUCT_RELATED_PRODUCT_CATEGORY('part',$,(#7));
ENDSEC;
END-ISO-10303-21;
