ISO-10303-21;
HEADER;
FILE_DESCRIPTION(('Open CASCADE Model'),'2;1');
FILE_NAME('Open CASCADE Shape Model','2026-04-25T18:40:22',('Author'),(
    'Open CASCADE'),'Open CASCADE STEP processor 7.7','Open CASCADE 7.7'
  ,'Unknown');
FILE_SCHEMA(('AUTOMOTIVE_DESIGN { 1 0 10303 214 1 1 1 1 }'));
ENDSEC;
DATA;
#1 = APPLICATION_PROTOCOL_DEFINITION('international standard',
  'automotive_design',2000,#2);
#2 = APPLICATION_CONTEXT(
  'core data for automotive mechanical design processes');
#3 = SHAPE_DEFINITION_REPRESENTATION(#4,#10);
#4 = PRODUCT_DEFINITION_SHAPE('','',#5);
#5 = PRODUCT_DEFINITION('design','',#6,#9);
#6 = PRODUCT_DEFINITION_FORMATION('','',#7);
#7 = PRODUCT('Open CASCADE STEP translator 7.7 7',
  'Open CASCADE STEP translator 7.7 7','',(#8));
#8 = PRODUCT_CONTEXT('',#2,'mechanical');
#9 = PRODUCT_DEFINITION_CONTEXT('part definition',#2,'design');
#10 = ADVANCED_BREP_SHAPE_REPRESENTATION('',(#11,#15),#4500);
#11 = AXIS2_PLACEMENT_3D('',#12,#13,#14);
#12 = CARTESIAN_POINT('',(0.,0.,0.));
#13 = DIRECTION('',(0.,0.,1.));
#14 = DIRECTION('',(1.,0.,-0.));
#15 = MANIFOLD_SOLID_BREP('',#16);
#16 = CLOSED_SHELL('',(#17,#531,#603,#697,#750,#803,#855,#907,#960,#1013
    ,#1065,#1117,#1210,#1263,#1316,#1348,#1424,#1543,#1593,#1643,#1691,
    #1739,#1789,#1839,#1888,#1936,#2055,#2105,#2155,#2181,#2961,#3037,
    #3087,#3136,#3186,#3235,#3285,#3334,#3384,#3433,#3487,#3537,#3591,
    #3640,#3690,#3739,#3793,#3843,#3892,#3946,#3996,#4028,#4083,#4138,
    #4193,#4217,#4272,#4325,#4378,#4431,#4484,#4488,#4492,#4496));
#17 = ADVANCED_FACE('',(#18),#32,.F.);
#18 = FACE_BOUND('',#19,.F.);
#19 = EDGE_LOOP('',(#20,#55,#84,#112,#141,#169,#247,#276,#304,#337,#365,
    #398,#426,#455));
#20 = ORIENTED_EDGE('',*,*,#21,.T.);
#21 = EDGE_CURVE('',#22,#24,#26,.T.);
#22 = VERTEX_POINT('',#23);
#23 = CARTESIAN_POINT('',(19.525,-13.81943954598,-3.330669073875E-16));
#24 = VERTEX_POINT('',#25);
#25 = CARTESIAN_POINT('',(19.525,9.85,-3.330669073875E-16));
#26 = SURFACE_CURVE('',#27,(#31,#43),.PCURVE_S1.);
#27 = LINE('',#28,#29);
#28 = CARTESIAN_POINT('',(19.525,-13.81943954598,0.));
#29 = VECTOR('',#30,1.);
#30 = DIRECTION('',(0.,1.,0.));
#31 = PCURVE('',#32,#37);
#32 = PLANE('',#33);
#33 = AXIS2_PLACEMENT_3D('',#34,#35,#36);
#34 = CARTESIAN_POINT('',(-7.900405679056E-16,-2.,0.));
#35 = DIRECTION('',(0.,0.,1.));
#36 = DIRECTION('',(1.,0.,-0.));
#37 = DEFINITIONAL_REPRESENTATION('',(#38),#42);
#38 = LINE('',#39,#40);
#39 = CARTESIAN_POINT('',(19.525,-11.81943954598));
#40 = VECTOR('',#41,1.);
#41 = DIRECTION('',(0.,1.));
#42 = ( GEOMETRIC_REPRESENTATION_CONTEXT(2) 
PARAMETRIC_REPRESENTATION_CONTEXT() REPRESENTATION_CONTEXT('2D SPACE',''
  ) );
#43 = PCURVE('',#44,#49);
#44 = PLANE('',#45);
#45 = AXIS2_PLACEMENT_3D('',#46,#47,#48);
#46 = CARTESIAN_POINT('',(19.825,-13.81943954598,0.3));
#47 = DIRECTION('',(0.707106781187,0.,-0.707106781187));
#48 = DIRECTION('',(0.,1.,0.));
#49 = DEFINITIONAL_REPRESENTATION('',(#50),#54);
#50 = LINE('',#51,#52);
#51 = CARTESIAN_POINT('',(0.,-0.424264068712));
#52 = VECTOR('',#53,1.);
#53 = DIRECTION('',(1.,0.));
#54 = ( GEOMETRIC_REPRESENTATION_CONTEXT(2) 
PARAMETRIC_REPRESENTATION_CONTEXT() REPRESENTATION_CONTEXT('2D SPACE',''
  ) );
#55 = ORIENTED_EDGE('',*,*,#56,.T.);
#56 = EDGE_CURVE('',#24,#57,#59,.T.);
#57 = VERTEX_POINT('',#58);
#58 = CARTESIAN_POINT('',(16.125,13.25,6.661338147751E-16));
#59 = SURFACE_CURVE('',#60,(#65,#72),.PCURVE_S1.);
#60 = CIRCLE('',#61,3.4);
#61 = AXIS2_PLACEMENT_3D('',#62,#63,#64);
#62 = CARTESIAN_POINT('',(16.125,9.85,0.));
#63 = DIRECTION('',(0.,0.,1.));
#64 = DIRECTION('',(1.,0.,-0.));
#65 = PCURVE('',#32,#66);
#66 = DEFINITIONAL_REPRESENTATION('',(#67),#71);
#67 = CIRCLE('',#68,3.4);
#68 = AXIS2_PLACEMENT_2D('',#69,#70);
#69 = CARTESIAN_POINT('',(16.125,11.85));
#70 = DIRECTION('',(1.,0.));
#71 = ( GEOMETRIC_REPRESENTATION_CONTEXT(2) 
PARAMETRIC_REPRESENTATION_CONTEXT() REPRESENTATION_CONTEXT('2D SPACE',''
  ) );
#72 = PCURVE('',#73,#78);
#73 = CONICAL_SURFACE('',#74,4.,0.785398163397);
#74 = AXIS2_PLACEMENT_3D('',#75,#76,#77);
#75 = CARTESIAN_POINT('',(16.125,9.85,0.6));
#76 = DIRECTION('',(0.,0.,1.));
#77 = DIRECTION('',(1.,0.,-0.));
#78 = DEFINITIONAL_REPRESENTATION('',(#79),#83);
#79 = LINE('',#80,#81);
#80 = CARTESIAN_POINT('',(0.,-0.6));
#81 = VECTOR('',#82,1.);
#82 = DIRECTION('',(1.,0.));
#83 = ( GEOMETRIC_REPRESENTATION_CONTEXT(2) 
PARAMETRIC_REPRESENTATION_CONTEXT() REPRESENTATION_CONTEXT('2D SPACE',''
  ) );
#84 = ORIENTED_EDGE('',*,*,#85,.T.);
#85 = EDGE_CURVE('',#57,#86,#88,.T.);
#86 = VERTEX_POINT('',#87);
#87 = CARTESIAN_POINT('',(-16.125,13.25,1.7763568394E-15));
#88 = SURFACE_CURVE('',#89,(#93,#100),.PCURVE_S1.);
#89 = LINE('',#90,#91);
#90 = CARTESIAN_POINT('',(16.125,13.25,0.));
#91 = VECTOR('',#92,1.);
#92 = DIRECTION('',(-1.,0.,0.));
#93 = PCURVE('',#32,#94);
#94 = DEFINITIONAL_REPRESENTATION('',(#95),#99);
#95 = LINE('',#96,#97);
#96 = CARTESIAN_POINT('',(16.125,15.25));
#97 = VECTOR('',#98,1.);
#98 = DIRECTION('',(-1.,0.));
#99 = ( GEOMETRIC_REPRESENTATION_CONTEXT(2) 
PARAMETRIC_REPRESENTATION_CONTEXT() REPRESENTATION_CONTEXT('2D SPACE',''
  ) );
#100 = PCURVE('',#101,#106);
#101 = PLANE('',#102);
#102 = AXIS2_PLACEMENT_3D('',#103,#104,#105);
#103 = CARTESIAN_POINT('',(16.125,13.55,0.3));
#104 = DIRECTION('',(0.,0.707106781187,-0.707106781187));
#105 = DIRECTION('',(-1.,0.,0.));
#106 = DEFINITIONAL_REPRESENTATION('',(#107),#111);
#107 = LINE('',#108,#109);
#108 = CARTESIAN_POINT('',(0.,-0.424264068712));
#109 = VECTOR('',#110,1.);
#110 = DIRECTION('',(1.,0.));
#111 = ( GEOMETRIC_REPRESENTATION_CONTEXT(2) 
PARAMETRIC_REPRESENTATION_CONTEXT() REPRESENTATION_CONTEXT('2D SPACE',''
  ) );
#112 = ORIENTED_EDGE('',*,*,#113,.T.);
#113 = EDGE_CURVE('',#86,#114,#116,.T.);
#114 = VERTEX_POINT('',#115);
#115 = CARTESIAN_POINT('',(-19.525,9.85,-1.110223024625E-16));
#116 = SURFACE_CURVE('',#117,(#122,#129),.PCURVE_S1.);
#117 = CIRCLE('',#118,3.4);
#118 = AXIS2_PLACEMENT_3D('',#119,#120,#121);
#119 = CARTESIAN_POINT('',(-16.125,9.85,0.));
#120 = DIRECTION('',(0.,-0.,1.));
#121 = DIRECTION('',(0.,1.,0.));
#122 = PCURVE('',#32,#123);
#123 = DEFINITIONAL_REPRESENTATION('',(#124),#128);
#124 = CIRCLE('',#125,3.4);
#125 = AXIS2_PLACEMENT_2D('',#126,#127);
#126 = CARTESIAN_POINT('',(-16.125,11.85));
#127 = DIRECTION('',(0.,1.));
#128 = ( GEOMETRIC_REPRESENTATION_CONTEXT(2) 
PARAMETRIC_REPRESENTATION_CONTEXT() REPRESENTATION_CONTEXT('2D SPACE',''
  ) );
#129 = PCURVE('',#130,#135);
#130 = CONICAL_SURFACE('',#131,4.,0.785398163397);
#131 = AXIS2_PLACEMENT_3D('',#132,#133,#134);
#132 = CARTESIAN_POINT('',(-16.125,9.85,0.6));
#133 = DIRECTION('',(0.,0.,1.));
#134 = DIRECTION('',(0.,1.,0.));
#135 = DEFINITIONAL_REPRESENTATION('',(#136),#140);
#136 = LINE('',#137,#138);
#137 = CARTESIAN_POINT('',(0.,-0.6));
#138 = VECTOR('',#139,1.);
#139 = DIRECTION('',(1.,0.));
#140 = ( GEOMETRIC_REPRESENTATION_CONTEXT(2) 
PARAMETRIC_REPRESENTATION_CONTEXT() REPRESENTATION_CONTEXT('2D SPACE',''
  ) );
#141 = ORIENTED_EDGE('',*,*,#142,.T.);
#142 = EDGE_CURVE('',#114,#143,#145,.T.);
#143 = VERTEX_POINT('',#144);
#144 = CARTESIAN_POINT('',(-19.525,-13.81943954598,-3.330669073875E-16)
  );
#145 = SURFACE_CURVE('',#146,(#150,#157),.PCURVE_S1.);
#146 = LINE('',#147,#148);
#147 = CARTESIAN_POINT('',(-19.525,9.85,0.));
#148 = VECTOR('',#149,1.);
#149 = DIRECTION('',(0.,-1.,0.));
#150 = PCURVE('',#32,#151);
#151 = DEFINITIONAL_REPRESENTATION('',(#152),#156);
#152 = LINE('',#153,#154);
#153 = CARTESIAN_POINT('',(-19.525,11.85));
#154 = VECTOR('',#155,1.);
#155 = DIRECTION('',(0.,-1.));
#156 = ( GEOMETRIC_REPRESENTATION_CONTEXT(2) 
PARAMETRIC_REPRESENTATION_CONTEXT() REPRESENTATION_CONTEXT('2D SPACE',''
  ) );
#157 = PCURVE('',#158,#163);
#158 = PLANE('',#159);
#159 = AXIS2_PLACEMENT_3D('',#160,#161,#162);
#160 = CARTESIAN_POINT('',(-19.825,9.85,0.3));
#161 = DIRECTION('',(-0.707106781187,0.,-0.707106781187));
#162 = DIRECTION('',(0.,-1.,-0.));
#163 = DEFINITIONAL_REPRESENTATION('',(#164),#168);
#164 = LINE('',#165,#166);
#165 = CARTESIAN_POINT('',(0.,-0.424264068712));
#166 = VECTOR('',#167,1.);
#167 = DIRECTION('',(1.,0.));
#168 = ( GEOMETRIC_REPRESENTATION_CONTEXT(2) 
PARAMETRIC_REPRESENTATION_CONTEXT() REPRESENTATION_CONTEXT('2D SPACE',''
  ) );
#169 = ORIENTED_EDGE('',*,*,#170,.T.);
#170 = EDGE_CURVE('',#143,#171,#173,.T.);
#171 = VERTEX_POINT('',#172);
#172 = CARTESIAN_POINT('',(-15.29087690672,-17.11553400235,0.));
#173 = SURFACE_CURVE('',#174,(#190,#209),.PCURVE_S1.);
#174 = B_SPLINE_CURVE_WITH_KNOTS('',14,(#175,#176,#177,#178,#179,#180,
    #181,#182,#183,#184,#185,#186,#187,#188,#189),.UNSPECIFIED.,.F.,.F.,
  (15,15),(92.155249706339,99.429876664279),.PIECEWISE_BEZIER_KNOTS.);
#175 = CARTESIAN_POINT('',(-19.525,-13.81943954598,0.));
#176 = CARTESIAN_POINT('',(-19.52499999998,-14.21328276886,0.));
#177 = CARTESIAN_POINT('',(-19.4757833008,-14.62710249296,0.));
#178 = CARTESIAN_POINT('',(-19.37024042999,-15.05249797466,0.));
#179 = CARTESIAN_POINT('',(-19.19613567898,-15.47840504802,0.));
#180 = CARTESIAN_POINT('',(-18.97092746503,-15.888087218,0.));
#181 = CARTESIAN_POINT('',(-18.63846775582,-16.27482918001,0.));
#182 = CARTESIAN_POINT('',(-18.31727303202,-16.59622803252,0.));
#183 = CARTESIAN_POINT('',(-17.85700700378,-16.8829303606,0.));
#184 = CARTESIAN_POINT('',(-17.44953552455,-17.07193939526,0.));
#185 = CARTESIAN_POINT('',(-16.97407570857,-17.20911579413,0.));
#186 = CARTESIAN_POINT('',(-16.52535912272,-17.26669009222,0.));
#187 = CARTESIAN_POINT('',(-16.08578152604,-17.26611698991,0.));
#188 = CARTESIAN_POINT('',(-15.67268410189,-17.21215568685,0.));
#189 = CARTESIAN_POINT('',(-15.29087690672,-17.11553400235,0.));
#190 = PCURVE('',#32,#191);
#191 = DEFINITIONAL_REPRESENTATION('',(#192),#208);
#192 = B_SPLINE_CURVE_WITH_KNOTS('',14,(#193,#194,#195,#196,#197,#198,
    #199,#200,#201,#202,#203,#204,#205,#206,#207),.UNSPECIFIED.,.F.,.F.,
  (15,15),(92.155249706339,99.429876664279),.PIECEWISE_BEZIER_KNOTS.);
#193 = CARTESIAN_POINT('',(-19.525,-11.81943954598));
#194 = CARTESIAN_POINT('',(-19.52499999998,-12.21328276886));
#195 = CARTESIAN_POINT('',(-19.4757833008,-12.62710249296));
#196 = CARTESIAN_POINT('',(-19.37024042999,-13.05249797466));
#197 = CARTESIAN_POINT('',(-19.19613567898,-13.47840504801));
#198 = CARTESIAN_POINT('',(-18.97092746503,-13.88808721802));
#199 = CARTESIAN_POINT('',(-18.63846775582,-14.27482918));
#200 = CARTESIAN_POINT('',(-18.31727303202,-14.59622803253));
#201 = CARTESIAN_POINT('',(-17.85700700378,-14.88293036059));
#202 = CARTESIAN_POINT('',(-17.44953552455,-15.07193939526));
#203 = CARTESIAN_POINT('',(-16.97407570857,-15.20911579413));
#204 = CARTESIAN_POINT('',(-16.52535912272,-15.26669009222));
#205 = CARTESIAN_POINT('',(-16.08578152604,-15.26611698991));
#206 = CARTESIAN_POINT('',(-15.67268410189,-15.21215568685));
#207 = CARTESIAN_POINT('',(-15.29087690672,-15.11553400235));
#208 = ( GEOMETRIC_REPRESENTATION_CONTEXT(2) 
PARAMETRIC_REPRESENTATION_CONTEXT() REPRESENTATION_CONTEXT('2D SPACE',''
  ) );
#209 = PCURVE('',#210,#241);
#210 = B_SPLINE_SURFACE_WITH_KNOTS('',1,14,(
    (#211,#212,#213,#214,#215,#216,#217,#218,#219,#220,#221,#222,#223
      ,#224,#225)
    ,(#226,#227,#228,#229,#230,#231,#232,#233,#234,#235,#236,#237,#238
      ,#239,#240
    )),.UNSPECIFIED.,.F.,.F.,.F.,(2,2),(15,15),(0.,7.27462695794),(
    92.155249706339,99.429876664279),.PIECEWISE_BEZIER_KNOTS.);
#211 = CARTESIAN_POINT('',(-19.525,-13.81943954598,0.));
#212 = CARTESIAN_POINT('',(-19.52499999998,-14.21328276886,0.));
#213 = CARTESIAN_POINT('',(-19.4757833008,-14.62710249296,0.));
#214 = CARTESIAN_POINT('',(-19.37024042999,-15.05249797466,0.));
#215 = CARTESIAN_POINT('',(-19.19613567898,-15.47840504802,0.));
#216 = CARTESIAN_POINT('',(-18.97092746503,-15.888087218,0.));
#217 = CARTESIAN_POINT('',(-18.63846775582,-16.27482918001,0.));
#218 = CARTESIAN_POINT('',(-18.31727303202,-16.59622803252,0.));
#219 = CARTESIAN_POINT('',(-17.85700700378,-16.8829303606,0.));
#220 = CARTESIAN_POINT('',(-17.44953552455,-17.07193939526,0.));
#221 = CARTESIAN_POINT('',(-16.97407570857,-17.20911579413,0.));
#222 = CARTESIAN_POINT('',(-16.52535912272,-17.26669009222,0.));
#223 = CARTESIAN_POINT('',(-16.08578152604,-17.26611698991,0.));
#224 = CARTESIAN_POINT('',(-15.67268410189,-17.21215568685,0.));
#225 = CARTESIAN_POINT('',(-15.29087690672,-17.11553400235,0.));
#226 = CARTESIAN_POINT('',(-20.125,-13.81943954598,0.6));
#227 = CARTESIAN_POINT('',(-20.12499999998,-14.28278472607,0.6));
#228 = CARTESIAN_POINT('',(-20.06714621867,-14.76958362435,
    0.600000000081));
#229 = CARTESIAN_POINT('',(-19.9425324983,-15.27045909118,0.599999999427
    ));
#230 = CARTESIAN_POINT('',(-19.73976794299,-15.76957196891,
    0.600000001927));
#231 = CARTESIAN_POINT('',(-19.46859407324,-16.25731878045,
    0.599999996138));
#232 = CARTESIAN_POINT('',(-19.09033906798,-16.70145707823,
    0.600000004861));
#233 = CARTESIAN_POINT('',(-18.69401817175,-17.09306630091,
    0.599999995766));
#234 = CARTESIAN_POINT('',(-18.1709899069,-17.4188932811,0.60000000276)
  );
#235 = CARTESIAN_POINT('',(-17.67851389364,-17.64812220485,
    0.599999998417));
#236 = CARTESIAN_POINT('',(-17.12586497249,-17.80656842395,
    0.600000000765));
#237 = CARTESIAN_POINT('',(-16.59544474321,-17.87517582776,
    0.599999999749));
#238 = CARTESIAN_POINT('',(-16.07895580733,-17.87434688158,
    0.600000000036));
#239 = CARTESIAN_POINT('',(-15.59286385481,-17.81087035196,0.6));
#240 = CARTESIAN_POINT('',(-15.14367871379,-17.69719772994,0.6));
#241 = DEFINITIONAL_REPRESENTATION('',(#242),#246);
#242 = LINE('',#243,#244);
#243 = CARTESIAN_POINT('',(0.,0.));
#244 = VECTOR('',#245,1.);
#245 = DIRECTION('',(0.,1.));
#246 = ( GEOMETRIC_REPRESENTATION_CONTEXT(2) 
PARAMETRIC_REPRESENTATION_CONTEXT() REPRESENTATION_CONTEXT('2D SPACE',''
  ) );
#247 = ORIENTED_EDGE('',*,*,#248,.T.);
#248 = EDGE_CURVE('',#171,#249,#251,.T.);
#249 = VERTEX_POINT('',#250);
#250 = CARTESIAN_POINT('',(-13.08172931934,-15.77320089085,
    -1.110223024625E-16));
#251 = SURFACE_CURVE('',#252,(#257,#264),.PCURVE_S1.);
#252 = CIRCLE('',#253,4.4);
#253 = AXIS2_PLACEMENT_3D('',#254,#255,#256);
#254 = CARTESIAN_POINT('',(-16.37033032155,-12.85,0.));
#255 = DIRECTION('',(0.,0.,1.));
#256 = DIRECTION('',(0.245330321551,-0.969439545989,0.));
#257 = PCURVE('',#32,#258);
#258 = DEFINITIONAL_REPRESENTATION('',(#259),#263);
#259 = CIRCLE('',#260,4.4);
#260 = AXIS2_PLACEMENT_2D('',#261,#262);
#261 = CARTESIAN_POINT('',(-16.37033032155,-10.85));
#262 = DIRECTION('',(0.245330321551,-0.969439545989));
#263 = ( GEOMETRIC_REPRESENTATION_CONTEXT(2) 
PARAMETRIC_REPRESENTATION_CONTEXT() REPRESENTATION_CONTEXT('2D SPACE',''
  ) );
#264 = PCURVE('',#265,#270);
#265 = CONICAL_SURFACE('',#266,5.,0.785398163397);
#266 = AXIS2_PLACEMENT_3D('',#267,#268,#269);
#267 = CARTESIAN_POINT('',(-16.37033032155,-12.85,0.6));
#268 = DIRECTION('',(0.,0.,1.));
#269 = DIRECTION('',(0.245330321551,-0.969439545989,0.));
#270 = DEFINITIONAL_REPRESENTATION('',(#271),#275);
#271 = LINE('',#272,#273);
#272 = CARTESIAN_POINT('',(0.,-0.6));
#273 = VECTOR('',#274,1.);
#274 = DIRECTION('',(1.,0.));
#275 = ( GEOMETRIC_REPRESENTATION_CONTEXT(2) 
PARAMETRIC_REPRESENTATION_CONTEXT() REPRESENTATION_CONTEXT('2D SPACE',''
  ) );
#276 = ORIENTED_EDGE('',*,*,#277,.T.);
#277 = EDGE_CURVE('',#249,#278,#280,.T.);
#278 = VERTEX_POINT('',#279);
#279 = CARTESIAN_POINT('',(-12.06516186307,-14.62956250255,
    4.440892098501E-16));
#280 = SURFACE_CURVE('',#281,(#285,#292),.PCURVE_S1.);
#281 = LINE('',#282,#283);
#282 = CARTESIAN_POINT('',(-13.08172931934,-15.77320089085,0.));
#283 = VECTOR('',#284,1.);
#284 = DIRECTION('',(0.66436383883,0.747409318684,0.));
#285 = PCURVE('',#32,#286);
#286 = DEFINITIONAL_REPRESENTATION('',(#287),#291);
#287 = LINE('',#288,#289);
#288 = CARTESIAN_POINT('',(-13.08172931934,-13.77320089085));
#289 = VECTOR('',#290,1.);
#290 = DIRECTION('',(0.66436383883,0.747409318684));
#291 = ( GEOMETRIC_REPRESENTATION_CONTEXT(2) 
PARAMETRIC_REPRESENTATION_CONTEXT() REPRESENTATION_CONTEXT('2D SPACE',''
  ) );
#292 = PCURVE('',#293,#298);
#293 = PLANE('',#294);
#294 = AXIS2_PLACEMENT_3D('',#295,#296,#297);
#295 = CARTESIAN_POINT('',(-12.85750652373,-15.9725100425,0.3));
#296 = DIRECTION('',(-0.528498197563,0.469776175612,0.707106781187));
#297 = DIRECTION('',(-0.66436383883,-0.747409318684,5.551115123126E-17)
  );
#298 = DEFINITIONAL_REPRESENTATION('',(#299),#303);
#299 = LINE('',#300,#301);
#300 = CARTESIAN_POINT('',(-0.,-0.424264068712));
#301 = VECTOR('',#302,1.);
#302 = DIRECTION('',(-1.,0.));
#303 = ( GEOMETRIC_REPRESENTATION_CONTEXT(2) 
PARAMETRIC_REPRESENTATION_CONTEXT() REPRESENTATION_CONTEXT('2D SPACE',''
  ) );
#304 = ORIENTED_EDGE('',*,*,#305,.T.);
#305 = EDGE_CURVE('',#278,#306,#308,.T.);
#306 = VERTEX_POINT('',#307);
#307 = CARTESIAN_POINT('',(-7.879669678449,-12.75,-1.110223024625E-16));
#308 = SURFACE_CURVE('',#309,(#314,#325),.PCURVE_S1.);
#309 = CIRCLE('',#310,5.6);
#310 = AXIS2_PLACEMENT_3D('',#311,#312,#313);
#311 = CARTESIAN_POINT('',(-7.879669678449,-18.35,0.));
#312 = DIRECTION('',(-0.,0.,-1.));
#313 = DIRECTION('',(-0.747409318684,0.66436383883,0.));
#314 = PCURVE('',#32,#315);
#315 = DEFINITIONAL_REPRESENTATION('',(#316),#324);
#316 = ( BOUNDED_CURVE() B_SPLINE_CURVE(2,(#317,#318,#319,#320,#321,#322
,#323),.UNSPECIFIED.,.T.,.F.) B_SPLINE_CURVE_WITH_KNOTS((1,2,2,2,2,1),(
    -2.094395102393,0.,2.094395102393,4.188790204786,6.28318530718,
8.377580409573),.UNSPECIFIED.) CURVE() GEOMETRIC_REPRESENTATION_ITEM() 
RATIONAL_B_SPLINE_CURVE((1.,0.5,1.,0.5,1.,0.5,1.)) REPRESENTATION_ITEM(
  '') );
#317 = CARTESIAN_POINT('',(-12.06516186307,-12.62956250255));
#318 = CARTESIAN_POINT('',(-5.621175091114,-5.380077384094));
#319 = CARTESIAN_POINT('',(-2.564930200153,-14.58547618949));
#320 = CARTESIAN_POINT('',(0.491314690808,-23.79087499489));
#321 = CARTESIAN_POINT('',(-9.008916972117,-21.83496130795));
#322 = CARTESIAN_POINT('',(-18.50914863504,-19.87904762101));
#323 = CARTESIAN_POINT('',(-12.06516186307,-12.62956250255));
#324 = ( GEOMETRIC_REPRESENTATION_CONTEXT(2) 
PARAMETRIC_REPRESENTATION_CONTEXT() REPRESENTATION_CONTEXT('2D SPACE',''
  ) );
#325 = PCURVE('',#326,#331);
#326 = CONICAL_SURFACE('',#327,5.,0.785398163397);
#327 = AXIS2_PLACEMENT_3D('',#328,#329,#330);
#328 = CARTESIAN_POINT('',(-7.879669678449,-18.35,0.6));
#329 = DIRECTION('',(-0.,-0.,-1.));
#330 = DIRECTION('',(-0.747409318684,0.66436383883,0.));
#331 = DEFINITIONAL_REPRESENTATION('',(#332),#336);
#332 = LINE('',#333,#334);
#333 = CARTESIAN_POINT('',(-0.,0.6));
#334 = VECTOR('',#335,1.);
#335 = DIRECTION('',(1.,-0.));
#336 = ( GEOMETRIC_REPRESENTATION_CONTEXT(2) 
PARAMETRIC_REPRESENTATION_CONTEXT() REPRESENTATION_CONTEXT('2D SPACE',''
  ) );
#337 = ORIENTED_EDGE('',*,*,#338,.T.);
#338 = EDGE_CURVE('',#306,#339,#341,.T.);
#339 = VERTEX_POINT('',#340);
#340 = CARTESIAN_POINT('',(7.879669678449,-12.75,4.996003610813E-16));
#341 = SURFACE_CURVE('',#342,(#346,#353),.PCURVE_S1.);
#342 = LINE('',#343,#344);
#343 = CARTESIAN_POINT('',(-7.879669678449,-12.75,0.));
#344 = VECTOR('',#345,1.);
#345 = DIRECTION('',(1.,-0.,-0.));
#346 = PCURVE('',#32,#347);
#347 = DEFINITIONAL_REPRESENTATION('',(#348),#352);
#348 = LINE('',#349,#350);
#349 = CARTESIAN_POINT('',(-7.879669678449,-10.75));
#350 = VECTOR('',#351,1.);
#351 = DIRECTION('',(1.,-0.));
#352 = ( GEOMETRIC_REPRESENTATION_CONTEXT(2) 
PARAMETRIC_REPRESENTATION_CONTEXT() REPRESENTATION_CONTEXT('2D SPACE',''
  ) );
#353 = PCURVE('',#354,#359);
#354 = PLANE('',#355);
#355 = AXIS2_PLACEMENT_3D('',#356,#357,#358);
#356 = CARTESIAN_POINT('',(-7.879669678449,-13.05,0.3));
#357 = DIRECTION('',(0.,-0.707106781187,-0.707106781187));
#358 = DIRECTION('',(1.,0.,0.));
#359 = DEFINITIONAL_REPRESENTATION('',(#360),#364);
#360 = LINE('',#361,#362);
#361 = CARTESIAN_POINT('',(0.,-0.424264068712));
#362 = VECTOR('',#363,1.);
#363 = DIRECTION('',(1.,0.));
#364 = ( GEOMETRIC_REPRESENTATION_CONTEXT(2) 
PARAMETRIC_REPRESENTATION_CONTEXT() REPRESENTATION_CONTEXT('2D SPACE',''
  ) );
#365 = ORIENTED_EDGE('',*,*,#366,.T.);
#366 = EDGE_CURVE('',#339,#367,#369,.T.);
#367 = VERTEX_POINT('',#368);
#368 = CARTESIAN_POINT('',(12.065161863077,-14.62956250255,
    -1.110223024625E-16));
#369 = SURFACE_CURVE('',#370,(#375,#386),.PCURVE_S1.);
#370 = CIRCLE('',#371,5.6);
#371 = AXIS2_PLACEMENT_3D('',#372,#373,#374);
#372 = CARTESIAN_POINT('',(7.879669678449,-18.35,0.));
#373 = DIRECTION('',(-0.,0.,-1.));
#374 = DIRECTION('',(-1.7763568394E-16,1.,0.));
#375 = PCURVE('',#32,#376);
#376 = DEFINITIONAL_REPRESENTATION('',(#377),#385);
#377 = ( BOUNDED_CURVE() B_SPLINE_CURVE(2,(#378,#379,#380,#381,#382,#383
,#384),.UNSPECIFIED.,.T.,.F.) B_SPLINE_CURVE_WITH_KNOTS((1,2,2,2,2,1),(
    -2.094395102393,0.,2.094395102393,4.188790204786,6.28318530718,
8.377580409573),.UNSPECIFIED.) CURVE() GEOMETRIC_REPRESENTATION_ITEM() 
RATIONAL_B_SPLINE_CURVE((1.,0.5,1.,0.5,1.,0.5,1.)) REPRESENTATION_ITEM(
  '') );
#378 = CARTESIAN_POINT('',(7.879669678449,-10.75));
#379 = CARTESIAN_POINT('',(17.579154200835,-10.75));
#380 = CARTESIAN_POINT('',(12.729411939642,-19.15));
#381 = CARTESIAN_POINT('',(7.879669678449,-27.55));
#382 = CARTESIAN_POINT('',(3.029927417256,-19.15));
#383 = CARTESIAN_POINT('',(-1.819814843937,-10.75));
#384 = CARTESIAN_POINT('',(7.879669678449,-10.75));
#385 = ( GEOMETRIC_REPRESENTATION_CONTEXT(2) 
PARAMETRIC_REPRESENTATION_CONTEXT() REPRESENTATION_CONTEXT('2D SPACE',''
  ) );
#386 = PCURVE('',#387,#392);
#387 = CONICAL_SURFACE('',#388,5.,0.785398163397);
#388 = AXIS2_PLACEMENT_3D('',#389,#390,#391);
#389 = CARTESIAN_POINT('',(7.879669678449,-18.35,0.6));
#390 = DIRECTION('',(-0.,-0.,-1.));
#391 = DIRECTION('',(-1.7763568394E-16,1.,0.));
#392 = DEFINITIONAL_REPRESENTATION('',(#393),#397);
#393 = LINE('',#394,#395);
#394 = CARTESIAN_POINT('',(-0.,0.6));
#395 = VECTOR('',#396,1.);
#396 = DIRECTION('',(1.,-0.));
#397 = ( GEOMETRIC_REPRESENTATION_CONTEXT(2) 
PARAMETRIC_REPRESENTATION_CONTEXT() REPRESENTATION_CONTEXT('2D SPACE',''
  ) );
#398 = ORIENTED_EDGE('',*,*,#399,.T.);
#399 = EDGE_CURVE('',#367,#400,#402,.T.);
#400 = VERTEX_POINT('',#401);
#401 = CARTESIAN_POINT('',(13.081729319343,-15.77320089085,
    -6.106226635438E-16));
#402 = SURFACE_CURVE('',#403,(#407,#414),.PCURVE_S1.);
#403 = LINE('',#404,#405);
#404 = CARTESIAN_POINT('',(12.065161863077,-14.62956250255,0.));
#405 = VECTOR('',#406,1.);
#406 = DIRECTION('',(0.66436383883,-0.747409318684,0.));
#407 = PCURVE('',#32,#408);
#408 = DEFINITIONAL_REPRESENTATION('',(#409),#413);
#409 = LINE('',#410,#411);
#410 = CARTESIAN_POINT('',(12.065161863077,-12.62956250255));
#411 = VECTOR('',#412,1.);
#412 = DIRECTION('',(0.66436383883,-0.747409318684));
#413 = ( GEOMETRIC_REPRESENTATION_CONTEXT(2) 
PARAMETRIC_REPRESENTATION_CONTEXT() REPRESENTATION_CONTEXT('2D SPACE',''
  ) );
#414 = PCURVE('',#415,#420);
#415 = PLANE('',#416);
#416 = AXIS2_PLACEMENT_3D('',#417,#418,#419);
#417 = CARTESIAN_POINT('',(11.840939067472,-14.8288716542,0.3));
#418 = DIRECTION('',(-0.528498197563,-0.469776175612,-0.707106781187));
#419 = DIRECTION('',(0.66436383883,-0.747409318684,5.551115123126E-17));
#420 = DEFINITIONAL_REPRESENTATION('',(#421),#425);
#421 = LINE('',#422,#423);
#422 = CARTESIAN_POINT('',(-3.552713678801E-15,-0.424264068712));
#423 = VECTOR('',#424,1.);
#424 = DIRECTION('',(1.,0.));
#425 = ( GEOMETRIC_REPRESENTATION_CONTEXT(2) 
PARAMETRIC_REPRESENTATION_CONTEXT() REPRESENTATION_CONTEXT('2D SPACE',''
  ) );
#426 = ORIENTED_EDGE('',*,*,#427,.T.);
#427 = EDGE_CURVE('',#400,#428,#430,.T.);
#428 = VERTEX_POINT('',#429);
#429 = CARTESIAN_POINT('',(15.290876906726,-17.11553400235,
    6.661338147751E-16));
#430 = SURFACE_CURVE('',#431,(#436,#443),.PCURVE_S1.);
#431 = CIRCLE('',#432,4.4);
#432 = AXIS2_PLACEMENT_3D('',#433,#434,#435);
#433 = CARTESIAN_POINT('',(16.370330321552,-12.85,0.));
#434 = DIRECTION('',(0.,0.,1.));
#435 = DIRECTION('',(-0.747409318684,-0.66436383883,0.));
#436 = PCURVE('',#32,#437);
#437 = DEFINITIONAL_REPRESENTATION('',(#438),#442);
#438 = CIRCLE('',#439,4.4);
#439 = AXIS2_PLACEMENT_2D('',#440,#441);
#440 = CARTESIAN_POINT('',(16.370330321552,-10.85));
#441 = DIRECTION('',(-0.747409318684,-0.66436383883));
#442 = ( GEOMETRIC_REPRESENTATION_CONTEXT(2) 
PARAMETRIC_REPRESENTATION_CONTEXT() REPRESENTATION_CONTEXT('2D SPACE',''
  ) );
#443 = PCURVE('',#444,#449);
#444 = CONICAL_SURFACE('',#445,5.,0.785398163397);
#445 = AXIS2_PLACEMENT_3D('',#446,#447,#448);
#446 = CARTESIAN_POINT('',(16.370330321552,-12.85,0.6));
#447 = DIRECTION('',(0.,0.,1.));
#448 = DIRECTION('',(-0.747409318684,-0.66436383883,0.));
#449 = DEFINITIONAL_REPRESENTATION('',(#450),#454);
#450 = LINE('',#451,#452);
#451 = CARTESIAN_POINT('',(0.,-0.6));
#452 = VECTOR('',#453,1.);
#453 = DIRECTION('',(1.,0.));
#454 = ( GEOMETRIC_REPRESENTATION_CONTEXT(2) 
PARAMETRIC_REPRESENTATION_CONTEXT() REPRESENTATION_CONTEXT('2D SPACE',''
  ) );
#455 = ORIENTED_EDGE('',*,*,#456,.T.);
#456 = EDGE_CURVE('',#428,#22,#457,.T.);
#457 = SURFACE_CURVE('',#458,(#474,#493),.PCURVE_S1.);
#458 = B_SPLINE_CURVE_WITH_KNOTS('',14,(#459,#460,#461,#462,#463,#464,
    #465,#466,#467,#468,#469,#470,#471,#472,#473),.UNSPECIFIED.,.F.,.F.,
  (15,15),(132.65396491197,139.92859186991),.PIECEWISE_BEZIER_KNOTS.);
#459 = CARTESIAN_POINT('',(15.290876906726,-17.11553400235,0.));
#460 = CARTESIAN_POINT('',(15.672684101922,-17.21215568687,0.));
#461 = CARTESIAN_POINT('',(16.085931655895,-17.26596559819,0.));
#462 = CARTESIAN_POINT('',(16.52421972538,-17.26801057618,0.));
#463 = CARTESIAN_POINT('',(16.979824058695,-17.20371446385,0.));
#464 = CARTESIAN_POINT('',(17.432236561398,-17.0858961746,0.));
#465 = CARTESIAN_POINT('',(17.888721956758,-16.85847611452,0.));
#466 = CARTESIAN_POINT('',(18.279097525037,-16.62594613048,0.));
#467 = CARTESIAN_POINT('',(18.669955306266,-16.25008281689,0.));
#468 = CARTESIAN_POINT('',(18.953153253097,-15.90143349682,0.));
#469 = CARTESIAN_POINT('',(19.202782185453,-15.4741574795,0.));
#470 = CARTESIAN_POINT('',(19.368680772499,-15.05327859716,0.));
#471 = CARTESIAN_POINT('',(19.47596689714,-14.62699409195,0.));
#472 = CARTESIAN_POINT('',(19.525000000014,-14.21328276887,0.));
#473 = CARTESIAN_POINT('',(19.525,-13.81943954598,0.));
#474 = PCURVE('',#32,#475);
#475 = DEFINITIONAL_REPRESENTATION('',(#476),#492);
#476 = B_SPLINE_CURVE_WITH_KNOTS('',14,(#477,#478,#479,#480,#481,#482,
    #483,#484,#485,#486,#487,#488,#489,#490,#491),.UNSPECIFIED.,.F.,.F.,
  (15,15),(132.65396491197,139.92859186991),.PIECEWISE_BEZIER_KNOTS.);
#477 = CARTESIAN_POINT('',(15.290876906726,-15.11553400235));
#478 = CARTESIAN_POINT('',(15.672684101922,-15.21215568687));
#479 = CARTESIAN_POINT('',(16.085931655895,-15.26596559821));
#480 = CARTESIAN_POINT('',(16.52421972538,-15.26801057612));
#481 = CARTESIAN_POINT('',(16.979824058695,-15.20371446396));
#482 = CARTESIAN_POINT('',(17.432236561398,-15.08589617442));
#483 = CARTESIAN_POINT('',(17.888721956758,-14.85847611474));
#484 = CARTESIAN_POINT('',(18.279097525037,-14.62594613025));
#485 = CARTESIAN_POINT('',(18.669955306266,-14.25008281708));
#486 = CARTESIAN_POINT('',(18.953153253097,-13.90143349669));
#487 = CARTESIAN_POINT('',(19.202782185453,-13.47415747957));
#488 = CARTESIAN_POINT('',(19.368680772499,-13.05327859713));
#489 = CARTESIAN_POINT('',(19.47596689714,-12.62699409196));
#490 = CARTESIAN_POINT('',(19.525000000014,-12.21328276887));
#491 = CARTESIAN_POINT('',(19.525,-11.81943954598));
#492 = ( GEOMETRIC_REPRESENTATION_CONTEXT(2) 
PARAMETRIC_REPRESENTATION_CONTEXT() REPRESENTATION_CONTEXT('2D SPACE',''
  ) );
#493 = PCURVE('',#494,#525);
#494 = B_SPLINE_SURFACE_WITH_KNOTS('',1,14,(
    (#495,#496,#497,#498,#499,#500,#501,#502,#503,#504,#505,#506,#507
      ,#508,#509)
    ,(#510,#511,#512,#513,#514,#515,#516,#517,#518,#519,#520,#521,#522
      ,#523,#524
    )),.UNSPECIFIED.,.F.,.F.,.F.,(2,2),(15,15),(0.,7.27462695794),(
    132.65396491197,139.92859186991),.PIECEWISE_BEZIER_KNOTS.);
#495 = CARTESIAN_POINT('',(15.290876906726,-17.11553400235,0.));
#496 = CARTESIAN_POINT('',(15.672684101922,-17.21215568687,0.));
#497 = CARTESIAN_POINT('',(16.085931655895,-17.26596559819,0.));
#498 = CARTESIAN_POINT('',(16.52421972538,-17.26801057618,0.));
#499 = CARTESIAN_POINT('',(16.979824058695,-17.20371446385,0.));
#500 = CARTESIAN_POINT('',(17.432236561398,-17.0858961746,0.));
#501 = CARTESIAN_POINT('',(17.888721956758,-16.85847611452,0.));
#502 = CARTESIAN_POINT('',(18.279097525037,-16.62594613048,0.));
#503 = CARTESIAN_POINT('',(18.669955306266,-16.25008281689,0.));
#504 = CARTESIAN_POINT('',(18.953153253097,-15.90143349682,0.));
#505 = CARTESIAN_POINT('',(19.202782185453,-15.4741574795,0.));
#506 = CARTESIAN_POINT('',(19.368680772499,-15.05327859716,0.));
#507 = CARTESIAN_POINT('',(19.47596689714,-14.62699409195,0.));
#508 = CARTESIAN_POINT('',(19.525000000014,-14.21328276887,0.));
#509 = CARTESIAN_POINT('',(19.525,-13.81943954598,0.));
#510 = CARTESIAN_POINT('',(15.143678713795,-17.69719772994,0.6));
#511 = CARTESIAN_POINT('',(15.59286385483,-17.81087035198,0.600000000001
    ));
#512 = CARTESIAN_POINT('',(16.078979244449,-17.87421113858,
    0.600000000077));
#513 = CARTESIAN_POINT('',(16.595119253988,-17.87628560985,
    0.599999999438));
#514 = CARTESIAN_POINT('',(17.128723308446,-17.80216515338,
    0.600000001905));
#515 = CARTESIAN_POINT('',(17.668091529997,-17.65893756334,
    0.599999996173));
#516 = CARTESIAN_POINT('',(18.191454179492,-17.40120279339,
    0.600000004816));
#517 = CARTESIAN_POINT('',(18.668325182721,-17.11306726041,
    0.599999995813));
#518 = CARTESIAN_POINT('',(19.112509431288,-16.68595821484,
    0.600000002721));
#519 = CARTESIAN_POINT('',(19.455552316668,-16.26476929753,
    0.599999998445));
#520 = CARTESIAN_POINT('',(19.744737883134,-15.76788124009,
    0.600000000749));
#521 = CARTESIAN_POINT('',(19.941376779751,-15.27050237052,
    0.599999999756));
#522 = CARTESIAN_POINT('',(20.067283562981,-14.76959420519,
    0.600000000033));
#523 = CARTESIAN_POINT('',(20.125000000008,-14.28278472608,0.6));
#524 = CARTESIAN_POINT('',(20.125,-13.81943954598,0.6));
#525 = DEFINITIONAL_REPRESENTATION('',(#526),#530);
#526 = LINE('',#527,#528);
#527 = CARTESIAN_POINT('',(0.,0.));
#528 = VECTOR('',#529,1.);
#529 = DIRECTION('',(0.,1.));
#530 = ( GEOMETRIC_REPRESENTATION_CONTEXT(2) 
PARAMETRIC_REPRESENTATION_CONTEXT() REPRESENTATION_CONTEXT('2D SPACE',''
  ) );
#531 = ADVANCED_FACE('',(#532),#44,.T.);
#532 = FACE_BOUND('',#533,.T.);
#533 = EDGE_LOOP('',(#534,#555,#556,#577));
#534 = ORIENTED_EDGE('',*,*,#535,.F.);
#535 = EDGE_CURVE('',#22,#536,#538,.T.);
#536 = VERTEX_POINT('',#537);
#537 = CARTESIAN_POINT('',(20.125,-13.81943954598,0.6));
#538 = SURFACE_CURVE('',#539,(#543,#549),.PCURVE_S1.);
#539 = LINE('',#540,#541);
#540 = CARTESIAN_POINT('',(19.825,-13.81943954598,0.3));
#541 = VECTOR('',#542,1.);
#542 = DIRECTION('',(0.707106781187,-0.,0.707106781187));
#543 = PCURVE('',#44,#544);
#544 = DEFINITIONAL_REPRESENTATION('',(#545),#548);
#545 = B_SPLINE_CURVE_WITH_KNOTS('',1,(#546,#547),.UNSPECIFIED.,.F.,.F.,
  (2,2),(-0.424264068712,0.424264068712),.PIECEWISE_BEZIER_KNOTS.);
#546 = CARTESIAN_POINT('',(-1.7763568394E-15,-0.424264068712));
#547 = CARTESIAN_POINT('',(-1.7763568394E-15,0.424264068712));
#548 = ( GEOMETRIC_REPRESENTATION_CONTEXT(2) 
PARAMETRIC_REPRESENTATION_CONTEXT() REPRESENTATION_CONTEXT('2D SPACE',''
  ) );
#549 = PCURVE('',#494,#550);
#550 = DEFINITIONAL_REPRESENTATION('',(#551),#554);
#551 = B_SPLINE_CURVE_WITH_KNOTS('',1,(#552,#553),.UNSPECIFIED.,.F.,.F.,
  (2,2),(-0.424264068712,0.424264068712),.PIECEWISE_BEZIER_KNOTS.);
#552 = CARTESIAN_POINT('',(0.,139.92859186991));
#553 = CARTESIAN_POINT('',(7.27462695794,139.92859186991));
#554 = ( GEOMETRIC_REPRESENTATION_CONTEXT(2) 
PARAMETRIC_REPRESENTATION_CONTEXT() REPRESENTATION_CONTEXT('2D SPACE',''
  ) );
#555 = ORIENTED_EDGE('',*,*,#21,.T.);
#556 = ORIENTED_EDGE('',*,*,#557,.T.);
#557 = EDGE_CURVE('',#24,#558,#560,.T.);
#558 = VERTEX_POINT('',#559);
#559 = CARTESIAN_POINT('',(20.125,9.85,0.6));
#560 = SURFACE_CURVE('',#561,(#565,#571),.PCURVE_S1.);
#561 = LINE('',#562,#563);
#562 = CARTESIAN_POINT('',(19.825,9.85,0.3));
#563 = VECTOR('',#564,1.);
#564 = DIRECTION('',(0.707106781187,-0.,0.707106781187));
#565 = PCURVE('',#44,#566);
#566 = DEFINITIONAL_REPRESENTATION('',(#567),#570);
#567 = B_SPLINE_CURVE_WITH_KNOTS('',1,(#568,#569),.UNSPECIFIED.,.F.,.F.,
  (2,2),(-0.424264068712,0.424264068712),.PIECEWISE_BEZIER_KNOTS.);
#568 = CARTESIAN_POINT('',(23.66943954599,-0.424264068712));
#569 = CARTESIAN_POINT('',(23.66943954599,0.424264068712));
#570 = ( GEOMETRIC_REPRESENTATION_CONTEXT(2) 
PARAMETRIC_REPRESENTATION_CONTEXT() REPRESENTATION_CONTEXT('2D SPACE',''
  ) );
#571 = PCURVE('',#73,#572);
#572 = DEFINITIONAL_REPRESENTATION('',(#573),#576);
#573 = B_SPLINE_CURVE_WITH_KNOTS('',1,(#574,#575),.UNSPECIFIED.,.F.,.F.,
  (2,2),(-0.424264068712,0.424264068712),.PIECEWISE_BEZIER_KNOTS.);
#574 = CARTESIAN_POINT('',(0.,-0.6));
#575 = CARTESIAN_POINT('',(0.,7.850462293419E-17));
#576 = ( GEOMETRIC_REPRESENTATION_CONTEXT(2) 
PARAMETRIC_REPRESENTATION_CONTEXT() REPRESENTATION_CONTEXT('2D SPACE',''
  ) );
#577 = ORIENTED_EDGE('',*,*,#578,.F.);
#578 = EDGE_CURVE('',#536,#558,#579,.T.);
#579 = SURFACE_CURVE('',#580,(#584,#591),.PCURVE_S1.);
#580 = LINE('',#581,#582);
#581 = CARTESIAN_POINT('',(20.125,-13.81943954598,0.6));
#582 = VECTOR('',#583,1.);
#583 = DIRECTION('',(0.,1.,0.));
#584 = PCURVE('',#44,#585);
#585 = DEFINITIONAL_REPRESENTATION('',(#586),#590);
#586 = LINE('',#587,#588);
#587 = CARTESIAN_POINT('',(0.,0.424264068712));
#588 = VECTOR('',#589,1.);
#589 = DIRECTION('',(1.,0.));
#590 = ( GEOMETRIC_REPRESENTATION_CONTEXT(2) 
PARAMETRIC_REPRESENTATION_CONTEXT() REPRESENTATION_CONTEXT('2D SPACE',''
  ) );
#591 = PCURVE('',#592,#597);
#592 = PLANE('',#593);
#593 = AXIS2_PLACEMENT_3D('',#594,#595,#596);
#594 = CARTESIAN_POINT('',(20.125,-17.85,0.));
#595 = DIRECTION('',(-1.,0.,0.));
#596 = DIRECTION('',(0.,1.,0.));
#597 = DEFINITIONAL_REPRESENTATION('',(#598),#602);
#598 = LINE('',#599,#600);
#599 = CARTESIAN_POINT('',(4.030560454011,-0.6));
#600 = VECTOR('',#601,1.);
#601 = DIRECTION('',(1.,0.));
#602 = ( GEOMETRIC_REPRESENTATION_CONTEXT(2) 
PARAMETRIC_REPRESENTATION_CONTEXT() REPRESENTATION_CONTEXT('2D SPACE',''
  ) );
#603 = ADVANCED_FACE('',(#604),#494,.F.);
#604 = FACE_BOUND('',#605,.F.);
#605 = EDGE_LOOP('',(#606,#627,#695,#696));
#606 = ORIENTED_EDGE('',*,*,#607,.T.);
#607 = EDGE_CURVE('',#428,#608,#610,.T.);
#608 = VERTEX_POINT('',#609);
#609 = CARTESIAN_POINT('',(15.143678713795,-17.69719772994,0.6));
#610 = SURFACE_CURVE('',#611,(#615,#621),.PCURVE_S1.);
#611 = LINE('',#612,#613);
#612 = CARTESIAN_POINT('',(15.143678713795,-17.69719772994,0.6));
#613 = VECTOR('',#614,1.);
#614 = DIRECTION('',(-0.173474734,-0.685497276919,0.707106781187));
#615 = PCURVE('',#494,#616);
#616 = DEFINITIONAL_REPRESENTATION('',(#617),#620);
#617 = B_SPLINE_CURVE_WITH_KNOTS('',1,(#618,#619),.UNSPECIFIED.,.F.,.F.,
  (2,2),(-0.848528137424,0.),.PIECEWISE_BEZIER_KNOTS.);
#618 = CARTESIAN_POINT('',(0.,132.65396491197));
#619 = CARTESIAN_POINT('',(7.27462695794,132.65396491197));
#620 = ( GEOMETRIC_REPRESENTATION_CONTEXT(2) 
PARAMETRIC_REPRESENTATION_CONTEXT() REPRESENTATION_CONTEXT('2D SPACE',''
  ) );
#621 = PCURVE('',#444,#622);
#622 = DEFINITIONAL_REPRESENTATION('',(#623),#626);
#623 = B_SPLINE_CURVE_WITH_KNOTS('',1,(#624,#625),.UNSPECIFIED.,.F.,.F.,
  (2,2),(-0.848528137424,0.),.PIECEWISE_BEZIER_KNOTS.);
#624 = CARTESIAN_POINT('',(0.596293573708,-0.6));
#625 = CARTESIAN_POINT('',(0.596293573708,0.));
#626 = ( GEOMETRIC_REPRESENTATION_CONTEXT(2) 
PARAMETRIC_REPRESENTATION_CONTEXT() REPRESENTATION_CONTEXT('2D SPACE',''
  ) );
#627 = ORIENTED_EDGE('',*,*,#628,.T.);
#628 = EDGE_CURVE('',#608,#536,#629,.T.);
#629 = SURFACE_CURVE('',#630,(#646,#653),.PCURVE_S1.);
#630 = B_SPLINE_CURVE_WITH_KNOTS('',14,(#631,#632,#633,#634,#635,#636,
    #637,#638,#639,#640,#641,#642,#643,#644,#645),.UNSPECIFIED.,.F.,.F.,
  (15,15),(132.65396491197,139.92859186991),.PIECEWISE_BEZIER_KNOTS.);
#631 = CARTESIAN_POINT('',(15.143678713795,-17.69719772994,0.6));
#632 = CARTESIAN_POINT('',(15.59286385483,-17.81087035198,0.600000000001
    ));
#633 = CARTESIAN_POINT('',(16.078979244449,-17.87421113858,
    0.600000000077));
#634 = CARTESIAN_POINT('',(16.595119253988,-17.87628560985,
    0.599999999438));
#635 = CARTESIAN_POINT('',(17.128723308446,-17.80216515338,
    0.600000001905));
#636 = CARTESIAN_POINT('',(17.668091529997,-17.65893756334,
    0.599999996173));
#637 = CARTESIAN_POINT('',(18.191454179492,-17.40120279339,
    0.600000004816));
#638 = CARTESIAN_POINT('',(18.668325182721,-17.11306726041,
    0.599999995813));
#639 = CARTESIAN_POINT('',(19.112509431288,-16.68595821484,
    0.600000002721));
#640 = CARTESIAN_POINT('',(19.455552316668,-16.26476929753,
    0.599999998445));
#641 = CARTESIAN_POINT('',(19.744737883134,-15.76788124009,
    0.600000000749));
#642 = CARTESIAN_POINT('',(19.941376779751,-15.27050237052,
    0.599999999756));
#643 = CARTESIAN_POINT('',(20.067283562981,-14.76959420519,
    0.600000000033));
#644 = CARTESIAN_POINT('',(20.125000000008,-14.28278472608,0.6));
#645 = CARTESIAN_POINT('',(20.125,-13.81943954598,0.6));
#646 = PCURVE('',#494,#647);
#647 = DEFINITIONAL_REPRESENTATION('',(#648),#652);
#648 = LINE('',#649,#650);
#649 = CARTESIAN_POINT('',(7.27462695794,0.));
#650 = VECTOR('',#651,1.);
#651 = DIRECTION('',(0.,1.));
#652 = ( GEOMETRIC_REPRESENTATION_CONTEXT(2) 
PARAMETRIC_REPRESENTATION_CONTEXT() REPRESENTATION_CONTEXT('2D SPACE',''
  ) );
#653 = PCURVE('',#654,#670);
#654 = ( BOUNDED_SURFACE() B_SPLINE_SURFACE(2,2,(
    (#655,#656,#657,#658,#659)
    ,(#660,#661,#662,#663,#664)
    ,(#665,#666,#667,#668,#669
)),.UNSPECIFIED.,.F.,.F.,.F.) B_SPLINE_SURFACE_WITH_KNOTS((3,3),(3,1,1,3
    ),(0.,14.),(-0.8568,6.170714980658E-14,14.,14.8568),.UNSPECIFIED.) 
GEOMETRIC_REPRESENTATION_ITEM() RATIONAL_B_SPLINE_SURFACE((
    (1.,1.,1.,1.,1.)
    ,(0.614275865735,0.614275865735,0.614275865735,0.614275865735
      ,0.614275865735)
,(1.,1.,1.,1.,1.))) REPRESENTATION_ITEM('') SURFACE() );
#655 = CARTESIAN_POINT('',(20.125,-13.81943954598,-0.8568));
#656 = CARTESIAN_POINT('',(20.125,-13.81943954598,-0.4284));
#657 = CARTESIAN_POINT('',(20.125,-13.81943954598,7.));
#658 = CARTESIAN_POINT('',(20.125,-13.81943954598,14.4284));
#659 = CARTESIAN_POINT('',(20.125,-13.81943954598,14.8568));
#660 = CARTESIAN_POINT('',(20.125,-18.95779119134,-0.8568));
#661 = CARTESIAN_POINT('',(20.125,-18.95779119134,-0.4284));
#662 = CARTESIAN_POINT('',(20.125,-18.95779119134,7.));
#663 = CARTESIAN_POINT('',(20.125,-18.95779119134,14.4284));
#664 = CARTESIAN_POINT('',(20.125,-18.95779119134,14.8568));
#665 = CARTESIAN_POINT('',(15.143678713795,-17.69719772994,-0.8568));
#666 = CARTESIAN_POINT('',(15.143678713795,-17.69719772994,-0.4284));
#667 = CARTESIAN_POINT('',(15.143678713795,-17.69719772994,7.));
#668 = CARTESIAN_POINT('',(15.143678713795,-17.69719772994,14.4284));
#669 = CARTESIAN_POINT('',(15.143678713795,-17.69719772994,14.8568));
#670 = DEFINITIONAL_REPRESENTATION('',(#671),#694);
#671 = B_SPLINE_CURVE_WITH_KNOTS('',11,(#672,#673,#674,#675,#676,#677,
    #678,#679,#680,#681,#682,#683,#684,#685,#686,#687,#688,#689,#690,
    #691,#692,#693),.UNSPECIFIED.,.F.,.F.,(12,10,12),(132.65396491197,
    136.29127839094,139.92859186991),.UNSPECIFIED.);
#672 = CARTESIAN_POINT('',(14.,0.6));
#673 = CARTESIAN_POINT('',(13.3460857978,0.6));
#674 = CARTESIAN_POINT('',(12.696560853524,0.600000000026));
#675 = CARTESIAN_POINT('',(12.051241912919,0.599999999909));
#676 = CARTESIAN_POINT('',(11.410473573129,0.600000000102));
#677 = CARTESIAN_POINT('',(10.773116770816,0.6));
#678 = CARTESIAN_POINT('',(10.139166952697,0.599999999918));
#679 = CARTESIAN_POINT('',(9.508397632212,0.600000000023));
#680 = CARTESIAN_POINT('',(8.879754592129,0.599999999973));
#681 = CARTESIAN_POINT('',(8.252700579922,0.599999999999));
#682 = CARTESIAN_POINT('',(7.626343544379,0.599999999994));
#683 = CARTESIAN_POINT('',(6.373630165573,0.599999999989));
#684 = CARTESIAN_POINT('',(5.74727370427,0.599999999985));
#685 = CARTESIAN_POINT('',(5.120133000805,0.599999999988));
#686 = CARTESIAN_POINT('',(4.491725921224,0.599999999981));
#687 = CARTESIAN_POINT('',(3.860636831951,0.60000000003));
#688 = CARTESIAN_POINT('',(3.227699351362,0.599999999968));
#689 = CARTESIAN_POINT('',(2.588961493321,0.600000000051));
#690 = CARTESIAN_POINT('',(1.948806872605,0.599999999951));
#691 = CARTESIAN_POINT('',(1.303440196022,0.600000000013));
#692 = CARTESIAN_POINT('',(0.653914202191,0.6));
#693 = CARTESIAN_POINT('',(8.047569756428E-15,0.6));
#694 = ( GEOMETRIC_REPRESENTATION_CONTEXT(2) 
PARAMETRIC_REPRESENTATION_CONTEXT() REPRESENTATION_CONTEXT('2D SPACE',''
  ) );
#695 = ORIENTED_EDGE('',*,*,#535,.F.);
#696 = ORIENTED_EDGE('',*,*,#456,.F.);
#697 = ADVANCED_FACE('',(#698),#73,.T.);
#698 = FACE_BOUND('',#699,.T.);
#699 = EDGE_LOOP('',(#700,#701,#702,#723));
#700 = ORIENTED_EDGE('',*,*,#557,.F.);
#701 = ORIENTED_EDGE('',*,*,#56,.T.);
#702 = ORIENTED_EDGE('',*,*,#703,.T.);
#703 = EDGE_CURVE('',#57,#704,#706,.T.);
#704 = VERTEX_POINT('',#705);
#705 = CARTESIAN_POINT('',(16.125,13.85,0.6));
#706 = SURFACE_CURVE('',#707,(#711,#717),.PCURVE_S1.);
#707 = LINE('',#708,#709);
#708 = CARTESIAN_POINT('',(16.125,13.85,0.6));
#709 = VECTOR('',#710,1.);
#710 = DIRECTION('',(4.329780281177E-17,0.707106781187,0.707106781187));
#711 = PCURVE('',#73,#712);
#712 = DEFINITIONAL_REPRESENTATION('',(#713),#716);
#713 = B_SPLINE_CURVE_WITH_KNOTS('',1,(#714,#715),.UNSPECIFIED.,.F.,.F.,
  (2,2),(-0.848528137424,0.),.PIECEWISE_BEZIER_KNOTS.);
#714 = CARTESIAN_POINT('',(1.570796326795,-0.6));
#715 = CARTESIAN_POINT('',(1.570796326795,0.));
#716 = ( GEOMETRIC_REPRESENTATION_CONTEXT(2) 
PARAMETRIC_REPRESENTATION_CONTEXT() REPRESENTATION_CONTEXT('2D SPACE',''
  ) );
#717 = PCURVE('',#101,#718);
#718 = DEFINITIONAL_REPRESENTATION('',(#719),#722);
#719 = B_SPLINE_CURVE_WITH_KNOTS('',1,(#720,#721),.UNSPECIFIED.,.F.,.F.,
  (2,2),(-0.848528137424,0.),.PIECEWISE_BEZIER_KNOTS.);
#720 = CARTESIAN_POINT('',(0.,-0.424264068712));
#721 = CARTESIAN_POINT('',(0.,0.424264068712));
#722 = ( GEOMETRIC_REPRESENTATION_CONTEXT(2) 
PARAMETRIC_REPRESENTATION_CONTEXT() REPRESENTATION_CONTEXT('2D SPACE',''
  ) );
#723 = ORIENTED_EDGE('',*,*,#724,.F.);
#724 = EDGE_CURVE('',#558,#704,#725,.T.);
#725 = SURFACE_CURVE('',#726,(#731,#738),.PCURVE_S1.);
#726 = CIRCLE('',#727,4.);
#727 = AXIS2_PLACEMENT_3D('',#728,#729,#730);
#728 = CARTESIAN_POINT('',(16.125,9.85,0.6));
#729 = DIRECTION('',(0.,0.,1.));
#730 = DIRECTION('',(1.,0.,-0.));
#731 = PCURVE('',#73,#732);
#732 = DEFINITIONAL_REPRESENTATION('',(#733),#737);
#733 = LINE('',#734,#735);
#734 = CARTESIAN_POINT('',(0.,0.));
#735 = VECTOR('',#736,1.);
#736 = DIRECTION('',(1.,0.));
#737 = ( GEOMETRIC_REPRESENTATION_CONTEXT(2) 
PARAMETRIC_REPRESENTATION_CONTEXT() REPRESENTATION_CONTEXT('2D SPACE',''
  ) );
#738 = PCURVE('',#739,#744);
#739 = CYLINDRICAL_SURFACE('',#740,4.);
#740 = AXIS2_PLACEMENT_3D('',#741,#742,#743);
#741 = CARTESIAN_POINT('',(16.125,9.85,0.));
#742 = DIRECTION('',(0.,0.,1.));
#743 = DIRECTION('',(-0.,1.,0.));
#744 = DEFINITIONAL_REPRESENTATION('',(#745),#749);
#745 = LINE('',#746,#747);
#746 = CARTESIAN_POINT('',(-1.570796326795,0.6));
#747 = VECTOR('',#748,1.);
#748 = DIRECTION('',(1.,-0.));
#749 = ( GEOMETRIC_REPRESENTATION_CONTEXT(2) 
PARAMETRIC_REPRESENTATION_CONTEXT() REPRESENTATION_CONTEXT('2D SPACE',''
  ) );
#750 = ADVANCED_FACE('',(#751),#444,.T.);
#751 = FACE_BOUND('',#752,.T.);
#752 = EDGE_LOOP('',(#753,#774,#775,#776));
#753 = ORIENTED_EDGE('',*,*,#754,.F.);
#754 = EDGE_CURVE('',#400,#755,#757,.T.);
#755 = VERTEX_POINT('',#756);
#756 = CARTESIAN_POINT('',(12.633283728133,-16.17181919415,0.6));
#757 = SURFACE_CURVE('',#758,(#762,#768),.PCURVE_S1.);
#758 = LINE('',#759,#760);
#759 = CARTESIAN_POINT('',(12.857506523738,-15.9725100425,0.3));
#760 = VECTOR('',#761,1.);
#761 = DIRECTION('',(-0.528498197563,-0.469776175612,0.707106781187));
#762 = PCURVE('',#444,#763);
#763 = DEFINITIONAL_REPRESENTATION('',(#764),#767);
#764 = B_SPLINE_CURVE_WITH_KNOTS('',1,(#765,#766),.UNSPECIFIED.,.F.,.F.,
  (2,2),(-0.424264068712,0.424264068712),.PIECEWISE_BEZIER_KNOTS.);
#765 = CARTESIAN_POINT('',(0.,-0.6));
#766 = CARTESIAN_POINT('',(0.,-3.925231146709E-16));
#767 = ( GEOMETRIC_REPRESENTATION_CONTEXT(2) 
PARAMETRIC_REPRESENTATION_CONTEXT() REPRESENTATION_CONTEXT('2D SPACE',''
  ) );
#768 = PCURVE('',#415,#769);
#769 = DEFINITIONAL_REPRESENTATION('',(#770),#773);
#770 = B_SPLINE_CURVE_WITH_KNOTS('',1,(#771,#772),.UNSPECIFIED.,.F.,.F.,
  (2,2),(-0.424264068712,0.424264068712),.PIECEWISE_BEZIER_KNOTS.);
#771 = CARTESIAN_POINT('',(1.530136646294,-0.424264068712));
#772 = CARTESIAN_POINT('',(1.530136646294,0.424264068712));
#773 = ( GEOMETRIC_REPRESENTATION_CONTEXT(2) 
PARAMETRIC_REPRESENTATION_CONTEXT() REPRESENTATION_CONTEXT('2D SPACE',''
  ) );
#774 = ORIENTED_EDGE('',*,*,#427,.T.);
#775 = ORIENTED_EDGE('',*,*,#607,.T.);
#776 = ORIENTED_EDGE('',*,*,#777,.F.);
#777 = EDGE_CURVE('',#755,#608,#778,.T.);
#778 = SURFACE_CURVE('',#779,(#784,#791),.PCURVE_S1.);
#779 = CIRCLE('',#780,5.);
#780 = AXIS2_PLACEMENT_3D('',#781,#782,#783);
#781 = CARTESIAN_POINT('',(16.370330321552,-12.85,0.6));
#782 = DIRECTION('',(0.,0.,1.));
#783 = DIRECTION('',(-0.747409318684,-0.66436383883,0.));
#784 = PCURVE('',#444,#785);
#785 = DEFINITIONAL_REPRESENTATION('',(#786),#790);
#786 = LINE('',#787,#788);
#787 = CARTESIAN_POINT('',(0.,0.));
#788 = VECTOR('',#789,1.);
#789 = DIRECTION('',(1.,0.));
#790 = ( GEOMETRIC_REPRESENTATION_CONTEXT(2) 
PARAMETRIC_REPRESENTATION_CONTEXT() REPRESENTATION_CONTEXT('2D SPACE',''
  ) );
#791 = PCURVE('',#792,#797);
#792 = CYLINDRICAL_SURFACE('',#793,5.);
#793 = AXIS2_PLACEMENT_3D('',#794,#795,#796);
#794 = CARTESIAN_POINT('',(16.370330321552,-12.85,0.));
#795 = DIRECTION('',(0.,0.,1.));
#796 = DIRECTION('',(-0.747409318684,-0.66436383883,0.));
#797 = DEFINITIONAL_REPRESENTATION('',(#798),#802);
#798 = LINE('',#799,#800);
#799 = CARTESIAN_POINT('',(0.,0.6));
#800 = VECTOR('',#801,1.);
#801 = DIRECTION('',(1.,0.));
#802 = ( GEOMETRIC_REPRESENTATION_CONTEXT(2) 
PARAMETRIC_REPRESENTATION_CONTEXT() REPRESENTATION_CONTEXT('2D SPACE',''
  ) );
#803 = ADVANCED_FACE('',(#804),#101,.T.);
#804 = FACE_BOUND('',#805,.T.);
#805 = EDGE_LOOP('',(#806,#807,#808,#829));
#806 = ORIENTED_EDGE('',*,*,#703,.F.);
#807 = ORIENTED_EDGE('',*,*,#85,.T.);
#808 = ORIENTED_EDGE('',*,*,#809,.T.);
#809 = EDGE_CURVE('',#86,#810,#812,.T.);
#810 = VERTEX_POINT('',#811);
#811 = CARTESIAN_POINT('',(-16.125,13.85,0.6));
#812 = SURFACE_CURVE('',#813,(#817,#823),.PCURVE_S1.);
#813 = LINE('',#814,#815);
#814 = CARTESIAN_POINT('',(-16.125,13.55,0.3));
#815 = VECTOR('',#816,1.);
#816 = DIRECTION('',(0.,0.707106781187,0.707106781187));
#817 = PCURVE('',#101,#818);
#818 = DEFINITIONAL_REPRESENTATION('',(#819),#822);
#819 = B_SPLINE_CURVE_WITH_KNOTS('',1,(#820,#821),.UNSPECIFIED.,.F.,.F.,
  (2,2),(-0.424264068712,0.424264068712),.PIECEWISE_BEZIER_KNOTS.);
#820 = CARTESIAN_POINT('',(32.250000000001,-0.424264068712));
#821 = CARTESIAN_POINT('',(32.250000000001,0.424264068712));
#822 = ( GEOMETRIC_REPRESENTATION_CONTEXT(2) 
PARAMETRIC_REPRESENTATION_CONTEXT() REPRESENTATION_CONTEXT('2D SPACE',''
  ) );
#823 = PCURVE('',#130,#824);
#824 = DEFINITIONAL_REPRESENTATION('',(#825),#828);
#825 = B_SPLINE_CURVE_WITH_KNOTS('',1,(#826,#827),.UNSPECIFIED.,.F.,.F.,
  (2,2),(-0.424264068712,0.424264068712),.PIECEWISE_BEZIER_KNOTS.);
#826 = CARTESIAN_POINT('',(0.,-0.6));
#827 = CARTESIAN_POINT('',(0.,7.850462293419E-17));
#828 = ( GEOMETRIC_REPRESENTATION_CONTEXT(2) 
PARAMETRIC_REPRESENTATION_CONTEXT() REPRESENTATION_CONTEXT('2D SPACE',''
  ) );
#829 = ORIENTED_EDGE('',*,*,#830,.F.);
#830 = EDGE_CURVE('',#704,#810,#831,.T.);
#831 = SURFACE_CURVE('',#832,(#836,#843),.PCURVE_S1.);
#832 = LINE('',#833,#834);
#833 = CARTESIAN_POINT('',(16.125,13.85,0.6));
#834 = VECTOR('',#835,1.);
#835 = DIRECTION('',(-1.,0.,0.));
#836 = PCURVE('',#101,#837);
#837 = DEFINITIONAL_REPRESENTATION('',(#838),#842);
#838 = LINE('',#839,#840);
#839 = CARTESIAN_POINT('',(0.,0.424264068712));
#840 = VECTOR('',#841,1.);
#841 = DIRECTION('',(1.,0.));
#842 = ( GEOMETRIC_REPRESENTATION_CONTEXT(2) 
PARAMETRIC_REPRESENTATION_CONTEXT() REPRESENTATION_CONTEXT('2D SPACE',''
  ) );
#843 = PCURVE('',#844,#849);
#844 = PLANE('',#845);
#845 = AXIS2_PLACEMENT_3D('',#846,#847,#848);
#846 = CARTESIAN_POINT('',(20.125,13.85,0.));
#847 = DIRECTION('',(0.,-1.,0.));
#848 = DIRECTION('',(-1.,0.,0.));
#849 = DEFINITIONAL_REPRESENTATION('',(#850),#854);
#850 = LINE('',#851,#852);
#851 = CARTESIAN_POINT('',(4.,-0.6));
#852 = VECTOR('',#853,1.);
#853 = DIRECTION('',(1.,0.));
#854 = ( GEOMETRIC_REPRESENTATION_CONTEXT(2) 
PARAMETRIC_REPRESENTATION_CONTEXT() REPRESENTATION_CONTEXT('2D SPACE',''
  ) );
#855 = ADVANCED_FACE('',(#856),#415,.T.);
#856 = FACE_BOUND('',#857,.T.);
#857 = EDGE_LOOP('',(#858,#879,#880,#881));
#858 = ORIENTED_EDGE('',*,*,#859,.F.);
#859 = EDGE_CURVE('',#367,#860,#862,.T.);
#860 = VERTEX_POINT('',#861);
#861 = CARTESIAN_POINT('',(11.616716271867,-15.02818080585,0.6));
#862 = SURFACE_CURVE('',#863,(#867,#873),.PCURVE_S1.);
#863 = LINE('',#864,#865);
#864 = CARTESIAN_POINT('',(11.616716271867,-15.02818080585,0.6));
#865 = VECTOR('',#866,1.);
#866 = DIRECTION('',(-0.528498197563,-0.469776175612,0.707106781187));
#867 = PCURVE('',#415,#868);
#868 = DEFINITIONAL_REPRESENTATION('',(#869),#872);
#869 = B_SPLINE_CURVE_WITH_KNOTS('',1,(#870,#871),.UNSPECIFIED.,.F.,.F.,
  (2,2),(-0.848528137424,0.),.PIECEWISE_BEZIER_KNOTS.);
#870 = CARTESIAN_POINT('',(-3.552713678801E-15,-0.424264068712));
#871 = CARTESIAN_POINT('',(-3.552713678801E-15,0.424264068712));
#872 = ( GEOMETRIC_REPRESENTATION_CONTEXT(2) 
PARAMETRIC_REPRESENTATION_CONTEXT() REPRESENTATION_CONTEXT('2D SPACE',''
  ) );
#873 = PCURVE('',#387,#874);
#874 = DEFINITIONAL_REPRESENTATION('',(#875),#878);
#875 = B_SPLINE_CURVE_WITH_KNOTS('',1,(#876,#877),.UNSPECIFIED.,.F.,.F.,
  (2,2),(-0.848528137424,0.),.PIECEWISE_BEZIER_KNOTS.);
#876 = CARTESIAN_POINT('',(0.844153986113,0.6));
#877 = CARTESIAN_POINT('',(0.844153986113,0.));
#878 = ( GEOMETRIC_REPRESENTATION_CONTEXT(2) 
PARAMETRIC_REPRESENTATION_CONTEXT() REPRESENTATION_CONTEXT('2D SPACE',''
  ) );
#879 = ORIENTED_EDGE('',*,*,#399,.T.);
#880 = ORIENTED_EDGE('',*,*,#754,.T.);
#881 = ORIENTED_EDGE('',*,*,#882,.F.);
#882 = EDGE_CURVE('',#860,#755,#883,.T.);
#883 = SURFACE_CURVE('',#884,(#888,#895),.PCURVE_S1.);
#884 = LINE('',#885,#886);
#885 = CARTESIAN_POINT('',(11.616716271867,-15.02818080585,0.6));
#886 = VECTOR('',#887,1.);
#887 = DIRECTION('',(0.66436383883,-0.747409318684,0.));
#888 = PCURVE('',#415,#889);
#889 = DEFINITIONAL_REPRESENTATION('',(#890),#894);
#890 = LINE('',#891,#892);
#891 = CARTESIAN_POINT('',(0.,0.424264068712));
#892 = VECTOR('',#893,1.);
#893 = DIRECTION('',(1.,0.));
#894 = ( GEOMETRIC_REPRESENTATION_CONTEXT(2) 
PARAMETRIC_REPRESENTATION_CONTEXT() REPRESENTATION_CONTEXT('2D SPACE',''
  ) );
#895 = PCURVE('',#896,#901);
#896 = PLANE('',#897);
#897 = AXIS2_PLACEMENT_3D('',#898,#899,#900);
#898 = CARTESIAN_POINT('',(10.125,-13.35,0.));
#899 = DIRECTION('',(0.747409318684,0.66436383883,-0.));
#900 = DIRECTION('',(0.66436383883,-0.747409318684,0.));
#901 = DEFINITIONAL_REPRESENTATION('',(#902),#906);
#902 = LINE('',#903,#904);
#903 = CARTESIAN_POINT('',(2.245330321551,-0.6));
#904 = VECTOR('',#905,1.);
#905 = DIRECTION('',(1.,0.));
#906 = ( GEOMETRIC_REPRESENTATION_CONTEXT(2) 
PARAMETRIC_REPRESENTATION_CONTEXT() REPRESENTATION_CONTEXT('2D SPACE',''
  ) );
#907 = ADVANCED_FACE('',(#908),#130,.T.);
#908 = FACE_BOUND('',#909,.T.);
#909 = EDGE_LOOP('',(#910,#911,#912,#933));
#910 = ORIENTED_EDGE('',*,*,#809,.F.);
#911 = ORIENTED_EDGE('',*,*,#113,.T.);
#912 = ORIENTED_EDGE('',*,*,#913,.T.);
#913 = EDGE_CURVE('',#114,#914,#916,.T.);
#914 = VERTEX_POINT('',#915);
#915 = CARTESIAN_POINT('',(-20.125,9.85,0.6));
#916 = SURFACE_CURVE('',#917,(#921,#927),.PCURVE_S1.);
#917 = LINE('',#918,#919);
#918 = CARTESIAN_POINT('',(-20.125,9.85,0.6));
#919 = VECTOR('',#920,1.);
#920 = DIRECTION('',(-0.707106781187,4.329780281177E-17,0.707106781187)
  );
#921 = PCURVE('',#130,#922);
#922 = DEFINITIONAL_REPRESENTATION('',(#923),#926);
#923 = B_SPLINE_CURVE_WITH_KNOTS('',1,(#924,#925),.UNSPECIFIED.,.F.,.F.,
  (2,2),(-0.848528137424,0.),.PIECEWISE_BEZIER_KNOTS.);
#924 = CARTESIAN_POINT('',(1.570796326795,-0.6));
#925 = CARTESIAN_POINT('',(1.570796326795,0.));
#926 = ( GEOMETRIC_REPRESENTATION_CONTEXT(2) 
PARAMETRIC_REPRESENTATION_CONTEXT() REPRESENTATION_CONTEXT('2D SPACE',''
  ) );
#927 = PCURVE('',#158,#928);
#928 = DEFINITIONAL_REPRESENTATION('',(#929),#932);
#929 = B_SPLINE_CURVE_WITH_KNOTS('',1,(#930,#931),.UNSPECIFIED.,.F.,.F.,
  (2,2),(-0.848528137424,0.),.PIECEWISE_BEZIER_KNOTS.);
#930 = CARTESIAN_POINT('',(0.,-0.424264068712));
#931 = CARTESIAN_POINT('',(0.,0.424264068712));
#932 = ( GEOMETRIC_REPRESENTATION_CONTEXT(2) 
PARAMETRIC_REPRESENTATION_CONTEXT() REPRESENTATION_CONTEXT('2D SPACE',''
  ) );
#933 = ORIENTED_EDGE('',*,*,#934,.F.);
#934 = EDGE_CURVE('',#810,#914,#935,.T.);
#935 = SURFACE_CURVE('',#936,(#941,#948),.PCURVE_S1.);
#936 = CIRCLE('',#937,4.);
#937 = AXIS2_PLACEMENT_3D('',#938,#939,#940);
#938 = CARTESIAN_POINT('',(-16.125,9.85,0.6));
#939 = DIRECTION('',(0.,-0.,1.));
#940 = DIRECTION('',(0.,1.,0.));
#941 = PCURVE('',#130,#942);
#942 = DEFINITIONAL_REPRESENTATION('',(#943),#947);
#943 = LINE('',#944,#945);
#944 = CARTESIAN_POINT('',(0.,0.));
#945 = VECTOR('',#946,1.);
#946 = DIRECTION('',(1.,0.));
#947 = ( GEOMETRIC_REPRESENTATION_CONTEXT(2) 
PARAMETRIC_REPRESENTATION_CONTEXT() REPRESENTATION_CONTEXT('2D SPACE',''
  ) );
#948 = PCURVE('',#949,#954);
#949 = CYLINDRICAL_SURFACE('',#950,4.);
#950 = AXIS2_PLACEMENT_3D('',#951,#952,#953);
#951 = CARTESIAN_POINT('',(-16.125,9.85,0.));
#952 = DIRECTION('',(0.,0.,1.));
#953 = DIRECTION('',(-1.,0.,0.));
#954 = DEFINITIONAL_REPRESENTATION('',(#955),#959);
#955 = LINE('',#956,#957);
#956 = CARTESIAN_POINT('',(-1.570796326795,0.6));
#957 = VECTOR('',#958,1.);
#958 = DIRECTION('',(1.,-0.));
#959 = ( GEOMETRIC_REPRESENTATION_CONTEXT(2) 
PARAMETRIC_REPRESENTATION_CONTEXT() REPRESENTATION_CONTEXT('2D SPACE',''
  ) );
#960 = ADVANCED_FACE('',(#961),#387,.F.);
#961 = FACE_BOUND('',#962,.T.);
#962 = EDGE_LOOP('',(#963,#984,#985,#986));
#963 = ORIENTED_EDGE('',*,*,#964,.F.);
#964 = EDGE_CURVE('',#339,#965,#967,.T.);
#965 = VERTEX_POINT('',#966);
#966 = CARTESIAN_POINT('',(7.879669678449,-13.35,0.6));
#967 = SURFACE_CURVE('',#968,(#972,#978),.PCURVE_S1.);
#968 = LINE('',#969,#970);
#969 = CARTESIAN_POINT('',(7.879669678449,-13.05,0.3));
#970 = VECTOR('',#971,1.);
#971 = DIRECTION('',(0.,-0.707106781187,0.707106781187));
#972 = PCURVE('',#387,#973);
#973 = DEFINITIONAL_REPRESENTATION('',(#974),#977);
#974 = B_SPLINE_CURVE_WITH_KNOTS('',1,(#975,#976),.UNSPECIFIED.,.F.,.F.,
  (2,2),(-0.424264068712,0.424264068712),.PIECEWISE_BEZIER_KNOTS.);
#975 = CARTESIAN_POINT('',(0.,0.6));
#976 = CARTESIAN_POINT('',(0.,-7.850462293419E-17));
#977 = ( GEOMETRIC_REPRESENTATION_CONTEXT(2) 
PARAMETRIC_REPRESENTATION_CONTEXT() REPRESENTATION_CONTEXT('2D SPACE',''
  ) );
#978 = PCURVE('',#354,#979);
#979 = DEFINITIONAL_REPRESENTATION('',(#980),#983);
#980 = B_SPLINE_CURVE_WITH_KNOTS('',1,(#981,#982),.UNSPECIFIED.,.F.,.F.,
  (2,2),(-0.424264068712,0.424264068712),.PIECEWISE_BEZIER_KNOTS.);
#981 = CARTESIAN_POINT('',(15.759339356898,-0.424264068712));
#982 = CARTESIAN_POINT('',(15.759339356898,0.424264068712));
#983 = ( GEOMETRIC_REPRESENTATION_CONTEXT(2) 
PARAMETRIC_REPRESENTATION_CONTEXT() REPRESENTATION_CONTEXT('2D SPACE',''
  ) );
#984 = ORIENTED_EDGE('',*,*,#366,.T.);
#985 = ORIENTED_EDGE('',*,*,#859,.T.);
#986 = ORIENTED_EDGE('',*,*,#987,.F.);
#987 = EDGE_CURVE('',#965,#860,#988,.T.);
#988 = SURFACE_CURVE('',#989,(#994,#1001),.PCURVE_S1.);
#989 = CIRCLE('',#990,5.);
#990 = AXIS2_PLACEMENT_3D('',#991,#992,#993);
#991 = CARTESIAN_POINT('',(7.879669678449,-18.35,0.6));
#992 = DIRECTION('',(-0.,0.,-1.));
#993 = DIRECTION('',(-1.7763568394E-16,1.,0.));
#994 = PCURVE('',#387,#995);
#995 = DEFINITIONAL_REPRESENTATION('',(#996),#1000);
#996 = LINE('',#997,#998);
#997 = CARTESIAN_POINT('',(0.,-0.));
#998 = VECTOR('',#999,1.);
#999 = DIRECTION('',(1.,-0.));
#1000 = ( GEOMETRIC_REPRESENTATION_CONTEXT(2) 
PARAMETRIC_REPRESENTATION_CONTEXT() REPRESENTATION_CONTEXT('2D SPACE',''
  ) );
#1001 = PCURVE('',#1002,#1007);
#1002 = CYLINDRICAL_SURFACE('',#1003,5.);
#1003 = AXIS2_PLACEMENT_3D('',#1004,#1005,#1006);
#1004 = CARTESIAN_POINT('',(7.879669678449,-18.35,0.));
#1005 = DIRECTION('',(0.,0.,1.));
#1006 = DIRECTION('',(-0.,1.,0.));
#1007 = DEFINITIONAL_REPRESENTATION('',(#1008),#1012);
#1008 = LINE('',#1009,#1010);
#1009 = CARTESIAN_POINT('',(-0.,0.6));
#1010 = VECTOR('',#1011,1.);
#1011 = DIRECTION('',(-1.,0.));
#1012 = ( GEOMETRIC_REPRESENTATION_CONTEXT(2) 
PARAMETRIC_REPRESENTATION_CONTEXT() REPRESENTATION_CONTEXT('2D SPACE',''
  ) );
#1013 = ADVANCED_FACE('',(#1014),#158,.T.);
#1014 = FACE_BOUND('',#1015,.T.);
#1015 = EDGE_LOOP('',(#1016,#1017,#1018,#1039));
#1016 = ORIENTED_EDGE('',*,*,#913,.F.);
#1017 = ORIENTED_EDGE('',*,*,#142,.T.);
#1018 = ORIENTED_EDGE('',*,*,#1019,.T.);
#1019 = EDGE_CURVE('',#143,#1020,#1022,.T.);
#1020 = VERTEX_POINT('',#1021);
#1021 = CARTESIAN_POINT('',(-20.125,-13.81943954598,0.6));
#1022 = SURFACE_CURVE('',#1023,(#1027,#1033),.PCURVE_S1.);
#1023 = LINE('',#1024,#1025);
#1024 = CARTESIAN_POINT('',(-19.825,-13.81943954598,0.3));
#1025 = VECTOR('',#1026,1.);
#1026 = DIRECTION('',(-0.707106781187,-0.,0.707106781187));
#1027 = PCURVE('',#158,#1028);
#1028 = DEFINITIONAL_REPRESENTATION('',(#1029),#1032);
#1029 = B_SPLINE_CURVE_WITH_KNOTS('',1,(#1030,#1031),.UNSPECIFIED.,.F.,
  .F.,(2,2),(-0.424264068712,0.424264068712),.PIECEWISE_BEZIER_KNOTS.);
#1030 = CARTESIAN_POINT('',(23.66943954599,-0.424264068712));
#1031 = CARTESIAN_POINT('',(23.66943954599,0.424264068712));
#1032 = ( GEOMETRIC_REPRESENTATION_CONTEXT(2) 
PARAMETRIC_REPRESENTATION_CONTEXT() REPRESENTATION_CONTEXT('2D SPACE',''
  ) );
#1033 = PCURVE('',#210,#1034);
#1034 = DEFINITIONAL_REPRESENTATION('',(#1035),#1038);
#1035 = B_SPLINE_CURVE_WITH_KNOTS('',1,(#1036,#1037),.UNSPECIFIED.,.F.,
  .F.,(2,2),(-0.424264068712,0.424264068712),.PIECEWISE_BEZIER_KNOTS.);
#1036 = CARTESIAN_POINT('',(0.,92.155249706339));
#1037 = CARTESIAN_POINT('',(7.27462695794,92.155249706339));
#1038 = ( GEOMETRIC_REPRESENTATION_CONTEXT(2) 
PARAMETRIC_REPRESENTATION_CONTEXT() REPRESENTATION_CONTEXT('2D SPACE',''
  ) );
#1039 = ORIENTED_EDGE('',*,*,#1040,.F.);
#1040 = EDGE_CURVE('',#914,#1020,#1041,.T.);
#1041 = SURFACE_CURVE('',#1042,(#1046,#1053),.PCURVE_S1.);
#1042 = LINE('',#1043,#1044);
#1043 = CARTESIAN_POINT('',(-20.125,9.85,0.6));
#1044 = VECTOR('',#1045,1.);
#1045 = DIRECTION('',(0.,-1.,0.));
#1046 = PCURVE('',#158,#1047);
#1047 = DEFINITIONAL_REPRESENTATION('',(#1048),#1052);
#1048 = LINE('',#1049,#1050);
#1049 = CARTESIAN_POINT('',(0.,0.424264068712));
#1050 = VECTOR('',#1051,1.);
#1051 = DIRECTION('',(1.,0.));
#1052 = ( GEOMETRIC_REPRESENTATION_CONTEXT(2) 
PARAMETRIC_REPRESENTATION_CONTEXT() REPRESENTATION_CONTEXT('2D SPACE',''
  ) );
#1053 = PCURVE('',#1054,#1059);
#1054 = PLANE('',#1055);
#1055 = AXIS2_PLACEMENT_3D('',#1056,#1057,#1058);
#1056 = CARTESIAN_POINT('',(-20.125,13.85,0.));
#1057 = DIRECTION('',(1.,0.,-0.));
#1058 = DIRECTION('',(0.,-1.,0.));
#1059 = DEFINITIONAL_REPRESENTATION('',(#1060),#1064);
#1060 = LINE('',#1061,#1062);
#1061 = CARTESIAN_POINT('',(4.,-0.6));
#1062 = VECTOR('',#1063,1.);
#1063 = DIRECTION('',(1.,0.));
#1064 = ( GEOMETRIC_REPRESENTATION_CONTEXT(2) 
PARAMETRIC_REPRESENTATION_CONTEXT() REPRESENTATION_CONTEXT('2D SPACE',''
  ) );
#1065 = ADVANCED_FACE('',(#1066),#354,.T.);
#1066 = FACE_BOUND('',#1067,.T.);
#1067 = EDGE_LOOP('',(#1068,#1089,#1090,#1091));
#1068 = ORIENTED_EDGE('',*,*,#1069,.F.);
#1069 = EDGE_CURVE('',#306,#1070,#1072,.T.);
#1070 = VERTEX_POINT('',#1071);
#1071 = CARTESIAN_POINT('',(-7.879669678449,-13.35,0.6));
#1072 = SURFACE_CURVE('',#1073,(#1077,#1083),.PCURVE_S1.);
#1073 = LINE('',#1074,#1075);
#1074 = CARTESIAN_POINT('',(-7.879669678449,-13.35,0.6));
#1075 = VECTOR('',#1076,1.);
#1076 = DIRECTION('',(5.551115123126E-17,-0.707106781187,0.707106781187)
  );
#1077 = PCURVE('',#354,#1078);
#1078 = DEFINITIONAL_REPRESENTATION('',(#1079),#1082);
#1079 = B_SPLINE_CURVE_WITH_KNOTS('',1,(#1080,#1081),.UNSPECIFIED.,.F.,
  .F.,(2,2),(-0.848528137424,0.),.PIECEWISE_BEZIER_KNOTS.);
#1080 = CARTESIAN_POINT('',(0.,-0.424264068712));
#1081 = CARTESIAN_POINT('',(0.,0.424264068712));
#1082 = ( GEOMETRIC_REPRESENTATION_CONTEXT(2) 
PARAMETRIC_REPRESENTATION_CONTEXT() REPRESENTATION_CONTEXT('2D SPACE',''
  ) );
#1083 = PCURVE('',#326,#1084);
#1084 = DEFINITIONAL_REPRESENTATION('',(#1085),#1088);
#1085 = B_SPLINE_CURVE_WITH_KNOTS('',1,(#1086,#1087),.UNSPECIFIED.,.F.,
  .F.,(2,2),(-0.848528137424,0.),.PIECEWISE_BEZIER_KNOTS.);
#1086 = CARTESIAN_POINT('',(0.844153986113,0.6));
#1087 = CARTESIAN_POINT('',(0.844153986113,0.));
#1088 = ( GEOMETRIC_REPRESENTATION_CONTEXT(2) 
PARAMETRIC_REPRESENTATION_CONTEXT() REPRESENTATION_CONTEXT('2D SPACE',''
  ) );
#1089 = ORIENTED_EDGE('',*,*,#338,.T.);
#1090 = ORIENTED_EDGE('',*,*,#964,.T.);
#1091 = ORIENTED_EDGE('',*,*,#1092,.F.);
#1092 = EDGE_CURVE('',#1070,#965,#1093,.T.);
#1093 = SURFACE_CURVE('',#1094,(#1098,#1105),.PCURVE_S1.);
#1094 = LINE('',#1095,#1096);
#1095 = CARTESIAN_POINT('',(-7.879669678449,-13.35,0.6));
#1096 = VECTOR('',#1097,1.);
#1097 = DIRECTION('',(1.,-0.,-0.));
#1098 = PCURVE('',#354,#1099);
#1099 = DEFINITIONAL_REPRESENTATION('',(#1100),#1104);
#1100 = LINE('',#1101,#1102);
#1101 = CARTESIAN_POINT('',(0.,0.424264068712));
#1102 = VECTOR('',#1103,1.);
#1103 = DIRECTION('',(1.,0.));
#1104 = ( GEOMETRIC_REPRESENTATION_CONTEXT(2) 
PARAMETRIC_REPRESENTATION_CONTEXT() REPRESENTATION_CONTEXT('2D SPACE',''
  ) );
#1105 = PCURVE('',#1106,#1111);
#1106 = PLANE('',#1107);
#1107 = AXIS2_PLACEMENT_3D('',#1108,#1109,#1110);
#1108 = CARTESIAN_POINT('',(0.,-13.35,0.));
#1109 = DIRECTION('',(0.,1.,0.));
#1110 = DIRECTION('',(1.,0.,0.));
#1111 = DEFINITIONAL_REPRESENTATION('',(#1112),#1116);
#1112 = LINE('',#1113,#1114);
#1113 = CARTESIAN_POINT('',(-7.879669678449,-0.6));
#1114 = VECTOR('',#1115,1.);
#1115 = DIRECTION('',(1.,0.));
#1116 = ( GEOMETRIC_REPRESENTATION_CONTEXT(2) 
PARAMETRIC_REPRESENTATION_CONTEXT() REPRESENTATION_CONTEXT('2D SPACE',''
  ) );
#1117 = ADVANCED_FACE('',(#1118),#210,.F.);
#1118 = FACE_BOUND('',#1119,.F.);
#1119 = EDGE_LOOP('',(#1120,#1121,#1191,#1209));
#1120 = ORIENTED_EDGE('',*,*,#1019,.T.);
#1121 = ORIENTED_EDGE('',*,*,#1122,.T.);
#1122 = EDGE_CURVE('',#1020,#1123,#1125,.T.);
#1123 = VERTEX_POINT('',#1124);
#1124 = CARTESIAN_POINT('',(-15.14367871379,-17.69719772994,0.6));
#1125 = SURFACE_CURVE('',#1126,(#1142,#1149),.PCURVE_S1.);
#1126 = B_SPLINE_CURVE_WITH_KNOTS('',14,(#1127,#1128,#1129,#1130,#1131,
    #1132,#1133,#1134,#1135,#1136,#1137,#1138,#1139,#1140,#1141),
  .UNSPECIFIED.,.F.,.F.,(15,15),(92.155249706339,99.429876664279),
  .PIECEWISE_BEZIER_KNOTS.);
#1127 = CARTESIAN_POINT('',(-20.125,-13.81943954598,0.6));
#1128 = CARTESIAN_POINT('',(-20.12499999998,-14.28278472607,0.6));
#1129 = CARTESIAN_POINT('',(-20.06714621867,-14.76958362435,
    0.600000000081));
#1130 = CARTESIAN_POINT('',(-19.9425324983,-15.27045909118,
    0.599999999427));
#1131 = CARTESIAN_POINT('',(-19.73976794299,-15.76957196891,
    0.600000001927));
#1132 = CARTESIAN_POINT('',(-19.46859407324,-16.25731878045,
    0.599999996138));
#1133 = CARTESIAN_POINT('',(-19.09033906798,-16.70145707823,
    0.600000004861));
#1134 = CARTESIAN_POINT('',(-18.69401817175,-17.09306630091,
    0.599999995766));
#1135 = CARTESIAN_POINT('',(-18.1709899069,-17.4188932811,0.60000000276)
  );
#1136 = CARTESIAN_POINT('',(-17.67851389364,-17.64812220485,
    0.599999998417));
#1137 = CARTESIAN_POINT('',(-17.12586497249,-17.80656842395,
    0.600000000765));
#1138 = CARTESIAN_POINT('',(-16.59544474321,-17.87517582776,
    0.599999999749));
#1139 = CARTESIAN_POINT('',(-16.07895580733,-17.87434688158,
    0.600000000036));
#1140 = CARTESIAN_POINT('',(-15.59286385481,-17.81087035196,0.6));
#1141 = CARTESIAN_POINT('',(-15.14367871379,-17.69719772994,0.6));
#1142 = PCURVE('',#210,#1143);
#1143 = DEFINITIONAL_REPRESENTATION('',(#1144),#1148);
#1144 = LINE('',#1145,#1146);
#1145 = CARTESIAN_POINT('',(7.27462695794,0.));
#1146 = VECTOR('',#1147,1.);
#1147 = DIRECTION('',(0.,1.));
#1148 = ( GEOMETRIC_REPRESENTATION_CONTEXT(2) 
PARAMETRIC_REPRESENTATION_CONTEXT() REPRESENTATION_CONTEXT('2D SPACE',''
  ) );
#1149 = PCURVE('',#1150,#1166);
#1150 = ( BOUNDED_SURFACE() B_SPLINE_SURFACE(2,2,(
    (#1151,#1152,#1153,#1154,#1155)
    ,(#1156,#1157,#1158,#1159,#1160)
    ,(#1161,#1162,#1163,#1164,#1165
)),.UNSPECIFIED.,.F.,.F.,.F.) B_SPLINE_SURFACE_WITH_KNOTS((3,3),(3,1,1,3
    ),(0.,14.),(-0.8568,6.227006757453E-14,14.,14.8568),.UNSPECIFIED.) 
GEOMETRIC_REPRESENTATION_ITEM() RATIONAL_B_SPLINE_SURFACE((
    (1.,1.,1.,1.,1.)
    ,(0.614275865735,0.614275865735,0.614275865735,0.614275865735
      ,0.614275865735)
,(1.,1.,1.,1.,1.))) REPRESENTATION_ITEM('') SURFACE() );
#1151 = CARTESIAN_POINT('',(-20.125,-13.81943954598,-0.8568));
#1152 = CARTESIAN_POINT('',(-20.125,-13.81943954598,-0.4284));
#1153 = CARTESIAN_POINT('',(-20.125,-13.81943954598,7.));
#1154 = CARTESIAN_POINT('',(-20.125,-13.81943954598,14.4284));
#1155 = CARTESIAN_POINT('',(-20.125,-13.81943954598,14.8568));
#1156 = CARTESIAN_POINT('',(-20.125,-18.95779119134,-0.8568));
#1157 = CARTESIAN_POINT('',(-20.125,-18.95779119134,-0.4284));
#1158 = CARTESIAN_POINT('',(-20.125,-18.95779119134,7.));
#1159 = CARTESIAN_POINT('',(-20.125,-18.95779119134,14.4284));
#1160 = CARTESIAN_POINT('',(-20.125,-18.95779119134,14.8568));
#1161 = CARTESIAN_POINT('',(-15.14367871379,-17.69719772994,-0.8568));
#1162 = CARTESIAN_POINT('',(-15.14367871379,-17.69719772994,-0.4284));
#1163 = CARTESIAN_POINT('',(-15.14367871379,-17.69719772994,7.));
#1164 = CARTESIAN_POINT('',(-15.14367871379,-17.69719772994,14.4284));
#1165 = CARTESIAN_POINT('',(-15.14367871379,-17.69719772994,14.8568));
#1166 = DEFINITIONAL_REPRESENTATION('',(#1167),#1190);
#1167 = B_SPLINE_CURVE_WITH_KNOTS('',11,(#1168,#1169,#1170,#1171,#1172,
    #1173,#1174,#1175,#1176,#1177,#1178,#1179,#1180,#1181,#1182,#1183,
    #1184,#1185,#1186,#1187,#1188,#1189),.UNSPECIFIED.,.F.,.F.,(12,10,12
    ),(92.155249706339,95.792563185309,99.429876664279),.UNSPECIFIED.);
#1168 = CARTESIAN_POINT('',(9.200478161115E-15,0.6));
#1169 = CARTESIAN_POINT('',(0.653914202167,0.6));
#1170 = CARTESIAN_POINT('',(1.30343914655,0.600000000027));
#1171 = CARTESIAN_POINT('',(1.948758086995,0.599999999908));
#1172 = CARTESIAN_POINT('',(2.589526426925,0.600000000103));
#1173 = CARTESIAN_POINT('',(3.226883229182,0.6));
#1174 = CARTESIAN_POINT('',(3.860833047268,0.599999999917));
#1175 = CARTESIAN_POINT('',(4.491602367838,0.600000000024));
#1176 = CARTESIAN_POINT('',(5.120245407857,0.599999999972));
#1177 = CARTESIAN_POINT('',(5.747299420085,0.6));
#1178 = CARTESIAN_POINT('',(6.373656455625,0.599999999994));
#1179 = CARTESIAN_POINT('',(7.626369834434,0.599999999989));
#1180 = CARTESIAN_POINT('',(8.252726295722,0.599999999985));
#1181 = CARTESIAN_POINT('',(8.879866999311,0.599999999988));
#1182 = CARTESIAN_POINT('',(9.508274078495,0.599999999981));
#1183 = CARTESIAN_POINT('',(10.13936316855,0.600000000031));
#1184 = CARTESIAN_POINT('',(10.77230064805,0.599999999967));
#1185 = CARTESIAN_POINT('',(11.411038507126,0.600000000052));
#1186 = CARTESIAN_POINT('',(12.051193127213,0.59999999995));
#1187 = CARTESIAN_POINT('',(12.696559803985,0.600000000014));
#1188 = CARTESIAN_POINT('',(13.34608579783,0.6));
#1189 = CARTESIAN_POINT('',(14.,0.6));
#1190 = ( GEOMETRIC_REPRESENTATION_CONTEXT(2) 
PARAMETRIC_REPRESENTATION_CONTEXT() REPRESENTATION_CONTEXT('2D SPACE',''
  ) );
#1191 = ORIENTED_EDGE('',*,*,#1192,.F.);
#1192 = EDGE_CURVE('',#171,#1123,#1193,.T.);
#1193 = SURFACE_CURVE('',#1194,(#1197,#1203),.PCURVE_S1.);
#1194 = B_SPLINE_CURVE_WITH_KNOTS('',1,(#1195,#1196),.UNSPECIFIED.,.F.,
  .F.,(2,2),(0.,7.27462695794),.PIECEWISE_BEZIER_KNOTS.);
#1195 = CARTESIAN_POINT('',(-15.29087690672,-17.11553400235,0.));
#1196 = CARTESIAN_POINT('',(-15.14367871379,-17.69719772994,0.6));
#1197 = PCURVE('',#210,#1198);
#1198 = DEFINITIONAL_REPRESENTATION('',(#1199),#1202);
#1199 = B_SPLINE_CURVE_WITH_KNOTS('',1,(#1200,#1201),.UNSPECIFIED.,.F.,
  .F.,(2,2),(0.,7.27462695794),.PIECEWISE_BEZIER_KNOTS.);
#1200 = CARTESIAN_POINT('',(0.,99.429876664279));
#1201 = CARTESIAN_POINT('',(7.27462695794,99.429876664279));
#1202 = ( GEOMETRIC_REPRESENTATION_CONTEXT(2) 
PARAMETRIC_REPRESENTATION_CONTEXT() REPRESENTATION_CONTEXT('2D SPACE',''
  ) );
#1203 = PCURVE('',#265,#1204);
#1204 = DEFINITIONAL_REPRESENTATION('',(#1205),#1208);
#1205 = B_SPLINE_CURVE_WITH_KNOTS('',1,(#1206,#1207),.UNSPECIFIED.,.F.,
  .F.,(2,2),(0.,7.27462695794),.PIECEWISE_BEZIER_KNOTS.);
#1206 = CARTESIAN_POINT('',(2.22044604925E-16,-0.6));
#1207 = CARTESIAN_POINT('',(2.22044604925E-16,0.));
#1208 = ( GEOMETRIC_REPRESENTATION_CONTEXT(2) 
PARAMETRIC_REPRESENTATION_CONTEXT() REPRESENTATION_CONTEXT('2D SPACE',''
  ) );
#1209 = ORIENTED_EDGE('',*,*,#170,.F.);
#1210 = ADVANCED_FACE('',(#1211),#326,.F.);
#1211 = FACE_BOUND('',#1212,.T.);
#1212 = EDGE_LOOP('',(#1213,#1234,#1235,#1236));
#1213 = ORIENTED_EDGE('',*,*,#1214,.F.);
#1214 = EDGE_CURVE('',#278,#1215,#1217,.T.);
#1215 = VERTEX_POINT('',#1216);
#1216 = CARTESIAN_POINT('',(-11.61671627186,-15.02818080585,0.6));
#1217 = SURFACE_CURVE('',#1218,(#1222,#1228),.PCURVE_S1.);
#1218 = LINE('',#1219,#1220);
#1219 = CARTESIAN_POINT('',(-11.84093906747,-14.8288716542,0.3));
#1220 = VECTOR('',#1221,1.);
#1221 = DIRECTION('',(0.528498197563,-0.469776175612,0.707106781187));
#1222 = PCURVE('',#326,#1223);
#1223 = DEFINITIONAL_REPRESENTATION('',(#1224),#1227);
#1224 = B_SPLINE_CURVE_WITH_KNOTS('',1,(#1225,#1226),.UNSPECIFIED.,.F.,
  .F.,(2,2),(-0.424264068712,0.424264068712),.PIECEWISE_BEZIER_KNOTS.);
#1225 = CARTESIAN_POINT('',(0.,0.6));
#1226 = CARTESIAN_POINT('',(0.,3.925231146709E-16));
#1227 = ( GEOMETRIC_REPRESENTATION_CONTEXT(2) 
PARAMETRIC_REPRESENTATION_CONTEXT() REPRESENTATION_CONTEXT('2D SPACE',''
  ) );
#1228 = PCURVE('',#293,#1229);
#1229 = DEFINITIONAL_REPRESENTATION('',(#1230),#1233);
#1230 = B_SPLINE_CURVE_WITH_KNOTS('',1,(#1231,#1232),.UNSPECIFIED.,.F.,
  .F.,(2,2),(-0.424264068712,0.424264068712),.PIECEWISE_BEZIER_KNOTS.);
#1231 = CARTESIAN_POINT('',(-1.530136646294,-0.424264068712));
#1232 = CARTESIAN_POINT('',(-1.530136646294,0.424264068712));
#1233 = ( GEOMETRIC_REPRESENTATION_CONTEXT(2) 
PARAMETRIC_REPRESENTATION_CONTEXT() REPRESENTATION_CONTEXT('2D SPACE',''
  ) );
#1234 = ORIENTED_EDGE('',*,*,#305,.T.);
#1235 = ORIENTED_EDGE('',*,*,#1069,.T.);
#1236 = ORIENTED_EDGE('',*,*,#1237,.F.);
#1237 = EDGE_CURVE('',#1215,#1070,#1238,.T.);
#1238 = SURFACE_CURVE('',#1239,(#1244,#1251),.PCURVE_S1.);
#1239 = CIRCLE('',#1240,5.);
#1240 = AXIS2_PLACEMENT_3D('',#1241,#1242,#1243);
#1241 = CARTESIAN_POINT('',(-7.879669678449,-18.35,0.6));
#1242 = DIRECTION('',(-0.,0.,-1.));
#1243 = DIRECTION('',(-0.747409318684,0.66436383883,0.));
#1244 = PCURVE('',#326,#1245);
#1245 = DEFINITIONAL_REPRESENTATION('',(#1246),#1250);
#1246 = LINE('',#1247,#1248);
#1247 = CARTESIAN_POINT('',(0.,-0.));
#1248 = VECTOR('',#1249,1.);
#1249 = DIRECTION('',(1.,-0.));
#1250 = ( GEOMETRIC_REPRESENTATION_CONTEXT(2) 
PARAMETRIC_REPRESENTATION_CONTEXT() REPRESENTATION_CONTEXT('2D SPACE',''
  ) );
#1251 = PCURVE('',#1252,#1257);
#1252 = CYLINDRICAL_SURFACE('',#1253,5.);
#1253 = AXIS2_PLACEMENT_3D('',#1254,#1255,#1256);
#1254 = CARTESIAN_POINT('',(-7.879669678449,-18.35,0.));
#1255 = DIRECTION('',(-0.,-0.,1.));
#1256 = DIRECTION('',(-0.,1.,-0.));
#1257 = DEFINITIONAL_REPRESENTATION('',(#1258),#1262);
#1258 = LINE('',#1259,#1260);
#1259 = CARTESIAN_POINT('',(0.844153986113,0.6));
#1260 = VECTOR('',#1261,1.);
#1261 = DIRECTION('',(-1.,-0.));
#1262 = ( GEOMETRIC_REPRESENTATION_CONTEXT(2) 
PARAMETRIC_REPRESENTATION_CONTEXT() REPRESENTATION_CONTEXT('2D SPACE',''
  ) );
#1263 = ADVANCED_FACE('',(#1264),#265,.T.);
#1264 = FACE_BOUND('',#1265,.T.);
#1265 = EDGE_LOOP('',(#1266,#1267,#1268,#1289));
#1266 = ORIENTED_EDGE('',*,*,#1192,.F.);
#1267 = ORIENTED_EDGE('',*,*,#248,.T.);
#1268 = ORIENTED_EDGE('',*,*,#1269,.T.);
#1269 = EDGE_CURVE('',#249,#1270,#1272,.T.);
#1270 = VERTEX_POINT('',#1271);
#1271 = CARTESIAN_POINT('',(-12.63328372813,-16.17181919415,0.6));
#1272 = SURFACE_CURVE('',#1273,(#1277,#1283),.PCURVE_S1.);
#1273 = LINE('',#1274,#1275);
#1274 = CARTESIAN_POINT('',(-12.63328372813,-16.17181919415,0.6));
#1275 = VECTOR('',#1276,1.);
#1276 = DIRECTION('',(0.528498197563,-0.469776175612,0.707106781187));
#1277 = PCURVE('',#265,#1278);
#1278 = DEFINITIONAL_REPRESENTATION('',(#1279),#1282);
#1279 = B_SPLINE_CURVE_WITH_KNOTS('',1,(#1280,#1281),.UNSPECIFIED.,.F.,
  .F.,(2,2),(-0.848528137424,0.),.PIECEWISE_BEZIER_KNOTS.);
#1280 = CARTESIAN_POINT('',(0.596293573708,-0.6));
#1281 = CARTESIAN_POINT('',(0.596293573708,0.));
#1282 = ( GEOMETRIC_REPRESENTATION_CONTEXT(2) 
PARAMETRIC_REPRESENTATION_CONTEXT() REPRESENTATION_CONTEXT('2D SPACE',''
  ) );
#1283 = PCURVE('',#293,#1284);
#1284 = DEFINITIONAL_REPRESENTATION('',(#1285),#1288);
#1285 = B_SPLINE_CURVE_WITH_KNOTS('',1,(#1286,#1287),.UNSPECIFIED.,.F.,
  .F.,(2,2),(-0.848528137424,0.),.PIECEWISE_BEZIER_KNOTS.);
#1286 = CARTESIAN_POINT('',(4.440892098501E-15,-0.424264068712));
#1287 = CARTESIAN_POINT('',(4.440892098501E-15,0.424264068712));
#1288 = ( GEOMETRIC_REPRESENTATION_CONTEXT(2) 
PARAMETRIC_REPRESENTATION_CONTEXT() REPRESENTATION_CONTEXT('2D SPACE',''
  ) );
#1289 = ORIENTED_EDGE('',*,*,#1290,.F.);
#1290 = EDGE_CURVE('',#1123,#1270,#1291,.T.);
#1291 = SURFACE_CURVE('',#1292,(#1297,#1304),.PCURVE_S1.);
#1292 = CIRCLE('',#1293,5.);
#1293 = AXIS2_PLACEMENT_3D('',#1294,#1295,#1296);
#1294 = CARTESIAN_POINT('',(-16.37033032155,-12.85,0.6));
#1295 = DIRECTION('',(0.,0.,1.));
#1296 = DIRECTION('',(0.245330321551,-0.969439545989,0.));
#1297 = PCURVE('',#265,#1298);
#1298 = DEFINITIONAL_REPRESENTATION('',(#1299),#1303);
#1299 = LINE('',#1300,#1301);
#1300 = CARTESIAN_POINT('',(0.,0.));
#1301 = VECTOR('',#1302,1.);
#1302 = DIRECTION('',(1.,0.));
#1303 = ( GEOMETRIC_REPRESENTATION_CONTEXT(2) 
PARAMETRIC_REPRESENTATION_CONTEXT() REPRESENTATION_CONTEXT('2D SPACE',''
  ) );
#1304 = PCURVE('',#1305,#1310);
#1305 = CYLINDRICAL_SURFACE('',#1306,5.);
#1306 = AXIS2_PLACEMENT_3D('',#1307,#1308,#1309);
#1307 = CARTESIAN_POINT('',(-16.37033032155,-12.85,0.));
#1308 = DIRECTION('',(-0.,-0.,1.));
#1309 = DIRECTION('',(0.747409318684,-0.66436383883,0.));
#1310 = DEFINITIONAL_REPRESENTATION('',(#1311),#1315);
#1311 = LINE('',#1312,#1313);
#1312 = CARTESIAN_POINT('',(-0.596293573708,0.6));
#1313 = VECTOR('',#1314,1.);
#1314 = DIRECTION('',(1.,-0.));
#1315 = ( GEOMETRIC_REPRESENTATION_CONTEXT(2) 
PARAMETRIC_REPRESENTATION_CONTEXT() REPRESENTATION_CONTEXT('2D SPACE',''
  ) );
#1316 = ADVANCED_FACE('',(#1317),#293,.F.);
#1317 = FACE_BOUND('',#1318,.T.);
#1318 = EDGE_LOOP('',(#1319,#1320,#1321,#1322));
#1319 = ORIENTED_EDGE('',*,*,#1269,.F.);
#1320 = ORIENTED_EDGE('',*,*,#277,.T.);
#1321 = ORIENTED_EDGE('',*,*,#1214,.T.);
#1322 = ORIENTED_EDGE('',*,*,#1323,.F.);
#1323 = EDGE_CURVE('',#1270,#1215,#1324,.T.);
#1324 = SURFACE_CURVE('',#1325,(#1329,#1336),.PCURVE_S1.);
#1325 = LINE('',#1326,#1327);
#1326 = CARTESIAN_POINT('',(-12.63328372813,-16.17181919415,0.6));
#1327 = VECTOR('',#1328,1.);
#1328 = DIRECTION('',(0.66436383883,0.747409318684,0.));
#1329 = PCURVE('',#293,#1330);
#1330 = DEFINITIONAL_REPRESENTATION('',(#1331),#1335);
#1331 = LINE('',#1332,#1333);
#1332 = CARTESIAN_POINT('',(-0.,0.424264068712));
#1333 = VECTOR('',#1334,1.);
#1334 = DIRECTION('',(-1.,0.));
#1335 = ( GEOMETRIC_REPRESENTATION_CONTEXT(2) 
PARAMETRIC_REPRESENTATION_CONTEXT() REPRESENTATION_CONTEXT('2D SPACE',''
  ) );
#1336 = PCURVE('',#1337,#1342);
#1337 = PLANE('',#1338);
#1338 = AXIS2_PLACEMENT_3D('',#1339,#1340,#1341);
#1339 = CARTESIAN_POINT('',(-10.125,-13.35,0.));
#1340 = DIRECTION('',(-0.747409318684,0.66436383883,-0.));
#1341 = DIRECTION('',(0.66436383883,0.747409318684,0.));
#1342 = DEFINITIONAL_REPRESENTATION('',(#1343),#1347);
#1343 = LINE('',#1344,#1345);
#1344 = CARTESIAN_POINT('',(-3.775466967845,-0.6));
#1345 = VECTOR('',#1346,1.);
#1346 = DIRECTION('',(1.,-0.));
#1347 = ( GEOMETRIC_REPRESENTATION_CONTEXT(2) 
PARAMETRIC_REPRESENTATION_CONTEXT() REPRESENTATION_CONTEXT('2D SPACE',''
  ) );
#1348 = ADVANCED_FACE('',(#1349),#592,.F.);
#1349 = FACE_BOUND('',#1350,.F.);
#1350 = EDGE_LOOP('',(#1351,#1352,#1376,#1403));
#1351 = ORIENTED_EDGE('',*,*,#578,.F.);
#1352 = ORIENTED_EDGE('',*,*,#1353,.T.);
#1353 = EDGE_CURVE('',#536,#1354,#1356,.T.);
#1354 = VERTEX_POINT('',#1355);
#1355 = CARTESIAN_POINT('',(20.125,-13.81943954598,4.));
#1356 = SURFACE_CURVE('',#1357,(#1363,#1369),.PCURVE_S1.);
#1357 = B_SPLINE_CURVE_WITH_KNOTS('',2,(#1358,#1359,#1360,#1361,#1362),
  .UNSPECIFIED.,.F.,.F.,(3,1,1,3),(-0.8568,6.170714980658E-14,14.,
    14.8568),.UNSPECIFIED.);
#1358 = CARTESIAN_POINT('',(20.125,-13.81943954598,-0.8568));
#1359 = CARTESIAN_POINT('',(20.125,-13.81943954598,-0.4284));
#1360 = CARTESIAN_POINT('',(20.125,-13.81943954598,7.));
#1361 = CARTESIAN_POINT('',(20.125,-13.81943954598,14.4284));
#1362 = CARTESIAN_POINT('',(20.125,-13.81943954598,14.8568));
#1363 = PCURVE('',#592,#1364);
#1364 = DEFINITIONAL_REPRESENTATION('',(#1365),#1368);
#1365 = B_SPLINE_CURVE_WITH_KNOTS('',1,(#1366,#1367),.UNSPECIFIED.,.F.,
  .F.,(2,2),(6.170714980658E-14,14.),.PIECEWISE_BEZIER_KNOTS.);
#1366 = CARTESIAN_POINT('',(4.030560454011,-1.7763568394E-15));
#1367 = CARTESIAN_POINT('',(4.030560454011,-14.));
#1368 = ( GEOMETRIC_REPRESENTATION_CONTEXT(2) 
PARAMETRIC_REPRESENTATION_CONTEXT() REPRESENTATION_CONTEXT('2D SPACE',''
  ) );
#1369 = PCURVE('',#654,#1370);
#1370 = DEFINITIONAL_REPRESENTATION('',(#1371),#1375);
#1371 = LINE('',#1372,#1373);
#1372 = CARTESIAN_POINT('',(0.,0.));
#1373 = VECTOR('',#1374,1.);
#1374 = DIRECTION('',(0.,1.));
#1375 = ( GEOMETRIC_REPRESENTATION_CONTEXT(2) 
PARAMETRIC_REPRESENTATION_CONTEXT() REPRESENTATION_CONTEXT('2D SPACE',''
  ) );
#1376 = ORIENTED_EDGE('',*,*,#1377,.T.);
#1377 = EDGE_CURVE('',#1354,#1378,#1380,.T.);
#1378 = VERTEX_POINT('',#1379);
#1379 = CARTESIAN_POINT('',(20.125,9.85,4.));
#1380 = SURFACE_CURVE('',#1381,(#1385,#1391),.PCURVE_S1.);
#1381 = LINE('',#1382,#1383);
#1382 = CARTESIAN_POINT('',(20.125,-8.925,4.));
#1383 = VECTOR('',#1384,1.);
#1384 = DIRECTION('',(0.,1.,-0.));
#1385 = PCURVE('',#592,#1386);
#1386 = DEFINITIONAL_REPRESENTATION('',(#1387),#1390);
#1387 = B_SPLINE_CURVE_WITH_KNOTS('',1,(#1388,#1389),.UNSPECIFIED.,.F.,
  .F.,(2,2),(-4.894439545989,18.775),.PIECEWISE_BEZIER_KNOTS.);
#1388 = CARTESIAN_POINT('',(4.030560454011,-4.));
#1389 = CARTESIAN_POINT('',(27.700000000001,-4.));
#1390 = ( GEOMETRIC_REPRESENTATION_CONTEXT(2) 
PARAMETRIC_REPRESENTATION_CONTEXT() REPRESENTATION_CONTEXT('2D SPACE',''
  ) );
#1391 = PCURVE('',#1392,#1397);
#1392 = PLANE('',#1393);
#1393 = AXIS2_PLACEMENT_3D('',#1394,#1395,#1396);
#1394 = CARTESIAN_POINT('',(0.,0.,4.));
#1395 = DIRECTION('',(0.,0.,1.));
#1396 = DIRECTION('',(1.,0.,-0.));
#1397 = DEFINITIONAL_REPRESENTATION('',(#1398),#1402);
#1398 = LINE('',#1399,#1400);
#1399 = CARTESIAN_POINT('',(20.125,-8.925));
#1400 = VECTOR('',#1401,1.);
#1401 = DIRECTION('',(0.,1.));
#1402 = ( GEOMETRIC_REPRESENTATION_CONTEXT(2) 
PARAMETRIC_REPRESENTATION_CONTEXT() REPRESENTATION_CONTEXT('2D SPACE',''
  ) );
#1403 = ORIENTED_EDGE('',*,*,#1404,.F.);
#1404 = EDGE_CURVE('',#558,#1378,#1405,.T.);
#1405 = SURFACE_CURVE('',#1406,(#1410,#1417),.PCURVE_S1.);
#1406 = LINE('',#1407,#1408);
#1407 = CARTESIAN_POINT('',(20.125,9.85,0.));
#1408 = VECTOR('',#1409,1.);
#1409 = DIRECTION('',(0.,0.,1.));
#1410 = PCURVE('',#592,#1411);
#1411 = DEFINITIONAL_REPRESENTATION('',(#1412),#1416);
#1412 = LINE('',#1413,#1414);
#1413 = CARTESIAN_POINT('',(27.700000000001,0.));
#1414 = VECTOR('',#1415,1.);
#1415 = DIRECTION('',(0.,-1.));
#1416 = ( GEOMETRIC_REPRESENTATION_CONTEXT(2) 
PARAMETRIC_REPRESENTATION_CONTEXT() REPRESENTATION_CONTEXT('2D SPACE',''
  ) );
#1417 = PCURVE('',#739,#1418);
#1418 = DEFINITIONAL_REPRESENTATION('',(#1419),#1423);
#1419 = LINE('',#1420,#1421);
#1420 = CARTESIAN_POINT('',(-1.570796326795,0.));
#1421 = VECTOR('',#1422,1.);
#1422 = DIRECTION('',(-0.,1.));
#1423 = ( GEOMETRIC_REPRESENTATION_CONTEXT(2) 
PARAMETRIC_REPRESENTATION_CONTEXT() REPRESENTATION_CONTEXT('2D SPACE',''
  ) );
#1424 = ADVANCED_FACE('',(#1425),#654,.F.);
#1425 = FACE_BOUND('',#1426,.F.);
#1426 = EDGE_LOOP('',(#1427,#1428,#1429,#1453));
#1427 = ORIENTED_EDGE('',*,*,#1353,.F.);
#1428 = ORIENTED_EDGE('',*,*,#628,.F.);
#1429 = ORIENTED_EDGE('',*,*,#1430,.T.);
#1430 = EDGE_CURVE('',#608,#1431,#1433,.T.);
#1431 = VERTEX_POINT('',#1432);
#1432 = CARTESIAN_POINT('',(15.143678713795,-17.69719772994,4.));
#1433 = SURFACE_CURVE('',#1434,(#1440,#1447),.PCURVE_S1.);
#1434 = B_SPLINE_CURVE_WITH_KNOTS('',2,(#1435,#1436,#1437,#1438,#1439),
  .UNSPECIFIED.,.F.,.F.,(3,1,1,3),(-0.8568,6.170714980658E-14,14.,
    14.8568),.UNSPECIFIED.);
#1435 = CARTESIAN_POINT('',(15.143678713795,-17.69719772994,-0.8568));
#1436 = CARTESIAN_POINT('',(15.143678713795,-17.69719772994,-0.4284));
#1437 = CARTESIAN_POINT('',(15.143678713795,-17.69719772994,7.));
#1438 = CARTESIAN_POINT('',(15.143678713795,-17.69719772994,14.4284));
#1439 = CARTESIAN_POINT('',(15.143678713795,-17.69719772994,14.8568));
#1440 = PCURVE('',#654,#1441);
#1441 = DEFINITIONAL_REPRESENTATION('',(#1442),#1446);
#1442 = LINE('',#1443,#1444);
#1443 = CARTESIAN_POINT('',(14.,0.));
#1444 = VECTOR('',#1445,1.);
#1445 = DIRECTION('',(0.,1.));
#1446 = ( GEOMETRIC_REPRESENTATION_CONTEXT(2) 
PARAMETRIC_REPRESENTATION_CONTEXT() REPRESENTATION_CONTEXT('2D SPACE',''
  ) );
#1447 = PCURVE('',#792,#1448);
#1448 = DEFINITIONAL_REPRESENTATION('',(#1449),#1452);
#1449 = B_SPLINE_CURVE_WITH_KNOTS('',1,(#1450,#1451),.UNSPECIFIED.,.F.,
  .F.,(2,2),(6.170714980658E-14,14.),.PIECEWISE_BEZIER_KNOTS.);
#1450 = CARTESIAN_POINT('',(0.596293573708,-1.11022302461E-15));
#1451 = CARTESIAN_POINT('',(0.596293573708,14.));
#1452 = ( GEOMETRIC_REPRESENTATION_CONTEXT(2) 
PARAMETRIC_REPRESENTATION_CONTEXT() REPRESENTATION_CONTEXT('2D SPACE',''
  ) );
#1453 = ORIENTED_EDGE('',*,*,#1454,.T.);
#1454 = EDGE_CURVE('',#1431,#1354,#1455,.T.);
#1455 = SURFACE_CURVE('',#1456,(#1483,#1513),.PCURVE_S1.);
#1456 = B_SPLINE_CURVE_WITH_KNOTS('',7,(#1457,#1458,#1459,#1460,#1461,
    #1462,#1463,#1464,#1465,#1466,#1467,#1468,#1469,#1470,#1471,#1472,
    #1473,#1474,#1475,#1476,#1477,#1478,#1479,#1480,#1481,#1482),
  .UNSPECIFIED.,.F.,.F.,(8,6,6,6,8),(0.,0.163278718394,0.5,
    0.836721281606,1.),.UNSPECIFIED.);
#1457 = CARTESIAN_POINT('',(15.143678713795,-17.69719772994,4.));
#1458 = CARTESIAN_POINT('',(15.290363462091,-17.73431837002,4.));
#1459 = CARTESIAN_POINT('',(15.441317696319,-17.76563142379,4.));
#1460 = CARTESIAN_POINT('',(15.596215918219,-17.79060980314,4.));
#1461 = CARTESIAN_POINT('',(15.754652299261,-17.80874285208,4.));
#1462 = CARTESIAN_POINT('',(15.91613808075,-17.81955511142,4.));
#1463 = CARTESIAN_POINT('',(16.080105287139,-17.82262615835,4.));
#1464 = CARTESIAN_POINT('',(16.587861187721,-17.80727009188,4.));
#1465 = CARTESIAN_POINT('',(16.937784464273,-17.762537277,4.));
#1466 = CARTESIAN_POINT('',(17.2899258223,-17.68034670533,4.));
#1467 = CARTESIAN_POINT('',(17.637474657575,-17.55909714123,4.));
#1468 = CARTESIAN_POINT('',(17.973133067867,-17.3991921959,4.));
#1469 = CARTESIAN_POINT('',(18.289936528227,-17.20324515391,4.));
#1470 = CARTESIAN_POINT('',(18.874270397652,-16.74836474886,4.));
#1471 = CARTESIAN_POINT('',(19.141950703874,-16.4893146969,4.));
#1472 = CARTESIAN_POINT('',(19.37931606721,-16.20314369168,4.));
#1473 = CARTESIAN_POINT('',(19.582124457092,-15.89596230114,4.));
#1474 = CARTESIAN_POINT('',(19.748194200177,-15.57474638228,4.));
#1475 = CARTESIAN_POINT('',(19.87740674988,-15.24649123578,4.));
#1476 = CARTESIAN_POINT('',(20.016861446342,-14.75801989477,4.));
#1477 = CARTESIAN_POINT('',(20.054110379472,-14.59831017972,4.));
#1478 = CARTESIAN_POINT('',(20.083245906379,-14.43910690197,4.));
#1479 = CARTESIAN_POINT('',(20.10453625996,-14.28106382194,4.));
#1480 = CARTESIAN_POINT('',(20.118322461807,-14.12477140619,4.));
#1481 = CARTESIAN_POINT('',(20.125,-13.97074836034,4.));
#1482 = CARTESIAN_POINT('',(20.125,-13.81943954598,4.));
#1483 = PCURVE('',#654,#1484);
#1484 = DEFINITIONAL_REPRESENTATION('',(#1485),#1512);
#1485 = B_SPLINE_CURVE_WITH_KNOTS('',7,(#1486,#1487,#1488,#1489,#1490,
    #1491,#1492,#1493,#1494,#1495,#1496,#1497,#1498,#1499,#1500,#1501,
    #1502,#1503,#1504,#1505,#1506,#1507,#1508,#1509,#1510,#1511),
  .UNSPECIFIED.,.F.,.F.,(8,6,6,6,8),(0.,0.163278718394,0.5,
    0.836721281606,1.),.UNSPECIFIED.);
#1486 = CARTESIAN_POINT('',(14.,4.));
#1487 = CARTESIAN_POINT('',(13.664436285261,4.));
#1488 = CARTESIAN_POINT('',(13.330092069687,4.));
#1489 = CARTESIAN_POINT('',(12.996963876769,4.));
#1490 = CARTESIAN_POINT('',(12.665032260757,4.));
#1491 = CARTESIAN_POINT('',(12.334261582963,4.));
#1492 = CARTESIAN_POINT('',(12.004602905153,4.));
#1493 = CARTESIAN_POINT('',(10.998339172853,4.));
#1494 = CARTESIAN_POINT('',(10.324899750106,4.));
#1495 = CARTESIAN_POINT('',(9.655562262594,4.));
#1496 = CARTESIAN_POINT('',(8.989563407543,4.));
#1497 = CARTESIAN_POINT('',(8.32570805902,4.));
#1498 = CARTESIAN_POINT('',(7.662769179224,4.));
#1499 = CARTESIAN_POINT('',(6.337230820777,4.));
#1500 = CARTESIAN_POINT('',(5.674291940979,4.));
#1501 = CARTESIAN_POINT('',(5.010436592463,4.));
#1502 = CARTESIAN_POINT('',(4.3444377374,4.));
#1503 = CARTESIAN_POINT('',(3.675100249899,4.));
#1504 = CARTESIAN_POINT('',(3.001660827146,4.));
#1505 = CARTESIAN_POINT('',(1.995397094848,4.));
#1506 = CARTESIAN_POINT('',(1.665738417037,4.));
#1507 = CARTESIAN_POINT('',(1.334967739244,4.));
#1508 = CARTESIAN_POINT('',(1.003036123231,4.));
#1509 = CARTESIAN_POINT('',(0.669907930313,4.));
#1510 = CARTESIAN_POINT('',(0.33556371474,4.));
#1511 = CARTESIAN_POINT('',(0.,4.));
#1512 = ( GEOMETRIC_REPRESENTATION_CONTEXT(2) 
PARAMETRIC_REPRESENTATION_CONTEXT() REPRESENTATION_CONTEXT('2D SPACE',''
  ) );
#1513 = PCURVE('',#1392,#1514);
#1514 = DEFINITIONAL_REPRESENTATION('',(#1515),#1542);
#1515 = B_SPLINE_CURVE_WITH_KNOTS('',7,(#1516,#1517,#1518,#1519,#1520,
    #1521,#1522,#1523,#1524,#1525,#1526,#1527,#1528,#1529,#1530,#1531,
    #1532,#1533,#1534,#1535,#1536,#1537,#1538,#1539,#1540,#1541),
  .UNSPECIFIED.,.F.,.F.,(8,6,6,6,8),(0.,0.163278718394,0.5,
    0.836721281606,1.),.UNSPECIFIED.);
#1516 = CARTESIAN_POINT('',(15.143678713795,-17.69719772994));
#1517 = CARTESIAN_POINT('',(15.290363462091,-17.73431837002));
#1518 = CARTESIAN_POINT('',(15.441317696319,-17.76563142379));
#1519 = CARTESIAN_POINT('',(15.596215918219,-17.79060980314));
#1520 = CARTESIAN_POINT('',(15.754652299261,-17.80874285208));
#1521 = CARTESIAN_POINT('',(15.91613808075,-17.81955511142));
#1522 = CARTESIAN_POINT('',(16.080105287139,-17.82262615835));
#1523 = CARTESIAN_POINT('',(16.587861187721,-17.80727009188));
#1524 = CARTESIAN_POINT('',(16.937784464273,-17.762537277));
#1525 = CARTESIAN_POINT('',(17.2899258223,-17.68034670533));
#1526 = CARTESIAN_POINT('',(17.637474657575,-17.55909714123));
#1527 = CARTESIAN_POINT('',(17.973133067867,-17.3991921959));
#1528 = CARTESIAN_POINT('',(18.289936528227,-17.20324515391));
#1529 = CARTESIAN_POINT('',(18.874270397652,-16.74836474886));
#1530 = CARTESIAN_POINT('',(19.141950703874,-16.4893146969));
#1531 = CARTESIAN_POINT('',(19.37931606721,-16.20314369168));
#1532 = CARTESIAN_POINT('',(19.582124457092,-15.89596230114));
#1533 = CARTESIAN_POINT('',(19.748194200177,-15.57474638228));
#1534 = CARTESIAN_POINT('',(19.87740674988,-15.24649123578));
#1535 = CARTESIAN_POINT('',(20.016861446342,-14.75801989477));
#1536 = CARTESIAN_POINT('',(20.054110379472,-14.59831017972));
#1537 = CARTESIAN_POINT('',(20.083245906379,-14.43910690197));
#1538 = CARTESIAN_POINT('',(20.10453625996,-14.28106382194));
#1539 = CARTESIAN_POINT('',(20.118322461807,-14.12477140619));
#1540 = CARTESIAN_POINT('',(20.125,-13.97074836034));
#1541 = CARTESIAN_POINT('',(20.125,-13.81943954598));
#1542 = ( GEOMETRIC_REPRESENTATION_CONTEXT(2) 
PARAMETRIC_REPRESENTATION_CONTEXT() REPRESENTATION_CONTEXT('2D SPACE',''
  ) );
#1543 = ADVANCED_FACE('',(#1544),#739,.T.);
#1544 = FACE_BOUND('',#1545,.F.);
#1545 = EDGE_LOOP('',(#1546,#1569,#1570,#1571));
#1546 = ORIENTED_EDGE('',*,*,#1547,.F.);
#1547 = EDGE_CURVE('',#704,#1548,#1550,.T.);
#1548 = VERTEX_POINT('',#1549);
#1549 = CARTESIAN_POINT('',(16.125,13.85,4.));
#1550 = SURFACE_CURVE('',#1551,(#1555,#1562),.PCURVE_S1.);
#1551 = LINE('',#1552,#1553);
#1552 = CARTESIAN_POINT('',(16.125,13.85,0.));
#1553 = VECTOR('',#1554,1.);
#1554 = DIRECTION('',(0.,0.,1.));
#1555 = PCURVE('',#739,#1556);
#1556 = DEFINITIONAL_REPRESENTATION('',(#1557),#1561);
#1557 = LINE('',#1558,#1559);
#1558 = CARTESIAN_POINT('',(-0.,0.));
#1559 = VECTOR('',#1560,1.);
#1560 = DIRECTION('',(-0.,1.));
#1561 = ( GEOMETRIC_REPRESENTATION_CONTEXT(2) 
PARAMETRIC_REPRESENTATION_CONTEXT() REPRESENTATION_CONTEXT('2D SPACE',''
  ) );
#1562 = PCURVE('',#844,#1563);
#1563 = DEFINITIONAL_REPRESENTATION('',(#1564),#1568);
#1564 = LINE('',#1565,#1566);
#1565 = CARTESIAN_POINT('',(4.,0.));
#1566 = VECTOR('',#1567,1.);
#1567 = DIRECTION('',(0.,-1.));
#1568 = ( GEOMETRIC_REPRESENTATION_CONTEXT(2) 
PARAMETRIC_REPRESENTATION_CONTEXT() REPRESENTATION_CONTEXT('2D SPACE',''
  ) );
#1569 = ORIENTED_EDGE('',*,*,#724,.F.);
#1570 = ORIENTED_EDGE('',*,*,#1404,.T.);
#1571 = ORIENTED_EDGE('',*,*,#1572,.T.);
#1572 = EDGE_CURVE('',#1378,#1548,#1573,.T.);
#1573 = SURFACE_CURVE('',#1574,(#1579,#1586),.PCURVE_S1.);
#1574 = CIRCLE('',#1575,4.);
#1575 = AXIS2_PLACEMENT_3D('',#1576,#1577,#1578);
#1576 = CARTESIAN_POINT('',(16.125,9.85,4.));
#1577 = DIRECTION('',(0.,0.,1.));
#1578 = DIRECTION('',(-0.,1.,0.));
#1579 = PCURVE('',#739,#1580);
#1580 = DEFINITIONAL_REPRESENTATION('',(#1581),#1585);
#1581 = LINE('',#1582,#1583);
#1582 = CARTESIAN_POINT('',(-6.28318530718,4.));
#1583 = VECTOR('',#1584,1.);
#1584 = DIRECTION('',(1.,-0.));
#1585 = ( GEOMETRIC_REPRESENTATION_CONTEXT(2) 
PARAMETRIC_REPRESENTATION_CONTEXT() REPRESENTATION_CONTEXT('2D SPACE',''
  ) );
#1586 = PCURVE('',#1392,#1587);
#1587 = DEFINITIONAL_REPRESENTATION('',(#1588),#1592);
#1588 = CIRCLE('',#1589,4.);
#1589 = AXIS2_PLACEMENT_2D('',#1590,#1591);
#1590 = CARTESIAN_POINT('',(16.125,9.85));
#1591 = DIRECTION('',(0.,1.));
#1592 = ( GEOMETRIC_REPRESENTATION_CONTEXT(2) 
PARAMETRIC_REPRESENTATION_CONTEXT() REPRESENTATION_CONTEXT('2D SPACE',''
  ) );
#1593 = ADVANCED_FACE('',(#1594),#792,.T.);
#1594 = FACE_BOUND('',#1595,.T.);
#1595 = EDGE_LOOP('',(#1596,#1597,#1598,#1622));
#1596 = ORIENTED_EDGE('',*,*,#777,.T.);
#1597 = ORIENTED_EDGE('',*,*,#1430,.T.);
#1598 = ORIENTED_EDGE('',*,*,#1599,.F.);
#1599 = EDGE_CURVE('',#1600,#1431,#1602,.T.);
#1600 = VERTEX_POINT('',#1601);
#1601 = CARTESIAN_POINT('',(12.633283728133,-16.17181919415,4.));
#1602 = SURFACE_CURVE('',#1603,(#1608,#1615),.PCURVE_S1.);
#1603 = CIRCLE('',#1604,5.);
#1604 = AXIS2_PLACEMENT_3D('',#1605,#1606,#1607);
#1605 = CARTESIAN_POINT('',(16.370330321552,-12.85,4.));
#1606 = DIRECTION('',(0.,0.,1.));
#1607 = DIRECTION('',(-0.747409318684,-0.66436383883,0.));
#1608 = PCURVE('',#792,#1609);
#1609 = DEFINITIONAL_REPRESENTATION('',(#1610),#1614);
#1610 = LINE('',#1611,#1612);
#1611 = CARTESIAN_POINT('',(0.,4.));
#1612 = VECTOR('',#1613,1.);
#1613 = DIRECTION('',(1.,0.));
#1614 = ( GEOMETRIC_REPRESENTATION_CONTEXT(2) 
PARAMETRIC_REPRESENTATION_CONTEXT() REPRESENTATION_CONTEXT('2D SPACE',''
  ) );
#1615 = PCURVE('',#1392,#1616);
#1616 = DEFINITIONAL_REPRESENTATION('',(#1617),#1621);
#1617 = CIRCLE('',#1618,5.);
#1618 = AXIS2_PLACEMENT_2D('',#1619,#1620);
#1619 = CARTESIAN_POINT('',(16.370330321552,-12.85));
#1620 = DIRECTION('',(-0.747409318684,-0.66436383883));
#1621 = ( GEOMETRIC_REPRESENTATION_CONTEXT(2) 
PARAMETRIC_REPRESENTATION_CONTEXT() REPRESENTATION_CONTEXT('2D SPACE',''
  ) );
#1622 = ORIENTED_EDGE('',*,*,#1623,.F.);
#1623 = EDGE_CURVE('',#755,#1600,#1624,.T.);
#1624 = SURFACE_CURVE('',#1625,(#1629,#1636),.PCURVE_S1.);
#1625 = LINE('',#1626,#1627);
#1626 = CARTESIAN_POINT('',(12.633283728133,-16.17181919415,0.));
#1627 = VECTOR('',#1628,1.);
#1628 = DIRECTION('',(0.,0.,1.));
#1629 = PCURVE('',#792,#1630);
#1630 = DEFINITIONAL_REPRESENTATION('',(#1631),#1635);
#1631 = LINE('',#1632,#1633);
#1632 = CARTESIAN_POINT('',(0.,0.));
#1633 = VECTOR('',#1634,1.);
#1634 = DIRECTION('',(0.,1.));
#1635 = ( GEOMETRIC_REPRESENTATION_CONTEXT(2) 
PARAMETRIC_REPRESENTATION_CONTEXT() REPRESENTATION_CONTEXT('2D SPACE',''
  ) );
#1636 = PCURVE('',#896,#1637);
#1637 = DEFINITIONAL_REPRESENTATION('',(#1638),#1642);
#1638 = LINE('',#1639,#1640);
#1639 = CARTESIAN_POINT('',(3.775466967845,0.));
#1640 = VECTOR('',#1641,1.);
#1641 = DIRECTION('',(0.,-1.));
#1642 = ( GEOMETRIC_REPRESENTATION_CONTEXT(2) 
PARAMETRIC_REPRESENTATION_CONTEXT() REPRESENTATION_CONTEXT('2D SPACE',''
  ) );
#1643 = ADVANCED_FACE('',(#1644),#844,.F.);
#1644 = FACE_BOUND('',#1645,.F.);
#1645 = EDGE_LOOP('',(#1646,#1647,#1648,#1670));
#1646 = ORIENTED_EDGE('',*,*,#830,.F.);
#1647 = ORIENTED_EDGE('',*,*,#1547,.T.);
#1648 = ORIENTED_EDGE('',*,*,#1649,.T.);
#1649 = EDGE_CURVE('',#1548,#1650,#1652,.T.);
#1650 = VERTEX_POINT('',#1651);
#1651 = CARTESIAN_POINT('',(-16.125,13.85,4.));
#1652 = SURFACE_CURVE('',#1653,(#1657,#1663),.PCURVE_S1.);
#1653 = LINE('',#1654,#1655);
#1654 = CARTESIAN_POINT('',(10.0625,13.85,4.));
#1655 = VECTOR('',#1656,1.);
#1656 = DIRECTION('',(-1.,0.,0.));
#1657 = PCURVE('',#844,#1658);
#1658 = DEFINITIONAL_REPRESENTATION('',(#1659),#1662);
#1659 = B_SPLINE_CURVE_WITH_KNOTS('',1,(#1660,#1661),.UNSPECIFIED.,.F.,
  .F.,(2,2),(-6.0625,26.1875),.PIECEWISE_BEZIER_KNOTS.);
#1660 = CARTESIAN_POINT('',(4.,-4.));
#1661 = CARTESIAN_POINT('',(36.250000000001,-4.));
#1662 = ( GEOMETRIC_REPRESENTATION_CONTEXT(2) 
PARAMETRIC_REPRESENTATION_CONTEXT() REPRESENTATION_CONTEXT('2D SPACE',''
  ) );
#1663 = PCURVE('',#1392,#1664);
#1664 = DEFINITIONAL_REPRESENTATION('',(#1665),#1669);
#1665 = LINE('',#1666,#1667);
#1666 = CARTESIAN_POINT('',(10.0625,13.85));
#1667 = VECTOR('',#1668,1.);
#1668 = DIRECTION('',(-1.,0.));
#1669 = ( GEOMETRIC_REPRESENTATION_CONTEXT(2) 
PARAMETRIC_REPRESENTATION_CONTEXT() REPRESENTATION_CONTEXT('2D SPACE',''
  ) );
#1670 = ORIENTED_EDGE('',*,*,#1671,.F.);
#1671 = EDGE_CURVE('',#810,#1650,#1672,.T.);
#1672 = SURFACE_CURVE('',#1673,(#1677,#1684),.PCURVE_S1.);
#1673 = LINE('',#1674,#1675);
#1674 = CARTESIAN_POINT('',(-16.125,13.85,0.));
#1675 = VECTOR('',#1676,1.);
#1676 = DIRECTION('',(0.,0.,1.));
#1677 = PCURVE('',#844,#1678);
#1678 = DEFINITIONAL_REPRESENTATION('',(#1679),#1683);
#1679 = LINE('',#1680,#1681);
#1680 = CARTESIAN_POINT('',(36.250000000001,0.));
#1681 = VECTOR('',#1682,1.);
#1682 = DIRECTION('',(0.,-1.));
#1683 = ( GEOMETRIC_REPRESENTATION_CONTEXT(2) 
PARAMETRIC_REPRESENTATION_CONTEXT() REPRESENTATION_CONTEXT('2D SPACE',''
  ) );
#1684 = PCURVE('',#949,#1685);
#1685 = DEFINITIONAL_REPRESENTATION('',(#1686),#1690);
#1686 = LINE('',#1687,#1688);
#1687 = CARTESIAN_POINT('',(-1.570796326795,0.));
#1688 = VECTOR('',#1689,1.);
#1689 = DIRECTION('',(-0.,1.));
#1690 = ( GEOMETRIC_REPRESENTATION_CONTEXT(2) 
PARAMETRIC_REPRESENTATION_CONTEXT() REPRESENTATION_CONTEXT('2D SPACE',''
  ) );
#1691 = ADVANCED_FACE('',(#1692),#896,.F.);
#1692 = FACE_BOUND('',#1693,.F.);
#1693 = EDGE_LOOP('',(#1694,#1695,#1718,#1738));
#1694 = ORIENTED_EDGE('',*,*,#882,.F.);
#1695 = ORIENTED_EDGE('',*,*,#1696,.T.);
#1696 = EDGE_CURVE('',#860,#1697,#1699,.T.);
#1697 = VERTEX_POINT('',#1698);
#1698 = CARTESIAN_POINT('',(11.616716271867,-15.02818080585,4.));
#1699 = SURFACE_CURVE('',#1700,(#1704,#1711),.PCURVE_S1.);
#1700 = LINE('',#1701,#1702);
#1701 = CARTESIAN_POINT('',(11.616716271867,-15.02818080585,0.));
#1702 = VECTOR('',#1703,1.);
#1703 = DIRECTION('',(0.,0.,1.));
#1704 = PCURVE('',#896,#1705);
#1705 = DEFINITIONAL_REPRESENTATION('',(#1706),#1710);
#1706 = LINE('',#1707,#1708);
#1707 = CARTESIAN_POINT('',(2.245330321551,0.));
#1708 = VECTOR('',#1709,1.);
#1709 = DIRECTION('',(0.,-1.));
#1710 = ( GEOMETRIC_REPRESENTATION_CONTEXT(2) 
PARAMETRIC_REPRESENTATION_CONTEXT() REPRESENTATION_CONTEXT('2D SPACE',''
  ) );
#1711 = PCURVE('',#1002,#1712);
#1712 = DEFINITIONAL_REPRESENTATION('',(#1713),#1717);
#1713 = LINE('',#1714,#1715);
#1714 = CARTESIAN_POINT('',(-0.844153986113,0.));
#1715 = VECTOR('',#1716,1.);
#1716 = DIRECTION('',(-0.,1.));
#1717 = ( GEOMETRIC_REPRESENTATION_CONTEXT(2) 
PARAMETRIC_REPRESENTATION_CONTEXT() REPRESENTATION_CONTEXT('2D SPACE',''
  ) );
#1718 = ORIENTED_EDGE('',*,*,#1719,.T.);
#1719 = EDGE_CURVE('',#1697,#1600,#1720,.T.);
#1720 = SURFACE_CURVE('',#1721,(#1725,#1731),.PCURVE_S1.);
#1721 = LINE('',#1722,#1723);
#1722 = CARTESIAN_POINT('',(4.576034482759,-7.107413793104,4.));
#1723 = VECTOR('',#1724,1.);
#1724 = DIRECTION('',(0.66436383883,-0.747409318684,0.));
#1725 = PCURVE('',#896,#1726);
#1726 = DEFINITIONAL_REPRESENTATION('',(#1727),#1730);
#1727 = B_SPLINE_CURVE_WITH_KNOTS('',1,(#1728,#1729),.UNSPECIFIED.,.F.,
  .F.,(2,2),(10.597629457841,12.127766104135),.PIECEWISE_BEZIER_KNOTS.);
#1728 = CARTESIAN_POINT('',(2.245330321551,-4.));
#1729 = CARTESIAN_POINT('',(3.775466967845,-4.));
#1730 = ( GEOMETRIC_REPRESENTATION_CONTEXT(2) 
PARAMETRIC_REPRESENTATION_CONTEXT() REPRESENTATION_CONTEXT('2D SPACE',''
  ) );
#1731 = PCURVE('',#1392,#1732);
#1732 = DEFINITIONAL_REPRESENTATION('',(#1733),#1737);
#1733 = LINE('',#1734,#1735);
#1734 = CARTESIAN_POINT('',(4.576034482759,-7.107413793104));
#1735 = VECTOR('',#1736,1.);
#1736 = DIRECTION('',(0.66436383883,-0.747409318684));
#1737 = ( GEOMETRIC_REPRESENTATION_CONTEXT(2) 
PARAMETRIC_REPRESENTATION_CONTEXT() REPRESENTATION_CONTEXT('2D SPACE',''
  ) );
#1738 = ORIENTED_EDGE('',*,*,#1623,.F.);
#1739 = ADVANCED_FACE('',(#1740),#949,.T.);
#1740 = FACE_BOUND('',#1741,.F.);
#1741 = EDGE_LOOP('',(#1742,#1765,#1766,#1767));
#1742 = ORIENTED_EDGE('',*,*,#1743,.F.);
#1743 = EDGE_CURVE('',#914,#1744,#1746,.T.);
#1744 = VERTEX_POINT('',#1745);
#1745 = CARTESIAN_POINT('',(-20.125,9.85,4.));
#1746 = SURFACE_CURVE('',#1747,(#1751,#1758),.PCURVE_S1.);
#1747 = LINE('',#1748,#1749);
#1748 = CARTESIAN_POINT('',(-20.125,9.85,0.));
#1749 = VECTOR('',#1750,1.);
#1750 = DIRECTION('',(0.,0.,1.));
#1751 = PCURVE('',#949,#1752);
#1752 = DEFINITIONAL_REPRESENTATION('',(#1753),#1757);
#1753 = LINE('',#1754,#1755);
#1754 = CARTESIAN_POINT('',(-0.,0.));
#1755 = VECTOR('',#1756,1.);
#1756 = DIRECTION('',(-0.,1.));
#1757 = ( GEOMETRIC_REPRESENTATION_CONTEXT(2) 
PARAMETRIC_REPRESENTATION_CONTEXT() REPRESENTATION_CONTEXT('2D SPACE',''
  ) );
#1758 = PCURVE('',#1054,#1759);
#1759 = DEFINITIONAL_REPRESENTATION('',(#1760),#1764);
#1760 = LINE('',#1761,#1762);
#1761 = CARTESIAN_POINT('',(4.,0.));
#1762 = VECTOR('',#1763,1.);
#1763 = DIRECTION('',(0.,-1.));
#1764 = ( GEOMETRIC_REPRESENTATION_CONTEXT(2) 
PARAMETRIC_REPRESENTATION_CONTEXT() REPRESENTATION_CONTEXT('2D SPACE',''
  ) );
#1765 = ORIENTED_EDGE('',*,*,#934,.F.);
#1766 = ORIENTED_EDGE('',*,*,#1671,.T.);
#1767 = ORIENTED_EDGE('',*,*,#1768,.T.);
#1768 = EDGE_CURVE('',#1650,#1744,#1769,.T.);
#1769 = SURFACE_CURVE('',#1770,(#1775,#1782),.PCURVE_S1.);
#1770 = CIRCLE('',#1771,4.);
#1771 = AXIS2_PLACEMENT_3D('',#1772,#1773,#1774);
#1772 = CARTESIAN_POINT('',(-16.125,9.85,4.));
#1773 = DIRECTION('',(0.,0.,1.));
#1774 = DIRECTION('',(-1.,0.,0.));
#1775 = PCURVE('',#949,#1776);
#1776 = DEFINITIONAL_REPRESENTATION('',(#1777),#1781);
#1777 = LINE('',#1778,#1779);
#1778 = CARTESIAN_POINT('',(-6.28318530718,4.));
#1779 = VECTOR('',#1780,1.);
#1780 = DIRECTION('',(1.,-0.));
#1781 = ( GEOMETRIC_REPRESENTATION_CONTEXT(2) 
PARAMETRIC_REPRESENTATION_CONTEXT() REPRESENTATION_CONTEXT('2D SPACE',''
  ) );
#1782 = PCURVE('',#1392,#1783);
#1783 = DEFINITIONAL_REPRESENTATION('',(#1784),#1788);
#1784 = CIRCLE('',#1785,4.);
#1785 = AXIS2_PLACEMENT_2D('',#1786,#1787);
#1786 = CARTESIAN_POINT('',(-16.125,9.85));
#1787 = DIRECTION('',(-1.,0.));
#1788 = ( GEOMETRIC_REPRESENTATION_CONTEXT(2) 
PARAMETRIC_REPRESENTATION_CONTEXT() REPRESENTATION_CONTEXT('2D SPACE',''
  ) );
#1789 = ADVANCED_FACE('',(#1790),#1002,.F.);
#1790 = FACE_BOUND('',#1791,.T.);
#1791 = EDGE_LOOP('',(#1792,#1815,#1816,#1817));
#1792 = ORIENTED_EDGE('',*,*,#1793,.F.);
#1793 = EDGE_CURVE('',#965,#1794,#1796,.T.);
#1794 = VERTEX_POINT('',#1795);
#1795 = CARTESIAN_POINT('',(7.879669678449,-13.35,4.));
#1796 = SURFACE_CURVE('',#1797,(#1801,#1808),.PCURVE_S1.);
#1797 = LINE('',#1798,#1799);
#1798 = CARTESIAN_POINT('',(7.879669678449,-13.35,0.));
#1799 = VECTOR('',#1800,1.);
#1800 = DIRECTION('',(0.,0.,1.));
#1801 = PCURVE('',#1002,#1802);
#1802 = DEFINITIONAL_REPRESENTATION('',(#1803),#1807);
#1803 = LINE('',#1804,#1805);
#1804 = CARTESIAN_POINT('',(-0.,0.));
#1805 = VECTOR('',#1806,1.);
#1806 = DIRECTION('',(-0.,1.));
#1807 = ( GEOMETRIC_REPRESENTATION_CONTEXT(2) 
PARAMETRIC_REPRESENTATION_CONTEXT() REPRESENTATION_CONTEXT('2D SPACE',''
  ) );
#1808 = PCURVE('',#1106,#1809);
#1809 = DEFINITIONAL_REPRESENTATION('',(#1810),#1814);
#1810 = LINE('',#1811,#1812);
#1811 = CARTESIAN_POINT('',(7.879669678449,0.));
#1812 = VECTOR('',#1813,1.);
#1813 = DIRECTION('',(0.,-1.));
#1814 = ( GEOMETRIC_REPRESENTATION_CONTEXT(2) 
PARAMETRIC_REPRESENTATION_CONTEXT() REPRESENTATION_CONTEXT('2D SPACE',''
  ) );
#1815 = ORIENTED_EDGE('',*,*,#987,.T.);
#1816 = ORIENTED_EDGE('',*,*,#1696,.T.);
#1817 = ORIENTED_EDGE('',*,*,#1818,.T.);
#1818 = EDGE_CURVE('',#1697,#1794,#1819,.T.);
#1819 = SURFACE_CURVE('',#1820,(#1825,#1832),.PCURVE_S1.);
#1820 = CIRCLE('',#1821,5.);
#1821 = AXIS2_PLACEMENT_3D('',#1822,#1823,#1824);
#1822 = CARTESIAN_POINT('',(7.879669678449,-18.35,4.));
#1823 = DIRECTION('',(0.,0.,1.));
#1824 = DIRECTION('',(-0.,1.,0.));
#1825 = PCURVE('',#1002,#1826);
#1826 = DEFINITIONAL_REPRESENTATION('',(#1827),#1831);
#1827 = LINE('',#1828,#1829);
#1828 = CARTESIAN_POINT('',(-6.28318530718,4.));
#1829 = VECTOR('',#1830,1.);
#1830 = DIRECTION('',(1.,-0.));
#1831 = ( GEOMETRIC_REPRESENTATION_CONTEXT(2) 
PARAMETRIC_REPRESENTATION_CONTEXT() REPRESENTATION_CONTEXT('2D SPACE',''
  ) );
#1832 = PCURVE('',#1392,#1833);
#1833 = DEFINITIONAL_REPRESENTATION('',(#1834),#1838);
#1834 = CIRCLE('',#1835,5.);
#1835 = AXIS2_PLACEMENT_2D('',#1836,#1837);
#1836 = CARTESIAN_POINT('',(7.879669678449,-18.35));
#1837 = DIRECTION('',(0.,1.));
#1838 = ( GEOMETRIC_REPRESENTATION_CONTEXT(2) 
PARAMETRIC_REPRESENTATION_CONTEXT() REPRESENTATION_CONTEXT('2D SPACE',''
  ) );
#1839 = ADVANCED_FACE('',(#1840),#1054,.F.);
#1840 = FACE_BOUND('',#1841,.F.);
#1841 = EDGE_LOOP('',(#1842,#1866,#1867,#1868));
#1842 = ORIENTED_EDGE('',*,*,#1843,.F.);
#1843 = EDGE_CURVE('',#1020,#1844,#1846,.T.);
#1844 = VERTEX_POINT('',#1845);
#1845 = CARTESIAN_POINT('',(-20.125,-13.81943954598,4.));
#1846 = SURFACE_CURVE('',#1847,(#1853,#1859),.PCURVE_S1.);
#1847 = B_SPLINE_CURVE_WITH_KNOTS('',2,(#1848,#1849,#1850,#1851,#1852),
  .UNSPECIFIED.,.F.,.F.,(3,1,1,3),(-0.8568,6.227006757453E-14,14.,
    14.8568),.UNSPECIFIED.);
#1848 = CARTESIAN_POINT('',(-20.125,-13.81943954598,-0.8568));
#1849 = CARTESIAN_POINT('',(-20.125,-13.81943954598,-0.4284));
#1850 = CARTESIAN_POINT('',(-20.125,-13.81943954598,7.));
#1851 = CARTESIAN_POINT('',(-20.125,-13.81943954598,14.4284));
#1852 = CARTESIAN_POINT('',(-20.125,-13.81943954598,14.8568));
#1853 = PCURVE('',#1054,#1854);
#1854 = DEFINITIONAL_REPRESENTATION('',(#1855),#1858);
#1855 = B_SPLINE_CURVE_WITH_KNOTS('',1,(#1856,#1857),.UNSPECIFIED.,.F.,
  .F.,(2,2),(6.227006757453E-14,14.),.PIECEWISE_BEZIER_KNOTS.);
#1856 = CARTESIAN_POINT('',(27.66943954599,-2.6645352591E-15));
#1857 = CARTESIAN_POINT('',(27.66943954599,-14.));
#1858 = ( GEOMETRIC_REPRESENTATION_CONTEXT(2) 
PARAMETRIC_REPRESENTATION_CONTEXT() REPRESENTATION_CONTEXT('2D SPACE',''
  ) );
#1859 = PCURVE('',#1150,#1860);
#1860 = DEFINITIONAL_REPRESENTATION('',(#1861),#1865);
#1861 = LINE('',#1862,#1863);
#1862 = CARTESIAN_POINT('',(0.,0.));
#1863 = VECTOR('',#1864,1.);
#1864 = DIRECTION('',(0.,1.));
#1865 = ( GEOMETRIC_REPRESENTATION_CONTEXT(2) 
PARAMETRIC_REPRESENTATION_CONTEXT() REPRESENTATION_CONTEXT('2D SPACE',''
  ) );
#1866 = ORIENTED_EDGE('',*,*,#1040,.F.);
#1867 = ORIENTED_EDGE('',*,*,#1743,.T.);
#1868 = ORIENTED_EDGE('',*,*,#1869,.T.);
#1869 = EDGE_CURVE('',#1744,#1844,#1870,.T.);
#1870 = SURFACE_CURVE('',#1871,(#1875,#1881),.PCURVE_S1.);
#1871 = LINE('',#1872,#1873);
#1872 = CARTESIAN_POINT('',(-20.125,6.925,4.));
#1873 = VECTOR('',#1874,1.);
#1874 = DIRECTION('',(0.,-1.,0.));
#1875 = PCURVE('',#1054,#1876);
#1876 = DEFINITIONAL_REPRESENTATION('',(#1877),#1880);
#1877 = B_SPLINE_CURVE_WITH_KNOTS('',1,(#1878,#1879),.UNSPECIFIED.,.F.,
  .F.,(2,2),(-2.925,20.74443954599),.PIECEWISE_BEZIER_KNOTS.);
#1878 = CARTESIAN_POINT('',(4.,-4.));
#1879 = CARTESIAN_POINT('',(27.66943954599,-4.));
#1880 = ( GEOMETRIC_REPRESENTATION_CONTEXT(2) 
PARAMETRIC_REPRESENTATION_CONTEXT() REPRESENTATION_CONTEXT('2D SPACE',''
  ) );
#1881 = PCURVE('',#1392,#1882);
#1882 = DEFINITIONAL_REPRESENTATION('',(#1883),#1887);
#1883 = LINE('',#1884,#1885);
#1884 = CARTESIAN_POINT('',(-20.125,6.925));
#1885 = VECTOR('',#1886,1.);
#1886 = DIRECTION('',(0.,-1.));
#1887 = ( GEOMETRIC_REPRESENTATION_CONTEXT(2) 
PARAMETRIC_REPRESENTATION_CONTEXT() REPRESENTATION_CONTEXT('2D SPACE',''
  ) );
#1888 = ADVANCED_FACE('',(#1889),#1106,.F.);
#1889 = FACE_BOUND('',#1890,.F.);
#1890 = EDGE_LOOP('',(#1891,#1892,#1915,#1935));
#1891 = ORIENTED_EDGE('',*,*,#1092,.F.);
#1892 = ORIENTED_EDGE('',*,*,#1893,.T.);
#1893 = EDGE_CURVE('',#1070,#1894,#1896,.T.);
#1894 = VERTEX_POINT('',#1895);
#1895 = CARTESIAN_POINT('',(-7.879669678449,-13.35,4.));
#1896 = SURFACE_CURVE('',#1897,(#1901,#1908),.PCURVE_S1.);
#1897 = LINE('',#1898,#1899);
#1898 = CARTESIAN_POINT('',(-7.879669678449,-13.35,0.));
#1899 = VECTOR('',#1900,1.);
#1900 = DIRECTION('',(-0.,-0.,1.));
#1901 = PCURVE('',#1106,#1902);
#1902 = DEFINITIONAL_REPRESENTATION('',(#1903),#1907);
#1903 = LINE('',#1904,#1905);
#1904 = CARTESIAN_POINT('',(-7.879669678449,0.));
#1905 = VECTOR('',#1906,1.);
#1906 = DIRECTION('',(0.,-1.));
#1907 = ( GEOMETRIC_REPRESENTATION_CONTEXT(2) 
PARAMETRIC_REPRESENTATION_CONTEXT() REPRESENTATION_CONTEXT('2D SPACE',''
  ) );
#1908 = PCURVE('',#1252,#1909);
#1909 = DEFINITIONAL_REPRESENTATION('',(#1910),#1914);
#1910 = LINE('',#1911,#1912);
#1911 = CARTESIAN_POINT('',(0.,0.));
#1912 = VECTOR('',#1913,1.);
#1913 = DIRECTION('',(0.,1.));
#1914 = ( GEOMETRIC_REPRESENTATION_CONTEXT(2) 
PARAMETRIC_REPRESENTATION_CONTEXT() REPRESENTATION_CONTEXT('2D SPACE',''
  ) );
#1915 = ORIENTED_EDGE('',*,*,#1916,.T.);
#1916 = EDGE_CURVE('',#1894,#1794,#1917,.T.);
#1917 = SURFACE_CURVE('',#1918,(#1922,#1928),.PCURVE_S1.);
#1918 = LINE('',#1919,#1920);
#1919 = CARTESIAN_POINT('',(0.,-13.35,4.));
#1920 = VECTOR('',#1921,1.);
#1921 = DIRECTION('',(1.,0.,0.));
#1922 = PCURVE('',#1106,#1923);
#1923 = DEFINITIONAL_REPRESENTATION('',(#1924),#1927);
#1924 = B_SPLINE_CURVE_WITH_KNOTS('',1,(#1925,#1926),.UNSPECIFIED.,.F.,
  .F.,(2,2),(-7.879669678449,7.879669678449),.PIECEWISE_BEZIER_KNOTS.);
#1925 = CARTESIAN_POINT('',(-7.879669678449,-4.));
#1926 = CARTESIAN_POINT('',(7.879669678449,-4.));
#1927 = ( GEOMETRIC_REPRESENTATION_CONTEXT(2) 
PARAMETRIC_REPRESENTATION_CONTEXT() REPRESENTATION_CONTEXT('2D SPACE',''
  ) );
#1928 = PCURVE('',#1392,#1929);
#1929 = DEFINITIONAL_REPRESENTATION('',(#1930),#1934);
#1930 = LINE('',#1931,#1932);
#1931 = CARTESIAN_POINT('',(0.,-13.35));
#1932 = VECTOR('',#1933,1.);
#1933 = DIRECTION('',(1.,0.));
#1934 = ( GEOMETRIC_REPRESENTATION_CONTEXT(2) 
PARAMETRIC_REPRESENTATION_CONTEXT() REPRESENTATION_CONTEXT('2D SPACE',''
  ) );
#1935 = ORIENTED_EDGE('',*,*,#1793,.F.);
#1936 = ADVANCED_FACE('',(#1937),#1150,.T.);
#1937 = FACE_BOUND('',#1938,.T.);
#1938 = EDGE_LOOP('',(#1939,#1940,#1941,#1965));
#1939 = ORIENTED_EDGE('',*,*,#1843,.F.);
#1940 = ORIENTED_EDGE('',*,*,#1122,.T.);
#1941 = ORIENTED_EDGE('',*,*,#1942,.T.);
#1942 = EDGE_CURVE('',#1123,#1943,#1945,.T.);
#1943 = VERTEX_POINT('',#1944);
#1944 = CARTESIAN_POINT('',(-15.14367871379,-17.69719772994,4.));
#1945 = SURFACE_CURVE('',#1946,(#1952,#1959),.PCURVE_S1.);
#1946 = B_SPLINE_CURVE_WITH_KNOTS('',2,(#1947,#1948,#1949,#1950,#1951),
  .UNSPECIFIED.,.F.,.F.,(3,1,1,3),(-0.8568,6.227006757453E-14,14.,
    14.8568),.UNSPECIFIED.);
#1947 = CARTESIAN_POINT('',(-15.14367871379,-17.69719772994,-0.8568));
#1948 = CARTESIAN_POINT('',(-15.14367871379,-17.69719772994,-0.4284));
#1949 = CARTESIAN_POINT('',(-15.14367871379,-17.69719772994,7.));
#1950 = CARTESIAN_POINT('',(-15.14367871379,-17.69719772994,14.4284));
#1951 = CARTESIAN_POINT('',(-15.14367871379,-17.69719772994,14.8568));
#1952 = PCURVE('',#1150,#1953);
#1953 = DEFINITIONAL_REPRESENTATION('',(#1954),#1958);
#1954 = LINE('',#1955,#1956);
#1955 = CARTESIAN_POINT('',(14.,0.));
#1956 = VECTOR('',#1957,1.);
#1957 = DIRECTION('',(0.,1.));
#1958 = ( GEOMETRIC_REPRESENTATION_CONTEXT(2) 
PARAMETRIC_REPRESENTATION_CONTEXT() REPRESENTATION_CONTEXT('2D SPACE',''
  ) );
#1959 = PCURVE('',#1305,#1960);
#1960 = DEFINITIONAL_REPRESENTATION('',(#1961),#1964);
#1961 = B_SPLINE_CURVE_WITH_KNOTS('',1,(#1962,#1963),.UNSPECIFIED.,.F.,
  .F.,(2,2),(6.227006757453E-14,14.),.PIECEWISE_BEZIER_KNOTS.);
#1962 = CARTESIAN_POINT('',(-0.596293573708,0.));
#1963 = CARTESIAN_POINT('',(-0.596293573708,14.));
#1964 = ( GEOMETRIC_REPRESENTATION_CONTEXT(2) 
PARAMETRIC_REPRESENTATION_CONTEXT() REPRESENTATION_CONTEXT('2D SPACE',''
  ) );
#1965 = ORIENTED_EDGE('',*,*,#1966,.T.);
#1966 = EDGE_CURVE('',#1943,#1844,#1967,.T.);
#1967 = SURFACE_CURVE('',#1968,(#1995,#2025),.PCURVE_S1.);
#1968 = B_SPLINE_CURVE_WITH_KNOTS('',7,(#1969,#1970,#1971,#1972,#1973,
    #1974,#1975,#1976,#1977,#1978,#1979,#1980,#1981,#1982,#1983,#1984,
    #1985,#1986,#1987,#1988,#1989,#1990,#1991,#1992,#1993,#1994),
  .UNSPECIFIED.,.F.,.F.,(8,6,6,6,8),(0.,0.163278718394,0.5,
    0.836721281606,1.),.UNSPECIFIED.);
#1969 = CARTESIAN_POINT('',(-15.14367871379,-17.69719772994,4.));
#1970 = CARTESIAN_POINT('',(-15.29036346209,-17.73431837002,4.));
#1971 = CARTESIAN_POINT('',(-15.44131769632,-17.76563142379,4.));
#1972 = CARTESIAN_POINT('',(-15.59621591821,-17.79060980314,4.));
#1973 = CARTESIAN_POINT('',(-15.75465229926,-17.80874285208,4.));
#1974 = CARTESIAN_POINT('',(-15.91613808075,-17.81955511142,4.));
#1975 = CARTESIAN_POINT('',(-16.08010528713,-17.82262615835,4.));
#1976 = CARTESIAN_POINT('',(-16.58786118772,-17.80727009188,4.));
#1977 = CARTESIAN_POINT('',(-16.93778446427,-17.762537277,4.));
#1978 = CARTESIAN_POINT('',(-17.2899258223,-17.68034670533,4.));
#1979 = CARTESIAN_POINT('',(-17.63747465757,-17.55909714123,4.));
#1980 = CARTESIAN_POINT('',(-17.97313306786,-17.39919219589,4.));
#1981 = CARTESIAN_POINT('',(-18.28993652822,-17.20324515391,4.));
#1982 = CARTESIAN_POINT('',(-18.87427039765,-16.74836474886,4.));
#1983 = CARTESIAN_POINT('',(-19.14195070387,-16.4893146969,4.));
#1984 = CARTESIAN_POINT('',(-19.37931606721,-16.20314369168,4.));
#1985 = CARTESIAN_POINT('',(-19.58212445709,-15.89596230115,4.));
#1986 = CARTESIAN_POINT('',(-19.74819420017,-15.57474638228,4.));
#1987 = CARTESIAN_POINT('',(-19.87740674988,-15.24649123578,4.));
#1988 = CARTESIAN_POINT('',(-20.01686144634,-14.75801989477,4.));
#1989 = CARTESIAN_POINT('',(-20.05411037947,-14.59831017972,4.));
#1990 = CARTESIAN_POINT('',(-20.08324590637,-14.43910690197,4.));
#1991 = CARTESIAN_POINT('',(-20.10453625995,-14.28106382194,4.));
#1992 = CARTESIAN_POINT('',(-20.1183224618,-14.12477140619,4.));
#1993 = CARTESIAN_POINT('',(-20.125,-13.97074836034,4.));
#1994 = CARTESIAN_POINT('',(-20.125,-13.81943954598,4.));
#1995 = PCURVE('',#1150,#1996);
#1996 = DEFINITIONAL_REPRESENTATION('',(#1997),#2024);
#1997 = B_SPLINE_CURVE_WITH_KNOTS('',7,(#1998,#1999,#2000,#2001,#2002,
    #2003,#2004,#2005,#2006,#2007,#2008,#2009,#2010,#2011,#2012,#2013,
    #2014,#2015,#2016,#2017,#2018,#2019,#2020,#2021,#2022,#2023),
  .UNSPECIFIED.,.F.,.F.,(8,6,6,6,8),(0.,0.163278718394,0.5,
    0.836721281606,1.),.UNSPECIFIED.);
#1998 = CARTESIAN_POINT('',(14.,4.));
#1999 = CARTESIAN_POINT('',(13.664436285261,4.));
#2000 = CARTESIAN_POINT('',(13.330092069686,4.));
#2001 = CARTESIAN_POINT('',(12.99696387677,4.));
#2002 = CARTESIAN_POINT('',(12.665032260757,4.));
#2003 = CARTESIAN_POINT('',(12.334261582962,4.));
#2004 = CARTESIAN_POINT('',(12.004602905153,4.));
#2005 = CARTESIAN_POINT('',(10.998339172852,4.));
#2006 = CARTESIAN_POINT('',(10.324899750109,4.));
#2007 = CARTESIAN_POINT('',(9.655562262587,4.));
#2008 = CARTESIAN_POINT('',(8.989563407551,4.));
#2009 = CARTESIAN_POINT('',(8.325708059014,4.));
#2010 = CARTESIAN_POINT('',(7.662769179225,4.));
#2011 = CARTESIAN_POINT('',(6.337230820777,4.));
#2012 = CARTESIAN_POINT('',(5.674291940983,4.));
#2013 = CARTESIAN_POINT('',(5.010436592456,4.));
#2014 = CARTESIAN_POINT('',(4.344437737407,4.));
#2015 = CARTESIAN_POINT('',(3.675100249895,4.));
#2016 = CARTESIAN_POINT('',(3.001660827147,4.));
#2017 = CARTESIAN_POINT('',(1.995397094848,4.));
#2018 = CARTESIAN_POINT('',(1.665738417037,4.));
#2019 = CARTESIAN_POINT('',(1.334967739244,4.));
#2020 = CARTESIAN_POINT('',(1.003036123231,4.));
#2021 = CARTESIAN_POINT('',(0.669907930313,4.));
#2022 = CARTESIAN_POINT('',(0.33556371474,4.));
#2023 = CARTESIAN_POINT('',(0.,4.));
#2024 = ( GEOMETRIC_REPRESENTATION_CONTEXT(2) 
PARAMETRIC_REPRESENTATION_CONTEXT() REPRESENTATION_CONTEXT('2D SPACE',''
  ) );
#2025 = PCURVE('',#1392,#2026);
#2026 = DEFINITIONAL_REPRESENTATION('',(#2027),#2054);
#2027 = B_SPLINE_CURVE_WITH_KNOTS('',7,(#2028,#2029,#2030,#2031,#2032,
    #2033,#2034,#2035,#2036,#2037,#2038,#2039,#2040,#2041,#2042,#2043,
    #2044,#2045,#2046,#2047,#2048,#2049,#2050,#2051,#2052,#2053),
  .UNSPECIFIED.,.F.,.F.,(8,6,6,6,8),(0.,0.163278718394,0.5,
    0.836721281606,1.),.UNSPECIFIED.);
#2028 = CARTESIAN_POINT('',(-15.14367871379,-17.69719772994));
#2029 = CARTESIAN_POINT('',(-15.29036346209,-17.73431837002));
#2030 = CARTESIAN_POINT('',(-15.44131769632,-17.76563142379));
#2031 = CARTESIAN_POINT('',(-15.59621591821,-17.79060980314));
#2032 = CARTESIAN_POINT('',(-15.75465229926,-17.80874285208));
#2033 = CARTESIAN_POINT('',(-15.91613808075,-17.81955511142));
#2034 = CARTESIAN_POINT('',(-16.08010528713,-17.82262615835));
#2035 = CARTESIAN_POINT('',(-16.58786118772,-17.80727009188));
#2036 = CARTESIAN_POINT('',(-16.93778446427,-17.762537277));
#2037 = CARTESIAN_POINT('',(-17.2899258223,-17.68034670533));
#2038 = CARTESIAN_POINT('',(-17.63747465757,-17.55909714123));
#2039 = CARTESIAN_POINT('',(-17.97313306786,-17.39919219589));
#2040 = CARTESIAN_POINT('',(-18.28993652822,-17.20324515391));
#2041 = CARTESIAN_POINT('',(-18.87427039765,-16.74836474886));
#2042 = CARTESIAN_POINT('',(-19.14195070387,-16.4893146969));
#2043 = CARTESIAN_POINT('',(-19.37931606721,-16.20314369168));
#2044 = CARTESIAN_POINT('',(-19.58212445709,-15.89596230115));
#2045 = CARTESIAN_POINT('',(-19.74819420017,-15.57474638228));
#2046 = CARTESIAN_POINT('',(-19.87740674988,-15.24649123578));
#2047 = CARTESIAN_POINT('',(-20.01686144634,-14.75801989477));
#2048 = CARTESIAN_POINT('',(-20.05411037947,-14.59831017972));
#2049 = CARTESIAN_POINT('',(-20.08324590637,-14.43910690197));
#2050 = CARTESIAN_POINT('',(-20.10453625995,-14.28106382194));
#2051 = CARTESIAN_POINT('',(-20.1183224618,-14.12477140619));
#2052 = CARTESIAN_POINT('',(-20.125,-13.97074836034));
#2053 = CARTESIAN_POINT('',(-20.125,-13.81943954598));
#2054 = ( GEOMETRIC_REPRESENTATION_CONTEXT(2) 
PARAMETRIC_REPRESENTATION_CONTEXT() REPRESENTATION_CONTEXT('2D SPACE',''
  ) );
#2055 = ADVANCED_FACE('',(#2056),#1252,.F.);
#2056 = FACE_BOUND('',#2057,.F.);
#2057 = EDGE_LOOP('',(#2058,#2059,#2060,#2083));
#2058 = ORIENTED_EDGE('',*,*,#1893,.F.);
#2059 = ORIENTED_EDGE('',*,*,#1237,.F.);
#2060 = ORIENTED_EDGE('',*,*,#2061,.T.);
#2061 = EDGE_CURVE('',#1215,#2062,#2064,.T.);
#2062 = VERTEX_POINT('',#2063);
#2063 = CARTESIAN_POINT('',(-11.61671627186,-15.02818080585,4.));
#2064 = SURFACE_CURVE('',#2065,(#2069,#2076),.PCURVE_S1.);
#2065 = LINE('',#2066,#2067);
#2066 = CARTESIAN_POINT('',(-11.61671627186,-15.02818080585,0.));
#2067 = VECTOR('',#2068,1.);
#2068 = DIRECTION('',(-0.,-0.,1.));
#2069 = PCURVE('',#1252,#2070);
#2070 = DEFINITIONAL_REPRESENTATION('',(#2071),#2075);
#2071 = LINE('',#2072,#2073);
#2072 = CARTESIAN_POINT('',(0.844153986113,0.));
#2073 = VECTOR('',#2074,1.);
#2074 = DIRECTION('',(0.,1.));
#2075 = ( GEOMETRIC_REPRESENTATION_CONTEXT(2) 
PARAMETRIC_REPRESENTATION_CONTEXT() REPRESENTATION_CONTEXT('2D SPACE',''
  ) );
#2076 = PCURVE('',#1337,#2077);
#2077 = DEFINITIONAL_REPRESENTATION('',(#2078),#2082);
#2078 = LINE('',#2079,#2080);
#2079 = CARTESIAN_POINT('',(-2.245330321551,0.));
#2080 = VECTOR('',#2081,1.);
#2081 = DIRECTION('',(-0.,-1.));
#2082 = ( GEOMETRIC_REPRESENTATION_CONTEXT(2) 
PARAMETRIC_REPRESENTATION_CONTEXT() REPRESENTATION_CONTEXT('2D SPACE',''
  ) );
#2083 = ORIENTED_EDGE('',*,*,#2084,.F.);
#2084 = EDGE_CURVE('',#1894,#2062,#2085,.T.);
#2085 = SURFACE_CURVE('',#2086,(#2091,#2098),.PCURVE_S1.);
#2086 = CIRCLE('',#2087,5.);
#2087 = AXIS2_PLACEMENT_3D('',#2088,#2089,#2090);
#2088 = CARTESIAN_POINT('',(-7.879669678449,-18.35,4.));
#2089 = DIRECTION('',(-0.,-0.,1.));
#2090 = DIRECTION('',(-0.,1.,0.));
#2091 = PCURVE('',#1252,#2092);
#2092 = DEFINITIONAL_REPRESENTATION('',(#2093),#2097);
#2093 = LINE('',#2094,#2095);
#2094 = CARTESIAN_POINT('',(0.,4.));
#2095 = VECTOR('',#2096,1.);
#2096 = DIRECTION('',(1.,0.));
#2097 = ( GEOMETRIC_REPRESENTATION_CONTEXT(2) 
PARAMETRIC_REPRESENTATION_CONTEXT() REPRESENTATION_CONTEXT('2D SPACE',''
  ) );
#2098 = PCURVE('',#1392,#2099);
#2099 = DEFINITIONAL_REPRESENTATION('',(#2100),#2104);
#2100 = CIRCLE('',#2101,5.);
#2101 = AXIS2_PLACEMENT_2D('',#2102,#2103);
#2102 = CARTESIAN_POINT('',(-7.879669678449,-18.35));
#2103 = DIRECTION('',(0.,1.));
#2104 = ( GEOMETRIC_REPRESENTATION_CONTEXT(2) 
PARAMETRIC_REPRESENTATION_CONTEXT() REPRESENTATION_CONTEXT('2D SPACE',''
  ) );
#2105 = ADVANCED_FACE('',(#2106),#1305,.T.);
#2106 = FACE_BOUND('',#2107,.F.);
#2107 = EDGE_LOOP('',(#2108,#2109,#2110,#2134));
#2108 = ORIENTED_EDGE('',*,*,#1290,.F.);
#2109 = ORIENTED_EDGE('',*,*,#1942,.T.);
#2110 = ORIENTED_EDGE('',*,*,#2111,.T.);
#2111 = EDGE_CURVE('',#1943,#2112,#2114,.T.);
#2112 = VERTEX_POINT('',#2113);
#2113 = CARTESIAN_POINT('',(-12.63328372813,-16.17181919415,4.));
#2114 = SURFACE_CURVE('',#2115,(#2120,#2127),.PCURVE_S1.);
#2115 = CIRCLE('',#2116,5.);
#2116 = AXIS2_PLACEMENT_3D('',#2117,#2118,#2119);
#2117 = CARTESIAN_POINT('',(-16.37033032155,-12.85,4.));
#2118 = DIRECTION('',(-0.,0.,1.));
#2119 = DIRECTION('',(0.747409318684,-0.66436383883,0.));
#2120 = PCURVE('',#1305,#2121);
#2121 = DEFINITIONAL_REPRESENTATION('',(#2122),#2126);
#2122 = LINE('',#2123,#2124);
#2123 = CARTESIAN_POINT('',(-6.28318530718,4.));
#2124 = VECTOR('',#2125,1.);
#2125 = DIRECTION('',(1.,-0.));
#2126 = ( GEOMETRIC_REPRESENTATION_CONTEXT(2) 
PARAMETRIC_REPRESENTATION_CONTEXT() REPRESENTATION_CONTEXT('2D SPACE',''
  ) );
#2127 = PCURVE('',#1392,#2128);
#2128 = DEFINITIONAL_REPRESENTATION('',(#2129),#2133);
#2129 = CIRCLE('',#2130,5.);
#2130 = AXIS2_PLACEMENT_2D('',#2131,#2132);
#2131 = CARTESIAN_POINT('',(-16.37033032155,-12.85));
#2132 = DIRECTION('',(0.747409318684,-0.66436383883));
#2133 = ( GEOMETRIC_REPRESENTATION_CONTEXT(2) 
PARAMETRIC_REPRESENTATION_CONTEXT() REPRESENTATION_CONTEXT('2D SPACE',''
  ) );
#2134 = ORIENTED_EDGE('',*,*,#2135,.F.);
#2135 = EDGE_CURVE('',#1270,#2112,#2136,.T.);
#2136 = SURFACE_CURVE('',#2137,(#2141,#2148),.PCURVE_S1.);
#2137 = LINE('',#2138,#2139);
#2138 = CARTESIAN_POINT('',(-12.63328372813,-16.17181919415,0.));
#2139 = VECTOR('',#2140,1.);
#2140 = DIRECTION('',(-0.,-0.,1.));
#2141 = PCURVE('',#1305,#2142);
#2142 = DEFINITIONAL_REPRESENTATION('',(#2143),#2147);
#2143 = LINE('',#2144,#2145);
#2144 = CARTESIAN_POINT('',(-0.,0.));
#2145 = VECTOR('',#2146,1.);
#2146 = DIRECTION('',(-0.,1.));
#2147 = ( GEOMETRIC_REPRESENTATION_CONTEXT(2) 
PARAMETRIC_REPRESENTATION_CONTEXT() REPRESENTATION_CONTEXT('2D SPACE',''
  ) );
#2148 = PCURVE('',#1337,#2149);
#2149 = DEFINITIONAL_REPRESENTATION('',(#2150),#2154);
#2150 = LINE('',#2151,#2152);
#2151 = CARTESIAN_POINT('',(-3.775466967845,0.));
#2152 = VECTOR('',#2153,1.);
#2153 = DIRECTION('',(-0.,-1.));
#2154 = ( GEOMETRIC_REPRESENTATION_CONTEXT(2) 
PARAMETRIC_REPRESENTATION_CONTEXT() REPRESENTATION_CONTEXT('2D SPACE',''
  ) );
#2155 = ADVANCED_FACE('',(#2156),#1337,.F.);
#2156 = FACE_BOUND('',#2157,.T.);
#2157 = EDGE_LOOP('',(#2158,#2159,#2160,#2180));
#2158 = ORIENTED_EDGE('',*,*,#1323,.T.);
#2159 = ORIENTED_EDGE('',*,*,#2061,.T.);
#2160 = ORIENTED_EDGE('',*,*,#2161,.T.);
#2161 = EDGE_CURVE('',#2062,#2112,#2162,.T.);
#2162 = SURFACE_CURVE('',#2163,(#2167,#2173),.PCURVE_S1.);
#2163 = LINE('',#2164,#2165);
#2164 = CARTESIAN_POINT('',(-4.576034482759,-7.107413793104,4.));
#2165 = VECTOR('',#2166,1.);
#2166 = DIRECTION('',(-0.66436383883,-0.747409318684,0.));
#2167 = PCURVE('',#1337,#2168);
#2168 = DEFINITIONAL_REPRESENTATION('',(#2169),#2172);
#2169 = B_SPLINE_CURVE_WITH_KNOTS('',1,(#2170,#2171),.UNSPECIFIED.,.F.,
  .F.,(2,2),(10.597629457841,12.127766104135),.PIECEWISE_BEZIER_KNOTS.);
#2170 = CARTESIAN_POINT('',(-2.245330321551,-4.));
#2171 = CARTESIAN_POINT('',(-3.775466967845,-4.));
#2172 = ( GEOMETRIC_REPRESENTATION_CONTEXT(2) 
PARAMETRIC_REPRESENTATION_CONTEXT() REPRESENTATION_CONTEXT('2D SPACE',''
  ) );
#2173 = PCURVE('',#1392,#2174);
#2174 = DEFINITIONAL_REPRESENTATION('',(#2175),#2179);
#2175 = LINE('',#2176,#2177);
#2176 = CARTESIAN_POINT('',(-4.576034482759,-7.107413793104));
#2177 = VECTOR('',#2178,1.);
#2178 = DIRECTION('',(-0.66436383883,-0.747409318684));
#2179 = ( GEOMETRIC_REPRESENTATION_CONTEXT(2) 
PARAMETRIC_REPRESENTATION_CONTEXT() REPRESENTATION_CONTEXT('2D SPACE',''
  ) );
#2180 = ORIENTED_EDGE('',*,*,#2135,.F.);
#2181 = ADVANCED_FACE('',(#2182,#2198,#2821,#2856,#2891,#2926),#1392,.T.
  );
#2182 = FACE_BOUND('',#2183,.T.);
#2183 = EDGE_LOOP('',(#2184,#2185,#2186,#2187,#2188,#2189,#2190,#2191,
    #2192,#2193,#2194,#2195,#2196,#2197));
#2184 = ORIENTED_EDGE('',*,*,#1454,.T.);
#2185 = ORIENTED_EDGE('',*,*,#1377,.T.);
#2186 = ORIENTED_EDGE('',*,*,#1572,.T.);
#2187 = ORIENTED_EDGE('',*,*,#1649,.T.);
#2188 = ORIENTED_EDGE('',*,*,#1768,.T.);
#2189 = ORIENTED_EDGE('',*,*,#1869,.T.);
#2190 = ORIENTED_EDGE('',*,*,#1966,.F.);
#2191 = ORIENTED_EDGE('',*,*,#2111,.T.);
#2192 = ORIENTED_EDGE('',*,*,#2161,.F.);
#2193 = ORIENTED_EDGE('',*,*,#2084,.F.);
#2194 = ORIENTED_EDGE('',*,*,#1916,.T.);
#2195 = ORIENTED_EDGE('',*,*,#1818,.F.);
#2196 = ORIENTED_EDGE('',*,*,#1719,.T.);
#2197 = ORIENTED_EDGE('',*,*,#1599,.T.);
#2198 = FACE_BOUND('',#2199,.T.);
#2199 = EDGE_LOOP('',(#2200,#2230,#2263,#2292,#2325,#2353,#2382,#2415,
    #2443,#2472,#2500,#2533,#2562,#2595,#2623,#2652,#2680,#2709,#2737,
    #2766,#2794));
#2200 = ORIENTED_EDGE('',*,*,#2201,.F.);
#2201 = EDGE_CURVE('',#2202,#2204,#2206,.T.);
#2202 = VERTEX_POINT('',#2203);
#2203 = CARTESIAN_POINT('',(-11.33214209156,2.750700997948,4.));
#2204 = VERTEX_POINT('',#2205);
#2205 = CARTESIAN_POINT('',(-17.32515281043,2.749999984178,4.));
#2206 = SURFACE_CURVE('',#2207,(#2211,#2218),.PCURVE_S1.);
#2207 = LINE('',#2208,#2209);
#2208 = CARTESIAN_POINT('',(-17.32503509156,2.749999997948,4.));
#2209 = VECTOR('',#2210,1.);
#2210 = DIRECTION('',(-0.999999993159,-1.169718857316E-04,0.));
#2211 = PCURVE('',#1392,#2212);
#2212 = DEFINITIONAL_REPRESENTATION('',(#2213),#2217);
#2213 = LINE('',#2214,#2215);
#2214 = CARTESIAN_POINT('',(-17.32503509156,2.749999997948));
#2215 = VECTOR('',#2216,1.);
#2216 = DIRECTION('',(-0.999999993159,-1.169718857316E-04));
#2217 = ( GEOMETRIC_REPRESENTATION_CONTEXT(2) 
PARAMETRIC_REPRESENTATION_CONTEXT() REPRESENTATION_CONTEXT('2D SPACE',''
  ) );
#2218 = PCURVE('',#2219,#2224);
#2219 = PLANE('',#2220);
#2220 = AXIS2_PLACEMENT_3D('',#2221,#2222,#2223);
#2221 = CARTESIAN_POINT('',(-11.33214209156,2.750700997948,4.));
#2222 = DIRECTION('',(-1.169718857316E-04,0.999999993159,0.));
#2223 = DIRECTION('',(-0.999999993159,-1.169718857316E-04,0.));
#2224 = DEFINITIONAL_REPRESENTATION('',(#2225),#2229);
#2225 = LINE('',#2226,#2227);
#2226 = CARTESIAN_POINT('',(5.992893040999,0.));
#2227 = VECTOR('',#2228,1.);
#2228 = DIRECTION('',(1.,0.));
#2229 = ( GEOMETRIC_REPRESENTATION_CONTEXT(2) 
PARAMETRIC_REPRESENTATION_CONTEXT() REPRESENTATION_CONTEXT('2D SPACE',''
  ) );
#2230 = ORIENTED_EDGE('',*,*,#2231,.T.);
#2231 = EDGE_CURVE('',#2202,#2232,#2234,.T.);
#2232 = VERTEX_POINT('',#2233);
#2233 = CARTESIAN_POINT('',(-11.33210677587,2.750701,4.));
#2234 = SURFACE_CURVE('',#2235,(#2240,#2251),.PCURVE_S1.);
#2235 = CIRCLE('',#2236,0.3);
#2236 = AXIS2_PLACEMENT_3D('',#2237,#2238,#2239);
#2237 = CARTESIAN_POINT('',(-11.332107,2.450701,4.));
#2238 = DIRECTION('',(-0.,0.,-1.));
#2239 = DIRECTION('',(-0.999999993159,-1.169718857316E-04,0.));
#2240 = PCURVE('',#1392,#2241);
#2241 = DEFINITIONAL_REPRESENTATION('',(#2242),#2250);
#2242 = ( BOUNDED_CURVE() B_SPLINE_CURVE(2,(#2243,#2244,#2245,#2246,
#2247,#2248,#2249),.UNSPECIFIED.,.T.,.F.) B_SPLINE_CURVE_WITH_KNOTS((1,2
    ,2,2,2,1),(-2.094395102393,0.,2.094395102393,4.188790204786,
6.28318530718,8.377580409573),.UNSPECIFIED.) CURVE() 
GEOMETRIC_REPRESENTATION_ITEM() RATIONAL_B_SPLINE_CURVE((1.,0.5,1.,0.5,
1.,0.5,1.)) REPRESENTATION_ITEM('') );
#2243 = CARTESIAN_POINT('',(-11.63210699794,2.450665908434));
#2244 = CARTESIAN_POINT('',(-11.63216777832,2.97028114715));
#2245 = CARTESIAN_POINT('',(-11.18213739121,2.710526165141));
#2246 = CARTESIAN_POINT('',(-10.7321070041,2.450771183131));
#2247 = CARTESIAN_POINT('',(-11.18207661083,2.190910926425));
#2248 = CARTESIAN_POINT('',(-11.63204621757,1.931050669718));
#2249 = CARTESIAN_POINT('',(-11.63210699794,2.450665908434));
#2250 = ( GEOMETRIC_REPRESENTATION_CONTEXT(2) 
PARAMETRIC_REPRESENTATION_CONTEXT() REPRESENTATION_CONTEXT('2D SPACE',''
  ) );
#2251 = PCURVE('',#2252,#2257);
#2252 = CYLINDRICAL_SURFACE('',#2253,0.3);
#2253 = AXIS2_PLACEMENT_3D('',#2254,#2255,#2256);
#2254 = CARTESIAN_POINT('',(-11.332107,2.450701,4.));
#2255 = DIRECTION('',(0.,-0.,1.));
#2256 = DIRECTION('',(-0.999999993159,-1.169718857316E-04,0.));
#2257 = DEFINITIONAL_REPRESENTATION('',(#2258),#2262);
#2258 = LINE('',#2259,#2260);
#2259 = CARTESIAN_POINT('',(-0.,0.));
#2260 = VECTOR('',#2261,1.);
#2261 = DIRECTION('',(-1.,0.));
#2262 = ( GEOMETRIC_REPRESENTATION_CONTEXT(2) 
PARAMETRIC_REPRESENTATION_CONTEXT() REPRESENTATION_CONTEXT('2D SPACE',''
  ) );
#2263 = ORIENTED_EDGE('',*,*,#2264,.T.);
#2264 = EDGE_CURVE('',#2232,#2265,#2267,.T.);
#2265 = VERTEX_POINT('',#2266);
#2266 = CARTESIAN_POINT('',(-10.632107,3.450700775877,4.));
#2267 = SURFACE_CURVE('',#2268,(#2273,#2280),.PCURVE_S1.);
#2268 = CIRCLE('',#2269,0.699999252925);
#2269 = AXIS2_PLACEMENT_3D('',#2270,#2271,#2272);
#2270 = CARTESIAN_POINT('',(-11.33210625292,3.450700252925,4.));
#2271 = DIRECTION('',(0.,0.,1.));
#2272 = DIRECTION('',(-7.470757066546E-07,-1.,0.));
#2273 = PCURVE('',#1392,#2274);
#2274 = DEFINITIONAL_REPRESENTATION('',(#2275),#2279);
#2275 = CIRCLE('',#2276,0.699999252925);
#2276 = AXIS2_PLACEMENT_2D('',#2277,#2278);
#2277 = CARTESIAN_POINT('',(-11.33210625292,3.450700252925));
#2278 = DIRECTION('',(-7.470757066546E-07,-1.));
#2279 = ( GEOMETRIC_REPRESENTATION_CONTEXT(2) 
PARAMETRIC_REPRESENTATION_CONTEXT() REPRESENTATION_CONTEXT('2D SPACE',''
  ) );
#2280 = PCURVE('',#2281,#2286);
#2281 = CYLINDRICAL_SURFACE('',#2282,0.699999252925);
#2282 = AXIS2_PLACEMENT_3D('',#2283,#2284,#2285);
#2283 = CARTESIAN_POINT('',(-11.33210625292,3.450700252925,4.));
#2284 = DIRECTION('',(0.,0.,1.));
#2285 = DIRECTION('',(-7.470757066546E-07,-1.,0.));
#2286 = DEFINITIONAL_REPRESENTATION('',(#2287),#2291);
#2287 = LINE('',#2288,#2289);
#2288 = CARTESIAN_POINT('',(0.,0.));
#2289 = VECTOR('',#2290,1.);
#2290 = DIRECTION('',(1.,0.));
#2291 = ( GEOMETRIC_REPRESENTATION_CONTEXT(2) 
PARAMETRIC_REPRESENTATION_CONTEXT() REPRESENTATION_CONTEXT('2D SPACE',''
  ) );
#2292 = ORIENTED_EDGE('',*,*,#2293,.T.);
#2293 = EDGE_CURVE('',#2265,#2294,#2296,.T.);
#2294 = VERTEX_POINT('',#2295);
#2295 = CARTESIAN_POINT('',(-10.632107,3.450701,4.));
#2296 = SURFACE_CURVE('',#2297,(#2302,#2313),.PCURVE_S1.);
#2297 = CIRCLE('',#2298,0.3);
#2298 = AXIS2_PLACEMENT_3D('',#2299,#2300,#2301);
#2299 = CARTESIAN_POINT('',(-10.332107,3.450701,4.));
#2300 = DIRECTION('',(-0.,0.,-1.));
#2301 = DIRECTION('',(7.470757063236E-07,-1.,-0.));
#2302 = PCURVE('',#1392,#2303);
#2303 = DEFINITIONAL_REPRESENTATION('',(#2304),#2312);
#2304 = ( BOUNDED_CURVE() B_SPLINE_CURVE(2,(#2305,#2306,#2307,#2308,
#2309,#2310,#2311),.UNSPECIFIED.,.T.,.F.) B_SPLINE_CURVE_WITH_KNOTS((1,2
    ,2,2,2,1),(-2.094395102393,0.,2.094395102393,4.188790204786,
6.28318530718,8.377580409573),.UNSPECIFIED.) CURVE() 
GEOMETRIC_REPRESENTATION_ITEM() RATIONAL_B_SPLINE_CURVE((1.,0.5,1.,0.5,
1.,0.5,1.)) REPRESENTATION_ITEM('') );
#2305 = CARTESIAN_POINT('',(-10.33210677587,3.150701));
#2306 = CARTESIAN_POINT('',(-10.85172201814,3.150700611808));
#2307 = CARTESIAN_POINT('',(-10.59191473319,3.600700805904));
#2308 = CARTESIAN_POINT('',(-10.33210744824,4.050701));
#2309 = CARTESIAN_POINT('',(-10.07229949092,3.600701194096));
#2310 = CARTESIAN_POINT('',(-9.812491533607,3.150701388192));
#2311 = CARTESIAN_POINT('',(-10.33210677587,3.150701));
#2312 = ( GEOMETRIC_REPRESENTATION_CONTEXT(2) 
PARAMETRIC_REPRESENTATION_CONTEXT() REPRESENTATION_CONTEXT('2D SPACE',''
  ) );
#2313 = PCURVE('',#2314,#2319);
#2314 = CYLINDRICAL_SURFACE('',#2315,0.3);
#2315 = AXIS2_PLACEMENT_3D('',#2316,#2317,#2318);
#2316 = CARTESIAN_POINT('',(-10.332107,3.450701,4.));
#2317 = DIRECTION('',(0.,-0.,1.));
#2318 = DIRECTION('',(7.470757063236E-07,-1.,-0.));
#2319 = DEFINITIONAL_REPRESENTATION('',(#2320),#2324);
#2320 = LINE('',#2321,#2322);
#2321 = CARTESIAN_POINT('',(-0.,0.));
#2322 = VECTOR('',#2323,1.);
#2323 = DIRECTION('',(-1.,0.));
#2324 = ( GEOMETRIC_REPRESENTATION_CONTEXT(2) 
PARAMETRIC_REPRESENTATION_CONTEXT() REPRESENTATION_CONTEXT('2D SPACE',''
  ) );
#2325 = ORIENTED_EDGE('',*,*,#2326,.F.);
#2326 = EDGE_CURVE('',#2327,#2294,#2329,.T.);
#2327 = VERTEX_POINT('',#2328);
#2328 = CARTESIAN_POINT('',(-10.632107,11.050000747075,4.));
#2329 = SURFACE_CURVE('',#2330,(#2334,#2341),.PCURVE_S1.);
#2330 = LINE('',#2331,#2332);
#2331 = CARTESIAN_POINT('',(-10.632107,11.05,4.));
#2332 = VECTOR('',#2333,1.);
#2333 = DIRECTION('',(-1.224646799147E-16,-1.,0.));
#2334 = PCURVE('',#1392,#2335);
#2335 = DEFINITIONAL_REPRESENTATION('',(#2336),#2340);
#2336 = LINE('',#2337,#2338);
#2337 = CARTESIAN_POINT('',(-10.632107,11.05));
#2338 = VECTOR('',#2339,1.);
#2339 = DIRECTION('',(-1.224646799147E-16,-1.));
#2340 = ( GEOMETRIC_REPRESENTATION_CONTEXT(2) 
PARAMETRIC_REPRESENTATION_CONTEXT() REPRESENTATION_CONTEXT('2D SPACE',''
  ) );
#2341 = PCURVE('',#2342,#2347);
#2342 = PLANE('',#2343);
#2343 = AXIS2_PLACEMENT_3D('',#2344,#2345,#2346);
#2344 = CARTESIAN_POINT('',(-10.632107,11.050000747075,4.));
#2345 = DIRECTION('',(-1.,1.224646799147E-16,0.));
#2346 = DIRECTION('',(-1.224646799147E-16,-1.,0.));
#2347 = DEFINITIONAL_REPRESENTATION('',(#2348),#2352);
#2348 = LINE('',#2349,#2350);
#2349 = CARTESIAN_POINT('',(7.470752052541E-07,0.));
#2350 = VECTOR('',#2351,1.);
#2351 = DIRECTION('',(1.,0.));
#2352 = ( GEOMETRIC_REPRESENTATION_CONTEXT(2) 
PARAMETRIC_REPRESENTATION_CONTEXT() REPRESENTATION_CONTEXT('2D SPACE',''
  ) );
#2353 = ORIENTED_EDGE('',*,*,#2354,.F.);
#2354 = EDGE_CURVE('',#2355,#2327,#2357,.T.);
#2355 = VERTEX_POINT('',#2356);
#2356 = CARTESIAN_POINT('',(-9.332106775877,12.35,4.));
#2357 = SURFACE_CURVE('',#2358,(#2363,#2370),.PCURVE_S1.);
#2358 = CIRCLE('',#2359,1.299999252925);
#2359 = AXIS2_PLACEMENT_3D('',#2360,#2361,#2362);
#2360 = CARTESIAN_POINT('',(-9.332107747075,11.050000747075,4.));
#2361 = DIRECTION('',(0.,-0.,1.));
#2362 = DIRECTION('',(7.470757634981E-07,1.,0.));
#2363 = PCURVE('',#1392,#2364);
#2364 = DEFINITIONAL_REPRESENTATION('',(#2365),#2369);
#2365 = CIRCLE('',#2366,1.299999252925);
#2366 = AXIS2_PLACEMENT_2D('',#2367,#2368);
#2367 = CARTESIAN_POINT('',(-9.332107747075,11.050000747075));
#2368 = DIRECTION('',(7.470757634981E-07,1.));
#2369 = ( GEOMETRIC_REPRESENTATION_CONTEXT(2) 
PARAMETRIC_REPRESENTATION_CONTEXT() REPRESENTATION_CONTEXT('2D SPACE',''
  ) );
#2370 = PCURVE('',#2371,#2376);
#2371 = CYLINDRICAL_SURFACE('',#2372,1.299999252925);
#2372 = AXIS2_PLACEMENT_3D('',#2373,#2374,#2375);
#2373 = CARTESIAN_POINT('',(-9.332107747075,11.050000747075,4.));
#2374 = DIRECTION('',(0.,-0.,1.));
#2375 = DIRECTION('',(7.470757634981E-07,1.,0.));
#2376 = DEFINITIONAL_REPRESENTATION('',(#2377),#2381);
#2377 = LINE('',#2378,#2379);
#2378 = CARTESIAN_POINT('',(0.,0.));
#2379 = VECTOR('',#2380,1.);
#2380 = DIRECTION('',(1.,0.));
#2381 = ( GEOMETRIC_REPRESENTATION_CONTEXT(2) 
PARAMETRIC_REPRESENTATION_CONTEXT() REPRESENTATION_CONTEXT('2D SPACE',''
  ) );
#2382 = ORIENTED_EDGE('',*,*,#2383,.T.);
#2383 = EDGE_CURVE('',#2355,#2384,#2386,.T.);
#2384 = VERTEX_POINT('',#2385);
#2385 = CARTESIAN_POINT('',(-9.332090807782,12.349999999563,4.));
#2386 = SURFACE_CURVE('',#2387,(#2392,#2403),.PCURVE_S1.);
#2387 = CIRCLE('',#2388,0.3);
#2388 = AXIS2_PLACEMENT_3D('',#2389,#2390,#2391);
#2389 = CARTESIAN_POINT('',(-9.332107,12.05,4.));
#2390 = DIRECTION('',(0.,0.,-1.));
#2391 = DIRECTION('',(-1.,7.470757634981E-07,0.));
#2392 = PCURVE('',#1392,#2393);
#2393 = DEFINITIONAL_REPRESENTATION('',(#2394),#2402);
#2394 = ( BOUNDED_CURVE() B_SPLINE_CURVE(2,(#2395,#2396,#2397,#2398,
#2399,#2400,#2401),.UNSPECIFIED.,.T.,.F.) B_SPLINE_CURVE_WITH_KNOTS((1,2
    ,2,2,2,1),(-2.094395102393,0.,2.094395102393,4.188790204786,
6.28318530718,8.377580409573),.UNSPECIFIED.) CURVE() 
GEOMETRIC_REPRESENTATION_ITEM() RATIONAL_B_SPLINE_CURVE((1.,0.5,1.,0.5,
1.,0.5,1.)) REPRESENTATION_ITEM('') );
#2395 = CARTESIAN_POINT('',(-9.632107,12.050000224123));
#2396 = CARTESIAN_POINT('',(-9.632106611808,12.569615466393));
#2397 = CARTESIAN_POINT('',(-9.182106805904,12.309807509074));
#2398 = CARTESIAN_POINT('',(-8.732107,12.049999551755));
#2399 = CARTESIAN_POINT('',(-9.182107194096,11.790192266803));
#2400 = CARTESIAN_POINT('',(-9.632107388192,11.530384981852));
#2401 = CARTESIAN_POINT('',(-9.632107,12.050000224123));
#2402 = ( GEOMETRIC_REPRESENTATION_CONTEXT(2) 
PARAMETRIC_REPRESENTATION_CONTEXT() REPRESENTATION_CONTEXT('2D SPACE',''
  ) );
#2403 = PCURVE('',#2404,#2409);
#2404 = CYLINDRICAL_SURFACE('',#2405,0.3);
#2405 = AXIS2_PLACEMENT_3D('',#2406,#2407,#2408);
#2406 = CARTESIAN_POINT('',(-9.332107,12.05,4.));
#2407 = DIRECTION('',(-0.,-0.,1.));
#2408 = DIRECTION('',(-1.,7.470757634981E-07,0.));
#2409 = DEFINITIONAL_REPRESENTATION('',(#2410),#2414);
#2410 = LINE('',#2411,#2412);
#2411 = CARTESIAN_POINT('',(-0.,0.));
#2412 = VECTOR('',#2413,1.);
#2413 = DIRECTION('',(-1.,0.));
#2414 = ( GEOMETRIC_REPRESENTATION_CONTEXT(2) 
PARAMETRIC_REPRESENTATION_CONTEXT() REPRESENTATION_CONTEXT('2D SPACE',''
  ) );
#2415 = ORIENTED_EDGE('',*,*,#2416,.F.);
#2416 = EDGE_CURVE('',#2417,#2384,#2419,.T.);
#2417 = VERTEX_POINT('',#2418);
#2418 = CARTESIAN_POINT('',(9.325073913315,12.348992998107,4.));
#2419 = SURFACE_CURVE('',#2420,(#2424,#2431),.PCURVE_S1.);
#2420 = LINE('',#2421,#2422);
#2421 = CARTESIAN_POINT('',(-9.332090807782,12.349999999563,4.));
#2422 = VECTOR('',#2423,1.);
#2423 = DIRECTION('',(-0.999999998543,5.397406128484E-05,0.));
#2424 = PCURVE('',#1392,#2425);
#2425 = DEFINITIONAL_REPRESENTATION('',(#2426),#2430);
#2426 = LINE('',#2427,#2428);
#2427 = CARTESIAN_POINT('',(-9.332090807782,12.349999999563));
#2428 = VECTOR('',#2429,1.);
#2429 = DIRECTION('',(-0.999999998543,5.397406128484E-05));
#2430 = ( GEOMETRIC_REPRESENTATION_CONTEXT(2) 
PARAMETRIC_REPRESENTATION_CONTEXT() REPRESENTATION_CONTEXT('2D SPACE',''
  ) );
#2431 = PCURVE('',#2432,#2437);
#2432 = PLANE('',#2433);
#2433 = AXIS2_PLACEMENT_3D('',#2434,#2435,#2436);
#2434 = CARTESIAN_POINT('',(9.325073913314,12.348992996609,4.));
#2435 = DIRECTION('',(5.397406128484E-05,0.999999998543,-0.));
#2436 = DIRECTION('',(-0.999999998543,5.397406128484E-05,0.));
#2437 = DEFINITIONAL_REPRESENTATION('',(#2438),#2442);
#2438 = LINE('',#2439,#2440);
#2439 = CARTESIAN_POINT('',(18.657164748272,0.));
#2440 = VECTOR('',#2441,1.);
#2441 = DIRECTION('',(1.,0.));
#2442 = ( GEOMETRIC_REPRESENTATION_CONTEXT(2) 
PARAMETRIC_REPRESENTATION_CONTEXT() REPRESENTATION_CONTEXT('2D SPACE',''
  ) );
#2443 = ORIENTED_EDGE('',*,*,#2444,.F.);
#2444 = EDGE_CURVE('',#2445,#2417,#2447,.T.);
#2445 = VERTEX_POINT('',#2446);
#2446 = CARTESIAN_POINT('',(10.625003,11.048993747075,4.));
#2447 = SURFACE_CURVE('',#2448,(#2453,#2460),.PCURVE_S1.);
#2448 = CIRCLE('',#2449,1.299999252925);
#2449 = AXIS2_PLACEMENT_3D('',#2450,#2451,#2452);
#2450 = CARTESIAN_POINT('',(9.325003747075,11.048993747075,4.));
#2451 = DIRECTION('',(0.,-0.,1.));
#2452 = DIRECTION('',(1.,-7.470757634981E-07,-0.));
#2453 = PCURVE('',#1392,#2454);
#2454 = DEFINITIONAL_REPRESENTATION('',(#2455),#2459);
#2455 = CIRCLE('',#2456,1.299999252925);
#2456 = AXIS2_PLACEMENT_2D('',#2457,#2458);
#2457 = CARTESIAN_POINT('',(9.325003747075,11.048993747075));
#2458 = DIRECTION('',(1.,-7.470757634981E-07));
#2459 = ( GEOMETRIC_REPRESENTATION_CONTEXT(2) 
PARAMETRIC_REPRESENTATION_CONTEXT() REPRESENTATION_CONTEXT('2D SPACE',''
  ) );
#2460 = PCURVE('',#2461,#2466);
#2461 = CYLINDRICAL_SURFACE('',#2462,1.299999252925);
#2462 = AXIS2_PLACEMENT_3D('',#2463,#2464,#2465);
#2463 = CARTESIAN_POINT('',(9.325003747075,11.048993747075,4.));
#2464 = DIRECTION('',(0.,-0.,1.));
#2465 = DIRECTION('',(1.,-7.470757634981E-07,-0.));
#2466 = DEFINITIONAL_REPRESENTATION('',(#2467),#2471);
#2467 = LINE('',#2468,#2469);
#2468 = CARTESIAN_POINT('',(0.,0.));
#2469 = VECTOR('',#2470,1.);
#2470 = DIRECTION('',(1.,0.));
#2471 = ( GEOMETRIC_REPRESENTATION_CONTEXT(2) 
PARAMETRIC_REPRESENTATION_CONTEXT() REPRESENTATION_CONTEXT('2D SPACE',''
  ) );
#2472 = ORIENTED_EDGE('',*,*,#2473,.F.);
#2473 = EDGE_CURVE('',#2474,#2445,#2476,.T.);
#2474 = VERTEX_POINT('',#2475);
#2475 = CARTESIAN_POINT('',(10.625003,3.456095,4.));
#2476 = SURFACE_CURVE('',#2477,(#2481,#2488),.PCURVE_S1.);
#2477 = LINE('',#2478,#2479);
#2478 = CARTESIAN_POINT('',(10.625003,11.048993,4.));
#2479 = VECTOR('',#2480,1.);
#2480 = DIRECTION('',(2.339497829946E-16,1.,0.));
#2481 = PCURVE('',#1392,#2482);
#2482 = DEFINITIONAL_REPRESENTATION('',(#2483),#2487);
#2483 = LINE('',#2484,#2485);
#2484 = CARTESIAN_POINT('',(10.625003,11.048993));
#2485 = VECTOR('',#2486,1.);
#2486 = DIRECTION('',(2.339497829946E-16,1.));
#2487 = ( GEOMETRIC_REPRESENTATION_CONTEXT(2) 
PARAMETRIC_REPRESENTATION_CONTEXT() REPRESENTATION_CONTEXT('2D SPACE',''
  ) );
#2488 = PCURVE('',#2489,#2494);
#2489 = PLANE('',#2490);
#2490 = AXIS2_PLACEMENT_3D('',#2491,#2492,#2493);
#2491 = CARTESIAN_POINT('',(10.625003,3.456095,4.));
#2492 = DIRECTION('',(1.,-2.339497829946E-16,0.));
#2493 = DIRECTION('',(2.339497829946E-16,1.,0.));
#2494 = DEFINITIONAL_REPRESENTATION('',(#2495),#2499);
#2495 = LINE('',#2496,#2497);
#2496 = CARTESIAN_POINT('',(7.592898,0.));
#2497 = VECTOR('',#2498,1.);
#2498 = DIRECTION('',(1.,0.));
#2499 = ( GEOMETRIC_REPRESENTATION_CONTEXT(2) 
PARAMETRIC_REPRESENTATION_CONTEXT() REPRESENTATION_CONTEXT('2D SPACE',''
  ) );
#2500 = ORIENTED_EDGE('',*,*,#2501,.T.);
#2501 = EDGE_CURVE('',#2474,#2502,#2504,.T.);
#2502 = VERTEX_POINT('',#2503);
#2503 = CARTESIAN_POINT('',(10.625003,3.456094775877,4.));
#2504 = SURFACE_CURVE('',#2505,(#2510,#2521),.PCURVE_S1.);
#2505 = CIRCLE('',#2506,0.3);
#2506 = AXIS2_PLACEMENT_3D('',#2507,#2508,#2509);
#2507 = CARTESIAN_POINT('',(10.325003,3.456095,4.));
#2508 = DIRECTION('',(0.,0.,-1.));
#2509 = DIRECTION('',(2.339497829946E-16,1.,0.));
#2510 = PCURVE('',#1392,#2511);
#2511 = DEFINITIONAL_REPRESENTATION('',(#2512),#2520);
#2512 = ( BOUNDED_CURVE() B_SPLINE_CURVE(2,(#2513,#2514,#2515,#2516,
#2517,#2518,#2519),.UNSPECIFIED.,.T.,.F.) B_SPLINE_CURVE_WITH_KNOTS((1,2
    ,2,2,2,1),(-2.094395102393,0.,2.094395102393,4.188790204786,
6.28318530718,8.377580409573),.UNSPECIFIED.) CURVE() 
GEOMETRIC_REPRESENTATION_ITEM() RATIONAL_B_SPLINE_CURVE((1.,0.5,1.,0.5,
1.,0.5,1.)) REPRESENTATION_ITEM('') );
#2513 = CARTESIAN_POINT('',(10.325003,3.756095));
#2514 = CARTESIAN_POINT('',(10.844618242271,3.756095));
#2515 = CARTESIAN_POINT('',(10.584810621135,3.306095));
#2516 = CARTESIAN_POINT('',(10.325003,2.856095));
#2517 = CARTESIAN_POINT('',(10.065195378865,3.306095));
#2518 = CARTESIAN_POINT('',(9.805387757729,3.756095));
#2519 = CARTESIAN_POINT('',(10.325003,3.756095));
#2520 = ( GEOMETRIC_REPRESENTATION_CONTEXT(2) 
PARAMETRIC_REPRESENTATION_CONTEXT() REPRESENTATION_CONTEXT('2D SPACE',''
  ) );
#2521 = PCURVE('',#2522,#2527);
#2522 = CYLINDRICAL_SURFACE('',#2523,0.3);
#2523 = AXIS2_PLACEMENT_3D('',#2524,#2525,#2526);
#2524 = CARTESIAN_POINT('',(10.325003,3.456095,4.));
#2525 = DIRECTION('',(-0.,-0.,1.));
#2526 = DIRECTION('',(2.339497829946E-16,1.,0.));
#2527 = DEFINITIONAL_REPRESENTATION('',(#2528),#2532);
#2528 = LINE('',#2529,#2530);
#2529 = CARTESIAN_POINT('',(-0.,0.));
#2530 = VECTOR('',#2531,1.);
#2531 = DIRECTION('',(-1.,0.));
#2532 = ( GEOMETRIC_REPRESENTATION_CONTEXT(2) 
PARAMETRIC_REPRESENTATION_CONTEXT() REPRESENTATION_CONTEXT('2D SPACE',''
  ) );
#2533 = ORIENTED_EDGE('',*,*,#2534,.T.);
#2534 = EDGE_CURVE('',#2502,#2535,#2537,.T.);
#2535 = VERTEX_POINT('',#2536);
#2536 = CARTESIAN_POINT('',(11.325002775877,2.756095,4.));
#2537 = SURFACE_CURVE('',#2538,(#2543,#2550),.PCURVE_S1.);
#2538 = CIRCLE('',#2539,0.699999252925);
#2539 = AXIS2_PLACEMENT_3D('',#2540,#2541,#2542);
#2540 = CARTESIAN_POINT('',(11.325002252925,3.456094252925,4.));
#2541 = DIRECTION('',(0.,0.,1.));
#2542 = DIRECTION('',(-1.,7.470757634981E-07,0.));
#2543 = PCURVE('',#1392,#2544);
#2544 = DEFINITIONAL_REPRESENTATION('',(#2545),#2549);
#2545 = CIRCLE('',#2546,0.699999252925);
#2546 = AXIS2_PLACEMENT_2D('',#2547,#2548);
#2547 = CARTESIAN_POINT('',(11.325002252925,3.456094252925));
#2548 = DIRECTION('',(-1.,7.470757634981E-07));
#2549 = ( GEOMETRIC_REPRESENTATION_CONTEXT(2) 
PARAMETRIC_REPRESENTATION_CONTEXT() REPRESENTATION_CONTEXT('2D SPACE',''
  ) );
#2550 = PCURVE('',#2551,#2556);
#2551 = CYLINDRICAL_SURFACE('',#2552,0.699999252925);
#2552 = AXIS2_PLACEMENT_3D('',#2553,#2554,#2555);
#2553 = CARTESIAN_POINT('',(11.325002252925,3.456094252925,4.));
#2554 = DIRECTION('',(0.,0.,1.));
#2555 = DIRECTION('',(-1.,7.470757634981E-07,0.));
#2556 = DEFINITIONAL_REPRESENTATION('',(#2557),#2561);
#2557 = LINE('',#2558,#2559);
#2558 = CARTESIAN_POINT('',(0.,0.));
#2559 = VECTOR('',#2560,1.);
#2560 = DIRECTION('',(1.,0.));
#2561 = ( GEOMETRIC_REPRESENTATION_CONTEXT(2) 
PARAMETRIC_REPRESENTATION_CONTEXT() REPRESENTATION_CONTEXT('2D SPACE',''
  ) );
#2562 = ORIENTED_EDGE('',*,*,#2563,.T.);
#2563 = EDGE_CURVE('',#2535,#2564,#2566,.T.);
#2564 = VERTEX_POINT('',#2565);
#2565 = CARTESIAN_POINT('',(11.325307749995,2.756094845212,4.));
#2566 = SURFACE_CURVE('',#2567,(#2572,#2583),.PCURVE_S1.);
#2567 = CIRCLE('',#2568,0.3);
#2568 = AXIS2_PLACEMENT_3D('',#2569,#2570,#2571);
#2569 = CARTESIAN_POINT('',(11.325003,2.456095,4.));
#2570 = DIRECTION('',(-0.,0.,-1.));
#2571 = DIRECTION('',(-1.,-7.470757631669E-07,0.));
#2572 = PCURVE('',#1392,#2573);
#2573 = DEFINITIONAL_REPRESENTATION('',(#2574),#2582);
#2574 = ( BOUNDED_CURVE() B_SPLINE_CURVE(2,(#2575,#2576,#2577,#2578,
#2579,#2580,#2581),.UNSPECIFIED.,.T.,.F.) B_SPLINE_CURVE_WITH_KNOTS((1,2
    ,2,2,2,1),(-2.094395102393,0.,2.094395102393,4.188790204786,
6.28318530718,8.377580409573),.UNSPECIFIED.) CURVE() 
GEOMETRIC_REPRESENTATION_ITEM() RATIONAL_B_SPLINE_CURVE((1.,0.5,1.,0.5,
1.,0.5,1.)) REPRESENTATION_ITEM('') );
#2575 = CARTESIAN_POINT('',(11.025003,2.456094775877));
#2576 = CARTESIAN_POINT('',(11.025002611808,2.975710018148));
#2577 = CARTESIAN_POINT('',(11.475002805904,2.715902733197));
#2578 = CARTESIAN_POINT('',(11.925003,2.456095448245));
#2579 = CARTESIAN_POINT('',(11.475003194096,2.196287490926));
#2580 = CARTESIAN_POINT('',(11.025003388192,1.936479533607));
#2581 = CARTESIAN_POINT('',(11.025003,2.456094775877));
#2582 = ( GEOMETRIC_REPRESENTATION_CONTEXT(2) 
PARAMETRIC_REPRESENTATION_CONTEXT() REPRESENTATION_CONTEXT('2D SPACE',''
  ) );
#2583 = PCURVE('',#2584,#2589);
#2584 = CYLINDRICAL_SURFACE('',#2585,0.3);
#2585 = AXIS2_PLACEMENT_3D('',#2586,#2587,#2588);
#2586 = CARTESIAN_POINT('',(11.325003,2.456095,4.));
#2587 = DIRECTION('',(0.,-0.,1.));
#2588 = DIRECTION('',(-1.,-7.470757631669E-07,0.));
#2589 = DEFINITIONAL_REPRESENTATION('',(#2590),#2594);
#2590 = LINE('',#2591,#2592);
#2591 = CARTESIAN_POINT('',(-0.,0.));
#2592 = VECTOR('',#2593,1.);
#2593 = DIRECTION('',(-1.,0.));
#2594 = ( GEOMETRIC_REPRESENTATION_CONTEXT(2) 
PARAMETRIC_REPRESENTATION_CONTEXT() REPRESENTATION_CONTEXT('2D SPACE',''
  ) );
#2595 = ORIENTED_EDGE('',*,*,#2596,.F.);
#2596 = EDGE_CURVE('',#2597,#2564,#2599,.T.);
#2597 = VERTEX_POINT('',#2598);
#2598 = CARTESIAN_POINT('',(17.325162250452,2.749999989968,4.));
#2599 = SURFACE_CURVE('',#2600,(#2604,#2611),.PCURVE_S1.);
#2600 = LINE('',#2601,#2602);
#2601 = CARTESIAN_POINT('',(17.325304749995,2.749999845212,4.));
#2602 = VECTOR('',#2603,1.);
#2603 = DIRECTION('',(-0.999999484041,1.015833317122E-03,0.));
#2604 = PCURVE('',#1392,#2605);
#2605 = DEFINITIONAL_REPRESENTATION('',(#2606),#2610);
#2606 = LINE('',#2607,#2608);
#2607 = CARTESIAN_POINT('',(17.325304749995,2.749999845212));
#2608 = VECTOR('',#2609,1.);
#2609 = DIRECTION('',(-0.999999484041,1.015833317122E-03));
#2610 = ( GEOMETRIC_REPRESENTATION_CONTEXT(2) 
PARAMETRIC_REPRESENTATION_CONTEXT() REPRESENTATION_CONTEXT('2D SPACE',''
  ) );
#2611 = PCURVE('',#2612,#2617);
#2612 = PLANE('',#2613);
#2613 = AXIS2_PLACEMENT_3D('',#2614,#2615,#2616);
#2614 = CARTESIAN_POINT('',(17.325162250452,2.749999989968,4.));
#2615 = DIRECTION('',(1.015833317122E-03,0.999999484041,-0.));
#2616 = DIRECTION('',(-0.999999484041,1.015833317122E-03,0.));
#2617 = DEFINITIONAL_REPRESENTATION('',(#2618),#2622);
#2618 = LINE('',#2619,#2620);
#2619 = CARTESIAN_POINT('',(-1.42499616477E-04,0.));
#2620 = VECTOR('',#2621,1.);
#2621 = DIRECTION('',(1.,0.));
#2622 = ( GEOMETRIC_REPRESENTATION_CONTEXT(2) 
PARAMETRIC_REPRESENTATION_CONTEXT() REPRESENTATION_CONTEXT('2D SPACE',''
  ) );
#2623 = ORIENTED_EDGE('',*,*,#2624,.F.);
#2624 = EDGE_CURVE('',#2625,#2597,#2627,.T.);
#2625 = VERTEX_POINT('',#2626);
#2626 = CARTESIAN_POINT('',(18.625,1.450000747075,4.));
#2627 = SURFACE_CURVE('',#2628,(#2633,#2640),.PCURVE_S1.);
#2628 = CIRCLE('',#2629,1.299999252925);
#2629 = AXIS2_PLACEMENT_3D('',#2630,#2631,#2632);
#2630 = CARTESIAN_POINT('',(17.325000747075,1.450000747075,4.));
#2631 = DIRECTION('',(0.,-0.,1.));
#2632 = DIRECTION('',(1.,-7.470757492872E-07,-0.));
#2633 = PCURVE('',#1392,#2634);
#2634 = DEFINITIONAL_REPRESENTATION('',(#2635),#2639);
#2635 = CIRCLE('',#2636,1.299999252925);
#2636 = AXIS2_PLACEMENT_2D('',#2637,#2638);
#2637 = CARTESIAN_POINT('',(17.325000747075,1.450000747075));
#2638 = DIRECTION('',(1.,-7.470757492872E-07));
#2639 = ( GEOMETRIC_REPRESENTATION_CONTEXT(2) 
PARAMETRIC_REPRESENTATION_CONTEXT() REPRESENTATION_CONTEXT('2D SPACE',''
  ) );
#2640 = PCURVE('',#2641,#2646);
#2641 = CYLINDRICAL_SURFACE('',#2642,1.299999252925);
#2642 = AXIS2_PLACEMENT_3D('',#2643,#2644,#2645);
#2643 = CARTESIAN_POINT('',(17.325000747075,1.450000747075,4.));
#2644 = DIRECTION('',(0.,-0.,1.));
#2645 = DIRECTION('',(1.,-7.470757492872E-07,-0.));
#2646 = DEFINITIONAL_REPRESENTATION('',(#2647),#2651);
#2647 = LINE('',#2648,#2649);
#2648 = CARTESIAN_POINT('',(0.,0.));
#2649 = VECTOR('',#2650,1.);
#2650 = DIRECTION('',(1.,0.));
#2651 = ( GEOMETRIC_REPRESENTATION_CONTEXT(2) 
PARAMETRIC_REPRESENTATION_CONTEXT() REPRESENTATION_CONTEXT('2D SPACE',''
  ) );
#2652 = ORIENTED_EDGE('',*,*,#2653,.F.);
#2653 = EDGE_CURVE('',#2654,#2625,#2656,.T.);
#2654 = VERTEX_POINT('',#2655);
#2655 = CARTESIAN_POINT('',(18.625,-11.05000074707,4.));
#2656 = SURFACE_CURVE('',#2657,(#2661,#2668),.PCURVE_S1.);
#2657 = LINE('',#2658,#2659);
#2658 = CARTESIAN_POINT('',(18.625,-11.05,4.));
#2659 = VECTOR('',#2660,1.);
#2660 = DIRECTION('',(1.224646799147E-16,1.,0.));
#2661 = PCURVE('',#1392,#2662);
#2662 = DEFINITIONAL_REPRESENTATION('',(#2663),#2667);
#2663 = LINE('',#2664,#2665);
#2664 = CARTESIAN_POINT('',(18.625,-11.05));
#2665 = VECTOR('',#2666,1.);
#2666 = DIRECTION('',(1.224646799147E-16,1.));
#2667 = ( GEOMETRIC_REPRESENTATION_CONTEXT(2) 
PARAMETRIC_REPRESENTATION_CONTEXT() REPRESENTATION_CONTEXT('2D SPACE',''
  ) );
#2668 = PCURVE('',#2669,#2674);
#2669 = PLANE('',#2670);
#2670 = AXIS2_PLACEMENT_3D('',#2671,#2672,#2673);
#2671 = CARTESIAN_POINT('',(18.625,-11.05000074707,4.));
#2672 = DIRECTION('',(1.,-1.224646799147E-16,0.));
#2673 = DIRECTION('',(1.224646799147E-16,1.,0.));
#2674 = DEFINITIONAL_REPRESENTATION('',(#2675),#2679);
#2675 = LINE('',#2676,#2677);
#2676 = CARTESIAN_POINT('',(7.470752052541E-07,0.));
#2677 = VECTOR('',#2678,1.);
#2678 = DIRECTION('',(1.,0.));
#2679 = ( GEOMETRIC_REPRESENTATION_CONTEXT(2) 
PARAMETRIC_REPRESENTATION_CONTEXT() REPRESENTATION_CONTEXT('2D SPACE',''
  ) );
#2680 = ORIENTED_EDGE('',*,*,#2681,.F.);
#2681 = EDGE_CURVE('',#2682,#2654,#2684,.T.);
#2682 = VERTEX_POINT('',#2683);
#2683 = CARTESIAN_POINT('',(17.325000747075,-12.35,4.));
#2684 = SURFACE_CURVE('',#2685,(#2690,#2697),.PCURVE_S1.);
#2685 = CIRCLE('',#2686,1.299999252925);
#2686 = AXIS2_PLACEMENT_3D('',#2687,#2688,#2689);
#2687 = CARTESIAN_POINT('',(17.325000747075,-11.05000074707,4.));
#2688 = DIRECTION('',(0.,0.,1.));
#2689 = DIRECTION('',(-7.470757634981E-07,-1.,0.));
#2690 = PCURVE('',#1392,#2691);
#2691 = DEFINITIONAL_REPRESENTATION('',(#2692),#2696);
#2692 = CIRCLE('',#2693,1.299999252925);
#2693 = AXIS2_PLACEMENT_2D('',#2694,#2695);
#2694 = CARTESIAN_POINT('',(17.325000747075,-11.05000074707));
#2695 = DIRECTION('',(-7.470757634981E-07,-1.));
#2696 = ( GEOMETRIC_REPRESENTATION_CONTEXT(2) 
PARAMETRIC_REPRESENTATION_CONTEXT() REPRESENTATION_CONTEXT('2D SPACE',''
  ) );
#2697 = PCURVE('',#2698,#2703);
#2698 = CYLINDRICAL_SURFACE('',#2699,1.299999252925);
#2699 = AXIS2_PLACEMENT_3D('',#2700,#2701,#2702);
#2700 = CARTESIAN_POINT('',(17.325000747075,-11.05000074707,4.));
#2701 = DIRECTION('',(0.,0.,1.));
#2702 = DIRECTION('',(-7.470757634981E-07,-1.,0.));
#2703 = DEFINITIONAL_REPRESENTATION('',(#2704),#2708);
#2704 = LINE('',#2705,#2706);
#2705 = CARTESIAN_POINT('',(0.,0.));
#2706 = VECTOR('',#2707,1.);
#2707 = DIRECTION('',(1.,0.));
#2708 = ( GEOMETRIC_REPRESENTATION_CONTEXT(2) 
PARAMETRIC_REPRESENTATION_CONTEXT() REPRESENTATION_CONTEXT('2D SPACE',''
  ) );
#2709 = ORIENTED_EDGE('',*,*,#2710,.F.);
#2710 = EDGE_CURVE('',#2711,#2682,#2713,.T.);
#2711 = VERTEX_POINT('',#2712);
#2712 = CARTESIAN_POINT('',(-17.32500074707,-12.35,4.));
#2713 = SURFACE_CURVE('',#2714,(#2718,#2725),.PCURVE_S1.);
#2714 = LINE('',#2715,#2716);
#2715 = CARTESIAN_POINT('',(-17.325,-12.35,4.));
#2716 = VECTOR('',#2717,1.);
#2717 = DIRECTION('',(1.,-1.224646799147E-16,-0.));
#2718 = PCURVE('',#1392,#2719);
#2719 = DEFINITIONAL_REPRESENTATION('',(#2720),#2724);
#2720 = LINE('',#2721,#2722);
#2721 = CARTESIAN_POINT('',(-17.325,-12.35));
#2722 = VECTOR('',#2723,1.);
#2723 = DIRECTION('',(1.,-1.224646799147E-16));
#2724 = ( GEOMETRIC_REPRESENTATION_CONTEXT(2) 
PARAMETRIC_REPRESENTATION_CONTEXT() REPRESENTATION_CONTEXT('2D SPACE',''
  ) );
#2725 = PCURVE('',#2726,#2731);
#2726 = PLANE('',#2727);
#2727 = AXIS2_PLACEMENT_3D('',#2728,#2729,#2730);
#2728 = CARTESIAN_POINT('',(-17.32500074707,-12.35,4.));
#2729 = DIRECTION('',(-1.224646799147E-16,-1.,0.));
#2730 = DIRECTION('',(1.,-1.224646799147E-16,-0.));
#2731 = DEFINITIONAL_REPRESENTATION('',(#2732),#2736);
#2732 = LINE('',#2733,#2734);
#2733 = CARTESIAN_POINT('',(7.470752052541E-07,0.));
#2734 = VECTOR('',#2735,1.);
#2735 = DIRECTION('',(1.,0.));
#2736 = ( GEOMETRIC_REPRESENTATION_CONTEXT(2) 
PARAMETRIC_REPRESENTATION_CONTEXT() REPRESENTATION_CONTEXT('2D SPACE',''
  ) );
#2737 = ORIENTED_EDGE('',*,*,#2738,.F.);
#2738 = EDGE_CURVE('',#2739,#2711,#2741,.T.);
#2739 = VERTEX_POINT('',#2740);
#2740 = CARTESIAN_POINT('',(-18.625,-11.05000074707,4.));
#2741 = SURFACE_CURVE('',#2742,(#2747,#2754),.PCURVE_S1.);
#2742 = CIRCLE('',#2743,1.299999252925);
#2743 = AXIS2_PLACEMENT_3D('',#2744,#2745,#2746);
#2744 = CARTESIAN_POINT('',(-17.32500074707,-11.05000074707,4.));
#2745 = DIRECTION('',(0.,0.,1.));
#2746 = DIRECTION('',(-1.,7.470757634981E-07,0.));
#2747 = PCURVE('',#1392,#2748);
#2748 = DEFINITIONAL_REPRESENTATION('',(#2749),#2753);
#2749 = CIRCLE('',#2750,1.299999252925);
#2750 = AXIS2_PLACEMENT_2D('',#2751,#2752);
#2751 = CARTESIAN_POINT('',(-17.32500074707,-11.05000074707));
#2752 = DIRECTION('',(-1.,7.470757634981E-07));
#2753 = ( GEOMETRIC_REPRESENTATION_CONTEXT(2) 
PARAMETRIC_REPRESENTATION_CONTEXT() REPRESENTATION_CONTEXT('2D SPACE',''
  ) );
#2754 = PCURVE('',#2755,#2760);
#2755 = CYLINDRICAL_SURFACE('',#2756,1.299999252925);
#2756 = AXIS2_PLACEMENT_3D('',#2757,#2758,#2759);
#2757 = CARTESIAN_POINT('',(-17.32500074707,-11.05000074707,4.));
#2758 = DIRECTION('',(0.,0.,1.));
#2759 = DIRECTION('',(-1.,7.470757634981E-07,0.));
#2760 = DEFINITIONAL_REPRESENTATION('',(#2761),#2765);
#2761 = LINE('',#2762,#2763);
#2762 = CARTESIAN_POINT('',(0.,0.));
#2763 = VECTOR('',#2764,1.);
#2764 = DIRECTION('',(1.,0.));
#2765 = ( GEOMETRIC_REPRESENTATION_CONTEXT(2) 
PARAMETRIC_REPRESENTATION_CONTEXT() REPRESENTATION_CONTEXT('2D SPACE',''
  ) );
#2766 = ORIENTED_EDGE('',*,*,#2767,.F.);
#2767 = EDGE_CURVE('',#2768,#2739,#2770,.T.);
#2768 = VERTEX_POINT('',#2769);
#2769 = CARTESIAN_POINT('',(-18.625,1.450000747075,4.));
#2770 = SURFACE_CURVE('',#2771,(#2775,#2782),.PCURVE_S1.);
#2771 = LINE('',#2772,#2773);
#2772 = CARTESIAN_POINT('',(-18.625,1.45,4.));
#2773 = VECTOR('',#2774,1.);
#2774 = DIRECTION('',(-1.224646799147E-16,-1.,0.));
#2775 = PCURVE('',#1392,#2776);
#2776 = DEFINITIONAL_REPRESENTATION('',(#2777),#2781);
#2777 = LINE('',#2778,#2779);
#2778 = CARTESIAN_POINT('',(-18.625,1.45));
#2779 = VECTOR('',#2780,1.);
#2780 = DIRECTION('',(-1.224646799147E-16,-1.));
#2781 = ( GEOMETRIC_REPRESENTATION_CONTEXT(2) 
PARAMETRIC_REPRESENTATION_CONTEXT() REPRESENTATION_CONTEXT('2D SPACE',''
  ) );
#2782 = PCURVE('',#2783,#2788);
#2783 = PLANE('',#2784);
#2784 = AXIS2_PLACEMENT_3D('',#2785,#2786,#2787);
#2785 = CARTESIAN_POINT('',(-18.625,1.450000747075,4.));
#2786 = DIRECTION('',(-1.,1.224646799147E-16,0.));
#2787 = DIRECTION('',(-1.224646799147E-16,-1.,0.));
#2788 = DEFINITIONAL_REPRESENTATION('',(#2789),#2793);
#2789 = LINE('',#2790,#2791);
#2790 = CARTESIAN_POINT('',(7.470751912653E-07,0.));
#2791 = VECTOR('',#2792,1.);
#2792 = DIRECTION('',(1.,0.));
#2793 = ( GEOMETRIC_REPRESENTATION_CONTEXT(2) 
PARAMETRIC_REPRESENTATION_CONTEXT() REPRESENTATION_CONTEXT('2D SPACE',''
  ) );
#2794 = ORIENTED_EDGE('',*,*,#2795,.F.);
#2795 = EDGE_CURVE('',#2204,#2768,#2796,.T.);
#2796 = SURFACE_CURVE('',#2797,(#2802,#2809),.PCURVE_S1.);
#2797 = CIRCLE('',#2798,1.299999252925);
#2798 = AXIS2_PLACEMENT_3D('',#2799,#2800,#2801);
#2799 = CARTESIAN_POINT('',(-17.32500074707,1.450000747075,4.));
#2800 = DIRECTION('',(0.,-0.,1.));
#2801 = DIRECTION('',(7.470757350764E-07,1.,0.));
#2802 = PCURVE('',#1392,#2803);
#2803 = DEFINITIONAL_REPRESENTATION('',(#2804),#2808);
#2804 = CIRCLE('',#2805,1.299999252925);
#2805 = AXIS2_PLACEMENT_2D('',#2806,#2807);
#2806 = CARTESIAN_POINT('',(-17.32500074707,1.450000747075));
#2807 = DIRECTION('',(7.470757350764E-07,1.));
#2808 = ( GEOMETRIC_REPRESENTATION_CONTEXT(2) 
PARAMETRIC_REPRESENTATION_CONTEXT() REPRESENTATION_CONTEXT('2D SPACE',''
  ) );
#2809 = PCURVE('',#2810,#2815);
#2810 = CYLINDRICAL_SURFACE('',#2811,1.299999252925);
#2811 = AXIS2_PLACEMENT_3D('',#2812,#2813,#2814);
#2812 = CARTESIAN_POINT('',(-17.32500074707,1.450000747075,4.));
#2813 = DIRECTION('',(0.,-0.,1.));
#2814 = DIRECTION('',(7.470757350764E-07,1.,0.));
#2815 = DEFINITIONAL_REPRESENTATION('',(#2816),#2820);
#2816 = LINE('',#2817,#2818);
#2817 = CARTESIAN_POINT('',(0.,0.));
#2818 = VECTOR('',#2819,1.);
#2819 = DIRECTION('',(1.,0.));
#2820 = ( GEOMETRIC_REPRESENTATION_CONTEXT(2) 
PARAMETRIC_REPRESENTATION_CONTEXT() REPRESENTATION_CONTEXT('2D SPACE',''
  ) );
#2821 = FACE_BOUND('',#2822,.T.);
#2822 = EDGE_LOOP('',(#2823));
#2823 = ORIENTED_EDGE('',*,*,#2824,.T.);
#2824 = EDGE_CURVE('',#2825,#2825,#2827,.T.);
#2825 = VERTEX_POINT('',#2826);
#2826 = CARTESIAN_POINT('',(-15.7,-14.5,4.));
#2827 = SURFACE_CURVE('',#2828,(#2833,#2844),.PCURVE_S1.);
#2828 = CIRCLE('',#2829,0.8);
#2829 = AXIS2_PLACEMENT_3D('',#2830,#2831,#2832);
#2830 = CARTESIAN_POINT('',(-16.5,-14.5,4.));
#2831 = DIRECTION('',(0.,-1.224646799147E-16,-1.));
#2832 = DIRECTION('',(1.,0.,0.));
#2833 = PCURVE('',#1392,#2834);
#2834 = DEFINITIONAL_REPRESENTATION('',(#2835),#2843);
#2835 = ( BOUNDED_CURVE() B_SPLINE_CURVE(2,(#2836,#2837,#2838,#2839,
#2840,#2841,#2842),.UNSPECIFIED.,.T.,.F.) B_SPLINE_CURVE_WITH_KNOTS((1,2
    ,2,2,2,1),(-2.094395102393,0.,2.094395102393,4.188790204786,
6.28318530718,8.377580409573),.UNSPECIFIED.) CURVE() 
GEOMETRIC_REPRESENTATION_ITEM() RATIONAL_B_SPLINE_CURVE((1.,0.5,1.,0.5,
1.,0.5,1.)) REPRESENTATION_ITEM('') );
#2836 = CARTESIAN_POINT('',(-15.7,-14.5));
#2837 = CARTESIAN_POINT('',(-15.7,-15.88564064605));
#2838 = CARTESIAN_POINT('',(-16.9,-15.19282032302));
#2839 = CARTESIAN_POINT('',(-18.1,-14.5));
#2840 = CARTESIAN_POINT('',(-16.9,-13.80717967697));
#2841 = CARTESIAN_POINT('',(-15.7,-13.11435935394));
#2842 = CARTESIAN_POINT('',(-15.7,-14.5));
#2843 = ( GEOMETRIC_REPRESENTATION_CONTEXT(2) 
PARAMETRIC_REPRESENTATION_CONTEXT() REPRESENTATION_CONTEXT('2D SPACE',''
  ) );
#2844 = PCURVE('',#2845,#2850);
#2845 = CYLINDRICAL_SURFACE('',#2846,0.8);
#2846 = AXIS2_PLACEMENT_3D('',#2847,#2848,#2849);
#2847 = CARTESIAN_POINT('',(-16.5,-14.5,4.));
#2848 = DIRECTION('',(0.,1.224646799147E-16,1.));
#2849 = DIRECTION('',(1.,0.,0.));
#2850 = DEFINITIONAL_REPRESENTATION('',(#2851),#2855);
#2851 = LINE('',#2852,#2853);
#2852 = CARTESIAN_POINT('',(-0.,0.));
#2853 = VECTOR('',#2854,1.);
#2854 = DIRECTION('',(-1.,0.));
#2855 = ( GEOMETRIC_REPRESENTATION_CONTEXT(2) 
PARAMETRIC_REPRESENTATION_CONTEXT() REPRESENTATION_CONTEXT('2D SPACE',''
  ) );
#2856 = FACE_BOUND('',#2857,.T.);
#2857 = EDGE_LOOP('',(#2858));
#2858 = ORIENTED_EDGE('',*,*,#2859,.T.);
#2859 = EDGE_CURVE('',#2860,#2860,#2862,.T.);
#2860 = VERTEX_POINT('',#2861);
#2861 = CARTESIAN_POINT('',(17.3,-14.5,4.));
#2862 = SURFACE_CURVE('',#2863,(#2868,#2879),.PCURVE_S1.);
#2863 = CIRCLE('',#2864,0.8);
#2864 = AXIS2_PLACEMENT_3D('',#2865,#2866,#2867);
#2865 = CARTESIAN_POINT('',(16.5,-14.5,4.));
#2866 = DIRECTION('',(0.,-1.224646799147E-16,-1.));
#2867 = DIRECTION('',(1.,0.,0.));
#2868 = PCURVE('',#1392,#2869);
#2869 = DEFINITIONAL_REPRESENTATION('',(#2870),#2878);
#2870 = ( BOUNDED_CURVE() B_SPLINE_CURVE(2,(#2871,#2872,#2873,#2874,
#2875,#2876,#2877),.UNSPECIFIED.,.T.,.F.) B_SPLINE_CURVE_WITH_KNOTS((1,2
    ,2,2,2,1),(-2.094395102393,0.,2.094395102393,4.188790204786,
6.28318530718,8.377580409573),.UNSPECIFIED.) CURVE() 
GEOMETRIC_REPRESENTATION_ITEM() RATIONAL_B_SPLINE_CURVE((1.,0.5,1.,0.5,
1.,0.5,1.)) REPRESENTATION_ITEM('') );
#2871 = CARTESIAN_POINT('',(17.3,-14.5));
#2872 = CARTESIAN_POINT('',(17.3,-15.88564064605));
#2873 = CARTESIAN_POINT('',(16.1,-15.19282032302));
#2874 = CARTESIAN_POINT('',(14.9,-14.5));
#2875 = CARTESIAN_POINT('',(16.1,-13.80717967697));
#2876 = CARTESIAN_POINT('',(17.3,-13.11435935394));
#2877 = CARTESIAN_POINT('',(17.3,-14.5));
#2878 = ( GEOMETRIC_REPRESENTATION_CONTEXT(2) 
PARAMETRIC_REPRESENTATION_CONTEXT() REPRESENTATION_CONTEXT('2D SPACE',''
  ) );
#2879 = PCURVE('',#2880,#2885);
#2880 = CYLINDRICAL_SURFACE('',#2881,0.8);
#2881 = AXIS2_PLACEMENT_3D('',#2882,#2883,#2884);
#2882 = CARTESIAN_POINT('',(16.5,-14.5,4.));
#2883 = DIRECTION('',(0.,1.224646799147E-16,1.));
#2884 = DIRECTION('',(1.,0.,0.));
#2885 = DEFINITIONAL_REPRESENTATION('',(#2886),#2890);
#2886 = LINE('',#2887,#2888);
#2887 = CARTESIAN_POINT('',(-0.,0.));
#2888 = VECTOR('',#2889,1.);
#2889 = DIRECTION('',(-1.,0.));
#2890 = ( GEOMETRIC_REPRESENTATION_CONTEXT(2) 
PARAMETRIC_REPRESENTATION_CONTEXT() REPRESENTATION_CONTEXT('2D SPACE',''
  ) );
#2891 = FACE_BOUND('',#2892,.T.);
#2892 = EDGE_LOOP('',(#2893));
#2893 = ORIENTED_EDGE('',*,*,#2894,.T.);
#2894 = EDGE_CURVE('',#2895,#2895,#2897,.T.);
#2895 = VERTEX_POINT('',#2896);
#2896 = CARTESIAN_POINT('',(-15.7,10.,4.));
#2897 = SURFACE_CURVE('',#2898,(#2903,#2914),.PCURVE_S1.);
#2898 = CIRCLE('',#2899,0.8);
#2899 = AXIS2_PLACEMENT_3D('',#2900,#2901,#2902);
#2900 = CARTESIAN_POINT('',(-16.5,10.,4.));
#2901 = DIRECTION('',(0.,-1.224646799147E-16,-1.));
#2902 = DIRECTION('',(1.,0.,0.));
#2903 = PCURVE('',#1392,#2904);
#2904 = DEFINITIONAL_REPRESENTATION('',(#2905),#2913);
#2905 = ( BOUNDED_CURVE() B_SPLINE_CURVE(2,(#2906,#2907,#2908,#2909,
#2910,#2911,#2912),.UNSPECIFIED.,.T.,.F.) B_SPLINE_CURVE_WITH_KNOTS((1,2
    ,2,2,2,1),(-2.094395102393,0.,2.094395102393,4.188790204786,
6.28318530718,8.377580409573),.UNSPECIFIED.) CURVE() 
GEOMETRIC_REPRESENTATION_ITEM() RATIONAL_B_SPLINE_CURVE((1.,0.5,1.,0.5,
1.,0.5,1.)) REPRESENTATION_ITEM('') );
#2906 = CARTESIAN_POINT('',(-15.7,10.));
#2907 = CARTESIAN_POINT('',(-15.7,8.614359353945));
#2908 = CARTESIAN_POINT('',(-16.9,9.307179676972));
#2909 = CARTESIAN_POINT('',(-18.1,10.));
#2910 = CARTESIAN_POINT('',(-16.9,10.692820323028));
#2911 = CARTESIAN_POINT('',(-15.7,11.385640646055));
#2912 = CARTESIAN_POINT('',(-15.7,10.));
#2913 = ( GEOMETRIC_REPRESENTATION_CONTEXT(2) 
PARAMETRIC_REPRESENTATION_CONTEXT() REPRESENTATION_CONTEXT('2D SPACE',''
  ) );
#2914 = PCURVE('',#2915,#2920);
#2915 = CYLINDRICAL_SURFACE('',#2916,0.8);
#2916 = AXIS2_PLACEMENT_3D('',#2917,#2918,#2919);
#2917 = CARTESIAN_POINT('',(-16.5,10.,4.));
#2918 = DIRECTION('',(0.,1.224646799147E-16,1.));
#2919 = DIRECTION('',(1.,0.,0.));
#2920 = DEFINITIONAL_REPRESENTATION('',(#2921),#2925);
#2921 = LINE('',#2922,#2923);
#2922 = CARTESIAN_POINT('',(-0.,0.));
#2923 = VECTOR('',#2924,1.);
#2924 = DIRECTION('',(-1.,0.));
#2925 = ( GEOMETRIC_REPRESENTATION_CONTEXT(2) 
PARAMETRIC_REPRESENTATION_CONTEXT() REPRESENTATION_CONTEXT('2D SPACE',''
  ) );
#2926 = FACE_BOUND('',#2927,.T.);
#2927 = EDGE_LOOP('',(#2928));
#2928 = ORIENTED_EDGE('',*,*,#2929,.T.);
#2929 = EDGE_CURVE('',#2930,#2930,#2932,.T.);
#2930 = VERTEX_POINT('',#2931);
#2931 = CARTESIAN_POINT('',(17.3,10.,4.));
#2932 = SURFACE_CURVE('',#2933,(#2938,#2949),.PCURVE_S1.);
#2933 = CIRCLE('',#2934,0.8);
#2934 = AXIS2_PLACEMENT_3D('',#2935,#2936,#2937);
#2935 = CARTESIAN_POINT('',(16.5,10.,4.));
#2936 = DIRECTION('',(0.,-1.224646799147E-16,-1.));
#2937 = DIRECTION('',(1.,0.,0.));
#2938 = PCURVE('',#1392,#2939);
#2939 = DEFINITIONAL_REPRESENTATION('',(#2940),#2948);
#2940 = ( BOUNDED_CURVE() B_SPLINE_CURVE(2,(#2941,#2942,#2943,#2944,
#2945,#2946,#2947),.UNSPECIFIED.,.T.,.F.) B_SPLINE_CURVE_WITH_KNOTS((1,2
    ,2,2,2,1),(-2.094395102393,0.,2.094395102393,4.188790204786,
6.28318530718,8.377580409573),.UNSPECIFIED.) CURVE() 
GEOMETRIC_REPRESENTATION_ITEM() RATIONAL_B_SPLINE_CURVE((1.,0.5,1.,0.5,
1.,0.5,1.)) REPRESENTATION_ITEM('') );
#2941 = CARTESIAN_POINT('',(17.3,10.));
#2942 = CARTESIAN_POINT('',(17.3,8.614359353945));
#2943 = CARTESIAN_POINT('',(16.1,9.307179676972));
#2944 = CARTESIAN_POINT('',(14.9,10.));
#2945 = CARTESIAN_POINT('',(16.1,10.692820323028));
#2946 = CARTESIAN_POINT('',(17.3,11.385640646055));
#2947 = CARTESIAN_POINT('',(17.3,10.));
#2948 = ( GEOMETRIC_REPRESENTATION_CONTEXT(2) 
PARAMETRIC_REPRESENTATION_CONTEXT() REPRESENTATION_CONTEXT('2D SPACE',''
  ) );
#2949 = PCURVE('',#2950,#2955);
#2950 = CYLINDRICAL_SURFACE('',#2951,0.8);
#2951 = AXIS2_PLACEMENT_3D('',#2952,#2953,#2954);
#2952 = CARTESIAN_POINT('',(16.5,10.,4.));
#2953 = DIRECTION('',(0.,1.224646799147E-16,1.));
#2954 = DIRECTION('',(1.,0.,0.));
#2955 = DEFINITIONAL_REPRESENTATION('',(#2956),#2960);
#2956 = LINE('',#2957,#2958);
#2957 = CARTESIAN_POINT('',(-0.,0.));
#2958 = VECTOR('',#2959,1.);
#2959 = DIRECTION('',(-1.,0.));
#2960 = ( GEOMETRIC_REPRESENTATION_CONTEXT(2) 
PARAMETRIC_REPRESENTATION_CONTEXT() REPRESENTATION_CONTEXT('2D SPACE',''
  ) );
#2961 = ADVANCED_FACE('',(#2962),#2219,.F.);
#2962 = FACE_BOUND('',#2963,.F.);
#2963 = EDGE_LOOP('',(#2964,#2987,#3015,#3036));
#2964 = ORIENTED_EDGE('',*,*,#2965,.T.);
#2965 = EDGE_CURVE('',#2202,#2966,#2968,.T.);
#2966 = VERTEX_POINT('',#2967);
#2967 = CARTESIAN_POINT('',(-11.33214209156,2.750700997948,2.4));
#2968 = SURFACE_CURVE('',#2969,(#2973,#2980),.PCURVE_S1.);
#2969 = LINE('',#2970,#2971);
#2970 = CARTESIAN_POINT('',(-11.33214209156,2.750700997948,4.));
#2971 = VECTOR('',#2972,1.);
#2972 = DIRECTION('',(-0.,-0.,-1.));
#2973 = PCURVE('',#2219,#2974);
#2974 = DEFINITIONAL_REPRESENTATION('',(#2975),#2979);
#2975 = LINE('',#2976,#2977);
#2976 = CARTESIAN_POINT('',(0.,0.));
#2977 = VECTOR('',#2978,1.);
#2978 = DIRECTION('',(0.,-1.));
#2979 = ( GEOMETRIC_REPRESENTATION_CONTEXT(2) 
PARAMETRIC_REPRESENTATION_CONTEXT() REPRESENTATION_CONTEXT('2D SPACE',''
  ) );
#2980 = PCURVE('',#2252,#2981);
#2981 = DEFINITIONAL_REPRESENTATION('',(#2982),#2986);
#2982 = LINE('',#2983,#2984);
#2983 = CARTESIAN_POINT('',(-1.570796326795,0.));
#2984 = VECTOR('',#2985,1.);
#2985 = DIRECTION('',(-0.,-1.));
#2986 = ( GEOMETRIC_REPRESENTATION_CONTEXT(2) 
PARAMETRIC_REPRESENTATION_CONTEXT() REPRESENTATION_CONTEXT('2D SPACE',''
  ) );
#2987 = ORIENTED_EDGE('',*,*,#2988,.T.);
#2988 = EDGE_CURVE('',#2966,#2989,#2991,.T.);
#2989 = VERTEX_POINT('',#2990);
#2990 = CARTESIAN_POINT('',(-17.32515281043,2.749999984178,2.4));
#2991 = SURFACE_CURVE('',#2992,(#2996,#3003),.PCURVE_S1.);
#2992 = LINE('',#2993,#2994);
#2993 = CARTESIAN_POINT('',(-17.32503509156,2.749999997948,2.4));
#2994 = VECTOR('',#2995,1.);
#2995 = DIRECTION('',(-0.999999993159,-1.169718857316E-04,0.));
#2996 = PCURVE('',#2219,#2997);
#2997 = DEFINITIONAL_REPRESENTATION('',(#2998),#3002);
#2998 = LINE('',#2999,#3000);
#2999 = CARTESIAN_POINT('',(5.992893040999,-1.6));
#3000 = VECTOR('',#3001,1.);
#3001 = DIRECTION('',(1.,0.));
#3002 = ( GEOMETRIC_REPRESENTATION_CONTEXT(2) 
PARAMETRIC_REPRESENTATION_CONTEXT() REPRESENTATION_CONTEXT('2D SPACE',''
  ) );
#3003 = PCURVE('',#3004,#3009);
#3004 = PLANE('',#3005);
#3005 = AXIS2_PLACEMENT_3D('',#3006,#3007,#3008);
#3006 = CARTESIAN_POINT('',(-2.121008405577E-03,-1.339613301536,2.4));
#3007 = DIRECTION('',(0.,0.,1.));
#3008 = DIRECTION('',(1.,0.,-0.));
#3009 = DEFINITIONAL_REPRESENTATION('',(#3010),#3014);
#3010 = LINE('',#3011,#3012);
#3011 = CARTESIAN_POINT('',(-17.32291408316,4.089613299483));
#3012 = VECTOR('',#3013,1.);
#3013 = DIRECTION('',(-0.999999993159,-1.169718857316E-04));
#3014 = ( GEOMETRIC_REPRESENTATION_CONTEXT(2) 
PARAMETRIC_REPRESENTATION_CONTEXT() REPRESENTATION_CONTEXT('2D SPACE',''
  ) );
#3015 = ORIENTED_EDGE('',*,*,#3016,.F.);
#3016 = EDGE_CURVE('',#2204,#2989,#3017,.T.);
#3017 = SURFACE_CURVE('',#3018,(#3022,#3029),.PCURVE_S1.);
#3018 = LINE('',#3019,#3020);
#3019 = CARTESIAN_POINT('',(-17.32515281043,2.749999984178,4.));
#3020 = VECTOR('',#3021,1.);
#3021 = DIRECTION('',(-0.,-0.,-1.));
#3022 = PCURVE('',#2219,#3023);
#3023 = DEFINITIONAL_REPRESENTATION('',(#3024),#3028);
#3024 = LINE('',#3025,#3026);
#3025 = CARTESIAN_POINT('',(5.993010759872,0.));
#3026 = VECTOR('',#3027,1.);
#3027 = DIRECTION('',(0.,-1.));
#3028 = ( GEOMETRIC_REPRESENTATION_CONTEXT(2) 
PARAMETRIC_REPRESENTATION_CONTEXT() REPRESENTATION_CONTEXT('2D SPACE',''
  ) );
#3029 = PCURVE('',#2810,#3030);
#3030 = DEFINITIONAL_REPRESENTATION('',(#3031),#3035);
#3031 = LINE('',#3032,#3033);
#3032 = CARTESIAN_POINT('',(6.283303026141,0.));
#3033 = VECTOR('',#3034,1.);
#3034 = DIRECTION('',(0.,-1.));
#3035 = ( GEOMETRIC_REPRESENTATION_CONTEXT(2) 
PARAMETRIC_REPRESENTATION_CONTEXT() REPRESENTATION_CONTEXT('2D SPACE',''
  ) );
#3036 = ORIENTED_EDGE('',*,*,#2201,.F.);
#3037 = ADVANCED_FACE('',(#3038),#2810,.F.);
#3038 = FACE_BOUND('',#3039,.F.);
#3039 = EDGE_LOOP('',(#3040,#3041,#3065,#3086));
#3040 = ORIENTED_EDGE('',*,*,#3016,.T.);
#3041 = ORIENTED_EDGE('',*,*,#3042,.T.);
#3042 = EDGE_CURVE('',#2989,#3043,#3045,.T.);
#3043 = VERTEX_POINT('',#3044);
#3044 = CARTESIAN_POINT('',(-18.625,1.450000747075,2.4));
#3045 = SURFACE_CURVE('',#3046,(#3051,#3058),.PCURVE_S1.);
#3046 = CIRCLE('',#3047,1.299999252925);
#3047 = AXIS2_PLACEMENT_3D('',#3048,#3049,#3050);
#3048 = CARTESIAN_POINT('',(-17.32500074707,1.450000747075,2.4));
#3049 = DIRECTION('',(0.,-0.,1.));
#3050 = DIRECTION('',(7.470757350764E-07,1.,0.));
#3051 = PCURVE('',#2810,#3052);
#3052 = DEFINITIONAL_REPRESENTATION('',(#3053),#3057);
#3053 = LINE('',#3054,#3055);
#3054 = CARTESIAN_POINT('',(0.,-1.6));
#3055 = VECTOR('',#3056,1.);
#3056 = DIRECTION('',(1.,0.));
#3057 = ( GEOMETRIC_REPRESENTATION_CONTEXT(2) 
PARAMETRIC_REPRESENTATION_CONTEXT() REPRESENTATION_CONTEXT('2D SPACE',''
  ) );
#3058 = PCURVE('',#3004,#3059);
#3059 = DEFINITIONAL_REPRESENTATION('',(#3060),#3064);
#3060 = CIRCLE('',#3061,1.299999252925);
#3061 = AXIS2_PLACEMENT_2D('',#3062,#3063);
#3062 = CARTESIAN_POINT('',(-17.32287973867,2.789614048611));
#3063 = DIRECTION('',(7.470757350764E-07,1.));
#3064 = ( GEOMETRIC_REPRESENTATION_CONTEXT(2) 
PARAMETRIC_REPRESENTATION_CONTEXT() REPRESENTATION_CONTEXT('2D SPACE',''
  ) );
#3065 = ORIENTED_EDGE('',*,*,#3066,.F.);
#3066 = EDGE_CURVE('',#2768,#3043,#3067,.T.);
#3067 = SURFACE_CURVE('',#3068,(#3072,#3079),.PCURVE_S1.);
#3068 = LINE('',#3069,#3070);
#3069 = CARTESIAN_POINT('',(-18.625,1.450000747075,4.));
#3070 = VECTOR('',#3071,1.);
#3071 = DIRECTION('',(-0.,-0.,-1.));
#3072 = PCURVE('',#2810,#3073);
#3073 = DEFINITIONAL_REPRESENTATION('',(#3074),#3078);
#3074 = LINE('',#3075,#3076);
#3075 = CARTESIAN_POINT('',(7.85398238105,0.));
#3076 = VECTOR('',#3077,1.);
#3077 = DIRECTION('',(0.,-1.));
#3078 = ( GEOMETRIC_REPRESENTATION_CONTEXT(2) 
PARAMETRIC_REPRESENTATION_CONTEXT() REPRESENTATION_CONTEXT('2D SPACE',''
  ) );
#3079 = PCURVE('',#2783,#3080);
#3080 = DEFINITIONAL_REPRESENTATION('',(#3081),#3085);
#3081 = LINE('',#3082,#3083);
#3082 = CARTESIAN_POINT('',(-8.881784197001E-16,0.));
#3083 = VECTOR('',#3084,1.);
#3084 = DIRECTION('',(0.,-1.));
#3085 = ( GEOMETRIC_REPRESENTATION_CONTEXT(2) 
PARAMETRIC_REPRESENTATION_CONTEXT() REPRESENTATION_CONTEXT('2D SPACE',''
  ) );
#3086 = ORIENTED_EDGE('',*,*,#2795,.F.);
#3087 = ADVANCED_FACE('',(#3088),#2783,.F.);
#3088 = FACE_BOUND('',#3089,.F.);
#3089 = EDGE_LOOP('',(#3090,#3091,#3114,#3135));
#3090 = ORIENTED_EDGE('',*,*,#3066,.T.);
#3091 = ORIENTED_EDGE('',*,*,#3092,.T.);
#3092 = EDGE_CURVE('',#3043,#3093,#3095,.T.);
#3093 = VERTEX_POINT('',#3094);
#3094 = CARTESIAN_POINT('',(-18.625,-11.05000074707,2.4));
#3095 = SURFACE_CURVE('',#3096,(#3100,#3107),.PCURVE_S1.);
#3096 = LINE('',#3097,#3098);
#3097 = CARTESIAN_POINT('',(-18.625,1.45,2.4));
#3098 = VECTOR('',#3099,1.);
#3099 = DIRECTION('',(-1.224646799147E-16,-1.,0.));
#3100 = PCURVE('',#2783,#3101);
#3101 = DEFINITIONAL_REPRESENTATION('',(#3102),#3106);
#3102 = LINE('',#3103,#3104);
#3103 = CARTESIAN_POINT('',(7.470751912653E-07,-1.6));
#3104 = VECTOR('',#3105,1.);
#3105 = DIRECTION('',(1.,0.));
#3106 = ( GEOMETRIC_REPRESENTATION_CONTEXT(2) 
PARAMETRIC_REPRESENTATION_CONTEXT() REPRESENTATION_CONTEXT('2D SPACE',''
  ) );
#3107 = PCURVE('',#3004,#3108);
#3108 = DEFINITIONAL_REPRESENTATION('',(#3109),#3113);
#3109 = LINE('',#3110,#3111);
#3110 = CARTESIAN_POINT('',(-18.62287899159,2.789613301536));
#3111 = VECTOR('',#3112,1.);
#3112 = DIRECTION('',(-1.224646799147E-16,-1.));
#3113 = ( GEOMETRIC_REPRESENTATION_CONTEXT(2) 
PARAMETRIC_REPRESENTATION_CONTEXT() REPRESENTATION_CONTEXT('2D SPACE',''
  ) );
#3114 = ORIENTED_EDGE('',*,*,#3115,.F.);
#3115 = EDGE_CURVE('',#2739,#3093,#3116,.T.);
#3116 = SURFACE_CURVE('',#3117,(#3121,#3128),.PCURVE_S1.);
#3117 = LINE('',#3118,#3119);
#3118 = CARTESIAN_POINT('',(-18.625,-11.05000074707,4.));
#3119 = VECTOR('',#3120,1.);
#3120 = DIRECTION('',(-0.,-0.,-1.));
#3121 = PCURVE('',#2783,#3122);
#3122 = DEFINITIONAL_REPRESENTATION('',(#3123),#3127);
#3123 = LINE('',#3124,#3125);
#3124 = CARTESIAN_POINT('',(12.50000149415,0.));
#3125 = VECTOR('',#3126,1.);
#3126 = DIRECTION('',(0.,-1.));
#3127 = ( GEOMETRIC_REPRESENTATION_CONTEXT(2) 
PARAMETRIC_REPRESENTATION_CONTEXT() REPRESENTATION_CONTEXT('2D SPACE',''
  ) );
#3128 = PCURVE('',#2755,#3129);
#3129 = DEFINITIONAL_REPRESENTATION('',(#3130),#3134);
#3130 = LINE('',#3131,#3132);
#3131 = CARTESIAN_POINT('',(6.283186054255,0.));
#3132 = VECTOR('',#3133,1.);
#3133 = DIRECTION('',(0.,-1.));
#3134 = ( GEOMETRIC_REPRESENTATION_CONTEXT(2) 
PARAMETRIC_REPRESENTATION_CONTEXT() REPRESENTATION_CONTEXT('2D SPACE',''
  ) );
#3135 = ORIENTED_EDGE('',*,*,#2767,.F.);
#3136 = ADVANCED_FACE('',(#3137),#2755,.F.);
#3137 = FACE_BOUND('',#3138,.F.);
#3138 = EDGE_LOOP('',(#3139,#3140,#3164,#3185));
#3139 = ORIENTED_EDGE('',*,*,#3115,.T.);
#3140 = ORIENTED_EDGE('',*,*,#3141,.T.);
#3141 = EDGE_CURVE('',#3093,#3142,#3144,.T.);
#3142 = VERTEX_POINT('',#3143);
#3143 = CARTESIAN_POINT('',(-17.32500074707,-12.35,2.4));
#3144 = SURFACE_CURVE('',#3145,(#3150,#3157),.PCURVE_S1.);
#3145 = CIRCLE('',#3146,1.299999252925);
#3146 = AXIS2_PLACEMENT_3D('',#3147,#3148,#3149);
#3147 = CARTESIAN_POINT('',(-17.32500074707,-11.05000074707,2.4));
#3148 = DIRECTION('',(0.,0.,1.));
#3149 = DIRECTION('',(-1.,7.470757634981E-07,0.));
#3150 = PCURVE('',#2755,#3151);
#3151 = DEFINITIONAL_REPRESENTATION('',(#3152),#3156);
#3152 = LINE('',#3153,#3154);
#3153 = CARTESIAN_POINT('',(0.,-1.6));
#3154 = VECTOR('',#3155,1.);
#3155 = DIRECTION('',(1.,0.));
#3156 = ( GEOMETRIC_REPRESENTATION_CONTEXT(2) 
PARAMETRIC_REPRESENTATION_CONTEXT() REPRESENTATION_CONTEXT('2D SPACE',''
  ) );
#3157 = PCURVE('',#3004,#3158);
#3158 = DEFINITIONAL_REPRESENTATION('',(#3159),#3163);
#3159 = CIRCLE('',#3160,1.299999252925);
#3160 = AXIS2_PLACEMENT_2D('',#3161,#3162);
#3161 = CARTESIAN_POINT('',(-17.32287973867,-9.71038744554));
#3162 = DIRECTION('',(-1.,7.470757634981E-07));
#3163 = ( GEOMETRIC_REPRESENTATION_CONTEXT(2) 
PARAMETRIC_REPRESENTATION_CONTEXT() REPRESENTATION_CONTEXT('2D SPACE',''
  ) );
#3164 = ORIENTED_EDGE('',*,*,#3165,.F.);
#3165 = EDGE_CURVE('',#2711,#3142,#3166,.T.);
#3166 = SURFACE_CURVE('',#3167,(#3171,#3178),.PCURVE_S1.);
#3167 = LINE('',#3168,#3169);
#3168 = CARTESIAN_POINT('',(-17.32500074707,-12.35,4.));
#3169 = VECTOR('',#3170,1.);
#3170 = DIRECTION('',(-0.,-0.,-1.));
#3171 = PCURVE('',#2755,#3172);
#3172 = DEFINITIONAL_REPRESENTATION('',(#3173),#3177);
#3173 = LINE('',#3174,#3175);
#3174 = CARTESIAN_POINT('',(7.85398238105,0.));
#3175 = VECTOR('',#3176,1.);
#3176 = DIRECTION('',(0.,-1.));
#3177 = ( GEOMETRIC_REPRESENTATION_CONTEXT(2) 
PARAMETRIC_REPRESENTATION_CONTEXT() REPRESENTATION_CONTEXT('2D SPACE',''
  ) );
#3178 = PCURVE('',#2726,#3179);
#3179 = DEFINITIONAL_REPRESENTATION('',(#3180),#3184);
#3180 = LINE('',#3181,#3182);
#3181 = CARTESIAN_POINT('',(0.,0.));
#3182 = VECTOR('',#3183,1.);
#3183 = DIRECTION('',(0.,-1.));
#3184 = ( GEOMETRIC_REPRESENTATION_CONTEXT(2) 
PARAMETRIC_REPRESENTATION_CONTEXT() REPRESENTATION_CONTEXT('2D SPACE',''
  ) );
#3185 = ORIENTED_EDGE('',*,*,#2738,.F.);
#3186 = ADVANCED_FACE('',(#3187),#2726,.F.);
#3187 = FACE_BOUND('',#3188,.F.);
#3188 = EDGE_LOOP('',(#3189,#3190,#3213,#3234));
#3189 = ORIENTED_EDGE('',*,*,#3165,.T.);
#3190 = ORIENTED_EDGE('',*,*,#3191,.T.);
#3191 = EDGE_CURVE('',#3142,#3192,#3194,.T.);
#3192 = VERTEX_POINT('',#3193);
#3193 = CARTESIAN_POINT('',(17.325000747075,-12.35,2.4));
#3194 = SURFACE_CURVE('',#3195,(#3199,#3206),.PCURVE_S1.);
#3195 = LINE('',#3196,#3197);
#3196 = CARTESIAN_POINT('',(-17.325,-12.35,2.4));
#3197 = VECTOR('',#3198,1.);
#3198 = DIRECTION('',(1.,-1.224646799147E-16,-0.));
#3199 = PCURVE('',#2726,#3200);
#3200 = DEFINITIONAL_REPRESENTATION('',(#3201),#3205);
#3201 = LINE('',#3202,#3203);
#3202 = CARTESIAN_POINT('',(7.470752052541E-07,-1.6));
#3203 = VECTOR('',#3204,1.);
#3204 = DIRECTION('',(1.,0.));
#3205 = ( GEOMETRIC_REPRESENTATION_CONTEXT(2) 
PARAMETRIC_REPRESENTATION_CONTEXT() REPRESENTATION_CONTEXT('2D SPACE',''
  ) );
#3206 = PCURVE('',#3004,#3207);
#3207 = DEFINITIONAL_REPRESENTATION('',(#3208),#3212);
#3208 = LINE('',#3209,#3210);
#3209 = CARTESIAN_POINT('',(-17.32287899159,-11.01038669846));
#3210 = VECTOR('',#3211,1.);
#3211 = DIRECTION('',(1.,-1.224646799147E-16));
#3212 = ( GEOMETRIC_REPRESENTATION_CONTEXT(2) 
PARAMETRIC_REPRESENTATION_CONTEXT() REPRESENTATION_CONTEXT('2D SPACE',''
  ) );
#3213 = ORIENTED_EDGE('',*,*,#3214,.F.);
#3214 = EDGE_CURVE('',#2682,#3192,#3215,.T.);
#3215 = SURFACE_CURVE('',#3216,(#3220,#3227),.PCURVE_S1.);
#3216 = LINE('',#3217,#3218);
#3217 = CARTESIAN_POINT('',(17.325000747075,-12.35,4.));
#3218 = VECTOR('',#3219,1.);
#3219 = DIRECTION('',(-0.,-0.,-1.));
#3220 = PCURVE('',#2726,#3221);
#3221 = DEFINITIONAL_REPRESENTATION('',(#3222),#3226);
#3222 = LINE('',#3223,#3224);
#3223 = CARTESIAN_POINT('',(34.65000149415,0.));
#3224 = VECTOR('',#3225,1.);
#3225 = DIRECTION('',(0.,-1.));
#3226 = ( GEOMETRIC_REPRESENTATION_CONTEXT(2) 
PARAMETRIC_REPRESENTATION_CONTEXT() REPRESENTATION_CONTEXT('2D SPACE',''
  ) );
#3227 = PCURVE('',#2698,#3228);
#3228 = DEFINITIONAL_REPRESENTATION('',(#3229),#3233);
#3229 = LINE('',#3230,#3231);
#3230 = CARTESIAN_POINT('',(6.283186054255,0.));
#3231 = VECTOR('',#3232,1.);
#3232 = DIRECTION('',(0.,-1.));
#3233 = ( GEOMETRIC_REPRESENTATION_CONTEXT(2) 
PARAMETRIC_REPRESENTATION_CONTEXT() REPRESENTATION_CONTEXT('2D SPACE',''
  ) );
#3234 = ORIENTED_EDGE('',*,*,#2710,.F.);
#3235 = ADVANCED_FACE('',(#3236),#2698,.F.);
#3236 = FACE_BOUND('',#3237,.F.);
#3237 = EDGE_LOOP('',(#3238,#3239,#3263,#3284));
#3238 = ORIENTED_EDGE('',*,*,#3214,.T.);
#3239 = ORIENTED_EDGE('',*,*,#3240,.T.);
#3240 = EDGE_CURVE('',#3192,#3241,#3243,.T.);
#3241 = VERTEX_POINT('',#3242);
#3242 = CARTESIAN_POINT('',(18.625,-11.05000074707,2.4));
#3243 = SURFACE_CURVE('',#3244,(#3249,#3256),.PCURVE_S1.);
#3244 = CIRCLE('',#3245,1.299999252925);
#3245 = AXIS2_PLACEMENT_3D('',#3246,#3247,#3248);
#3246 = CARTESIAN_POINT('',(17.325000747075,-11.05000074707,2.4));
#3247 = DIRECTION('',(0.,0.,1.));
#3248 = DIRECTION('',(-7.470757634981E-07,-1.,0.));
#3249 = PCURVE('',#2698,#3250);
#3250 = DEFINITIONAL_REPRESENTATION('',(#3251),#3255);
#3251 = LINE('',#3252,#3253);
#3252 = CARTESIAN_POINT('',(0.,-1.6));
#3253 = VECTOR('',#3254,1.);
#3254 = DIRECTION('',(1.,0.));
#3255 = ( GEOMETRIC_REPRESENTATION_CONTEXT(2) 
PARAMETRIC_REPRESENTATION_CONTEXT() REPRESENTATION_CONTEXT('2D SPACE',''
  ) );
#3256 = PCURVE('',#3004,#3257);
#3257 = DEFINITIONAL_REPRESENTATION('',(#3258),#3262);
#3258 = CIRCLE('',#3259,1.299999252925);
#3259 = AXIS2_PLACEMENT_2D('',#3260,#3261);
#3260 = CARTESIAN_POINT('',(17.327121755481,-9.71038744554));
#3261 = DIRECTION('',(-7.470757634981E-07,-1.));
#3262 = ( GEOMETRIC_REPRESENTATION_CONTEXT(2) 
PARAMETRIC_REPRESENTATION_CONTEXT() REPRESENTATION_CONTEXT('2D SPACE',''
  ) );
#3263 = ORIENTED_EDGE('',*,*,#3264,.F.);
#3264 = EDGE_CURVE('',#2654,#3241,#3265,.T.);
#3265 = SURFACE_CURVE('',#3266,(#3270,#3277),.PCURVE_S1.);
#3266 = LINE('',#3267,#3268);
#3267 = CARTESIAN_POINT('',(18.625,-11.05000074707,4.));
#3268 = VECTOR('',#3269,1.);
#3269 = DIRECTION('',(-0.,-0.,-1.));
#3270 = PCURVE('',#2698,#3271);
#3271 = DEFINITIONAL_REPRESENTATION('',(#3272),#3276);
#3272 = LINE('',#3273,#3274);
#3273 = CARTESIAN_POINT('',(7.85398238105,0.));
#3274 = VECTOR('',#3275,1.);
#3275 = DIRECTION('',(0.,-1.));
#3276 = ( GEOMETRIC_REPRESENTATION_CONTEXT(2) 
PARAMETRIC_REPRESENTATION_CONTEXT() REPRESENTATION_CONTEXT('2D SPACE',''
  ) );
#3277 = PCURVE('',#2669,#3278);
#3278 = DEFINITIONAL_REPRESENTATION('',(#3279),#3283);
#3279 = LINE('',#3280,#3281);
#3280 = CARTESIAN_POINT('',(-1.7763568394E-15,0.));
#3281 = VECTOR('',#3282,1.);
#3282 = DIRECTION('',(0.,-1.));
#3283 = ( GEOMETRIC_REPRESENTATION_CONTEXT(2) 
PARAMETRIC_REPRESENTATION_CONTEXT() REPRESENTATION_CONTEXT('2D SPACE',''
  ) );
#3284 = ORIENTED_EDGE('',*,*,#2681,.F.);
#3285 = ADVANCED_FACE('',(#3286),#2669,.F.);
#3286 = FACE_BOUND('',#3287,.F.);
#3287 = EDGE_LOOP('',(#3288,#3289,#3312,#3333));
#3288 = ORIENTED_EDGE('',*,*,#3264,.T.);
#3289 = ORIENTED_EDGE('',*,*,#3290,.T.);
#3290 = EDGE_CURVE('',#3241,#3291,#3293,.T.);
#3291 = VERTEX_POINT('',#3292);
#3292 = CARTESIAN_POINT('',(18.625,1.450000747075,2.4));
#3293 = SURFACE_CURVE('',#3294,(#3298,#3305),.PCURVE_S1.);
#3294 = LINE('',#3295,#3296);
#3295 = CARTESIAN_POINT('',(18.625,-11.05,2.4));
#3296 = VECTOR('',#3297,1.);
#3297 = DIRECTION('',(1.224646799147E-16,1.,0.));
#3298 = PCURVE('',#2669,#3299);
#3299 = DEFINITIONAL_REPRESENTATION('',(#3300),#3304);
#3300 = LINE('',#3301,#3302);
#3301 = CARTESIAN_POINT('',(7.470752052541E-07,-1.6));
#3302 = VECTOR('',#3303,1.);
#3303 = DIRECTION('',(1.,0.));
#3304 = ( GEOMETRIC_REPRESENTATION_CONTEXT(2) 
PARAMETRIC_REPRESENTATION_CONTEXT() REPRESENTATION_CONTEXT('2D SPACE',''
  ) );
#3305 = PCURVE('',#3004,#3306);
#3306 = DEFINITIONAL_REPRESENTATION('',(#3307),#3311);
#3307 = LINE('',#3308,#3309);
#3308 = CARTESIAN_POINT('',(18.627121008406,-9.710386698464));
#3309 = VECTOR('',#3310,1.);
#3310 = DIRECTION('',(1.224646799147E-16,1.));
#3311 = ( GEOMETRIC_REPRESENTATION_CONTEXT(2) 
PARAMETRIC_REPRESENTATION_CONTEXT() REPRESENTATION_CONTEXT('2D SPACE',''
  ) );
#3312 = ORIENTED_EDGE('',*,*,#3313,.F.);
#3313 = EDGE_CURVE('',#2625,#3291,#3314,.T.);
#3314 = SURFACE_CURVE('',#3315,(#3319,#3326),.PCURVE_S1.);
#3315 = LINE('',#3316,#3317);
#3316 = CARTESIAN_POINT('',(18.625,1.450000747075,4.));
#3317 = VECTOR('',#3318,1.);
#3318 = DIRECTION('',(-0.,-0.,-1.));
#3319 = PCURVE('',#2669,#3320);
#3320 = DEFINITIONAL_REPRESENTATION('',(#3321),#3325);
#3321 = LINE('',#3322,#3323);
#3322 = CARTESIAN_POINT('',(12.50000149415,0.));
#3323 = VECTOR('',#3324,1.);
#3324 = DIRECTION('',(0.,-1.));
#3325 = ( GEOMETRIC_REPRESENTATION_CONTEXT(2) 
PARAMETRIC_REPRESENTATION_CONTEXT() REPRESENTATION_CONTEXT('2D SPACE',''
  ) );
#3326 = PCURVE('',#2641,#3327);
#3327 = DEFINITIONAL_REPRESENTATION('',(#3328),#3332);
#3328 = LINE('',#3329,#3330);
#3329 = CARTESIAN_POINT('',(6.283186054255,0.));
#3330 = VECTOR('',#3331,1.);
#3331 = DIRECTION('',(0.,-1.));
#3332 = ( GEOMETRIC_REPRESENTATION_CONTEXT(2) 
PARAMETRIC_REPRESENTATION_CONTEXT() REPRESENTATION_CONTEXT('2D SPACE',''
  ) );
#3333 = ORIENTED_EDGE('',*,*,#2653,.F.);
#3334 = ADVANCED_FACE('',(#3335),#2641,.F.);
#3335 = FACE_BOUND('',#3336,.F.);
#3336 = EDGE_LOOP('',(#3337,#3338,#3362,#3383));
#3337 = ORIENTED_EDGE('',*,*,#3313,.T.);
#3338 = ORIENTED_EDGE('',*,*,#3339,.T.);
#3339 = EDGE_CURVE('',#3291,#3340,#3342,.T.);
#3340 = VERTEX_POINT('',#3341);
#3341 = CARTESIAN_POINT('',(17.325162250452,2.749999989968,2.4));
#3342 = SURFACE_CURVE('',#3343,(#3348,#3355),.PCURVE_S1.);
#3343 = CIRCLE('',#3344,1.299999252925);
#3344 = AXIS2_PLACEMENT_3D('',#3345,#3346,#3347);
#3345 = CARTESIAN_POINT('',(17.325000747075,1.450000747075,2.4));
#3346 = DIRECTION('',(0.,-0.,1.));
#3347 = DIRECTION('',(1.,-7.470757492872E-07,-0.));
#3348 = PCURVE('',#2641,#3349);
#3349 = DEFINITIONAL_REPRESENTATION('',(#3350),#3354);
#3350 = LINE('',#3351,#3352);
#3351 = CARTESIAN_POINT('',(0.,-1.6));
#3352 = VECTOR('',#3353,1.);
#3353 = DIRECTION('',(1.,0.));
#3354 = ( GEOMETRIC_REPRESENTATION_CONTEXT(2) 
PARAMETRIC_REPRESENTATION_CONTEXT() REPRESENTATION_CONTEXT('2D SPACE',''
  ) );
#3355 = PCURVE('',#3004,#3356);
#3356 = DEFINITIONAL_REPRESENTATION('',(#3357),#3361);
#3357 = CIRCLE('',#3358,1.299999252925);
#3358 = AXIS2_PLACEMENT_2D('',#3359,#3360);
#3359 = CARTESIAN_POINT('',(17.327121755481,2.789614048611));
#3360 = DIRECTION('',(1.,-7.470757492872E-07));
#3361 = ( GEOMETRIC_REPRESENTATION_CONTEXT(2) 
PARAMETRIC_REPRESENTATION_CONTEXT() REPRESENTATION_CONTEXT('2D SPACE',''
  ) );
#3362 = ORIENTED_EDGE('',*,*,#3363,.F.);
#3363 = EDGE_CURVE('',#2597,#3340,#3364,.T.);
#3364 = SURFACE_CURVE('',#3365,(#3369,#3376),.PCURVE_S1.);
#3365 = LINE('',#3366,#3367);
#3366 = CARTESIAN_POINT('',(17.325162250452,2.749999989968,4.));
#3367 = VECTOR('',#3368,1.);
#3368 = DIRECTION('',(-0.,-0.,-1.));
#3369 = PCURVE('',#2641,#3370);
#3370 = DEFINITIONAL_REPRESENTATION('',(#3371),#3375);
#3371 = LINE('',#3372,#3373);
#3372 = CARTESIAN_POINT('',(7.853858147612,0.));
#3373 = VECTOR('',#3374,1.);
#3374 = DIRECTION('',(0.,-1.));
#3375 = ( GEOMETRIC_REPRESENTATION_CONTEXT(2) 
PARAMETRIC_REPRESENTATION_CONTEXT() REPRESENTATION_CONTEXT('2D SPACE',''
  ) );
#3376 = PCURVE('',#2612,#3377);
#3377 = DEFINITIONAL_REPRESENTATION('',(#3378),#3382);
#3378 = LINE('',#3379,#3380);
#3379 = CARTESIAN_POINT('',(0.,0.));
#3380 = VECTOR('',#3381,1.);
#3381 = DIRECTION('',(0.,-1.));
#3382 = ( GEOMETRIC_REPRESENTATION_CONTEXT(2) 
PARAMETRIC_REPRESENTATION_CONTEXT() REPRESENTATION_CONTEXT('2D SPACE',''
  ) );
#3383 = ORIENTED_EDGE('',*,*,#2624,.F.);
#3384 = ADVANCED_FACE('',(#3385),#2612,.F.);
#3385 = FACE_BOUND('',#3386,.F.);
#3386 = EDGE_LOOP('',(#3387,#3388,#3411,#3432));
#3387 = ORIENTED_EDGE('',*,*,#3363,.T.);
#3388 = ORIENTED_EDGE('',*,*,#3389,.T.);
#3389 = EDGE_CURVE('',#3340,#3390,#3392,.T.);
#3390 = VERTEX_POINT('',#3391);
#3391 = CARTESIAN_POINT('',(11.325307749995,2.756094845212,2.4));
#3392 = SURFACE_CURVE('',#3393,(#3397,#3404),.PCURVE_S1.);
#3393 = LINE('',#3394,#3395);
#3394 = CARTESIAN_POINT('',(17.325304749995,2.749999845212,2.4));
#3395 = VECTOR('',#3396,1.);
#3396 = DIRECTION('',(-0.999999484041,1.015833317122E-03,0.));
#3397 = PCURVE('',#2612,#3398);
#3398 = DEFINITIONAL_REPRESENTATION('',(#3399),#3403);
#3399 = LINE('',#3400,#3401);
#3400 = CARTESIAN_POINT('',(-1.42499616477E-04,-1.6));
#3401 = VECTOR('',#3402,1.);
#3402 = DIRECTION('',(1.,0.));
#3403 = ( GEOMETRIC_REPRESENTATION_CONTEXT(2) 
PARAMETRIC_REPRESENTATION_CONTEXT() REPRESENTATION_CONTEXT('2D SPACE',''
  ) );
#3404 = PCURVE('',#3004,#3405);
#3405 = DEFINITIONAL_REPRESENTATION('',(#3406),#3410);
#3406 = LINE('',#3407,#3408);
#3407 = CARTESIAN_POINT('',(17.327425758401,4.089613146748));
#3408 = VECTOR('',#3409,1.);
#3409 = DIRECTION('',(-0.999999484041,1.015833317122E-03));
#3410 = ( GEOMETRIC_REPRESENTATION_CONTEXT(2) 
PARAMETRIC_REPRESENTATION_CONTEXT() REPRESENTATION_CONTEXT('2D SPACE',''
  ) );
#3411 = ORIENTED_EDGE('',*,*,#3412,.F.);
#3412 = EDGE_CURVE('',#2564,#3390,#3413,.T.);
#3413 = SURFACE_CURVE('',#3414,(#3418,#3425),.PCURVE_S1.);
#3414 = LINE('',#3415,#3416);
#3415 = CARTESIAN_POINT('',(11.325307749995,2.756094845212,4.));
#3416 = VECTOR('',#3417,1.);
#3417 = DIRECTION('',(-0.,-0.,-1.));
#3418 = PCURVE('',#2612,#3419);
#3419 = DEFINITIONAL_REPRESENTATION('',(#3420),#3424);
#3420 = LINE('',#3421,#3422);
#3421 = CARTESIAN_POINT('',(5.999857596136,0.));
#3422 = VECTOR('',#3423,1.);
#3423 = DIRECTION('',(0.,-1.));
#3424 = ( GEOMETRIC_REPRESENTATION_CONTEXT(2) 
PARAMETRIC_REPRESENTATION_CONTEXT() REPRESENTATION_CONTEXT('2D SPACE',''
  ) );
#3425 = PCURVE('',#2584,#3426);
#3426 = DEFINITIONAL_REPRESENTATION('',(#3427),#3431);
#3427 = LINE('',#3428,#3429);
#3428 = CARTESIAN_POINT('',(-1.571812907362,0.));
#3429 = VECTOR('',#3430,1.);
#3430 = DIRECTION('',(-0.,-1.));
#3431 = ( GEOMETRIC_REPRESENTATION_CONTEXT(2) 
PARAMETRIC_REPRESENTATION_CONTEXT() REPRESENTATION_CONTEXT('2D SPACE',''
  ) );
#3432 = ORIENTED_EDGE('',*,*,#2596,.F.);
#3433 = ADVANCED_FACE('',(#3434),#2584,.F.);
#3434 = FACE_BOUND('',#3435,.T.);
#3435 = EDGE_LOOP('',(#3436,#3459,#3485,#3486));
#3436 = ORIENTED_EDGE('',*,*,#3437,.T.);
#3437 = EDGE_CURVE('',#2535,#3438,#3440,.T.);
#3438 = VERTEX_POINT('',#3439);
#3439 = CARTESIAN_POINT('',(11.325002775877,2.756095,2.4));
#3440 = SURFACE_CURVE('',#3441,(#3445,#3452),.PCURVE_S1.);
#3441 = LINE('',#3442,#3443);
#3442 = CARTESIAN_POINT('',(11.325002775877,2.756095,4.));
#3443 = VECTOR('',#3444,1.);
#3444 = DIRECTION('',(-0.,-0.,-1.));
#3445 = PCURVE('',#2584,#3446);
#3446 = DEFINITIONAL_REPRESENTATION('',(#3447),#3451);
#3447 = LINE('',#3448,#3449);
#3448 = CARTESIAN_POINT('',(-1.570796326795,0.));
#3449 = VECTOR('',#3450,1.);
#3450 = DIRECTION('',(-0.,-1.));
#3451 = ( GEOMETRIC_REPRESENTATION_CONTEXT(2) 
PARAMETRIC_REPRESENTATION_CONTEXT() REPRESENTATION_CONTEXT('2D SPACE',''
  ) );
#3452 = PCURVE('',#2551,#3453);
#3453 = DEFINITIONAL_REPRESENTATION('',(#3454),#3458);
#3454 = LINE('',#3455,#3456);
#3455 = CARTESIAN_POINT('',(7.853983128126,0.));
#3456 = VECTOR('',#3457,1.);
#3457 = DIRECTION('',(0.,-1.));
#3458 = ( GEOMETRIC_REPRESENTATION_CONTEXT(2) 
PARAMETRIC_REPRESENTATION_CONTEXT() REPRESENTATION_CONTEXT('2D SPACE',''
  ) );
#3459 = ORIENTED_EDGE('',*,*,#3460,.T.);
#3460 = EDGE_CURVE('',#3438,#3390,#3461,.T.);
#3461 = SURFACE_CURVE('',#3462,(#3467,#3474),.PCURVE_S1.);
#3462 = CIRCLE('',#3463,0.3);
#3463 = AXIS2_PLACEMENT_3D('',#3464,#3465,#3466);
#3464 = CARTESIAN_POINT('',(11.325003,2.456095,2.4));
#3465 = DIRECTION('',(-0.,0.,-1.));
#3466 = DIRECTION('',(-1.,-7.470757631669E-07,0.));
#3467 = PCURVE('',#2584,#3468);
#3468 = DEFINITIONAL_REPRESENTATION('',(#3469),#3473);
#3469 = LINE('',#3470,#3471);
#3470 = CARTESIAN_POINT('',(-0.,-1.6));
#3471 = VECTOR('',#3472,1.);
#3472 = DIRECTION('',(-1.,0.));
#3473 = ( GEOMETRIC_REPRESENTATION_CONTEXT(2) 
PARAMETRIC_REPRESENTATION_CONTEXT() REPRESENTATION_CONTEXT('2D SPACE',''
  ) );
#3474 = PCURVE('',#3004,#3475);
#3475 = DEFINITIONAL_REPRESENTATION('',(#3476),#3484);
#3476 = ( BOUNDED_CURVE() B_SPLINE_CURVE(2,(#3477,#3478,#3479,#3480,
#3481,#3482,#3483),.UNSPECIFIED.,.T.,.F.) B_SPLINE_CURVE_WITH_KNOTS((1,2
    ,2,2,2,1),(-2.094395102393,0.,2.094395102393,4.188790204786,
6.28318530718,8.377580409573),.UNSPECIFIED.) CURVE() 
GEOMETRIC_REPRESENTATION_ITEM() RATIONAL_B_SPLINE_CURVE((1.,0.5,1.,0.5,
1.,0.5,1.)) REPRESENTATION_ITEM('') );
#3477 = CARTESIAN_POINT('',(11.027124008406,3.795708077413));
#3478 = CARTESIAN_POINT('',(11.027123620214,4.315323319683));
#3479 = CARTESIAN_POINT('',(11.47712381431,4.055516034732));
#3480 = CARTESIAN_POINT('',(11.927124008405,3.795708749781));
#3481 = CARTESIAN_POINT('',(11.477124202502,3.535900792462));
#3482 = CARTESIAN_POINT('',(11.027124396598,3.276092835142));
#3483 = CARTESIAN_POINT('',(11.027124008406,3.795708077413));
#3484 = ( GEOMETRIC_REPRESENTATION_CONTEXT(2) 
PARAMETRIC_REPRESENTATION_CONTEXT() REPRESENTATION_CONTEXT('2D SPACE',''
  ) );
#3485 = ORIENTED_EDGE('',*,*,#3412,.F.);
#3486 = ORIENTED_EDGE('',*,*,#2563,.F.);
#3487 = ADVANCED_FACE('',(#3488),#2551,.T.);
#3488 = FACE_BOUND('',#3489,.T.);
#3489 = EDGE_LOOP('',(#3490,#3513,#3535,#3536));
#3490 = ORIENTED_EDGE('',*,*,#3491,.T.);
#3491 = EDGE_CURVE('',#2502,#3492,#3494,.T.);
#3492 = VERTEX_POINT('',#3493);
#3493 = CARTESIAN_POINT('',(10.625003,3.456094775877,2.4));
#3494 = SURFACE_CURVE('',#3495,(#3499,#3506),.PCURVE_S1.);
#3495 = LINE('',#3496,#3497);
#3496 = CARTESIAN_POINT('',(10.625003,3.456094775877,4.));
#3497 = VECTOR('',#3498,1.);
#3498 = DIRECTION('',(-0.,-0.,-1.));
#3499 = PCURVE('',#2551,#3500);
#3500 = DEFINITIONAL_REPRESENTATION('',(#3501),#3505);
#3501 = LINE('',#3502,#3503);
#3502 = CARTESIAN_POINT('',(6.28318530718,0.));
#3503 = VECTOR('',#3504,1.);
#3504 = DIRECTION('',(0.,-1.));
#3505 = ( GEOMETRIC_REPRESENTATION_CONTEXT(2) 
PARAMETRIC_REPRESENTATION_CONTEXT() REPRESENTATION_CONTEXT('2D SPACE',''
  ) );
#3506 = PCURVE('',#2522,#3507);
#3507 = DEFINITIONAL_REPRESENTATION('',(#3508),#3512);
#3508 = LINE('',#3509,#3510);
#3509 = CARTESIAN_POINT('',(-1.570797073871,0.));
#3510 = VECTOR('',#3511,1.);
#3511 = DIRECTION('',(-0.,-1.));
#3512 = ( GEOMETRIC_REPRESENTATION_CONTEXT(2) 
PARAMETRIC_REPRESENTATION_CONTEXT() REPRESENTATION_CONTEXT('2D SPACE',''
  ) );
#3513 = ORIENTED_EDGE('',*,*,#3514,.T.);
#3514 = EDGE_CURVE('',#3492,#3438,#3515,.T.);
#3515 = SURFACE_CURVE('',#3516,(#3521,#3528),.PCURVE_S1.);
#3516 = CIRCLE('',#3517,0.699999252925);
#3517 = AXIS2_PLACEMENT_3D('',#3518,#3519,#3520);
#3518 = CARTESIAN_POINT('',(11.325002252925,3.456094252925,2.4));
#3519 = DIRECTION('',(0.,0.,1.));
#3520 = DIRECTION('',(-1.,7.470757634981E-07,0.));
#3521 = PCURVE('',#2551,#3522);
#3522 = DEFINITIONAL_REPRESENTATION('',(#3523),#3527);
#3523 = LINE('',#3524,#3525);
#3524 = CARTESIAN_POINT('',(0.,-1.6));
#3525 = VECTOR('',#3526,1.);
#3526 = DIRECTION('',(1.,0.));
#3527 = ( GEOMETRIC_REPRESENTATION_CONTEXT(2) 
PARAMETRIC_REPRESENTATION_CONTEXT() REPRESENTATION_CONTEXT('2D SPACE',''
  ) );
#3528 = PCURVE('',#3004,#3529);
#3529 = DEFINITIONAL_REPRESENTATION('',(#3530),#3534);
#3530 = CIRCLE('',#3531,0.699999252925);
#3531 = AXIS2_PLACEMENT_2D('',#3532,#3533);
#3532 = CARTESIAN_POINT('',(11.32712326133,4.79570755446));
#3533 = DIRECTION('',(-1.,7.470757634981E-07));
#3534 = ( GEOMETRIC_REPRESENTATION_CONTEXT(2) 
PARAMETRIC_REPRESENTATION_CONTEXT() REPRESENTATION_CONTEXT('2D SPACE',''
  ) );
#3535 = ORIENTED_EDGE('',*,*,#3437,.F.);
#3536 = ORIENTED_EDGE('',*,*,#2534,.F.);
#3537 = ADVANCED_FACE('',(#3538),#2522,.F.);
#3538 = FACE_BOUND('',#3539,.T.);
#3539 = EDGE_LOOP('',(#3540,#3563,#3589,#3590));
#3540 = ORIENTED_EDGE('',*,*,#3541,.T.);
#3541 = EDGE_CURVE('',#2474,#3542,#3544,.T.);
#3542 = VERTEX_POINT('',#3543);
#3543 = CARTESIAN_POINT('',(10.625003,3.456095,2.4));
#3544 = SURFACE_CURVE('',#3545,(#3549,#3556),.PCURVE_S1.);
#3545 = LINE('',#3546,#3547);
#3546 = CARTESIAN_POINT('',(10.625003,3.456095,4.));
#3547 = VECTOR('',#3548,1.);
#3548 = DIRECTION('',(-0.,-0.,-1.));
#3549 = PCURVE('',#2522,#3550);
#3550 = DEFINITIONAL_REPRESENTATION('',(#3551),#3555);
#3551 = LINE('',#3552,#3553);
#3552 = CARTESIAN_POINT('',(-1.570796326795,0.));
#3553 = VECTOR('',#3554,1.);
#3554 = DIRECTION('',(-0.,-1.));
#3555 = ( GEOMETRIC_REPRESENTATION_CONTEXT(2) 
PARAMETRIC_REPRESENTATION_CONTEXT() REPRESENTATION_CONTEXT('2D SPACE',''
  ) );
#3556 = PCURVE('',#2489,#3557);
#3557 = DEFINITIONAL_REPRESENTATION('',(#3558),#3562);
#3558 = LINE('',#3559,#3560);
#3559 = CARTESIAN_POINT('',(0.,0.));
#3560 = VECTOR('',#3561,1.);
#3561 = DIRECTION('',(0.,-1.));
#3562 = ( GEOMETRIC_REPRESENTATION_CONTEXT(2) 
PARAMETRIC_REPRESENTATION_CONTEXT() REPRESENTATION_CONTEXT('2D SPACE',''
  ) );
#3563 = ORIENTED_EDGE('',*,*,#3564,.T.);
#3564 = EDGE_CURVE('',#3542,#3492,#3565,.T.);
#3565 = SURFACE_CURVE('',#3566,(#3571,#3578),.PCURVE_S1.);
#3566 = CIRCLE('',#3567,0.3);
#3567 = AXIS2_PLACEMENT_3D('',#3568,#3569,#3570);
#3568 = CARTESIAN_POINT('',(10.325003,3.456095,2.4));
#3569 = DIRECTION('',(0.,0.,-1.));
#3570 = DIRECTION('',(2.339497829946E-16,1.,0.));
#3571 = PCURVE('',#2522,#3572);
#3572 = DEFINITIONAL_REPRESENTATION('',(#3573),#3577);
#3573 = LINE('',#3574,#3575);
#3574 = CARTESIAN_POINT('',(-0.,-1.6));
#3575 = VECTOR('',#3576,1.);
#3576 = DIRECTION('',(-1.,0.));
#3577 = ( GEOMETRIC_REPRESENTATION_CONTEXT(2) 
PARAMETRIC_REPRESENTATION_CONTEXT() REPRESENTATION_CONTEXT('2D SPACE',''
  ) );
#3578 = PCURVE('',#3004,#3579);
#3579 = DEFINITIONAL_REPRESENTATION('',(#3580),#3588);
#3580 = ( BOUNDED_CURVE() B_SPLINE_CURVE(2,(#3581,#3582,#3583,#3584,
#3585,#3586,#3587),.UNSPECIFIED.,.T.,.F.) B_SPLINE_CURVE_WITH_KNOTS((1,2
    ,2,2,2,1),(-2.094395102393,0.,2.094395102393,4.188790204786,
6.28318530718,8.377580409573),.UNSPECIFIED.) CURVE() 
GEOMETRIC_REPRESENTATION_ITEM() RATIONAL_B_SPLINE_CURVE((1.,0.5,1.,0.5,
1.,0.5,1.)) REPRESENTATION_ITEM('') );
#3581 = CARTESIAN_POINT('',(10.327124008406,5.095708301536));
#3582 = CARTESIAN_POINT('',(10.846739250676,5.095708301536));
#3583 = CARTESIAN_POINT('',(10.586931629541,4.645708301536));
#3584 = CARTESIAN_POINT('',(10.327124008406,4.195708301536));
#3585 = CARTESIAN_POINT('',(10.06731638727,4.645708301536));
#3586 = CARTESIAN_POINT('',(9.807508766135,5.095708301536));
#3587 = CARTESIAN_POINT('',(10.327124008406,5.095708301536));
#3588 = ( GEOMETRIC_REPRESENTATION_CONTEXT(2) 
PARAMETRIC_REPRESENTATION_CONTEXT() REPRESENTATION_CONTEXT('2D SPACE',''
  ) );
#3589 = ORIENTED_EDGE('',*,*,#3491,.F.);
#3590 = ORIENTED_EDGE('',*,*,#2501,.F.);
#3591 = ADVANCED_FACE('',(#3592),#2489,.F.);
#3592 = FACE_BOUND('',#3593,.F.);
#3593 = EDGE_LOOP('',(#3594,#3595,#3618,#3639));
#3594 = ORIENTED_EDGE('',*,*,#3541,.T.);
#3595 = ORIENTED_EDGE('',*,*,#3596,.T.);
#3596 = EDGE_CURVE('',#3542,#3597,#3599,.T.);
#3597 = VERTEX_POINT('',#3598);
#3598 = CARTESIAN_POINT('',(10.625003,11.048993747075,2.4));
#3599 = SURFACE_CURVE('',#3600,(#3604,#3611),.PCURVE_S1.);
#3600 = LINE('',#3601,#3602);
#3601 = CARTESIAN_POINT('',(10.625003,11.048993,2.4));
#3602 = VECTOR('',#3603,1.);
#3603 = DIRECTION('',(2.339497829946E-16,1.,0.));
#3604 = PCURVE('',#2489,#3605);
#3605 = DEFINITIONAL_REPRESENTATION('',(#3606),#3610);
#3606 = LINE('',#3607,#3608);
#3607 = CARTESIAN_POINT('',(7.592898,-1.6));
#3608 = VECTOR('',#3609,1.);
#3609 = DIRECTION('',(1.,0.));
#3610 = ( GEOMETRIC_REPRESENTATION_CONTEXT(2) 
PARAMETRIC_REPRESENTATION_CONTEXT() REPRESENTATION_CONTEXT('2D SPACE',''
  ) );
#3611 = PCURVE('',#3004,#3612);
#3612 = DEFINITIONAL_REPRESENTATION('',(#3613),#3617);
#3613 = LINE('',#3614,#3615);
#3614 = CARTESIAN_POINT('',(10.627124008406,12.388606301536));
#3615 = VECTOR('',#3616,1.);
#3616 = DIRECTION('',(2.339497829946E-16,1.));
#3617 = ( GEOMETRIC_REPRESENTATION_CONTEXT(2) 
PARAMETRIC_REPRESENTATION_CONTEXT() REPRESENTATION_CONTEXT('2D SPACE',''
  ) );
#3618 = ORIENTED_EDGE('',*,*,#3619,.F.);
#3619 = EDGE_CURVE('',#2445,#3597,#3620,.T.);
#3620 = SURFACE_CURVE('',#3621,(#3625,#3632),.PCURVE_S1.);
#3621 = LINE('',#3622,#3623);
#3622 = CARTESIAN_POINT('',(10.625003,11.048993747075,4.));
#3623 = VECTOR('',#3624,1.);
#3624 = DIRECTION('',(-0.,-0.,-1.));
#3625 = PCURVE('',#2489,#3626);
#3626 = DEFINITIONAL_REPRESENTATION('',(#3627),#3631);
#3627 = LINE('',#3628,#3629);
#3628 = CARTESIAN_POINT('',(7.592898747075,0.));
#3629 = VECTOR('',#3630,1.);
#3630 = DIRECTION('',(0.,-1.));
#3631 = ( GEOMETRIC_REPRESENTATION_CONTEXT(2) 
PARAMETRIC_REPRESENTATION_CONTEXT() REPRESENTATION_CONTEXT('2D SPACE',''
  ) );
#3632 = PCURVE('',#2461,#3633);
#3633 = DEFINITIONAL_REPRESENTATION('',(#3634),#3638);
#3634 = LINE('',#3635,#3636);
#3635 = CARTESIAN_POINT('',(6.283186054255,0.));
#3636 = VECTOR('',#3637,1.);
#3637 = DIRECTION('',(0.,-1.));
#3638 = ( GEOMETRIC_REPRESENTATION_CONTEXT(2) 
PARAMETRIC_REPRESENTATION_CONTEXT() REPRESENTATION_CONTEXT('2D SPACE',''
  ) );
#3639 = ORIENTED_EDGE('',*,*,#2473,.F.);
#3640 = ADVANCED_FACE('',(#3641),#2461,.F.);
#3641 = FACE_BOUND('',#3642,.F.);
#3642 = EDGE_LOOP('',(#3643,#3644,#3668,#3689));
#3643 = ORIENTED_EDGE('',*,*,#3619,.T.);
#3644 = ORIENTED_EDGE('',*,*,#3645,.T.);
#3645 = EDGE_CURVE('',#3597,#3646,#3648,.T.);
#3646 = VERTEX_POINT('',#3647);
#3647 = CARTESIAN_POINT('',(9.325073913315,12.348992998107,2.4));
#3648 = SURFACE_CURVE('',#3649,(#3654,#3661),.PCURVE_S1.);
#3649 = CIRCLE('',#3650,1.299999252925);
#3650 = AXIS2_PLACEMENT_3D('',#3651,#3652,#3653);
#3651 = CARTESIAN_POINT('',(9.325003747075,11.048993747075,2.4));
#3652 = DIRECTION('',(0.,-0.,1.));
#3653 = DIRECTION('',(1.,-7.470757634981E-07,-0.));
#3654 = PCURVE('',#2461,#3655);
#3655 = DEFINITIONAL_REPRESENTATION('',(#3656),#3660);
#3656 = LINE('',#3657,#3658);
#3657 = CARTESIAN_POINT('',(0.,-1.6));
#3658 = VECTOR('',#3659,1.);
#3659 = DIRECTION('',(1.,0.));
#3660 = ( GEOMETRIC_REPRESENTATION_CONTEXT(2) 
PARAMETRIC_REPRESENTATION_CONTEXT() REPRESENTATION_CONTEXT('2D SPACE',''
  ) );
#3661 = PCURVE('',#3004,#3662);
#3662 = DEFINITIONAL_REPRESENTATION('',(#3663),#3667);
#3663 = CIRCLE('',#3664,1.299999252925);
#3664 = AXIS2_PLACEMENT_2D('',#3665,#3666);
#3665 = CARTESIAN_POINT('',(9.327124755481,12.388607048611));
#3666 = DIRECTION('',(1.,-7.470757634981E-07));
#3667 = ( GEOMETRIC_REPRESENTATION_CONTEXT(2) 
PARAMETRIC_REPRESENTATION_CONTEXT() REPRESENTATION_CONTEXT('2D SPACE',''
  ) );
#3668 = ORIENTED_EDGE('',*,*,#3669,.F.);
#3669 = EDGE_CURVE('',#2417,#3646,#3670,.T.);
#3670 = SURFACE_CURVE('',#3671,(#3675,#3682),.PCURVE_S1.);
#3671 = LINE('',#3672,#3673);
#3672 = CARTESIAN_POINT('',(9.325073913315,12.348992998107,4.));
#3673 = VECTOR('',#3674,1.);
#3674 = DIRECTION('',(-0.,-0.,-1.));
#3675 = PCURVE('',#2461,#3676);
#3676 = DEFINITIONAL_REPRESENTATION('',(#3677),#3681);
#3677 = LINE('',#3678,#3679);
#3678 = CARTESIAN_POINT('',(7.853928406989,0.));
#3679 = VECTOR('',#3680,1.);
#3680 = DIRECTION('',(0.,-1.));
#3681 = ( GEOMETRIC_REPRESENTATION_CONTEXT(2) 
PARAMETRIC_REPRESENTATION_CONTEXT() REPRESENTATION_CONTEXT('2D SPACE',''
  ) );
#3682 = PCURVE('',#2432,#3683);
#3683 = DEFINITIONAL_REPRESENTATION('',(#3684),#3688);
#3684 = LINE('',#3685,#3686);
#3685 = CARTESIAN_POINT('',(1.776356836813E-15,0.));
#3686 = VECTOR('',#3687,1.);
#3687 = DIRECTION('',(0.,-1.));
#3688 = ( GEOMETRIC_REPRESENTATION_CONTEXT(2) 
PARAMETRIC_REPRESENTATION_CONTEXT() REPRESENTATION_CONTEXT('2D SPACE',''
  ) );
#3689 = ORIENTED_EDGE('',*,*,#2444,.F.);
#3690 = ADVANCED_FACE('',(#3691),#2432,.F.);
#3691 = FACE_BOUND('',#3692,.F.);
#3692 = EDGE_LOOP('',(#3693,#3694,#3717,#3738));
#3693 = ORIENTED_EDGE('',*,*,#3669,.T.);
#3694 = ORIENTED_EDGE('',*,*,#3695,.T.);
#3695 = EDGE_CURVE('',#3646,#3696,#3698,.T.);
#3696 = VERTEX_POINT('',#3697);
#3697 = CARTESIAN_POINT('',(-9.332090807782,12.349999999563,2.4));
#3698 = SURFACE_CURVE('',#3699,(#3703,#3710),.PCURVE_S1.);
#3699 = LINE('',#3700,#3701);
#3700 = CARTESIAN_POINT('',(-9.332090807782,12.349999999563,2.4));
#3701 = VECTOR('',#3702,1.);
#3702 = DIRECTION('',(-0.999999998543,5.397406128484E-05,0.));
#3703 = PCURVE('',#2432,#3704);
#3704 = DEFINITIONAL_REPRESENTATION('',(#3705),#3709);
#3705 = LINE('',#3706,#3707);
#3706 = CARTESIAN_POINT('',(18.657164748272,-1.6));
#3707 = VECTOR('',#3708,1.);
#3708 = DIRECTION('',(1.,0.));
#3709 = ( GEOMETRIC_REPRESENTATION_CONTEXT(2) 
PARAMETRIC_REPRESENTATION_CONTEXT() REPRESENTATION_CONTEXT('2D SPACE',''
  ) );
#3710 = PCURVE('',#3004,#3711);
#3711 = DEFINITIONAL_REPRESENTATION('',(#3712),#3716);
#3712 = LINE('',#3713,#3714);
#3713 = CARTESIAN_POINT('',(-9.329969799376,13.689613301099));
#3714 = VECTOR('',#3715,1.);
#3715 = DIRECTION('',(-0.999999998543,5.397406128484E-05));
#3716 = ( GEOMETRIC_REPRESENTATION_CONTEXT(2) 
PARAMETRIC_REPRESENTATION_CONTEXT() REPRESENTATION_CONTEXT('2D SPACE',''
  ) );
#3717 = ORIENTED_EDGE('',*,*,#3718,.F.);
#3718 = EDGE_CURVE('',#2384,#3696,#3719,.T.);
#3719 = SURFACE_CURVE('',#3720,(#3724,#3731),.PCURVE_S1.);
#3720 = LINE('',#3721,#3722);
#3721 = CARTESIAN_POINT('',(-9.332090807782,12.349999999563,4.));
#3722 = VECTOR('',#3723,1.);
#3723 = DIRECTION('',(-0.,-0.,-1.));
#3724 = PCURVE('',#2432,#3725);
#3725 = DEFINITIONAL_REPRESENTATION('',(#3726),#3730);
#3726 = LINE('',#3727,#3728);
#3727 = CARTESIAN_POINT('',(18.657164748272,0.));
#3728 = VECTOR('',#3729,1.);
#3729 = DIRECTION('',(0.,-1.));
#3730 = ( GEOMETRIC_REPRESENTATION_CONTEXT(2) 
PARAMETRIC_REPRESENTATION_CONTEXT() REPRESENTATION_CONTEXT('2D SPACE',''
  ) );
#3731 = PCURVE('',#2404,#3732);
#3732 = DEFINITIONAL_REPRESENTATION('',(#3733),#3737);
#3733 = LINE('',#3734,#3735);
#3734 = CARTESIAN_POINT('',(-1.57084955378,0.));
#3735 = VECTOR('',#3736,1.);
#3736 = DIRECTION('',(-0.,-1.));
#3737 = ( GEOMETRIC_REPRESENTATION_CONTEXT(2) 
PARAMETRIC_REPRESENTATION_CONTEXT() REPRESENTATION_CONTEXT('2D SPACE',''
  ) );
#3738 = ORIENTED_EDGE('',*,*,#2416,.F.);
#3739 = ADVANCED_FACE('',(#3740),#2404,.F.);
#3740 = FACE_BOUND('',#3741,.T.);
#3741 = EDGE_LOOP('',(#3742,#3765,#3791,#3792));
#3742 = ORIENTED_EDGE('',*,*,#3743,.T.);
#3743 = EDGE_CURVE('',#2355,#3744,#3746,.T.);
#3744 = VERTEX_POINT('',#3745);
#3745 = CARTESIAN_POINT('',(-9.332106775877,12.35,2.4));
#3746 = SURFACE_CURVE('',#3747,(#3751,#3758),.PCURVE_S1.);
#3747 = LINE('',#3748,#3749);
#3748 = CARTESIAN_POINT('',(-9.332106775877,12.35,4.));
#3749 = VECTOR('',#3750,1.);
#3750 = DIRECTION('',(-0.,-0.,-1.));
#3751 = PCURVE('',#2404,#3752);
#3752 = DEFINITIONAL_REPRESENTATION('',(#3753),#3757);
#3753 = LINE('',#3754,#3755);
#3754 = CARTESIAN_POINT('',(-1.570796326795,0.));
#3755 = VECTOR('',#3756,1.);
#3756 = DIRECTION('',(-0.,-1.));
#3757 = ( GEOMETRIC_REPRESENTATION_CONTEXT(2) 
PARAMETRIC_REPRESENTATION_CONTEXT() REPRESENTATION_CONTEXT('2D SPACE',''
  ) );
#3758 = PCURVE('',#2371,#3759);
#3759 = DEFINITIONAL_REPRESENTATION('',(#3760),#3764);
#3760 = LINE('',#3761,#3762);
#3761 = CARTESIAN_POINT('',(6.28318530718,0.));
#3762 = VECTOR('',#3763,1.);
#3763 = DIRECTION('',(0.,-1.));
#3764 = ( GEOMETRIC_REPRESENTATION_CONTEXT(2) 
PARAMETRIC_REPRESENTATION_CONTEXT() REPRESENTATION_CONTEXT('2D SPACE',''
  ) );
#3765 = ORIENTED_EDGE('',*,*,#3766,.T.);
#3766 = EDGE_CURVE('',#3744,#3696,#3767,.T.);
#3767 = SURFACE_CURVE('',#3768,(#3773,#3780),.PCURVE_S1.);
#3768 = CIRCLE('',#3769,0.3);
#3769 = AXIS2_PLACEMENT_3D('',#3770,#3771,#3772);
#3770 = CARTESIAN_POINT('',(-9.332107,12.05,2.4));
#3771 = DIRECTION('',(0.,0.,-1.));
#3772 = DIRECTION('',(-1.,7.470757634981E-07,0.));
#3773 = PCURVE('',#2404,#3774);
#3774 = DEFINITIONAL_REPRESENTATION('',(#3775),#3779);
#3775 = LINE('',#3776,#3777);
#3776 = CARTESIAN_POINT('',(-0.,-1.6));
#3777 = VECTOR('',#3778,1.);
#3778 = DIRECTION('',(-1.,0.));
#3779 = ( GEOMETRIC_REPRESENTATION_CONTEXT(2) 
PARAMETRIC_REPRESENTATION_CONTEXT() REPRESENTATION_CONTEXT('2D SPACE',''
  ) );
#3780 = PCURVE('',#3004,#3781);
#3781 = DEFINITIONAL_REPRESENTATION('',(#3782),#3790);
#3782 = ( BOUNDED_CURVE() B_SPLINE_CURVE(2,(#3783,#3784,#3785,#3786,
#3787,#3788,#3789),.UNSPECIFIED.,.T.,.F.) B_SPLINE_CURVE_WITH_KNOTS((1,2
    ,2,2,2,1),(-2.094395102393,0.,2.094395102393,4.188790204786,
6.28318530718,8.377580409573),.UNSPECIFIED.) CURVE() 
GEOMETRIC_REPRESENTATION_ITEM() RATIONAL_B_SPLINE_CURVE((1.,0.5,1.,0.5,
1.,0.5,1.)) REPRESENTATION_ITEM('') );
#3783 = CARTESIAN_POINT('',(-9.629985991594,13.389613525658));
#3784 = CARTESIAN_POINT('',(-9.629985603402,13.909228767929));
#3785 = CARTESIAN_POINT('',(-9.179985797498,13.649420810609));
#3786 = CARTESIAN_POINT('',(-8.729985991595,13.38961285329));
#3787 = CARTESIAN_POINT('',(-9.17998618569,13.129805568339));
#3788 = CARTESIAN_POINT('',(-9.629986379786,12.869998283388));
#3789 = CARTESIAN_POINT('',(-9.629985991594,13.389613525658));
#3790 = ( GEOMETRIC_REPRESENTATION_CONTEXT(2) 
PARAMETRIC_REPRESENTATION_CONTEXT() REPRESENTATION_CONTEXT('2D SPACE',''
  ) );
#3791 = ORIENTED_EDGE('',*,*,#3718,.F.);
#3792 = ORIENTED_EDGE('',*,*,#2383,.F.);
#3793 = ADVANCED_FACE('',(#3794),#2371,.F.);
#3794 = FACE_BOUND('',#3795,.F.);
#3795 = EDGE_LOOP('',(#3796,#3797,#3821,#3842));
#3796 = ORIENTED_EDGE('',*,*,#3743,.T.);
#3797 = ORIENTED_EDGE('',*,*,#3798,.T.);
#3798 = EDGE_CURVE('',#3744,#3799,#3801,.T.);
#3799 = VERTEX_POINT('',#3800);
#3800 = CARTESIAN_POINT('',(-10.632107,11.050000747075,2.4));
#3801 = SURFACE_CURVE('',#3802,(#3807,#3814),.PCURVE_S1.);
#3802 = CIRCLE('',#3803,1.299999252925);
#3803 = AXIS2_PLACEMENT_3D('',#3804,#3805,#3806);
#3804 = CARTESIAN_POINT('',(-9.332107747075,11.050000747075,2.4));
#3805 = DIRECTION('',(0.,-0.,1.));
#3806 = DIRECTION('',(7.470757634981E-07,1.,0.));
#3807 = PCURVE('',#2371,#3808);
#3808 = DEFINITIONAL_REPRESENTATION('',(#3809),#3813);
#3809 = LINE('',#3810,#3811);
#3810 = CARTESIAN_POINT('',(0.,-1.6));
#3811 = VECTOR('',#3812,1.);
#3812 = DIRECTION('',(1.,0.));
#3813 = ( GEOMETRIC_REPRESENTATION_CONTEXT(2) 
PARAMETRIC_REPRESENTATION_CONTEXT() REPRESENTATION_CONTEXT('2D SPACE',''
  ) );
#3814 = PCURVE('',#3004,#3815);
#3815 = DEFINITIONAL_REPRESENTATION('',(#3816),#3820);
#3816 = CIRCLE('',#3817,1.299999252925);
#3817 = AXIS2_PLACEMENT_2D('',#3818,#3819);
#3818 = CARTESIAN_POINT('',(-9.32998673867,12.389614048611));
#3819 = DIRECTION('',(7.470757634981E-07,1.));
#3820 = ( GEOMETRIC_REPRESENTATION_CONTEXT(2) 
PARAMETRIC_REPRESENTATION_CONTEXT() REPRESENTATION_CONTEXT('2D SPACE',''
  ) );
#3821 = ORIENTED_EDGE('',*,*,#3822,.F.);
#3822 = EDGE_CURVE('',#2327,#3799,#3823,.T.);
#3823 = SURFACE_CURVE('',#3824,(#3828,#3835),.PCURVE_S1.);
#3824 = LINE('',#3825,#3826);
#3825 = CARTESIAN_POINT('',(-10.632107,11.050000747075,4.));
#3826 = VECTOR('',#3827,1.);
#3827 = DIRECTION('',(-0.,-0.,-1.));
#3828 = PCURVE('',#2371,#3829);
#3829 = DEFINITIONAL_REPRESENTATION('',(#3830),#3834);
#3830 = LINE('',#3831,#3832);
#3831 = CARTESIAN_POINT('',(7.85398238105,0.));
#3832 = VECTOR('',#3833,1.);
#3833 = DIRECTION('',(0.,-1.));
#3834 = ( GEOMETRIC_REPRESENTATION_CONTEXT(2) 
PARAMETRIC_REPRESENTATION_CONTEXT() REPRESENTATION_CONTEXT('2D SPACE',''
  ) );
#3835 = PCURVE('',#2342,#3836);
#3836 = DEFINITIONAL_REPRESENTATION('',(#3837),#3841);
#3837 = LINE('',#3838,#3839);
#3838 = CARTESIAN_POINT('',(-1.7763568394E-15,0.));
#3839 = VECTOR('',#3840,1.);
#3840 = DIRECTION('',(0.,-1.));
#3841 = ( GEOMETRIC_REPRESENTATION_CONTEXT(2) 
PARAMETRIC_REPRESENTATION_CONTEXT() REPRESENTATION_CONTEXT('2D SPACE',''
  ) );
#3842 = ORIENTED_EDGE('',*,*,#2354,.F.);
#3843 = ADVANCED_FACE('',(#3844),#2342,.F.);
#3844 = FACE_BOUND('',#3845,.F.);
#3845 = EDGE_LOOP('',(#3846,#3847,#3870,#3891));
#3846 = ORIENTED_EDGE('',*,*,#3822,.T.);
#3847 = ORIENTED_EDGE('',*,*,#3848,.T.);
#3848 = EDGE_CURVE('',#3799,#3849,#3851,.T.);
#3849 = VERTEX_POINT('',#3850);
#3850 = CARTESIAN_POINT('',(-10.632107,3.450701,2.4));
#3851 = SURFACE_CURVE('',#3852,(#3856,#3863),.PCURVE_S1.);
#3852 = LINE('',#3853,#3854);
#3853 = CARTESIAN_POINT('',(-10.632107,11.05,2.4));
#3854 = VECTOR('',#3855,1.);
#3855 = DIRECTION('',(-1.224646799147E-16,-1.,0.));
#3856 = PCURVE('',#2342,#3857);
#3857 = DEFINITIONAL_REPRESENTATION('',(#3858),#3862);
#3858 = LINE('',#3859,#3860);
#3859 = CARTESIAN_POINT('',(7.470752052541E-07,-1.6));
#3860 = VECTOR('',#3861,1.);
#3861 = DIRECTION('',(1.,0.));
#3862 = ( GEOMETRIC_REPRESENTATION_CONTEXT(2) 
PARAMETRIC_REPRESENTATION_CONTEXT() REPRESENTATION_CONTEXT('2D SPACE',''
  ) );
#3863 = PCURVE('',#3004,#3864);
#3864 = DEFINITIONAL_REPRESENTATION('',(#3865),#3869);
#3865 = LINE('',#3866,#3867);
#3866 = CARTESIAN_POINT('',(-10.62998599159,12.389613301536));
#3867 = VECTOR('',#3868,1.);
#3868 = DIRECTION('',(-1.224646799147E-16,-1.));
#3869 = ( GEOMETRIC_REPRESENTATION_CONTEXT(2) 
PARAMETRIC_REPRESENTATION_CONTEXT() REPRESENTATION_CONTEXT('2D SPACE',''
  ) );
#3870 = ORIENTED_EDGE('',*,*,#3871,.F.);
#3871 = EDGE_CURVE('',#2294,#3849,#3872,.T.);
#3872 = SURFACE_CURVE('',#3873,(#3877,#3884),.PCURVE_S1.);
#3873 = LINE('',#3874,#3875);
#3874 = CARTESIAN_POINT('',(-10.632107,3.450701,4.));
#3875 = VECTOR('',#3876,1.);
#3876 = DIRECTION('',(-0.,-0.,-1.));
#3877 = PCURVE('',#2342,#3878);
#3878 = DEFINITIONAL_REPRESENTATION('',(#3879),#3883);
#3879 = LINE('',#3880,#3881);
#3880 = CARTESIAN_POINT('',(7.599299747075,0.));
#3881 = VECTOR('',#3882,1.);
#3882 = DIRECTION('',(0.,-1.));
#3883 = ( GEOMETRIC_REPRESENTATION_CONTEXT(2) 
PARAMETRIC_REPRESENTATION_CONTEXT() REPRESENTATION_CONTEXT('2D SPACE',''
  ) );
#3884 = PCURVE('',#2314,#3885);
#3885 = DEFINITIONAL_REPRESENTATION('',(#3886),#3890);
#3886 = LINE('',#3887,#3888);
#3887 = CARTESIAN_POINT('',(-1.570797073871,0.));
#3888 = VECTOR('',#3889,1.);
#3889 = DIRECTION('',(-0.,-1.));
#3890 = ( GEOMETRIC_REPRESENTATION_CONTEXT(2) 
PARAMETRIC_REPRESENTATION_CONTEXT() REPRESENTATION_CONTEXT('2D SPACE',''
  ) );
#3891 = ORIENTED_EDGE('',*,*,#2326,.F.);
#3892 = ADVANCED_FACE('',(#3893),#2314,.F.);
#3893 = FACE_BOUND('',#3894,.T.);
#3894 = EDGE_LOOP('',(#3895,#3918,#3944,#3945));
#3895 = ORIENTED_EDGE('',*,*,#3896,.T.);
#3896 = EDGE_CURVE('',#2265,#3897,#3899,.T.);
#3897 = VERTEX_POINT('',#3898);
#3898 = CARTESIAN_POINT('',(-10.632107,3.450700775877,2.4));
#3899 = SURFACE_CURVE('',#3900,(#3904,#3911),.PCURVE_S1.);
#3900 = LINE('',#3901,#3902);
#3901 = CARTESIAN_POINT('',(-10.632107,3.450700775877,4.));
#3902 = VECTOR('',#3903,1.);
#3903 = DIRECTION('',(-0.,-0.,-1.));
#3904 = PCURVE('',#2314,#3905);
#3905 = DEFINITIONAL_REPRESENTATION('',(#3906),#3910);
#3906 = LINE('',#3907,#3908);
#3907 = CARTESIAN_POINT('',(-1.570796326795,0.));
#3908 = VECTOR('',#3909,1.);
#3909 = DIRECTION('',(-0.,-1.));
#3910 = ( GEOMETRIC_REPRESENTATION_CONTEXT(2) 
PARAMETRIC_REPRESENTATION_CONTEXT() REPRESENTATION_CONTEXT('2D SPACE',''
  ) );
#3911 = PCURVE('',#2281,#3912);
#3912 = DEFINITIONAL_REPRESENTATION('',(#3913),#3917);
#3913 = LINE('',#3914,#3915);
#3914 = CARTESIAN_POINT('',(7.853983128126,0.));
#3915 = VECTOR('',#3916,1.);
#3916 = DIRECTION('',(0.,-1.));
#3917 = ( GEOMETRIC_REPRESENTATION_CONTEXT(2) 
PARAMETRIC_REPRESENTATION_CONTEXT() REPRESENTATION_CONTEXT('2D SPACE',''
  ) );
#3918 = ORIENTED_EDGE('',*,*,#3919,.T.);
#3919 = EDGE_CURVE('',#3897,#3849,#3920,.T.);
#3920 = SURFACE_CURVE('',#3921,(#3926,#3933),.PCURVE_S1.);
#3921 = CIRCLE('',#3922,0.3);
#3922 = AXIS2_PLACEMENT_3D('',#3923,#3924,#3925);
#3923 = CARTESIAN_POINT('',(-10.332107,3.450701,2.4));
#3924 = DIRECTION('',(-0.,0.,-1.));
#3925 = DIRECTION('',(7.470757063236E-07,-1.,-0.));
#3926 = PCURVE('',#2314,#3927);
#3927 = DEFINITIONAL_REPRESENTATION('',(#3928),#3932);
#3928 = LINE('',#3929,#3930);
#3929 = CARTESIAN_POINT('',(-0.,-1.6));
#3930 = VECTOR('',#3931,1.);
#3931 = DIRECTION('',(-1.,0.));
#3932 = ( GEOMETRIC_REPRESENTATION_CONTEXT(2) 
PARAMETRIC_REPRESENTATION_CONTEXT() REPRESENTATION_CONTEXT('2D SPACE',''
  ) );
#3933 = PCURVE('',#3004,#3934);
#3934 = DEFINITIONAL_REPRESENTATION('',(#3935),#3943);
#3935 = ( BOUNDED_CURVE() B_SPLINE_CURVE(2,(#3936,#3937,#3938,#3939,
#3940,#3941,#3942),.UNSPECIFIED.,.T.,.F.) B_SPLINE_CURVE_WITH_KNOTS((1,2
    ,2,2,2,1),(-2.094395102393,0.,2.094395102393,4.188790204786,
6.28318530718,8.377580409573),.UNSPECIFIED.) CURVE() 
GEOMETRIC_REPRESENTATION_ITEM() RATIONAL_B_SPLINE_CURVE((1.,0.5,1.,0.5,
1.,0.5,1.)) REPRESENTATION_ITEM('') );
#3936 = CARTESIAN_POINT('',(-10.32998576747,4.490314301536));
#3937 = CARTESIAN_POINT('',(-10.84960100974,4.490313913344));
#3938 = CARTESIAN_POINT('',(-10.58979372479,4.94031410744));
#3939 = CARTESIAN_POINT('',(-10.32998643984,5.390314301535));
#3940 = CARTESIAN_POINT('',(-10.07017848252,4.940314495632));
#3941 = CARTESIAN_POINT('',(-9.810370525201,4.490314689728));
#3942 = CARTESIAN_POINT('',(-10.32998576747,4.490314301536));
#3943 = ( GEOMETRIC_REPRESENTATION_CONTEXT(2) 
PARAMETRIC_REPRESENTATION_CONTEXT() REPRESENTATION_CONTEXT('2D SPACE',''
  ) );
#3944 = ORIENTED_EDGE('',*,*,#3871,.F.);
#3945 = ORIENTED_EDGE('',*,*,#2293,.F.);
#3946 = ADVANCED_FACE('',(#3947),#2281,.T.);
#3947 = FACE_BOUND('',#3948,.T.);
#3948 = EDGE_LOOP('',(#3949,#3972,#3994,#3995));
#3949 = ORIENTED_EDGE('',*,*,#3950,.T.);
#3950 = EDGE_CURVE('',#2232,#3951,#3953,.T.);
#3951 = VERTEX_POINT('',#3952);
#3952 = CARTESIAN_POINT('',(-11.33210677587,2.750701,2.4));
#3953 = SURFACE_CURVE('',#3954,(#3958,#3965),.PCURVE_S1.);
#3954 = LINE('',#3955,#3956);
#3955 = CARTESIAN_POINT('',(-11.33210677587,2.750701,4.));
#3956 = VECTOR('',#3957,1.);
#3957 = DIRECTION('',(-0.,-0.,-1.));
#3958 = PCURVE('',#2281,#3959);
#3959 = DEFINITIONAL_REPRESENTATION('',(#3960),#3964);
#3960 = LINE('',#3961,#3962);
#3961 = CARTESIAN_POINT('',(6.28318530718,0.));
#3962 = VECTOR('',#3963,1.);
#3963 = DIRECTION('',(0.,-1.));
#3964 = ( GEOMETRIC_REPRESENTATION_CONTEXT(2) 
PARAMETRIC_REPRESENTATION_CONTEXT() REPRESENTATION_CONTEXT('2D SPACE',''
  ) );
#3965 = PCURVE('',#2252,#3966);
#3966 = DEFINITIONAL_REPRESENTATION('',(#3967),#3971);
#3967 = LINE('',#3968,#3969);
#3968 = CARTESIAN_POINT('',(-1.570914045757,0.));
#3969 = VECTOR('',#3970,1.);
#3970 = DIRECTION('',(-0.,-1.));
#3971 = ( GEOMETRIC_REPRESENTATION_CONTEXT(2) 
PARAMETRIC_REPRESENTATION_CONTEXT() REPRESENTATION_CONTEXT('2D SPACE',''
  ) );
#3972 = ORIENTED_EDGE('',*,*,#3973,.T.);
#3973 = EDGE_CURVE('',#3951,#3897,#3974,.T.);
#3974 = SURFACE_CURVE('',#3975,(#3980,#3987),.PCURVE_S1.);
#3975 = CIRCLE('',#3976,0.699999252925);
#3976 = AXIS2_PLACEMENT_3D('',#3977,#3978,#3979);
#3977 = CARTESIAN_POINT('',(-11.33210625292,3.450700252925,2.4));
#3978 = DIRECTION('',(0.,0.,1.));
#3979 = DIRECTION('',(-7.470757066546E-07,-1.,0.));
#3980 = PCURVE('',#2281,#3981);
#3981 = DEFINITIONAL_REPRESENTATION('',(#3982),#3986);
#3982 = LINE('',#3983,#3984);
#3983 = CARTESIAN_POINT('',(0.,-1.6));
#3984 = VECTOR('',#3985,1.);
#3985 = DIRECTION('',(1.,0.));
#3986 = ( GEOMETRIC_REPRESENTATION_CONTEXT(2) 
PARAMETRIC_REPRESENTATION_CONTEXT() REPRESENTATION_CONTEXT('2D SPACE',''
  ) );
#3987 = PCURVE('',#3004,#3988);
#3988 = DEFINITIONAL_REPRESENTATION('',(#3989),#3993);
#3989 = CIRCLE('',#3990,0.699999252925);
#3990 = AXIS2_PLACEMENT_2D('',#3991,#3992);
#3991 = CARTESIAN_POINT('',(-11.32998524451,4.79031355446));
#3992 = DIRECTION('',(-7.470757066546E-07,-1.));
#3993 = ( GEOMETRIC_REPRESENTATION_CONTEXT(2) 
PARAMETRIC_REPRESENTATION_CONTEXT() REPRESENTATION_CONTEXT('2D SPACE',''
  ) );
#3994 = ORIENTED_EDGE('',*,*,#3896,.F.);
#3995 = ORIENTED_EDGE('',*,*,#2264,.F.);
#3996 = ADVANCED_FACE('',(#3997),#2252,.F.);
#3997 = FACE_BOUND('',#3998,.T.);
#3998 = EDGE_LOOP('',(#3999,#4000,#4026,#4027));
#3999 = ORIENTED_EDGE('',*,*,#2965,.T.);
#4000 = ORIENTED_EDGE('',*,*,#4001,.T.);
#4001 = EDGE_CURVE('',#2966,#3951,#4002,.T.);
#4002 = SURFACE_CURVE('',#4003,(#4008,#4015),.PCURVE_S1.);
#4003 = CIRCLE('',#4004,0.3);
#4004 = AXIS2_PLACEMENT_3D('',#4005,#4006,#4007);
#4005 = CARTESIAN_POINT('',(-11.332107,2.450701,2.4));
#4006 = DIRECTION('',(-0.,0.,-1.));
#4007 = DIRECTION('',(-0.999999993159,-1.169718857316E-04,0.));
#4008 = PCURVE('',#2252,#4009);
#4009 = DEFINITIONAL_REPRESENTATION('',(#4010),#4014);
#4010 = LINE('',#4011,#4012);
#4011 = CARTESIAN_POINT('',(-0.,-1.6));
#4012 = VECTOR('',#4013,1.);
#4013 = DIRECTION('',(-1.,0.));
#4014 = ( GEOMETRIC_REPRESENTATION_CONTEXT(2) 
PARAMETRIC_REPRESENTATION_CONTEXT() REPRESENTATION_CONTEXT('2D SPACE',''
  ) );
#4015 = PCURVE('',#3004,#4016);
#4016 = DEFINITIONAL_REPRESENTATION('',(#4017),#4025);
#4017 = ( BOUNDED_CURVE() B_SPLINE_CURVE(2,(#4018,#4019,#4020,#4021,
#4022,#4023,#4024),.UNSPECIFIED.,.T.,.F.) B_SPLINE_CURVE_WITH_KNOTS((1,2
    ,2,2,2,1),(-2.094395102393,0.,2.094395102393,4.188790204786,
6.28318530718,8.377580409573),.UNSPECIFIED.) CURVE() 
GEOMETRIC_REPRESENTATION_ITEM() RATIONAL_B_SPLINE_CURVE((1.,0.5,1.,0.5,
1.,0.5,1.)) REPRESENTATION_ITEM('') );
#4018 = CARTESIAN_POINT('',(-11.62998598954,3.79027920997));
#4019 = CARTESIAN_POINT('',(-11.63004676991,4.309894448686));
#4020 = CARTESIAN_POINT('',(-11.1800163828,4.050139466676));
#4021 = CARTESIAN_POINT('',(-10.72998599569,3.790384484667));
#4022 = CARTESIAN_POINT('',(-11.17995560243,3.530524227961));
#4023 = CARTESIAN_POINT('',(-11.62992520916,3.270663971254));
#4024 = CARTESIAN_POINT('',(-11.62998598954,3.79027920997));
#4025 = ( GEOMETRIC_REPRESENTATION_CONTEXT(2) 
PARAMETRIC_REPRESENTATION_CONTEXT() REPRESENTATION_CONTEXT('2D SPACE',''
  ) );
#4026 = ORIENTED_EDGE('',*,*,#3950,.F.);
#4027 = ORIENTED_EDGE('',*,*,#2231,.F.);
#4028 = ADVANCED_FACE('',(#4029),#2845,.F.);
#4029 = FACE_BOUND('',#4030,.T.);
#4030 = EDGE_LOOP('',(#4031,#4054,#4081,#4082));
#4031 = ORIENTED_EDGE('',*,*,#4032,.T.);
#4032 = EDGE_CURVE('',#2825,#4033,#4035,.T.);
#4033 = VERTEX_POINT('',#4034);
#4034 = CARTESIAN_POINT('',(-15.7,-14.5,0.9));
#4035 = SEAM_CURVE('',#4036,(#4040,#4047),.PCURVE_S1.);
#4036 = LINE('',#4037,#4038);
#4037 = CARTESIAN_POINT('',(-15.7,-14.5,4.));
#4038 = VECTOR('',#4039,1.);
#4039 = DIRECTION('',(0.,-1.224646799147E-16,-1.));
#4040 = PCURVE('',#2845,#4041);
#4041 = DEFINITIONAL_REPRESENTATION('',(#4042),#4046);
#4042 = LINE('',#4043,#4044);
#4043 = CARTESIAN_POINT('',(-0.,0.));
#4044 = VECTOR('',#4045,1.);
#4045 = DIRECTION('',(-0.,-1.));
#4046 = ( GEOMETRIC_REPRESENTATION_CONTEXT(2) 
PARAMETRIC_REPRESENTATION_CONTEXT() REPRESENTATION_CONTEXT('2D SPACE',''
  ) );
#4047 = PCURVE('',#2845,#4048);
#4048 = DEFINITIONAL_REPRESENTATION('',(#4049),#4053);
#4049 = LINE('',#4050,#4051);
#4050 = CARTESIAN_POINT('',(-6.28318530718,0.));
#4051 = VECTOR('',#4052,1.);
#4052 = DIRECTION('',(-0.,-1.));
#4053 = ( GEOMETRIC_REPRESENTATION_CONTEXT(2) 
PARAMETRIC_REPRESENTATION_CONTEXT() REPRESENTATION_CONTEXT('2D SPACE',''
  ) );
#4054 = ORIENTED_EDGE('',*,*,#4055,.T.);
#4055 = EDGE_CURVE('',#4033,#4033,#4056,.T.);
#4056 = SURFACE_CURVE('',#4057,(#4062,#4069),.PCURVE_S1.);
#4057 = CIRCLE('',#4058,0.8);
#4058 = AXIS2_PLACEMENT_3D('',#4059,#4060,#4061);
#4059 = CARTESIAN_POINT('',(-16.5,-14.5,0.9));
#4060 = DIRECTION('',(0.,-0.,-1.));
#4061 = DIRECTION('',(1.,-5.35782974627E-16,0.));
#4062 = PCURVE('',#2845,#4063);
#4063 = DEFINITIONAL_REPRESENTATION('',(#4064),#4068);
#4064 = LINE('',#4065,#4066);
#4065 = CARTESIAN_POINT('',(-6.123233995737E-17,-3.1));
#4066 = VECTOR('',#4067,1.);
#4067 = DIRECTION('',(-1.,0.));
#4068 = ( GEOMETRIC_REPRESENTATION_CONTEXT(2) 
PARAMETRIC_REPRESENTATION_CONTEXT() REPRESENTATION_CONTEXT('2D SPACE',''
  ) );
#4069 = PCURVE('',#4070,#4075);
#4070 = CONICAL_SURFACE('',#4071,0.8,0.785398163397);
#4071 = AXIS2_PLACEMENT_3D('',#4072,#4073,#4074);
#4072 = CARTESIAN_POINT('',(-16.5,-14.5,0.9));
#4073 = DIRECTION('',(0.,0.,1.));
#4074 = DIRECTION('',(1.,-5.35782974627E-16,0.));
#4075 = DEFINITIONAL_REPRESENTATION('',(#4076),#4080);
#4076 = LINE('',#4077,#4078);
#4077 = CARTESIAN_POINT('',(-0.,-0.));
#4078 = VECTOR('',#4079,1.);
#4079 = DIRECTION('',(-1.,-0.));
#4080 = ( GEOMETRIC_REPRESENTATION_CONTEXT(2) 
PARAMETRIC_REPRESENTATION_CONTEXT() REPRESENTATION_CONTEXT('2D SPACE',''
  ) );
#4081 = ORIENTED_EDGE('',*,*,#4032,.F.);
#4082 = ORIENTED_EDGE('',*,*,#2824,.F.);
#4083 = ADVANCED_FACE('',(#4084),#2880,.F.);
#4084 = FACE_BOUND('',#4085,.T.);
#4085 = EDGE_LOOP('',(#4086,#4109,#4136,#4137));
#4086 = ORIENTED_EDGE('',*,*,#4087,.T.);
#4087 = EDGE_CURVE('',#2860,#4088,#4090,.T.);
#4088 = VERTEX_POINT('',#4089);
#4089 = CARTESIAN_POINT('',(17.3,-14.5,0.9));
#4090 = SEAM_CURVE('',#4091,(#4095,#4102),.PCURVE_S1.);
#4091 = LINE('',#4092,#4093);
#4092 = CARTESIAN_POINT('',(17.3,-14.5,4.));
#4093 = VECTOR('',#4094,1.);
#4094 = DIRECTION('',(0.,-1.224646799147E-16,-1.));
#4095 = PCURVE('',#2880,#4096);
#4096 = DEFINITIONAL_REPRESENTATION('',(#4097),#4101);
#4097 = LINE('',#4098,#4099);
#4098 = CARTESIAN_POINT('',(-0.,0.));
#4099 = VECTOR('',#4100,1.);
#4100 = DIRECTION('',(-0.,-1.));
#4101 = ( GEOMETRIC_REPRESENTATION_CONTEXT(2) 
PARAMETRIC_REPRESENTATION_CONTEXT() REPRESENTATION_CONTEXT('2D SPACE',''
  ) );
#4102 = PCURVE('',#2880,#4103);
#4103 = DEFINITIONAL_REPRESENTATION('',(#4104),#4108);
#4104 = LINE('',#4105,#4106);
#4105 = CARTESIAN_POINT('',(-6.28318530718,0.));
#4106 = VECTOR('',#4107,1.);
#4107 = DIRECTION('',(-0.,-1.));
#4108 = ( GEOMETRIC_REPRESENTATION_CONTEXT(2) 
PARAMETRIC_REPRESENTATION_CONTEXT() REPRESENTATION_CONTEXT('2D SPACE',''
  ) );
#4109 = ORIENTED_EDGE('',*,*,#4110,.T.);
#4110 = EDGE_CURVE('',#4088,#4088,#4111,.T.);
#4111 = SURFACE_CURVE('',#4112,(#4117,#4124),.PCURVE_S1.);
#4112 = CIRCLE('',#4113,0.8);
#4113 = AXIS2_PLACEMENT_3D('',#4114,#4115,#4116);
#4114 = CARTESIAN_POINT('',(16.5,-14.5,0.9));
#4115 = DIRECTION('',(0.,-0.,-1.));
#4116 = DIRECTION('',(1.,-5.35782974627E-16,0.));
#4117 = PCURVE('',#2880,#4118);
#4118 = DEFINITIONAL_REPRESENTATION('',(#4119),#4123);
#4119 = LINE('',#4120,#4121);
#4120 = CARTESIAN_POINT('',(-6.123233995737E-17,-3.1));
#4121 = VECTOR('',#4122,1.);
#4122 = DIRECTION('',(-1.,0.));
#4123 = ( GEOMETRIC_REPRESENTATION_CONTEXT(2) 
PARAMETRIC_REPRESENTATION_CONTEXT() REPRESENTATION_CONTEXT('2D SPACE',''
  ) );
#4124 = PCURVE('',#4125,#4130);
#4125 = CONICAL_SURFACE('',#4126,0.8,0.785398163397);
#4126 = AXIS2_PLACEMENT_3D('',#4127,#4128,#4129);
#4127 = CARTESIAN_POINT('',(16.5,-14.5,0.9));
#4128 = DIRECTION('',(0.,0.,1.));
#4129 = DIRECTION('',(1.,-5.35782974627E-16,0.));
#4130 = DEFINITIONAL_REPRESENTATION('',(#4131),#4135);
#4131 = LINE('',#4132,#4133);
#4132 = CARTESIAN_POINT('',(-0.,-0.));
#4133 = VECTOR('',#4134,1.);
#4134 = DIRECTION('',(-1.,-0.));
#4135 = ( GEOMETRIC_REPRESENTATION_CONTEXT(2) 
PARAMETRIC_REPRESENTATION_CONTEXT() REPRESENTATION_CONTEXT('2D SPACE',''
  ) );
#4136 = ORIENTED_EDGE('',*,*,#4087,.F.);
#4137 = ORIENTED_EDGE('',*,*,#2859,.F.);
#4138 = ADVANCED_FACE('',(#4139),#2915,.F.);
#4139 = FACE_BOUND('',#4140,.T.);
#4140 = EDGE_LOOP('',(#4141,#4164,#4191,#4192));
#4141 = ORIENTED_EDGE('',*,*,#4142,.T.);
#4142 = EDGE_CURVE('',#2895,#4143,#4145,.T.);
#4143 = VERTEX_POINT('',#4144);
#4144 = CARTESIAN_POINT('',(-15.7,10.,0.9));
#4145 = SEAM_CURVE('',#4146,(#4150,#4157),.PCURVE_S1.);
#4146 = LINE('',#4147,#4148);
#4147 = CARTESIAN_POINT('',(-15.7,10.,4.));
#4148 = VECTOR('',#4149,1.);
#4149 = DIRECTION('',(0.,-1.224646799147E-16,-1.));
#4150 = PCURVE('',#2915,#4151);
#4151 = DEFINITIONAL_REPRESENTATION('',(#4152),#4156);
#4152 = LINE('',#4153,#4154);
#4153 = CARTESIAN_POINT('',(-0.,0.));
#4154 = VECTOR('',#4155,1.);
#4155 = DIRECTION('',(-0.,-1.));
#4156 = ( GEOMETRIC_REPRESENTATION_CONTEXT(2) 
PARAMETRIC_REPRESENTATION_CONTEXT() REPRESENTATION_CONTEXT('2D SPACE',''
  ) );
#4157 = PCURVE('',#2915,#4158);
#4158 = DEFINITIONAL_REPRESENTATION('',(#4159),#4163);
#4159 = LINE('',#4160,#4161);
#4160 = CARTESIAN_POINT('',(-6.28318530718,0.));
#4161 = VECTOR('',#4162,1.);
#4162 = DIRECTION('',(-0.,-1.));
#4163 = ( GEOMETRIC_REPRESENTATION_CONTEXT(2) 
PARAMETRIC_REPRESENTATION_CONTEXT() REPRESENTATION_CONTEXT('2D SPACE',''
  ) );
#4164 = ORIENTED_EDGE('',*,*,#4165,.T.);
#4165 = EDGE_CURVE('',#4143,#4143,#4166,.T.);
#4166 = SURFACE_CURVE('',#4167,(#4172,#4179),.PCURVE_S1.);
#4167 = CIRCLE('',#4168,0.8);
#4168 = AXIS2_PLACEMENT_3D('',#4169,#4170,#4171);
#4169 = CARTESIAN_POINT('',(-16.5,10.,0.9));
#4170 = DIRECTION('',(0.,-0.,-1.));
#4171 = DIRECTION('',(1.,-5.35782974627E-16,0.));
#4172 = PCURVE('',#2915,#4173);
#4173 = DEFINITIONAL_REPRESENTATION('',(#4174),#4178);
#4174 = LINE('',#4175,#4176);
#4175 = CARTESIAN_POINT('',(-6.123233995737E-17,-3.1));
#4176 = VECTOR('',#4177,1.);
#4177 = DIRECTION('',(-1.,0.));
#4178 = ( GEOMETRIC_REPRESENTATION_CONTEXT(2) 
PARAMETRIC_REPRESENTATION_CONTEXT() REPRESENTATION_CONTEXT('2D SPACE',''
  ) );
#4179 = PCURVE('',#4180,#4185);
#4180 = CONICAL_SURFACE('',#4181,0.8,0.785398163397);
#4181 = AXIS2_PLACEMENT_3D('',#4182,#4183,#4184);
#4182 = CARTESIAN_POINT('',(-16.5,10.,0.9));
#4183 = DIRECTION('',(0.,0.,1.));
#4184 = DIRECTION('',(1.,-5.35782974627E-16,0.));
#4185 = DEFINITIONAL_REPRESENTATION('',(#4186),#4190);
#4186 = LINE('',#4187,#4188);
#4187 = CARTESIAN_POINT('',(-0.,-0.));
#4188 = VECTOR('',#4189,1.);
#4189 = DIRECTION('',(-1.,-0.));
#4190 = ( GEOMETRIC_REPRESENTATION_CONTEXT(2) 
PARAMETRIC_REPRESENTATION_CONTEXT() REPRESENTATION_CONTEXT('2D SPACE',''
  ) );
#4191 = ORIENTED_EDGE('',*,*,#4142,.F.);
#4192 = ORIENTED_EDGE('',*,*,#2894,.F.);
#4193 = ADVANCED_FACE('',(#4194),#3004,.T.);
#4194 = FACE_BOUND('',#4195,.T.);
#4195 = EDGE_LOOP('',(#4196,#4197,#4198,#4199,#4200,#4201,#4202,#4203,
    #4204,#4205,#4206,#4207,#4208,#4209,#4210,#4211,#4212,#4213,#4214,
    #4215,#4216));
#4196 = ORIENTED_EDGE('',*,*,#4001,.F.);
#4197 = ORIENTED_EDGE('',*,*,#2988,.T.);
#4198 = ORIENTED_EDGE('',*,*,#3042,.T.);
#4199 = ORIENTED_EDGE('',*,*,#3092,.T.);
#4200 = ORIENTED_EDGE('',*,*,#3141,.T.);
#4201 = ORIENTED_EDGE('',*,*,#3191,.T.);
#4202 = ORIENTED_EDGE('',*,*,#3240,.T.);
#4203 = ORIENTED_EDGE('',*,*,#3290,.T.);
#4204 = ORIENTED_EDGE('',*,*,#3339,.T.);
#4205 = ORIENTED_EDGE('',*,*,#3389,.T.);
#4206 = ORIENTED_EDGE('',*,*,#3460,.F.);
#4207 = ORIENTED_EDGE('',*,*,#3514,.F.);
#4208 = ORIENTED_EDGE('',*,*,#3564,.F.);
#4209 = ORIENTED_EDGE('',*,*,#3596,.T.);
#4210 = ORIENTED_EDGE('',*,*,#3645,.T.);
#4211 = ORIENTED_EDGE('',*,*,#3695,.T.);
#4212 = ORIENTED_EDGE('',*,*,#3766,.F.);
#4213 = ORIENTED_EDGE('',*,*,#3798,.T.);
#4214 = ORIENTED_EDGE('',*,*,#3848,.T.);
#4215 = ORIENTED_EDGE('',*,*,#3919,.F.);
#4216 = ORIENTED_EDGE('',*,*,#3973,.F.);
#4217 = ADVANCED_FACE('',(#4218),#2950,.F.);
#4218 = FACE_BOUND('',#4219,.T.);
#4219 = EDGE_LOOP('',(#4220,#4243,#4270,#4271));
#4220 = ORIENTED_EDGE('',*,*,#4221,.T.);
#4221 = EDGE_CURVE('',#2930,#4222,#4224,.T.);
#4222 = VERTEX_POINT('',#4223);
#4223 = CARTESIAN_POINT('',(17.3,10.,0.9));
#4224 = SEAM_CURVE('',#4225,(#4229,#4236),.PCURVE_S1.);
#4225 = LINE('',#4226,#4227);
#4226 = CARTESIAN_POINT('',(17.3,10.,4.));
#4227 = VECTOR('',#4228,1.);
#4228 = DIRECTION('',(0.,-1.224646799147E-16,-1.));
#4229 = PCURVE('',#2950,#4230);
#4230 = DEFINITIONAL_REPRESENTATION('',(#4231),#4235);
#4231 = LINE('',#4232,#4233);
#4232 = CARTESIAN_POINT('',(-0.,0.));
#4233 = VECTOR('',#4234,1.);
#4234 = DIRECTION('',(-0.,-1.));
#4235 = ( GEOMETRIC_REPRESENTATION_CONTEXT(2) 
PARAMETRIC_REPRESENTATION_CONTEXT() REPRESENTATION_CONTEXT('2D SPACE',''
  ) );
#4236 = PCURVE('',#2950,#4237);
#4237 = DEFINITIONAL_REPRESENTATION('',(#4238),#4242);
#4238 = LINE('',#4239,#4240);
#4239 = CARTESIAN_POINT('',(-6.28318530718,0.));
#4240 = VECTOR('',#4241,1.);
#4241 = DIRECTION('',(-0.,-1.));
#4242 = ( GEOMETRIC_REPRESENTATION_CONTEXT(2) 
PARAMETRIC_REPRESENTATION_CONTEXT() REPRESENTATION_CONTEXT('2D SPACE',''
  ) );
#4243 = ORIENTED_EDGE('',*,*,#4244,.T.);
#4244 = EDGE_CURVE('',#4222,#4222,#4245,.T.);
#4245 = SURFACE_CURVE('',#4246,(#4251,#4258),.PCURVE_S1.);
#4246 = CIRCLE('',#4247,0.8);
#4247 = AXIS2_PLACEMENT_3D('',#4248,#4249,#4250);
#4248 = CARTESIAN_POINT('',(16.5,10.,0.9));
#4249 = DIRECTION('',(0.,-0.,-1.));
#4250 = DIRECTION('',(1.,-5.35782974627E-16,0.));
#4251 = PCURVE('',#2950,#4252);
#4252 = DEFINITIONAL_REPRESENTATION('',(#4253),#4257);
#4253 = LINE('',#4254,#4255);
#4254 = CARTESIAN_POINT('',(-6.123233995737E-17,-3.1));
#4255 = VECTOR('',#4256,1.);
#4256 = DIRECTION('',(-1.,0.));
#4257 = ( GEOMETRIC_REPRESENTATION_CONTEXT(2) 
PARAMETRIC_REPRESENTATION_CONTEXT() REPRESENTATION_CONTEXT('2D SPACE',''
  ) );
#4258 = PCURVE('',#4259,#4264);
#4259 = CONICAL_SURFACE('',#4260,0.8,0.785398163397);
#4260 = AXIS2_PLACEMENT_3D('',#4261,#4262,#4263);
#4261 = CARTESIAN_POINT('',(16.5,10.,0.9));
#4262 = DIRECTION('',(0.,0.,1.));
#4263 = DIRECTION('',(1.,-5.35782974627E-16,0.));
#4264 = DEFINITIONAL_REPRESENTATION('',(#4265),#4269);
#4265 = LINE('',#4266,#4267);
#4266 = CARTESIAN_POINT('',(-0.,-0.));
#4267 = VECTOR('',#4268,1.);
#4268 = DIRECTION('',(-1.,-0.));
#4269 = ( GEOMETRIC_REPRESENTATION_CONTEXT(2) 
PARAMETRIC_REPRESENTATION_CONTEXT() REPRESENTATION_CONTEXT('2D SPACE',''
  ) );
#4270 = ORIENTED_EDGE('',*,*,#4221,.F.);
#4271 = ORIENTED_EDGE('',*,*,#2929,.F.);
#4272 = ADVANCED_FACE('',(#4273),#4070,.F.);
#4273 = FACE_BOUND('',#4274,.F.);
#4274 = EDGE_LOOP('',(#4275,#4296,#4297,#4298));
#4275 = ORIENTED_EDGE('',*,*,#4276,.F.);
#4276 = EDGE_CURVE('',#4033,#4277,#4279,.T.);
#4277 = VERTEX_POINT('',#4278);
#4278 = CARTESIAN_POINT('',(-16.1,-14.5,0.5));
#4279 = SEAM_CURVE('',#4280,(#4284,#4290),.PCURVE_S1.);
#4280 = LINE('',#4281,#4282);
#4281 = CARTESIAN_POINT('',(-15.7,-14.5,0.9));
#4282 = VECTOR('',#4283,1.);
#4283 = DIRECTION('',(-0.707106781187,3.355579717913E-16,-0.707106781187
    ));
#4284 = PCURVE('',#4070,#4285);
#4285 = DEFINITIONAL_REPRESENTATION('',(#4286),#4289);
#4286 = B_SPLINE_CURVE_WITH_KNOTS('',1,(#4287,#4288),.UNSPECIFIED.,.F.,
  .F.,(2,2),(0.,0.565685424949),.PIECEWISE_BEZIER_KNOTS.);
#4287 = CARTESIAN_POINT('',(6.123233995737E-17,0.));
#4288 = CARTESIAN_POINT('',(6.123233995737E-17,-0.4));
#4289 = ( GEOMETRIC_REPRESENTATION_CONTEXT(2) 
PARAMETRIC_REPRESENTATION_CONTEXT() REPRESENTATION_CONTEXT('2D SPACE',''
  ) );
#4290 = PCURVE('',#4070,#4291);
#4291 = DEFINITIONAL_REPRESENTATION('',(#4292),#4295);
#4292 = B_SPLINE_CURVE_WITH_KNOTS('',1,(#4293,#4294),.UNSPECIFIED.,.F.,
  .F.,(2,2),(0.,0.565685424949),.PIECEWISE_BEZIER_KNOTS.);
#4293 = CARTESIAN_POINT('',(-6.28318530718,0.));
#4294 = CARTESIAN_POINT('',(-6.28318530718,-0.4));
#4295 = ( GEOMETRIC_REPRESENTATION_CONTEXT(2) 
PARAMETRIC_REPRESENTATION_CONTEXT() REPRESENTATION_CONTEXT('2D SPACE',''
  ) );
#4296 = ORIENTED_EDGE('',*,*,#4055,.T.);
#4297 = ORIENTED_EDGE('',*,*,#4276,.T.);
#4298 = ORIENTED_EDGE('',*,*,#4299,.F.);
#4299 = EDGE_CURVE('',#4277,#4277,#4300,.T.);
#4300 = SURFACE_CURVE('',#4301,(#4306,#4313),.PCURVE_S1.);
#4301 = CIRCLE('',#4302,0.4);
#4302 = AXIS2_PLACEMENT_3D('',#4303,#4304,#4305);
#4303 = CARTESIAN_POINT('',(-16.5,-14.5,0.5));
#4304 = DIRECTION('',(0.,-0.,-1.));
#4305 = DIRECTION('',(1.,-5.35782974627E-16,0.));
#4306 = PCURVE('',#4070,#4307);
#4307 = DEFINITIONAL_REPRESENTATION('',(#4308),#4312);
#4308 = LINE('',#4309,#4310);
#4309 = CARTESIAN_POINT('',(-0.,-0.4));
#4310 = VECTOR('',#4311,1.);
#4311 = DIRECTION('',(-1.,-0.));
#4312 = ( GEOMETRIC_REPRESENTATION_CONTEXT(2) 
PARAMETRIC_REPRESENTATION_CONTEXT() REPRESENTATION_CONTEXT('2D SPACE',''
  ) );
#4313 = PCURVE('',#4314,#4319);
#4314 = PLANE('',#4315);
#4315 = AXIS2_PLACEMENT_3D('',#4316,#4317,#4318);
#4316 = CARTESIAN_POINT('',(-16.5,-14.5,0.5));
#4317 = DIRECTION('',(-0.,-0.,-1.));
#4318 = DIRECTION('',(-1.,0.,0.));
#4319 = DEFINITIONAL_REPRESENTATION('',(#4320),#4324);
#4320 = CIRCLE('',#4321,0.4);
#4321 = AXIS2_PLACEMENT_2D('',#4322,#4323);
#4322 = CARTESIAN_POINT('',(-2.670781508866E-17,5.199534863162E-16));
#4323 = DIRECTION('',(-1.,-5.35782974627E-16));
#4324 = ( GEOMETRIC_REPRESENTATION_CONTEXT(2) 
PARAMETRIC_REPRESENTATION_CONTEXT() REPRESENTATION_CONTEXT('2D SPACE',''
  ) );
#4325 = ADVANCED_FACE('',(#4326),#4125,.F.);
#4326 = FACE_BOUND('',#4327,.F.);
#4327 = EDGE_LOOP('',(#4328,#4349,#4350,#4351));
#4328 = ORIENTED_EDGE('',*,*,#4329,.F.);
#4329 = EDGE_CURVE('',#4088,#4330,#4332,.T.);
#4330 = VERTEX_POINT('',#4331);
#4331 = CARTESIAN_POINT('',(16.9,-14.5,0.5));
#4332 = SEAM_CURVE('',#4333,(#4337,#4343),.PCURVE_S1.);
#4333 = LINE('',#4334,#4335);
#4334 = CARTESIAN_POINT('',(17.3,-14.5,0.9));
#4335 = VECTOR('',#4336,1.);
#4336 = DIRECTION('',(-0.707106781187,3.355579717913E-16,-0.707106781187
    ));
#4337 = PCURVE('',#4125,#4338);
#4338 = DEFINITIONAL_REPRESENTATION('',(#4339),#4342);
#4339 = B_SPLINE_CURVE_WITH_KNOTS('',1,(#4340,#4341),.UNSPECIFIED.,.F.,
  .F.,(2,2),(0.,0.565685424949),.PIECEWISE_BEZIER_KNOTS.);
#4340 = CARTESIAN_POINT('',(6.123233995737E-17,0.));
#4341 = CARTESIAN_POINT('',(6.123233995737E-17,-0.4));
#4342 = ( GEOMETRIC_REPRESENTATION_CONTEXT(2) 
PARAMETRIC_REPRESENTATION_CONTEXT() REPRESENTATION_CONTEXT('2D SPACE',''
  ) );
#4343 = PCURVE('',#4125,#4344);
#4344 = DEFINITIONAL_REPRESENTATION('',(#4345),#4348);
#4345 = B_SPLINE_CURVE_WITH_KNOTS('',1,(#4346,#4347),.UNSPECIFIED.,.F.,
  .F.,(2,2),(0.,0.565685424949),.PIECEWISE_BEZIER_KNOTS.);
#4346 = CARTESIAN_POINT('',(-6.28318530718,0.));
#4347 = CARTESIAN_POINT('',(-6.28318530718,-0.4));
#4348 = ( GEOMETRIC_REPRESENTATION_CONTEXT(2) 
PARAMETRIC_REPRESENTATION_CONTEXT() REPRESENTATION_CONTEXT('2D SPACE',''
  ) );
#4349 = ORIENTED_EDGE('',*,*,#4110,.T.);
#4350 = ORIENTED_EDGE('',*,*,#4329,.T.);
#4351 = ORIENTED_EDGE('',*,*,#4352,.F.);
#4352 = EDGE_CURVE('',#4330,#4330,#4353,.T.);
#4353 = SURFACE_CURVE('',#4354,(#4359,#4366),.PCURVE_S1.);
#4354 = CIRCLE('',#4355,0.4);
#4355 = AXIS2_PLACEMENT_3D('',#4356,#4357,#4358);
#4356 = CARTESIAN_POINT('',(16.5,-14.5,0.5));
#4357 = DIRECTION('',(0.,-0.,-1.));
#4358 = DIRECTION('',(1.,-5.35782974627E-16,0.));
#4359 = PCURVE('',#4125,#4360);
#4360 = DEFINITIONAL_REPRESENTATION('',(#4361),#4365);
#4361 = LINE('',#4362,#4363);
#4362 = CARTESIAN_POINT('',(-0.,-0.4));
#4363 = VECTOR('',#4364,1.);
#4364 = DIRECTION('',(-1.,-0.));
#4365 = ( GEOMETRIC_REPRESENTATION_CONTEXT(2) 
PARAMETRIC_REPRESENTATION_CONTEXT() REPRESENTATION_CONTEXT('2D SPACE',''
  ) );
#4366 = PCURVE('',#4367,#4372);
#4367 = PLANE('',#4368);
#4368 = AXIS2_PLACEMENT_3D('',#4369,#4370,#4371);
#4369 = CARTESIAN_POINT('',(16.5,-14.5,0.5));
#4370 = DIRECTION('',(-0.,-0.,-1.));
#4371 = DIRECTION('',(-1.,0.,0.));
#4372 = DEFINITIONAL_REPRESENTATION('',(#4373),#4377);
#4373 = CIRCLE('',#4374,0.4);
#4374 = AXIS2_PLACEMENT_2D('',#4375,#4376);
#4375 = CARTESIAN_POINT('',(-2.670781508866E-17,5.199534863162E-16));
#4376 = DIRECTION('',(-1.,-5.35782974627E-16));
#4377 = ( GEOMETRIC_REPRESENTATION_CONTEXT(2) 
PARAMETRIC_REPRESENTATION_CONTEXT() REPRESENTATION_CONTEXT('2D SPACE',''
  ) );
#4378 = ADVANCED_FACE('',(#4379),#4180,.F.);
#4379 = FACE_BOUND('',#4380,.F.);
#4380 = EDGE_LOOP('',(#4381,#4402,#4403,#4404));
#4381 = ORIENTED_EDGE('',*,*,#4382,.F.);
#4382 = EDGE_CURVE('',#4143,#4383,#4385,.T.);
#4383 = VERTEX_POINT('',#4384);
#4384 = CARTESIAN_POINT('',(-16.1,10.,0.5));
#4385 = SEAM_CURVE('',#4386,(#4390,#4396),.PCURVE_S1.);
#4386 = LINE('',#4387,#4388);
#4387 = CARTESIAN_POINT('',(-15.7,10.,0.9));
#4388 = VECTOR('',#4389,1.);
#4389 = DIRECTION('',(-0.707106781187,3.355579717913E-16,-0.707106781187
    ));
#4390 = PCURVE('',#4180,#4391);
#4391 = DEFINITIONAL_REPRESENTATION('',(#4392),#4395);
#4392 = B_SPLINE_CURVE_WITH_KNOTS('',1,(#4393,#4394),.UNSPECIFIED.,.F.,
  .F.,(2,2),(0.,0.565685424949),.PIECEWISE_BEZIER_KNOTS.);
#4393 = CARTESIAN_POINT('',(6.123233995737E-17,0.));
#4394 = CARTESIAN_POINT('',(6.123233995737E-17,-0.4));
#4395 = ( GEOMETRIC_REPRESENTATION_CONTEXT(2) 
PARAMETRIC_REPRESENTATION_CONTEXT() REPRESENTATION_CONTEXT('2D SPACE',''
  ) );
#4396 = PCURVE('',#4180,#4397);
#4397 = DEFINITIONAL_REPRESENTATION('',(#4398),#4401);
#4398 = B_SPLINE_CURVE_WITH_KNOTS('',1,(#4399,#4400),.UNSPECIFIED.,.F.,
  .F.,(2,2),(0.,0.565685424949),.PIECEWISE_BEZIER_KNOTS.);
#4399 = CARTESIAN_POINT('',(-6.28318530718,0.));
#4400 = CARTESIAN_POINT('',(-6.28318530718,-0.4));
#4401 = ( GEOMETRIC_REPRESENTATION_CONTEXT(2) 
PARAMETRIC_REPRESENTATION_CONTEXT() REPRESENTATION_CONTEXT('2D SPACE',''
  ) );
#4402 = ORIENTED_EDGE('',*,*,#4165,.T.);
#4403 = ORIENTED_EDGE('',*,*,#4382,.T.);
#4404 = ORIENTED_EDGE('',*,*,#4405,.F.);
#4405 = EDGE_CURVE('',#4383,#4383,#4406,.T.);
#4406 = SURFACE_CURVE('',#4407,(#4412,#4419),.PCURVE_S1.);
#4407 = CIRCLE('',#4408,0.4);
#4408 = AXIS2_PLACEMENT_3D('',#4409,#4410,#4411);
#4409 = CARTESIAN_POINT('',(-16.5,10.,0.5));
#4410 = DIRECTION('',(0.,-0.,-1.));
#4411 = DIRECTION('',(1.,-5.35782974627E-16,0.));
#4412 = PCURVE('',#4180,#4413);
#4413 = DEFINITIONAL_REPRESENTATION('',(#4414),#4418);
#4414 = LINE('',#4415,#4416);
#4415 = CARTESIAN_POINT('',(-0.,-0.4));
#4416 = VECTOR('',#4417,1.);
#4417 = DIRECTION('',(-1.,-0.));
#4418 = ( GEOMETRIC_REPRESENTATION_CONTEXT(2) 
PARAMETRIC_REPRESENTATION_CONTEXT() REPRESENTATION_CONTEXT('2D SPACE',''
  ) );
#4419 = PCURVE('',#4420,#4425);
#4420 = PLANE('',#4421);
#4421 = AXIS2_PLACEMENT_3D('',#4422,#4423,#4424);
#4422 = CARTESIAN_POINT('',(-16.5,10.,0.5));
#4423 = DIRECTION('',(-0.,-0.,-1.));
#4424 = DIRECTION('',(-1.,0.,0.));
#4425 = DEFINITIONAL_REPRESENTATION('',(#4426),#4430);
#4426 = CIRCLE('',#4427,0.4);
#4427 = AXIS2_PLACEMENT_2D('',#4428,#4429);
#4428 = CARTESIAN_POINT('',(-2.670781508866E-17,5.199534863162E-16));
#4429 = DIRECTION('',(-1.,-5.35782974627E-16));
#4430 = ( GEOMETRIC_REPRESENTATION_CONTEXT(2) 
PARAMETRIC_REPRESENTATION_CONTEXT() REPRESENTATION_CONTEXT('2D SPACE',''
  ) );
#4431 = ADVANCED_FACE('',(#4432),#4259,.F.);
#4432 = FACE_BOUND('',#4433,.F.);
#4433 = EDGE_LOOP('',(#4434,#4455,#4456,#4457));
#4434 = ORIENTED_EDGE('',*,*,#4435,.F.);
#4435 = EDGE_CURVE('',#4222,#4436,#4438,.T.);
#4436 = VERTEX_POINT('',#4437);
#4437 = CARTESIAN_POINT('',(16.9,10.,0.5));
#4438 = SEAM_CURVE('',#4439,(#4443,#4449),.PCURVE_S1.);
#4439 = LINE('',#4440,#4441);
#4440 = CARTESIAN_POINT('',(17.3,10.,0.9));
#4441 = VECTOR('',#4442,1.);
#4442 = DIRECTION('',(-0.707106781187,3.355579717913E-16,-0.707106781187
    ));
#4443 = PCURVE('',#4259,#4444);
#4444 = DEFINITIONAL_REPRESENTATION('',(#4445),#4448);
#4445 = B_SPLINE_CURVE_WITH_KNOTS('',1,(#4446,#4447),.UNSPECIFIED.,.F.,
  .F.,(2,2),(0.,0.565685424949),.PIECEWISE_BEZIER_KNOTS.);
#4446 = CARTESIAN_POINT('',(6.123233995737E-17,0.));
#4447 = CARTESIAN_POINT('',(6.123233995737E-17,-0.4));
#4448 = ( GEOMETRIC_REPRESENTATION_CONTEXT(2) 
PARAMETRIC_REPRESENTATION_CONTEXT() REPRESENTATION_CONTEXT('2D SPACE',''
  ) );
#4449 = PCURVE('',#4259,#4450);
#4450 = DEFINITIONAL_REPRESENTATION('',(#4451),#4454);
#4451 = B_SPLINE_CURVE_WITH_KNOTS('',1,(#4452,#4453),.UNSPECIFIED.,.F.,
  .F.,(2,2),(0.,0.565685424949),.PIECEWISE_BEZIER_KNOTS.);
#4452 = CARTESIAN_POINT('',(-6.28318530718,0.));
#4453 = CARTESIAN_POINT('',(-6.28318530718,-0.4));
#4454 = ( GEOMETRIC_REPRESENTATION_CONTEXT(2) 
PARAMETRIC_REPRESENTATION_CONTEXT() REPRESENTATION_CONTEXT('2D SPACE',''
  ) );
#4455 = ORIENTED_EDGE('',*,*,#4244,.T.);
#4456 = ORIENTED_EDGE('',*,*,#4435,.T.);
#4457 = ORIENTED_EDGE('',*,*,#4458,.F.);
#4458 = EDGE_CURVE('',#4436,#4436,#4459,.T.);
#4459 = SURFACE_CURVE('',#4460,(#4465,#4472),.PCURVE_S1.);
#4460 = CIRCLE('',#4461,0.4);
#4461 = AXIS2_PLACEMENT_3D('',#4462,#4463,#4464);
#4462 = CARTESIAN_POINT('',(16.5,10.,0.5));
#4463 = DIRECTION('',(0.,-0.,-1.));
#4464 = DIRECTION('',(1.,-5.35782974627E-16,0.));
#4465 = PCURVE('',#4259,#4466);
#4466 = DEFINITIONAL_REPRESENTATION('',(#4467),#4471);
#4467 = LINE('',#4468,#4469);
#4468 = CARTESIAN_POINT('',(-0.,-0.4));
#4469 = VECTOR('',#4470,1.);
#4470 = DIRECTION('',(-1.,-0.));
#4471 = ( GEOMETRIC_REPRESENTATION_CONTEXT(2) 
PARAMETRIC_REPRESENTATION_CONTEXT() REPRESENTATION_CONTEXT('2D SPACE',''
  ) );
#4472 = PCURVE('',#4473,#4478);
#4473 = PLANE('',#4474);
#4474 = AXIS2_PLACEMENT_3D('',#4475,#4476,#4477);
#4475 = CARTESIAN_POINT('',(16.5,10.,0.5));
#4476 = DIRECTION('',(-0.,-0.,-1.));
#4477 = DIRECTION('',(-1.,0.,0.));
#4478 = DEFINITIONAL_REPRESENTATION('',(#4479),#4483);
#4479 = CIRCLE('',#4480,0.4);
#4480 = AXIS2_PLACEMENT_2D('',#4481,#4482);
#4481 = CARTESIAN_POINT('',(-2.670781508866E-17,5.199534863162E-16));
#4482 = DIRECTION('',(-1.,-5.35782974627E-16));
#4483 = ( GEOMETRIC_REPRESENTATION_CONTEXT(2) 
PARAMETRIC_REPRESENTATION_CONTEXT() REPRESENTATION_CONTEXT('2D SPACE',''
  ) );
#4484 = ADVANCED_FACE('',(#4485),#4314,.F.);
#4485 = FACE_BOUND('',#4486,.F.);
#4486 = EDGE_LOOP('',(#4487));
#4487 = ORIENTED_EDGE('',*,*,#4299,.T.);
#4488 = ADVANCED_FACE('',(#4489),#4367,.F.);
#4489 = FACE_BOUND('',#4490,.F.);
#4490 = EDGE_LOOP('',(#4491));
#4491 = ORIENTED_EDGE('',*,*,#4352,.T.);
#4492 = ADVANCED_FACE('',(#4493),#4420,.F.);
#4493 = FACE_BOUND('',#4494,.F.);
#4494 = EDGE_LOOP('',(#4495));
#4495 = ORIENTED_EDGE('',*,*,#4405,.T.);
#4496 = ADVANCED_FACE('',(#4497),#4473,.F.);
#4497 = FACE_BOUND('',#4498,.F.);
#4498 = EDGE_LOOP('',(#4499));
#4499 = ORIENTED_EDGE('',*,*,#4458,.T.);
#4500 = ( GEOMETRIC_REPRESENTATION_CONTEXT(3) 
GLOBAL_UNCERTAINTY_ASSIGNED_CONTEXT((#4504)) 
GLOBAL_UNIT_ASSIGNED_CONTEXT((#4501,#4502,#4503)) REPRESENTATION_CONTEXT
('Context #1','3D Context with UNIT and UNCERTAINTY') );
#4501 = ( LENGTH_UNIT() NAMED_UNIT(*) SI_UNIT(.MILLI.,.METRE.) );
#4502 = ( NAMED_UNIT(*) PLANE_ANGLE_UNIT() SI_UNIT($,.RADIAN.) );
#4503 = ( NAMED_UNIT(*) SI_UNIT($,.STERADIAN.) SOLID_ANGLE_UNIT() );
#4504 = UNCERTAINTY_MEASURE_WITH_UNIT(LENGTH_MEASURE(5.E-06),#4501,
  'distance_accuracy_value','confusion accuracy');
#4505 = PRODUCT_RELATED_PRODUCT_CATEGORY('part',$,(#7));
ENDSEC;
END-ISO-10303-21;
