ISO-10303-21;
HEADER;
FILE_DESCRIPTION(('Open CASCADE Model'),'2;1');
FILE_NAME('Open CASCADE Shape Model','2026-04-25T18:40:22',('Author'),(
    'Open CASCADE'),'Open CASCADE STEP processor 7.7','Open CASCADE 7.7'
  ,'Unknown');
FILE_SCHEMA(('AUTOMOTIVE_DESIGN { 1 0 10303 214 1 1 1 1 }'));
ENDSEC;
DATA;
#1 = APPLICATION_PROTOCOL_DEFINITION('international standard',
  'automotive_design',2000,#2);
#2 = APPLICATION_CONTEXT(
  'core data for automotive mechanical design processes');
#3 = SHAPE_DEFINITION_REPRESENTATION(#4,#10);
#4 = PRODUCT_DEFINITION_SHAPE('','',#5);
#5 = PRODUCT_DEFINITION('design','',#6,#9);
#6 = PRODUCT_DEFINITION_FORMATION('','',#7);
#7 = PRODUCT('Open CASCADE STEP translator 7.7 5',
  'Open CASCADE STEP translator 7.7 5','',(#8));
#8 = PRODUCT_CONTEXT('',#2,'mechanical');
#9 = PRODUCT_DEFINITION_CONTEXT('part definition',#2,'design');
#10 = ADVANCED_BREP_SHAPE_REPRESENTATION('',(#11,#15),#6463);
#11 = AXIS2_PLACEMENT_3D('',#12,#13,#14);
#12 = CARTESIAN_POINT('',(0.,0.,0.));
#13 = DIRECTION('',(0.,0.,1.));
#14 = DIRECTION('',(1.,0.,-0.));
#15 = MANIFOLD_SOLID_BREP('',#16);
#16 = CLOSED_SHELL('',(#17,#147,#1593,#1648,#1751,#1832,#1887,#1941,
    #1996,#2050,#2104,#2159,#2214,#2269,#2323,#2435,#2468,#2523,#2578,
    #2633,#2709,#2763,#2813,#2867,#2916,#2970,#3020,#3074,#3123,#3177,
    #3227,#3281,#3330,#3384,#3434,#3488,#3537,#3587,#3636,#3690,#3740,
    #3794,#3843,#3893,#3947,#3996,#4024,#4079,#4131,#4845,#4869,#4894,
    #4919,#4944,#4969,#4994,#5019,#5044,#5068,#5093,#5118,#5125,#5155,
    #5185,#5215,#5561,#5591,#5618,#5673,#5700,#5755,#5810,#5837,#5892,
    #5939,#5966,#5993,#6000,#6027,#6077,#6127,#6177,#6253,#6302,#6351,
    #6378,#6428,#6435,#6442,#6449,#6456));
#17 = ADVANCED_FACE('',(#18),#32,.F.);
#18 = FACE_BOUND('',#19,.F.);
#19 = EDGE_LOOP('',(#20,#53,#93,#121));
#20 = ORIENTED_EDGE('',*,*,#21,.F.);
#21 = EDGE_CURVE('',#22,#24,#26,.T.);
#22 = VERTEX_POINT('',#23);
#23 = CARTESIAN_POINT('',(20.125,-13.81943954598,11.));
#24 = VERTEX_POINT('',#25);
#25 = CARTESIAN_POINT('',(20.125,9.85,11.));
#26 = SURFACE_CURVE('',#27,(#31,#42),.PCURVE_S1.);
#27 = LINE('',#28,#29);
#28 = CARTESIAN_POINT('',(20.125,-8.925,11.));
#29 = VECTOR('',#30,1.);
#30 = DIRECTION('',(0.,1.,-0.));
#31 = PCURVE('',#32,#37);
#32 = PLANE('',#33);
#33 = AXIS2_PLACEMENT_3D('',#34,#35,#36);
#34 = CARTESIAN_POINT('',(20.125,-17.85,0.));
#35 = DIRECTION('',(-1.,0.,0.));
#36 = DIRECTION('',(0.,1.,0.));
#37 = DEFINITIONAL_REPRESENTATION('',(#38),#41);
#38 = B_SPLINE_CURVE_WITH_KNOTS('',1,(#39,#40),.UNSPECIFIED.,.F.,.F.,(2,
    2),(-4.894439545989,18.775),.PIECEWISE_BEZIER_KNOTS.);
#39 = CARTESIAN_POINT('',(4.030560454011,-11.));
#40 = CARTESIAN_POINT('',(27.700000000001,-11.));
#41 = ( GEOMETRIC_REPRESENTATION_CONTEXT(2) 
PARAMETRIC_REPRESENTATION_CONTEXT() REPRESENTATION_CONTEXT('2D SPACE',''
  ) );
#42 = PCURVE('',#43,#48);
#43 = PLANE('',#44);
#44 = AXIS2_PLACEMENT_3D('',#45,#46,#47);
#45 = CARTESIAN_POINT('',(0.,0.,11.));
#46 = DIRECTION('',(0.,0.,1.));
#47 = DIRECTION('',(1.,0.,-0.));
#48 = DEFINITIONAL_REPRESENTATION('',(#49),#52);
#49 = B_SPLINE_CURVE_WITH_KNOTS('',1,(#50,#51),.UNSPECIFIED.,.F.,.F.,(2,
    2),(-4.894439545989,18.775),.PIECEWISE_BEZIER_KNOTS.);
#50 = CARTESIAN_POINT('',(20.125,-13.81943954598));
#51 = CARTESIAN_POINT('',(20.125,9.85));
#52 = ( GEOMETRIC_REPRESENTATION_CONTEXT(2) 
PARAMETRIC_REPRESENTATION_CONTEXT() REPRESENTATION_CONTEXT('2D SPACE',''
  ) );
#53 = ORIENTED_EDGE('',*,*,#54,.T.);
#54 = EDGE_CURVE('',#22,#55,#57,.T.);
#55 = VERTEX_POINT('',#56);
#56 = CARTESIAN_POINT('',(20.125,-13.81943954598,13.4));
#57 = SURFACE_CURVE('',#58,(#64,#70),.PCURVE_S1.);
#58 = B_SPLINE_CURVE_WITH_KNOTS('',2,(#59,#60,#61,#62,#63),
  .UNSPECIFIED.,.F.,.F.,(3,1,1,3),(-0.8568,6.170714980658E-14,14.,
    14.8568),.UNSPECIFIED.);
#59 = CARTESIAN_POINT('',(20.125,-13.81943954598,-0.8568));
#60 = CARTESIAN_POINT('',(20.125,-13.81943954598,-0.4284));
#61 = CARTESIAN_POINT('',(20.125,-13.81943954598,7.));
#62 = CARTESIAN_POINT('',(20.125,-13.81943954598,14.4284));
#63 = CARTESIAN_POINT('',(20.125,-13.81943954598,14.8568));
#64 = PCURVE('',#32,#65);
#65 = DEFINITIONAL_REPRESENTATION('',(#66),#69);
#66 = B_SPLINE_CURVE_WITH_KNOTS('',1,(#67,#68),.UNSPECIFIED.,.F.,.F.,(2,
    2),(6.170714980658E-14,14.),.PIECEWISE_BEZIER_KNOTS.);
#67 = CARTESIAN_POINT('',(4.030560454011,-1.7763568394E-15));
#68 = CARTESIAN_POINT('',(4.030560454011,-14.));
#69 = ( GEOMETRIC_REPRESENTATION_CONTEXT(2) 
PARAMETRIC_REPRESENTATION_CONTEXT() REPRESENTATION_CONTEXT('2D SPACE',''
  ) );
#70 = PCURVE('',#71,#87);
#71 = ( BOUNDED_SURFACE() B_SPLINE_SURFACE(2,2,(
    (#72,#73,#74,#75,#76)
    ,(#77,#78,#79,#80,#81)
    ,(#82,#83,#84,#85,#86
)),.UNSPECIFIED.,.F.,.F.,.F.) B_SPLINE_SURFACE_WITH_KNOTS((3,3),(3,1,1,3
    ),(0.,14.),(-0.8568,6.170714980658E-14,14.,14.8568),.UNSPECIFIED.) 
GEOMETRIC_REPRESENTATION_ITEM() RATIONAL_B_SPLINE_SURFACE((
    (1.,1.,1.,1.,1.)
    ,(0.614275865735,0.614275865735,0.614275865735,0.614275865735
      ,0.614275865735)
,(1.,1.,1.,1.,1.))) REPRESENTATION_ITEM('') SURFACE() );
#72 = CARTESIAN_POINT('',(20.125,-13.81943954598,-0.8568));
#73 = CARTESIAN_POINT('',(20.125,-13.81943954598,-0.4284));
#74 = CARTESIAN_POINT('',(20.125,-13.81943954598,7.));
#75 = CARTESIAN_POINT('',(20.125,-13.81943954598,14.4284));
#76 = CARTESIAN_POINT('',(20.125,-13.81943954598,14.8568));
#77 = CARTESIAN_POINT('',(20.125,-18.95779119134,-0.8568));
#78 = CARTESIAN_POINT('',(20.125,-18.95779119134,-0.4284));
#79 = CARTESIAN_POINT('',(20.125,-18.95779119134,7.));
#80 = CARTESIAN_POINT('',(20.125,-18.95779119134,14.4284));
#81 = CARTESIAN_POINT('',(20.125,-18.95779119134,14.8568));
#82 = CARTESIAN_POINT('',(15.143678713795,-17.69719772994,-0.8568));
#83 = CARTESIAN_POINT('',(15.143678713795,-17.69719772994,-0.4284));
#84 = CARTESIAN_POINT('',(15.143678713795,-17.69719772994,7.));
#85 = CARTESIAN_POINT('',(15.143678713795,-17.69719772994,14.4284));
#86 = CARTESIAN_POINT('',(15.143678713795,-17.69719772994,14.8568));
#87 = DEFINITIONAL_REPRESENTATION('',(#88),#92);
#88 = LINE('',#89,#90);
#89 = CARTESIAN_POINT('',(0.,0.));
#90 = VECTOR('',#91,1.);
#91 = DIRECTION('',(0.,1.));
#92 = ( GEOMETRIC_REPRESENTATION_CONTEXT(2) 
PARAMETRIC_REPRESENTATION_CONTEXT() REPRESENTATION_CONTEXT('2D SPACE',''
  ) );
#93 = ORIENTED_EDGE('',*,*,#94,.F.);
#94 = EDGE_CURVE('',#95,#55,#97,.T.);
#95 = VERTEX_POINT('',#96);
#96 = CARTESIAN_POINT('',(20.125,9.85,13.4));
#97 = SURFACE_CURVE('',#98,(#102,#109),.PCURVE_S1.);
#98 = LINE('',#99,#100);
#99 = CARTESIAN_POINT('',(20.125,9.85,13.4));
#100 = VECTOR('',#101,1.);
#101 = DIRECTION('',(-0.,-1.,-0.));
#102 = PCURVE('',#32,#103);
#103 = DEFINITIONAL_REPRESENTATION('',(#104),#108);
#104 = LINE('',#105,#106);
#105 = CARTESIAN_POINT('',(27.700000000001,-13.4));
#106 = VECTOR('',#107,1.);
#107 = DIRECTION('',(-1.,0.));
#108 = ( GEOMETRIC_REPRESENTATION_CONTEXT(2) 
PARAMETRIC_REPRESENTATION_CONTEXT() REPRESENTATION_CONTEXT('2D SPACE',''
  ) );
#109 = PCURVE('',#110,#115);
#110 = PLANE('',#111);
#111 = AXIS2_PLACEMENT_3D('',#112,#113,#114);
#112 = CARTESIAN_POINT('',(19.825,9.85,13.7));
#113 = DIRECTION('',(-0.707106781187,6.963829119075E-18,-0.707106781187)
  );
#114 = DIRECTION('',(-4.924170793122E-18,-1.,-4.924170793122E-18));
#115 = DEFINITIONAL_REPRESENTATION('',(#116),#120);
#116 = LINE('',#117,#118);
#117 = CARTESIAN_POINT('',(0.,-0.424264068712));
#118 = VECTOR('',#119,1.);
#119 = DIRECTION('',(1.,0.));
#120 = ( GEOMETRIC_REPRESENTATION_CONTEXT(2) 
PARAMETRIC_REPRESENTATION_CONTEXT() REPRESENTATION_CONTEXT('2D SPACE',''
  ) );
#121 = ORIENTED_EDGE('',*,*,#122,.F.);
#122 = EDGE_CURVE('',#24,#95,#123,.T.);
#123 = SURFACE_CURVE('',#124,(#128,#135),.PCURVE_S1.);
#124 = LINE('',#125,#126);
#125 = CARTESIAN_POINT('',(20.125,9.85,0.));
#126 = VECTOR('',#127,1.);
#127 = DIRECTION('',(0.,0.,1.));
#128 = PCURVE('',#32,#129);
#129 = DEFINITIONAL_REPRESENTATION('',(#130),#134);
#130 = LINE('',#131,#132);
#131 = CARTESIAN_POINT('',(27.700000000001,0.));
#132 = VECTOR('',#133,1.);
#133 = DIRECTION('',(0.,-1.));
#134 = ( GEOMETRIC_REPRESENTATION_CONTEXT(2) 
PARAMETRIC_REPRESENTATION_CONTEXT() REPRESENTATION_CONTEXT('2D SPACE',''
  ) );
#135 = PCURVE('',#136,#141);
#136 = CYLINDRICAL_SURFACE('',#137,4.);
#137 = AXIS2_PLACEMENT_3D('',#138,#139,#140);
#138 = CARTESIAN_POINT('',(16.125,9.85,0.));
#139 = DIRECTION('',(0.,0.,1.));
#140 = DIRECTION('',(-0.,1.,0.));
#141 = DEFINITIONAL_REPRESENTATION('',(#142),#146);
#142 = LINE('',#143,#144);
#143 = CARTESIAN_POINT('',(-1.570796326795,0.));
#144 = VECTOR('',#145,1.);
#145 = DIRECTION('',(-0.,1.));
#146 = ( GEOMETRIC_REPRESENTATION_CONTEXT(2) 
PARAMETRIC_REPRESENTATION_CONTEXT() REPRESENTATION_CONTEXT('2D SPACE',''
  ) );
#147 = ADVANCED_FACE('',(#148,#648,#679,#710,#741,#1562),#43,.F.);
#148 = FACE_BOUND('',#149,.F.);
#149 = EDGE_LOOP('',(#150,#242,#243,#267,#293,#322,#348,#456,#485,#511,
    #540,#566,#595,#621));
#150 = ORIENTED_EDGE('',*,*,#151,.T.);
#151 = EDGE_CURVE('',#152,#22,#154,.T.);
#152 = VERTEX_POINT('',#153);
#153 = CARTESIAN_POINT('',(15.143678713795,-17.69719772994,11.));
#154 = SURFACE_CURVE('',#155,(#182,#212),.PCURVE_S1.);
#155 = B_SPLINE_CURVE_WITH_KNOTS('',7,(#156,#157,#158,#159,#160,#161,
    #162,#163,#164,#165,#166,#167,#168,#169,#170,#171,#172,#173,#174,
    #175,#176,#177,#178,#179,#180,#181),.UNSPECIFIED.,.F.,.F.,(8,6,6,6,8
    ),(0.,0.163278718394,0.5,0.836721281606,1.),.UNSPECIFIED.);
#156 = CARTESIAN_POINT('',(15.143678713795,-17.69719772994,11.));
#157 = CARTESIAN_POINT('',(15.290363462092,-17.73431837002,11.));
#158 = CARTESIAN_POINT('',(15.441317696318,-17.76563142379,11.));
#159 = CARTESIAN_POINT('',(15.59621591822,-17.79060980314,11.));
#160 = CARTESIAN_POINT('',(15.754652299262,-17.80874285208,11.));
#161 = CARTESIAN_POINT('',(15.916138080749,-17.81955511142,11.));
#162 = CARTESIAN_POINT('',(16.08010528714,-17.82262615835,11.));
#163 = CARTESIAN_POINT('',(16.587861187721,-17.80727009188,11.));
#164 = CARTESIAN_POINT('',(16.937784464273,-17.762537277,11.));
#165 = CARTESIAN_POINT('',(17.2899258223,-17.68034670533,11.));
#166 = CARTESIAN_POINT('',(17.637474657575,-17.55909714123,11.));
#167 = CARTESIAN_POINT('',(17.973133067867,-17.3991921959,11.));
#168 = CARTESIAN_POINT('',(18.289936528227,-17.20324515391,11.));
#169 = CARTESIAN_POINT('',(18.874270397652,-16.74836474886,11.));
#170 = CARTESIAN_POINT('',(19.141950703874,-16.4893146969,11.));
#171 = CARTESIAN_POINT('',(19.37931606721,-16.20314369168,11.));
#172 = CARTESIAN_POINT('',(19.582124457092,-15.89596230114,11.));
#173 = CARTESIAN_POINT('',(19.748194200177,-15.57474638228,11.));
#174 = CARTESIAN_POINT('',(19.87740674988,-15.24649123578,11.));
#175 = CARTESIAN_POINT('',(20.016861446342,-14.75801989477,11.));
#176 = CARTESIAN_POINT('',(20.054110379472,-14.59831017972,11.));
#177 = CARTESIAN_POINT('',(20.083245906379,-14.43910690197,11.));
#178 = CARTESIAN_POINT('',(20.104536259959,-14.28106382194,11.));
#179 = CARTESIAN_POINT('',(20.118322461807,-14.12477140619,11.));
#180 = CARTESIAN_POINT('',(20.125,-13.97074836034,11.));
#181 = CARTESIAN_POINT('',(20.125,-13.81943954598,11.));
#182 = PCURVE('',#43,#183);
#183 = DEFINITIONAL_REPRESENTATION('',(#184),#211);
#184 = B_SPLINE_CURVE_WITH_KNOTS('',7,(#185,#186,#187,#188,#189,#190,
    #191,#192,#193,#194,#195,#196,#197,#198,#199,#200,#201,#202,#203,
    #204,#205,#206,#207,#208,#209,#210),.UNSPECIFIED.,.F.,.F.,(8,6,6,6,8
    ),(0.,0.163278718394,0.5,0.836721281606,1.),.UNSPECIFIED.);
#185 = CARTESIAN_POINT('',(15.143678713795,-17.69719772994));
#186 = CARTESIAN_POINT('',(15.290363462092,-17.73431837002));
#187 = CARTESIAN_POINT('',(15.441317696318,-17.76563142379));
#188 = CARTESIAN_POINT('',(15.59621591822,-17.79060980314));
#189 = CARTESIAN_POINT('',(15.754652299262,-17.80874285208));
#190 = CARTESIAN_POINT('',(15.916138080749,-17.81955511142));
#191 = CARTESIAN_POINT('',(16.08010528714,-17.82262615835));
#192 = CARTESIAN_POINT('',(16.587861187721,-17.80727009188));
#193 = CARTESIAN_POINT('',(16.937784464273,-17.762537277));
#194 = CARTESIAN_POINT('',(17.2899258223,-17.68034670533));
#195 = CARTESIAN_POINT('',(17.637474657575,-17.55909714123));
#196 = CARTESIAN_POINT('',(17.973133067867,-17.3991921959));
#197 = CARTESIAN_POINT('',(18.289936528227,-17.20324515391));
#198 = CARTESIAN_POINT('',(18.874270397652,-16.74836474886));
#199 = CARTESIAN_POINT('',(19.141950703874,-16.4893146969));
#200 = CARTESIAN_POINT('',(19.37931606721,-16.20314369168));
#201 = CARTESIAN_POINT('',(19.582124457092,-15.89596230114));
#202 = CARTESIAN_POINT('',(19.748194200177,-15.57474638228));
#203 = CARTESIAN_POINT('',(19.87740674988,-15.24649123578));
#204 = CARTESIAN_POINT('',(20.016861446342,-14.75801989477));
#205 = CARTESIAN_POINT('',(20.054110379472,-14.59831017972));
#206 = CARTESIAN_POINT('',(20.083245906379,-14.43910690197));
#207 = CARTESIAN_POINT('',(20.104536259959,-14.28106382194));
#208 = CARTESIAN_POINT('',(20.118322461807,-14.12477140619));
#209 = CARTESIAN_POINT('',(20.125,-13.97074836034));
#210 = CARTESIAN_POINT('',(20.125,-13.81943954598));
#211 = ( GEOMETRIC_REPRESENTATION_CONTEXT(2) 
PARAMETRIC_REPRESENTATION_CONTEXT() REPRESENTATION_CONTEXT('2D SPACE',''
  ) );
#212 = PCURVE('',#71,#213);
#213 = DEFINITIONAL_REPRESENTATION('',(#214),#241);
#214 = B_SPLINE_CURVE_WITH_KNOTS('',7,(#215,#216,#217,#218,#219,#220,
    #221,#222,#223,#224,#225,#226,#227,#228,#229,#230,#231,#232,#233,
    #234,#235,#236,#237,#238,#239,#240),.UNSPECIFIED.,.F.,.F.,(8,6,6,6,8
    ),(0.,0.163278718394,0.5,0.836721281606,1.),.UNSPECIFIED.);
#215 = CARTESIAN_POINT('',(14.,11.));
#216 = CARTESIAN_POINT('',(13.66443628526,11.));
#217 = CARTESIAN_POINT('',(13.330092069689,11.));
#218 = CARTESIAN_POINT('',(12.996963876768,11.));
#219 = CARTESIAN_POINT('',(12.665032260755,11.));
#220 = CARTESIAN_POINT('',(12.334261582966,11.));
#221 = CARTESIAN_POINT('',(12.004602905152,11.));
#222 = CARTESIAN_POINT('',(10.998339172853,11.));
#223 = CARTESIAN_POINT('',(10.324899750106,11.));
#224 = CARTESIAN_POINT('',(9.655562262594,11.));
#225 = CARTESIAN_POINT('',(8.989563407543,11.));
#226 = CARTESIAN_POINT('',(8.32570805902,11.));
#227 = CARTESIAN_POINT('',(7.662769179224,11.));
#228 = CARTESIAN_POINT('',(6.337230820777,11.));
#229 = CARTESIAN_POINT('',(5.674291940979,11.));
#230 = CARTESIAN_POINT('',(5.010436592463,11.));
#231 = CARTESIAN_POINT('',(4.3444377374,11.));
#232 = CARTESIAN_POINT('',(3.675100249899,11.));
#233 = CARTESIAN_POINT('',(3.001660827146,11.));
#234 = CARTESIAN_POINT('',(1.995397094848,11.));
#235 = CARTESIAN_POINT('',(1.665738417037,11.));
#236 = CARTESIAN_POINT('',(1.334967739244,11.));
#237 = CARTESIAN_POINT('',(1.003036123231,11.));
#238 = CARTESIAN_POINT('',(0.669907930313,11.));
#239 = CARTESIAN_POINT('',(0.33556371474,11.));
#240 = CARTESIAN_POINT('',(0.,11.));
#241 = ( GEOMETRIC_REPRESENTATION_CONTEXT(2) 
PARAMETRIC_REPRESENTATION_CONTEXT() REPRESENTATION_CONTEXT('2D SPACE',''
  ) );
#242 = ORIENTED_EDGE('',*,*,#21,.T.);
#243 = ORIENTED_EDGE('',*,*,#244,.T.);
#244 = EDGE_CURVE('',#24,#245,#247,.T.);
#245 = VERTEX_POINT('',#246);
#246 = CARTESIAN_POINT('',(16.125,13.85,11.));
#247 = SURFACE_CURVE('',#248,(#253,#260),.PCURVE_S1.);
#248 = CIRCLE('',#249,4.);
#249 = AXIS2_PLACEMENT_3D('',#250,#251,#252);
#250 = CARTESIAN_POINT('',(16.125,9.85,11.));
#251 = DIRECTION('',(0.,0.,1.));
#252 = DIRECTION('',(-0.,1.,0.));
#253 = PCURVE('',#43,#254);
#254 = DEFINITIONAL_REPRESENTATION('',(#255),#259);
#255 = CIRCLE('',#256,4.);
#256 = AXIS2_PLACEMENT_2D('',#257,#258);
#257 = CARTESIAN_POINT('',(16.125,9.85));
#258 = DIRECTION('',(0.,1.));
#259 = ( GEOMETRIC_REPRESENTATION_CONTEXT(2) 
PARAMETRIC_REPRESENTATION_CONTEXT() REPRESENTATION_CONTEXT('2D SPACE',''
  ) );
#260 = PCURVE('',#136,#261);
#261 = DEFINITIONAL_REPRESENTATION('',(#262),#266);
#262 = LINE('',#263,#264);
#263 = CARTESIAN_POINT('',(-6.28318530718,11.));
#264 = VECTOR('',#265,1.);
#265 = DIRECTION('',(1.,-0.));
#266 = ( GEOMETRIC_REPRESENTATION_CONTEXT(2) 
PARAMETRIC_REPRESENTATION_CONTEXT() REPRESENTATION_CONTEXT('2D SPACE',''
  ) );
#267 = ORIENTED_EDGE('',*,*,#268,.T.);
#268 = EDGE_CURVE('',#245,#269,#271,.T.);
#269 = VERTEX_POINT('',#270);
#270 = CARTESIAN_POINT('',(-16.125,13.85,11.));
#271 = SURFACE_CURVE('',#272,(#276,#282),.PCURVE_S1.);
#272 = LINE('',#273,#274);
#273 = CARTESIAN_POINT('',(10.0625,13.85,11.));
#274 = VECTOR('',#275,1.);
#275 = DIRECTION('',(-1.,0.,0.));
#276 = PCURVE('',#43,#277);
#277 = DEFINITIONAL_REPRESENTATION('',(#278),#281);
#278 = B_SPLINE_CURVE_WITH_KNOTS('',1,(#279,#280),.UNSPECIFIED.,.F.,.F.,
  (2,2),(-6.0625,26.1875),.PIECEWISE_BEZIER_KNOTS.);
#279 = CARTESIAN_POINT('',(16.125,13.85));
#280 = CARTESIAN_POINT('',(-16.125,13.85));
#281 = ( GEOMETRIC_REPRESENTATION_CONTEXT(2) 
PARAMETRIC_REPRESENTATION_CONTEXT() REPRESENTATION_CONTEXT('2D SPACE',''
  ) );
#282 = PCURVE('',#283,#288);
#283 = PLANE('',#284);
#284 = AXIS2_PLACEMENT_3D('',#285,#286,#287);
#285 = CARTESIAN_POINT('',(20.125,13.85,0.));
#286 = DIRECTION('',(0.,-1.,0.));
#287 = DIRECTION('',(-1.,0.,0.));
#288 = DEFINITIONAL_REPRESENTATION('',(#289),#292);
#289 = B_SPLINE_CURVE_WITH_KNOTS('',1,(#290,#291),.UNSPECIFIED.,.F.,.F.,
  (2,2),(-6.0625,26.1875),.PIECEWISE_BEZIER_KNOTS.);
#290 = CARTESIAN_POINT('',(4.,-11.));
#291 = CARTESIAN_POINT('',(36.250000000001,-11.));
#292 = ( GEOMETRIC_REPRESENTATION_CONTEXT(2) 
PARAMETRIC_REPRESENTATION_CONTEXT() REPRESENTATION_CONTEXT('2D SPACE',''
  ) );
#293 = ORIENTED_EDGE('',*,*,#294,.T.);
#294 = EDGE_CURVE('',#269,#295,#297,.T.);
#295 = VERTEX_POINT('',#296);
#296 = CARTESIAN_POINT('',(-20.125,9.85,11.));
#297 = SURFACE_CURVE('',#298,(#303,#310),.PCURVE_S1.);
#298 = CIRCLE('',#299,4.);
#299 = AXIS2_PLACEMENT_3D('',#300,#301,#302);
#300 = CARTESIAN_POINT('',(-16.125,9.85,11.));
#301 = DIRECTION('',(0.,0.,1.));
#302 = DIRECTION('',(-1.,0.,0.));
#303 = PCURVE('',#43,#304);
#304 = DEFINITIONAL_REPRESENTATION('',(#305),#309);
#305 = CIRCLE('',#306,4.);
#306 = AXIS2_PLACEMENT_2D('',#307,#308);
#307 = CARTESIAN_POINT('',(-16.125,9.85));
#308 = DIRECTION('',(-1.,0.));
#309 = ( GEOMETRIC_REPRESENTATION_CONTEXT(2) 
PARAMETRIC_REPRESENTATION_CONTEXT() REPRESENTATION_CONTEXT('2D SPACE',''
  ) );
#310 = PCURVE('',#311,#316);
#311 = CYLINDRICAL_SURFACE('',#312,4.);
#312 = AXIS2_PLACEMENT_3D('',#313,#314,#315);
#313 = CARTESIAN_POINT('',(-16.125,9.85,0.));
#314 = DIRECTION('',(0.,0.,1.));
#315 = DIRECTION('',(-1.,0.,0.));
#316 = DEFINITIONAL_REPRESENTATION('',(#317),#321);
#317 = LINE('',#318,#319);
#318 = CARTESIAN_POINT('',(-6.28318530718,11.));
#319 = VECTOR('',#320,1.);
#320 = DIRECTION('',(1.,-0.));
#321 = ( GEOMETRIC_REPRESENTATION_CONTEXT(2) 
PARAMETRIC_REPRESENTATION_CONTEXT() REPRESENTATION_CONTEXT('2D SPACE',''
  ) );
#322 = ORIENTED_EDGE('',*,*,#323,.T.);
#323 = EDGE_CURVE('',#295,#324,#326,.T.);
#324 = VERTEX_POINT('',#325);
#325 = CARTESIAN_POINT('',(-20.125,-13.81943954598,11.));
#326 = SURFACE_CURVE('',#327,(#331,#337),.PCURVE_S1.);
#327 = LINE('',#328,#329);
#328 = CARTESIAN_POINT('',(-20.125,6.925,11.));
#329 = VECTOR('',#330,1.);
#330 = DIRECTION('',(0.,-1.,0.));
#331 = PCURVE('',#43,#332);
#332 = DEFINITIONAL_REPRESENTATION('',(#333),#336);
#333 = B_SPLINE_CURVE_WITH_KNOTS('',1,(#334,#335),.UNSPECIFIED.,.F.,.F.,
  (2,2),(-2.925,20.74443954599),.PIECEWISE_BEZIER_KNOTS.);
#334 = CARTESIAN_POINT('',(-20.125,9.85));
#335 = CARTESIAN_POINT('',(-20.125,-13.81943954598));
#336 = ( GEOMETRIC_REPRESENTATION_CONTEXT(2) 
PARAMETRIC_REPRESENTATION_CONTEXT() REPRESENTATION_CONTEXT('2D SPACE',''
  ) );
#337 = PCURVE('',#338,#343);
#338 = PLANE('',#339);
#339 = AXIS2_PLACEMENT_3D('',#340,#341,#342);
#340 = CARTESIAN_POINT('',(-20.125,13.85,0.));
#341 = DIRECTION('',(1.,0.,-0.));
#342 = DIRECTION('',(0.,-1.,0.));
#343 = DEFINITIONAL_REPRESENTATION('',(#344),#347);
#344 = B_SPLINE_CURVE_WITH_KNOTS('',1,(#345,#346),.UNSPECIFIED.,.F.,.F.,
  (2,2),(-2.925,20.74443954599),.PIECEWISE_BEZIER_KNOTS.);
#345 = CARTESIAN_POINT('',(4.,-11.));
#346 = CARTESIAN_POINT('',(27.66943954599,-11.));
#347 = ( GEOMETRIC_REPRESENTATION_CONTEXT(2) 
PARAMETRIC_REPRESENTATION_CONTEXT() REPRESENTATION_CONTEXT('2D SPACE',''
  ) );
#348 = ORIENTED_EDGE('',*,*,#349,.F.);
#349 = EDGE_CURVE('',#350,#324,#352,.T.);
#350 = VERTEX_POINT('',#351);
#351 = CARTESIAN_POINT('',(-15.14367871379,-17.69719772994,11.));
#352 = SURFACE_CURVE('',#353,(#380,#410),.PCURVE_S1.);
#353 = B_SPLINE_CURVE_WITH_KNOTS('',7,(#354,#355,#356,#357,#358,#359,
    #360,#361,#362,#363,#364,#365,#366,#367,#368,#369,#370,#371,#372,
    #373,#374,#375,#376,#377,#378,#379),.UNSPECIFIED.,.F.,.F.,(8,6,6,6,8
    ),(0.,0.163278718394,0.5,0.836721281606,1.),.UNSPECIFIED.);
#354 = CARTESIAN_POINT('',(-15.14367871379,-17.69719772994,11.));
#355 = CARTESIAN_POINT('',(-15.29036346209,-17.73431837002,11.));
#356 = CARTESIAN_POINT('',(-15.44131769631,-17.76563142379,11.));
#357 = CARTESIAN_POINT('',(-15.59621591822,-17.79060980314,11.));
#358 = CARTESIAN_POINT('',(-15.75465229926,-17.80874285208,11.));
#359 = CARTESIAN_POINT('',(-15.91613808074,-17.81955511142,11.));
#360 = CARTESIAN_POINT('',(-16.08010528714,-17.82262615835,11.));
#361 = CARTESIAN_POINT('',(-16.58786118772,-17.80727009188,11.));
#362 = CARTESIAN_POINT('',(-16.93778446427,-17.762537277,11.));
#363 = CARTESIAN_POINT('',(-17.2899258223,-17.68034670533,11.));
#364 = CARTESIAN_POINT('',(-17.63747465757,-17.55909714123,11.));
#365 = CARTESIAN_POINT('',(-17.97313306786,-17.39919219589,11.));
#366 = CARTESIAN_POINT('',(-18.28993652822,-17.20324515391,11.));
#367 = CARTESIAN_POINT('',(-18.87427039765,-16.74836474886,11.));
#368 = CARTESIAN_POINT('',(-19.14195070387,-16.4893146969,11.));
#369 = CARTESIAN_POINT('',(-19.37931606721,-16.20314369168,11.));
#370 = CARTESIAN_POINT('',(-19.58212445709,-15.89596230115,11.));
#371 = CARTESIAN_POINT('',(-19.74819420017,-15.57474638228,11.));
#372 = CARTESIAN_POINT('',(-19.87740674988,-15.24649123578,11.));
#373 = CARTESIAN_POINT('',(-20.01686144634,-14.75801989477,11.));
#374 = CARTESIAN_POINT('',(-20.05411037947,-14.59831017972,11.));
#375 = CARTESIAN_POINT('',(-20.08324590637,-14.43910690197,11.));
#376 = CARTESIAN_POINT('',(-20.10453625995,-14.28106382194,11.));
#377 = CARTESIAN_POINT('',(-20.1183224618,-14.12477140619,11.));
#378 = CARTESIAN_POINT('',(-20.125,-13.97074836034,11.));
#379 = CARTESIAN_POINT('',(-20.125,-13.81943954598,11.));
#380 = PCURVE('',#43,#381);
#381 = DEFINITIONAL_REPRESENTATION('',(#382),#409);
#382 = B_SPLINE_CURVE_WITH_KNOTS('',7,(#383,#384,#385,#386,#387,#388,
    #389,#390,#391,#392,#393,#394,#395,#396,#397,#398,#399,#400,#401,
    #402,#403,#404,#405,#406,#407,#408),.UNSPECIFIED.,.F.,.F.,(8,6,6,6,8
    ),(0.,0.163278718394,0.5,0.836721281606,1.),.UNSPECIFIED.);
#383 = CARTESIAN_POINT('',(-15.14367871379,-17.69719772994));
#384 = CARTESIAN_POINT('',(-15.29036346209,-17.73431837002));
#385 = CARTESIAN_POINT('',(-15.44131769631,-17.76563142379));
#386 = CARTESIAN_POINT('',(-15.59621591822,-17.79060980314));
#387 = CARTESIAN_POINT('',(-15.75465229926,-17.80874285208));
#388 = CARTESIAN_POINT('',(-15.91613808074,-17.81955511142));
#389 = CARTESIAN_POINT('',(-16.08010528714,-17.82262615835));
#390 = CARTESIAN_POINT('',(-16.58786118772,-17.80727009188));
#391 = CARTESIAN_POINT('',(-16.93778446427,-17.762537277));
#392 = CARTESIAN_POINT('',(-17.2899258223,-17.68034670533));
#393 = CARTESIAN_POINT('',(-17.63747465757,-17.55909714123));
#394 = CARTESIAN_POINT('',(-17.97313306786,-17.39919219589));
#395 = CARTESIAN_POINT('',(-18.28993652822,-17.20324515391));
#396 = CARTESIAN_POINT('',(-18.87427039765,-16.74836474886));
#397 = CARTESIAN_POINT('',(-19.14195070387,-16.4893146969));
#398 = CARTESIAN_POINT('',(-19.37931606721,-16.20314369168));
#399 = CARTESIAN_POINT('',(-19.58212445709,-15.89596230115));
#400 = CARTESIAN_POINT('',(-19.74819420017,-15.57474638228));
#401 = CARTESIAN_POINT('',(-19.87740674988,-15.24649123578));
#402 = CARTESIAN_POINT('',(-20.01686144634,-14.75801989477));
#403 = CARTESIAN_POINT('',(-20.05411037947,-14.59831017972));
#404 = CARTESIAN_POINT('',(-20.08324590637,-14.43910690197));
#405 = CARTESIAN_POINT('',(-20.10453625995,-14.28106382194));
#406 = CARTESIAN_POINT('',(-20.1183224618,-14.12477140619));
#407 = CARTESIAN_POINT('',(-20.125,-13.97074836034));
#408 = CARTESIAN_POINT('',(-20.125,-13.81943954598));
#409 = ( GEOMETRIC_REPRESENTATION_CONTEXT(2) 
PARAMETRIC_REPRESENTATION_CONTEXT() REPRESENTATION_CONTEXT('2D SPACE',''
  ) );
#410 = PCURVE('',#411,#427);
#411 = ( BOUNDED_SURFACE() B_SPLINE_SURFACE(2,2,(
    (#412,#413,#414,#415,#416)
    ,(#417,#418,#419,#420,#421)
    ,(#422,#423,#424,#425,#426
)),.UNSPECIFIED.,.F.,.F.,.F.) B_SPLINE_SURFACE_WITH_KNOTS((3,3),(3,1,1,3
    ),(0.,14.),(-0.8568,6.227006757453E-14,14.,14.8568),.UNSPECIFIED.) 
GEOMETRIC_REPRESENTATION_ITEM() RATIONAL_B_SPLINE_SURFACE((
    (1.,1.,1.,1.,1.)
    ,(0.614275865735,0.614275865735,0.614275865735,0.614275865735
      ,0.614275865735)
,(1.,1.,1.,1.,1.))) REPRESENTATION_ITEM('') SURFACE() );
#412 = CARTESIAN_POINT('',(-20.125,-13.81943954598,-0.8568));
#413 = CARTESIAN_POINT('',(-20.125,-13.81943954598,-0.4284));
#414 = CARTESIAN_POINT('',(-20.125,-13.81943954598,7.));
#415 = CARTESIAN_POINT('',(-20.125,-13.81943954598,14.4284));
#416 = CARTESIAN_POINT('',(-20.125,-13.81943954598,14.8568));
#417 = CARTESIAN_POINT('',(-20.125,-18.95779119134,-0.8568));
#418 = CARTESIAN_POINT('',(-20.125,-18.95779119134,-0.4284));
#419 = CARTESIAN_POINT('',(-20.125,-18.95779119134,7.));
#420 = CARTESIAN_POINT('',(-20.125,-18.95779119134,14.4284));
#421 = CARTESIAN_POINT('',(-20.125,-18.95779119134,14.8568));
#422 = CARTESIAN_POINT('',(-15.14367871379,-17.69719772994,-0.8568));
#423 = CARTESIAN_POINT('',(-15.14367871379,-17.69719772994,-0.4284));
#424 = CARTESIAN_POINT('',(-15.14367871379,-17.69719772994,7.));
#425 = CARTESIAN_POINT('',(-15.14367871379,-17.69719772994,14.4284));
#426 = CARTESIAN_POINT('',(-15.14367871379,-17.69719772994,14.8568));
#427 = DEFINITIONAL_REPRESENTATION('',(#428),#455);
#428 = B_SPLINE_CURVE_WITH_KNOTS('',7,(#429,#430,#431,#432,#433,#434,
    #435,#436,#437,#438,#439,#440,#441,#442,#443,#444,#445,#446,#447,
    #448,#449,#450,#451,#452,#453,#454),.UNSPECIFIED.,.F.,.F.,(8,6,6,6,8
    ),(0.,0.163278718394,0.5,0.836721281606,1.),.UNSPECIFIED.);
#429 = CARTESIAN_POINT('',(14.,11.));
#430 = CARTESIAN_POINT('',(13.66443628526,11.));
#431 = CARTESIAN_POINT('',(13.330092069689,11.));
#432 = CARTESIAN_POINT('',(12.996963876768,11.));
#433 = CARTESIAN_POINT('',(12.665032260755,11.));
#434 = CARTESIAN_POINT('',(12.334261582966,11.));
#435 = CARTESIAN_POINT('',(12.004602905152,11.));
#436 = CARTESIAN_POINT('',(10.998339172852,11.));
#437 = CARTESIAN_POINT('',(10.324899750109,11.));
#438 = CARTESIAN_POINT('',(9.655562262587,11.));
#439 = CARTESIAN_POINT('',(8.989563407551,11.));
#440 = CARTESIAN_POINT('',(8.325708059014,11.));
#441 = CARTESIAN_POINT('',(7.662769179225,11.));
#442 = CARTESIAN_POINT('',(6.337230820777,11.));
#443 = CARTESIAN_POINT('',(5.674291940983,11.));
#444 = CARTESIAN_POINT('',(5.010436592456,11.));
#445 = CARTESIAN_POINT('',(4.344437737407,11.));
#446 = CARTESIAN_POINT('',(3.675100249895,11.));
#447 = CARTESIAN_POINT('',(3.001660827147,11.));
#448 = CARTESIAN_POINT('',(1.995397094848,11.));
#449 = CARTESIAN_POINT('',(1.665738417037,11.));
#450 = CARTESIAN_POINT('',(1.334967739244,11.));
#451 = CARTESIAN_POINT('',(1.003036123231,11.));
#452 = CARTESIAN_POINT('',(0.669907930313,11.));
#453 = CARTESIAN_POINT('',(0.33556371474,11.));
#454 = CARTESIAN_POINT('',(0.,11.));
#455 = ( GEOMETRIC_REPRESENTATION_CONTEXT(2) 
PARAMETRIC_REPRESENTATION_CONTEXT() REPRESENTATION_CONTEXT('2D SPACE',''
  ) );
#456 = ORIENTED_EDGE('',*,*,#457,.T.);
#457 = EDGE_CURVE('',#350,#458,#460,.T.);
#458 = VERTEX_POINT('',#459);
#459 = CARTESIAN_POINT('',(-12.63328372813,-16.17181919415,11.));
#460 = SURFACE_CURVE('',#461,(#466,#473),.PCURVE_S1.);
#461 = CIRCLE('',#462,5.);
#462 = AXIS2_PLACEMENT_3D('',#463,#464,#465);
#463 = CARTESIAN_POINT('',(-16.37033032155,-12.85,11.));
#464 = DIRECTION('',(-0.,0.,1.));
#465 = DIRECTION('',(0.747409318684,-0.66436383883,0.));
#466 = PCURVE('',#43,#467);
#467 = DEFINITIONAL_REPRESENTATION('',(#468),#472);
#468 = CIRCLE('',#469,5.);
#469 = AXIS2_PLACEMENT_2D('',#470,#471);
#470 = CARTESIAN_POINT('',(-16.37033032155,-12.85));
#471 = DIRECTION('',(0.747409318684,-0.66436383883));
#472 = ( GEOMETRIC_REPRESENTATION_CONTEXT(2) 
PARAMETRIC_REPRESENTATION_CONTEXT() REPRESENTATION_CONTEXT('2D SPACE',''
  ) );
#473 = PCURVE('',#474,#479);
#474 = CYLINDRICAL_SURFACE('',#475,5.);
#475 = AXIS2_PLACEMENT_3D('',#476,#477,#478);
#476 = CARTESIAN_POINT('',(-16.37033032155,-12.85,0.));
#477 = DIRECTION('',(-0.,-0.,1.));
#478 = DIRECTION('',(0.747409318684,-0.66436383883,0.));
#479 = DEFINITIONAL_REPRESENTATION('',(#480),#484);
#480 = LINE('',#481,#482);
#481 = CARTESIAN_POINT('',(-6.28318530718,11.));
#482 = VECTOR('',#483,1.);
#483 = DIRECTION('',(1.,-0.));
#484 = ( GEOMETRIC_REPRESENTATION_CONTEXT(2) 
PARAMETRIC_REPRESENTATION_CONTEXT() REPRESENTATION_CONTEXT('2D SPACE',''
  ) );
#485 = ORIENTED_EDGE('',*,*,#486,.F.);
#486 = EDGE_CURVE('',#487,#458,#489,.T.);
#487 = VERTEX_POINT('',#488);
#488 = CARTESIAN_POINT('',(-11.61671627186,-15.02818080585,11.));
#489 = SURFACE_CURVE('',#490,(#494,#500),.PCURVE_S1.);
#490 = LINE('',#491,#492);
#491 = CARTESIAN_POINT('',(-4.576034482759,-7.107413793104,11.));
#492 = VECTOR('',#493,1.);
#493 = DIRECTION('',(-0.66436383883,-0.747409318684,0.));
#494 = PCURVE('',#43,#495);
#495 = DEFINITIONAL_REPRESENTATION('',(#496),#499);
#496 = B_SPLINE_CURVE_WITH_KNOTS('',1,(#497,#498),.UNSPECIFIED.,.F.,.F.,
  (2,2),(10.597629457841,12.127766104135),.PIECEWISE_BEZIER_KNOTS.);
#497 = CARTESIAN_POINT('',(-11.61671627186,-15.02818080585));
#498 = CARTESIAN_POINT('',(-12.63328372813,-16.17181919415));
#499 = ( GEOMETRIC_REPRESENTATION_CONTEXT(2) 
PARAMETRIC_REPRESENTATION_CONTEXT() REPRESENTATION_CONTEXT('2D SPACE',''
  ) );
#500 = PCURVE('',#501,#506);
#501 = PLANE('',#502);
#502 = AXIS2_PLACEMENT_3D('',#503,#504,#505);
#503 = CARTESIAN_POINT('',(-10.125,-13.35,0.));
#504 = DIRECTION('',(-0.747409318684,0.66436383883,-0.));
#505 = DIRECTION('',(0.66436383883,0.747409318684,0.));
#506 = DEFINITIONAL_REPRESENTATION('',(#507),#510);
#507 = B_SPLINE_CURVE_WITH_KNOTS('',1,(#508,#509),.UNSPECIFIED.,.F.,.F.,
  (2,2),(10.597629457841,12.127766104135),.PIECEWISE_BEZIER_KNOTS.);
#508 = CARTESIAN_POINT('',(-2.245330321551,-11.));
#509 = CARTESIAN_POINT('',(-3.775466967845,-11.));
#510 = ( GEOMETRIC_REPRESENTATION_CONTEXT(2) 
PARAMETRIC_REPRESENTATION_CONTEXT() REPRESENTATION_CONTEXT('2D SPACE',''
  ) );
#511 = ORIENTED_EDGE('',*,*,#512,.F.);
#512 = EDGE_CURVE('',#513,#487,#515,.T.);
#513 = VERTEX_POINT('',#514);
#514 = CARTESIAN_POINT('',(-7.879669678449,-13.35,11.));
#515 = SURFACE_CURVE('',#516,(#521,#528),.PCURVE_S1.);
#516 = CIRCLE('',#517,5.);
#517 = AXIS2_PLACEMENT_3D('',#518,#519,#520);
#518 = CARTESIAN_POINT('',(-7.879669678449,-18.35,11.));
#519 = DIRECTION('',(-0.,-0.,1.));
#520 = DIRECTION('',(-0.,1.,0.));
#521 = PCURVE('',#43,#522);
#522 = DEFINITIONAL_REPRESENTATION('',(#523),#527);
#523 = CIRCLE('',#524,5.);
#524 = AXIS2_PLACEMENT_2D('',#525,#526);
#525 = CARTESIAN_POINT('',(-7.879669678449,-18.35));
#526 = DIRECTION('',(0.,1.));
#527 = ( GEOMETRIC_REPRESENTATION_CONTEXT(2) 
PARAMETRIC_REPRESENTATION_CONTEXT() REPRESENTATION_CONTEXT('2D SPACE',''
  ) );
#528 = PCURVE('',#529,#534);
#529 = CYLINDRICAL_SURFACE('',#530,5.);
#530 = AXIS2_PLACEMENT_3D('',#531,#532,#533);
#531 = CARTESIAN_POINT('',(-7.879669678449,-18.35,0.));
#532 = DIRECTION('',(-0.,-0.,1.));
#533 = DIRECTION('',(-0.,1.,-0.));
#534 = DEFINITIONAL_REPRESENTATION('',(#535),#539);
#535 = LINE('',#536,#537);
#536 = CARTESIAN_POINT('',(0.,11.));
#537 = VECTOR('',#538,1.);
#538 = DIRECTION('',(1.,0.));
#539 = ( GEOMETRIC_REPRESENTATION_CONTEXT(2) 
PARAMETRIC_REPRESENTATION_CONTEXT() REPRESENTATION_CONTEXT('2D SPACE',''
  ) );
#540 = ORIENTED_EDGE('',*,*,#541,.T.);
#541 = EDGE_CURVE('',#513,#542,#544,.T.);
#542 = VERTEX_POINT('',#543);
#543 = CARTESIAN_POINT('',(7.879669678449,-13.35,11.));
#544 = SURFACE_CURVE('',#545,(#549,#555),.PCURVE_S1.);
#545 = LINE('',#546,#547);
#546 = CARTESIAN_POINT('',(0.,-13.35,11.));
#547 = VECTOR('',#548,1.);
#548 = DIRECTION('',(1.,0.,0.));
#549 = PCURVE('',#43,#550);
#550 = DEFINITIONAL_REPRESENTATION('',(#551),#554);
#551 = B_SPLINE_CURVE_WITH_KNOTS('',1,(#552,#553),.UNSPECIFIED.,.F.,.F.,
  (2,2),(-7.879669678449,7.879669678449),.PIECEWISE_BEZIER_KNOTS.);
#552 = CARTESIAN_POINT('',(-7.879669678449,-13.35));
#553 = CARTESIAN_POINT('',(7.879669678449,-13.35));
#554 = ( GEOMETRIC_REPRESENTATION_CONTEXT(2) 
PARAMETRIC_REPRESENTATION_CONTEXT() REPRESENTATION_CONTEXT('2D SPACE',''
  ) );
#555 = PCURVE('',#556,#561);
#556 = PLANE('',#557);
#557 = AXIS2_PLACEMENT_3D('',#558,#559,#560);
#558 = CARTESIAN_POINT('',(0.,-13.35,0.));
#559 = DIRECTION('',(0.,1.,0.));
#560 = DIRECTION('',(1.,0.,0.));
#561 = DEFINITIONAL_REPRESENTATION('',(#562),#565);
#562 = B_SPLINE_CURVE_WITH_KNOTS('',1,(#563,#564),.UNSPECIFIED.,.F.,.F.,
  (2,2),(-7.879669678449,7.879669678449),.PIECEWISE_BEZIER_KNOTS.);
#563 = CARTESIAN_POINT('',(-7.879669678449,-11.));
#564 = CARTESIAN_POINT('',(7.879669678449,-11.));
#565 = ( GEOMETRIC_REPRESENTATION_CONTEXT(2) 
PARAMETRIC_REPRESENTATION_CONTEXT() REPRESENTATION_CONTEXT('2D SPACE',''
  ) );
#566 = ORIENTED_EDGE('',*,*,#567,.F.);
#567 = EDGE_CURVE('',#568,#542,#570,.T.);
#568 = VERTEX_POINT('',#569);
#569 = CARTESIAN_POINT('',(11.616716271867,-15.02818080585,11.));
#570 = SURFACE_CURVE('',#571,(#576,#583),.PCURVE_S1.);
#571 = CIRCLE('',#572,5.);
#572 = AXIS2_PLACEMENT_3D('',#573,#574,#575);
#573 = CARTESIAN_POINT('',(7.879669678449,-18.35,11.));
#574 = DIRECTION('',(0.,0.,1.));
#575 = DIRECTION('',(-0.,1.,0.));
#576 = PCURVE('',#43,#577);
#577 = DEFINITIONAL_REPRESENTATION('',(#578),#582);
#578 = CIRCLE('',#579,5.);
#579 = AXIS2_PLACEMENT_2D('',#580,#581);
#580 = CARTESIAN_POINT('',(7.879669678449,-18.35));
#581 = DIRECTION('',(0.,1.));
#582 = ( GEOMETRIC_REPRESENTATION_CONTEXT(2) 
PARAMETRIC_REPRESENTATION_CONTEXT() REPRESENTATION_CONTEXT('2D SPACE',''
  ) );
#583 = PCURVE('',#584,#589);
#584 = CYLINDRICAL_SURFACE('',#585,5.);
#585 = AXIS2_PLACEMENT_3D('',#586,#587,#588);
#586 = CARTESIAN_POINT('',(7.879669678449,-18.35,0.));
#587 = DIRECTION('',(0.,0.,1.));
#588 = DIRECTION('',(-0.,1.,0.));
#589 = DEFINITIONAL_REPRESENTATION('',(#590),#594);
#590 = LINE('',#591,#592);
#591 = CARTESIAN_POINT('',(-6.28318530718,11.));
#592 = VECTOR('',#593,1.);
#593 = DIRECTION('',(1.,-0.));
#594 = ( GEOMETRIC_REPRESENTATION_CONTEXT(2) 
PARAMETRIC_REPRESENTATION_CONTEXT() REPRESENTATION_CONTEXT('2D SPACE',''
  ) );
#595 = ORIENTED_EDGE('',*,*,#596,.T.);
#596 = EDGE_CURVE('',#568,#597,#599,.T.);
#597 = VERTEX_POINT('',#598);
#598 = CARTESIAN_POINT('',(12.633283728133,-16.17181919415,11.));
#599 = SURFACE_CURVE('',#600,(#604,#610),.PCURVE_S1.);
#600 = LINE('',#601,#602);
#601 = CARTESIAN_POINT('',(4.576034482759,-7.107413793104,11.));
#602 = VECTOR('',#603,1.);
#603 = DIRECTION('',(0.66436383883,-0.747409318684,0.));
#604 = PCURVE('',#43,#605);
#605 = DEFINITIONAL_REPRESENTATION('',(#606),#609);
#606 = B_SPLINE_CURVE_WITH_KNOTS('',1,(#607,#608),.UNSPECIFIED.,.F.,.F.,
  (2,2),(10.597629457841,12.127766104135),.PIECEWISE_BEZIER_KNOTS.);
#607 = CARTESIAN_POINT('',(11.616716271867,-15.02818080585));
#608 = CARTESIAN_POINT('',(12.633283728133,-16.17181919415));
#609 = ( GEOMETRIC_REPRESENTATION_CONTEXT(2) 
PARAMETRIC_REPRESENTATION_CONTEXT() REPRESENTATION_CONTEXT('2D SPACE',''
  ) );
#610 = PCURVE('',#611,#616);
#611 = PLANE('',#612);
#612 = AXIS2_PLACEMENT_3D('',#613,#614,#615);
#613 = CARTESIAN_POINT('',(10.125,-13.35,0.));
#614 = DIRECTION('',(0.747409318684,0.66436383883,-0.));
#615 = DIRECTION('',(0.66436383883,-0.747409318684,0.));
#616 = DEFINITIONAL_REPRESENTATION('',(#617),#620);
#617 = B_SPLINE_CURVE_WITH_KNOTS('',1,(#618,#619),.UNSPECIFIED.,.F.,.F.,
  (2,2),(10.597629457841,12.127766104135),.PIECEWISE_BEZIER_KNOTS.);
#618 = CARTESIAN_POINT('',(2.245330321551,-11.));
#619 = CARTESIAN_POINT('',(3.775466967845,-11.));
#620 = ( GEOMETRIC_REPRESENTATION_CONTEXT(2) 
PARAMETRIC_REPRESENTATION_CONTEXT() REPRESENTATION_CONTEXT('2D SPACE',''
  ) );
#621 = ORIENTED_EDGE('',*,*,#622,.T.);
#622 = EDGE_CURVE('',#597,#152,#623,.T.);
#623 = SURFACE_CURVE('',#624,(#629,#636),.PCURVE_S1.);
#624 = CIRCLE('',#625,5.);
#625 = AXIS2_PLACEMENT_3D('',#626,#627,#628);
#626 = CARTESIAN_POINT('',(16.370330321552,-12.85,11.));
#627 = DIRECTION('',(0.,0.,1.));
#628 = DIRECTION('',(-0.747409318684,-0.66436383883,0.));
#629 = PCURVE('',#43,#630);
#630 = DEFINITIONAL_REPRESENTATION('',(#631),#635);
#631 = CIRCLE('',#632,5.);
#632 = AXIS2_PLACEMENT_2D('',#633,#634);
#633 = CARTESIAN_POINT('',(16.370330321552,-12.85));
#634 = DIRECTION('',(-0.747409318684,-0.66436383883));
#635 = ( GEOMETRIC_REPRESENTATION_CONTEXT(2) 
PARAMETRIC_REPRESENTATION_CONTEXT() REPRESENTATION_CONTEXT('2D SPACE',''
  ) );
#636 = PCURVE('',#637,#642);
#637 = CYLINDRICAL_SURFACE('',#638,5.);
#638 = AXIS2_PLACEMENT_3D('',#639,#640,#641);
#639 = CARTESIAN_POINT('',(16.370330321552,-12.85,0.));
#640 = DIRECTION('',(0.,0.,1.));
#641 = DIRECTION('',(-0.747409318684,-0.66436383883,0.));
#642 = DEFINITIONAL_REPRESENTATION('',(#643),#647);
#643 = LINE('',#644,#645);
#644 = CARTESIAN_POINT('',(0.,11.));
#645 = VECTOR('',#646,1.);
#646 = DIRECTION('',(1.,0.));
#647 = ( GEOMETRIC_REPRESENTATION_CONTEXT(2) 
PARAMETRIC_REPRESENTATION_CONTEXT() REPRESENTATION_CONTEXT('2D SPACE',''
  ) );
#648 = FACE_BOUND('',#649,.F.);
#649 = EDGE_LOOP('',(#650));
#650 = ORIENTED_EDGE('',*,*,#651,.F.);
#651 = EDGE_CURVE('',#652,#652,#654,.T.);
#652 = VERTEX_POINT('',#653);
#653 = CARTESIAN_POINT('',(-15.3,-14.5,11.));
#654 = SURFACE_CURVE('',#655,(#660,#667),.PCURVE_S1.);
#655 = CIRCLE('',#656,1.2);
#656 = AXIS2_PLACEMENT_3D('',#657,#658,#659);
#657 = CARTESIAN_POINT('',(-16.5,-14.5,11.));
#658 = DIRECTION('',(0.,1.224646799147E-16,1.));
#659 = DIRECTION('',(1.,0.,-0.));
#660 = PCURVE('',#43,#661);
#661 = DEFINITIONAL_REPRESENTATION('',(#662),#666);
#662 = CIRCLE('',#663,1.2);
#663 = AXIS2_PLACEMENT_2D('',#664,#665);
#664 = CARTESIAN_POINT('',(-16.5,-14.5));
#665 = DIRECTION('',(1.,0.));
#666 = ( GEOMETRIC_REPRESENTATION_CONTEXT(2) 
PARAMETRIC_REPRESENTATION_CONTEXT() REPRESENTATION_CONTEXT('2D SPACE',''
  ) );
#667 = PCURVE('',#668,#673);
#668 = CYLINDRICAL_SURFACE('',#669,1.2);
#669 = AXIS2_PLACEMENT_3D('',#670,#671,#672);
#670 = CARTESIAN_POINT('',(-16.5,-14.5,12.));
#671 = DIRECTION('',(0.,1.224646799147E-16,1.));
#672 = DIRECTION('',(1.,0.,0.));
#673 = DEFINITIONAL_REPRESENTATION('',(#674),#678);
#674 = LINE('',#675,#676);
#675 = CARTESIAN_POINT('',(-6.28318530718,-1.));
#676 = VECTOR('',#677,1.);
#677 = DIRECTION('',(1.,-0.));
#678 = ( GEOMETRIC_REPRESENTATION_CONTEXT(2) 
PARAMETRIC_REPRESENTATION_CONTEXT() REPRESENTATION_CONTEXT('2D SPACE',''
  ) );
#679 = FACE_BOUND('',#680,.F.);
#680 = EDGE_LOOP('',(#681));
#681 = ORIENTED_EDGE('',*,*,#682,.F.);
#682 = EDGE_CURVE('',#683,#683,#685,.T.);
#683 = VERTEX_POINT('',#684);
#684 = CARTESIAN_POINT('',(17.7,-14.5,11.));
#685 = SURFACE_CURVE('',#686,(#691,#698),.PCURVE_S1.);
#686 = CIRCLE('',#687,1.2);
#687 = AXIS2_PLACEMENT_3D('',#688,#689,#690);
#688 = CARTESIAN_POINT('',(16.5,-14.5,11.));
#689 = DIRECTION('',(0.,1.224646799147E-16,1.));
#690 = DIRECTION('',(1.,0.,-0.));
#691 = PCURVE('',#43,#692);
#692 = DEFINITIONAL_REPRESENTATION('',(#693),#697);
#693 = CIRCLE('',#694,1.2);
#694 = AXIS2_PLACEMENT_2D('',#695,#696);
#695 = CARTESIAN_POINT('',(16.5,-14.5));
#696 = DIRECTION('',(1.,0.));
#697 = ( GEOMETRIC_REPRESENTATION_CONTEXT(2) 
PARAMETRIC_REPRESENTATION_CONTEXT() REPRESENTATION_CONTEXT('2D SPACE',''
  ) );
#698 = PCURVE('',#699,#704);
#699 = CYLINDRICAL_SURFACE('',#700,1.2);
#700 = AXIS2_PLACEMENT_3D('',#701,#702,#703);
#701 = CARTESIAN_POINT('',(16.5,-14.5,12.));
#702 = DIRECTION('',(0.,1.224646799147E-16,1.));
#703 = DIRECTION('',(1.,0.,0.));
#704 = DEFINITIONAL_REPRESENTATION('',(#705),#709);
#705 = LINE('',#706,#707);
#706 = CARTESIAN_POINT('',(-6.28318530718,-1.));
#707 = VECTOR('',#708,1.);
#708 = DIRECTION('',(1.,-0.));
#709 = ( GEOMETRIC_REPRESENTATION_CONTEXT(2) 
PARAMETRIC_REPRESENTATION_CONTEXT() REPRESENTATION_CONTEXT('2D SPACE',''
  ) );
#710 = FACE_BOUND('',#711,.F.);
#711 = EDGE_LOOP('',(#712));
#712 = ORIENTED_EDGE('',*,*,#713,.F.);
#713 = EDGE_CURVE('',#714,#714,#716,.T.);
#714 = VERTEX_POINT('',#715);
#715 = CARTESIAN_POINT('',(-15.3,10.,11.));
#716 = SURFACE_CURVE('',#717,(#722,#729),.PCURVE_S1.);
#717 = CIRCLE('',#718,1.2);
#718 = AXIS2_PLACEMENT_3D('',#719,#720,#721);
#719 = CARTESIAN_POINT('',(-16.5,10.,11.));
#720 = DIRECTION('',(0.,1.224646799147E-16,1.));
#721 = DIRECTION('',(1.,0.,-0.));
#722 = PCURVE('',#43,#723);
#723 = DEFINITIONAL_REPRESENTATION('',(#724),#728);
#724 = CIRCLE('',#725,1.2);
#725 = AXIS2_PLACEMENT_2D('',#726,#727);
#726 = CARTESIAN_POINT('',(-16.5,10.));
#727 = DIRECTION('',(1.,0.));
#728 = ( GEOMETRIC_REPRESENTATION_CONTEXT(2) 
PARAMETRIC_REPRESENTATION_CONTEXT() REPRESENTATION_CONTEXT('2D SPACE',''
  ) );
#729 = PCURVE('',#730,#735);
#730 = CYLINDRICAL_SURFACE('',#731,1.2);
#731 = AXIS2_PLACEMENT_3D('',#732,#733,#734);
#732 = CARTESIAN_POINT('',(-16.5,10.,12.));
#733 = DIRECTION('',(0.,1.224646799147E-16,1.));
#734 = DIRECTION('',(1.,0.,0.));
#735 = DEFINITIONAL_REPRESENTATION('',(#736),#740);
#736 = LINE('',#737,#738);
#737 = CARTESIAN_POINT('',(-6.28318530718,-1.));
#738 = VECTOR('',#739,1.);
#739 = DIRECTION('',(1.,-0.));
#740 = ( GEOMETRIC_REPRESENTATION_CONTEXT(2) 
PARAMETRIC_REPRESENTATION_CONTEXT() REPRESENTATION_CONTEXT('2D SPACE',''
  ) );
#741 = FACE_BOUND('',#742,.F.);
#742 = EDGE_LOOP('',(#743,#773,#802,#830,#863,#892,#920,#953,#982,#1015,
    #1043,#1072,#1100,#1133,#1162,#1195,#1223,#1256,#1285,#1318,#1346,
    #1379,#1408,#1441,#1469,#1502,#1531));
#743 = ORIENTED_EDGE('',*,*,#744,.F.);
#744 = EDGE_CURVE('',#745,#747,#749,.T.);
#745 = VERTEX_POINT('',#746);
#746 = CARTESIAN_POINT('',(-11.33196588675,2.250701015138,11.));
#747 = VERTEX_POINT('',#748);
#748 = CARTESIAN_POINT('',(-17.32497660562,2.250000001368,11.));
#749 = SURFACE_CURVE('',#750,(#754,#761),.PCURVE_S1.);
#750 = LINE('',#751,#752);
#751 = CARTESIAN_POINT('',(-11.33208360562,2.250701001368,11.));
#752 = VECTOR('',#753,1.);
#753 = DIRECTION('',(-0.999999993159,-1.169718857316E-04,0.));
#754 = PCURVE('',#43,#755);
#755 = DEFINITIONAL_REPRESENTATION('',(#756),#760);
#756 = LINE('',#757,#758);
#757 = CARTESIAN_POINT('',(-11.33208360562,2.250701001368));
#758 = VECTOR('',#759,1.);
#759 = DIRECTION('',(-0.999999993159,-1.169718857316E-04));
#760 = ( GEOMETRIC_REPRESENTATION_CONTEXT(2) 
PARAMETRIC_REPRESENTATION_CONTEXT() REPRESENTATION_CONTEXT('2D SPACE',''
  ) );
#761 = PCURVE('',#762,#767);
#762 = PLANE('',#763);
#763 = AXIS2_PLACEMENT_3D('',#764,#765,#766);
#764 = CARTESIAN_POINT('',(-11.33196588675,2.250701015138,11.));
#765 = DIRECTION('',(1.169718857316E-04,-0.999999993159,0.));
#766 = DIRECTION('',(-0.999999993159,-1.169718857316E-04,0.));
#767 = DEFINITIONAL_REPRESENTATION('',(#768),#772);
#768 = LINE('',#769,#770);
#769 = CARTESIAN_POINT('',(1.177188734889E-04,0.));
#770 = VECTOR('',#771,1.);
#771 = DIRECTION('',(1.,0.));
#772 = ( GEOMETRIC_REPRESENTATION_CONTEXT(2) 
PARAMETRIC_REPRESENTATION_CONTEXT() REPRESENTATION_CONTEXT('2D SPACE',''
  ) );
#773 = ORIENTED_EDGE('',*,*,#774,.T.);
#774 = EDGE_CURVE('',#745,#775,#777,.T.);
#775 = VERTEX_POINT('',#776);
#776 = CARTESIAN_POINT('',(-10.132107,3.450700252925,11.));
#777 = SURFACE_CURVE('',#778,(#783,#790),.PCURVE_S1.);
#778 = CIRCLE('',#779,1.199999252925);
#779 = AXIS2_PLACEMENT_3D('',#780,#781,#782);
#780 = CARTESIAN_POINT('',(-11.33210625292,3.450700252925,11.));
#781 = DIRECTION('',(0.,0.,1.));
#782 = DIRECTION('',(-7.470757066546E-07,-1.,0.));
#783 = PCURVE('',#43,#784);
#784 = DEFINITIONAL_REPRESENTATION('',(#785),#789);
#785 = CIRCLE('',#786,1.199999252925);
#786 = AXIS2_PLACEMENT_2D('',#787,#788);
#787 = CARTESIAN_POINT('',(-11.33210625292,3.450700252925));
#788 = DIRECTION('',(-7.470757066546E-07,-1.));
#789 = ( GEOMETRIC_REPRESENTATION_CONTEXT(2) 
PARAMETRIC_REPRESENTATION_CONTEXT() REPRESENTATION_CONTEXT('2D SPACE',''
  ) );
#790 = PCURVE('',#791,#796);
#791 = CYLINDRICAL_SURFACE('',#792,1.199999252925);
#792 = AXIS2_PLACEMENT_3D('',#793,#794,#795);
#793 = CARTESIAN_POINT('',(-11.33210625292,3.450700252925,11.));
#794 = DIRECTION('',(-0.,-0.,-1.));
#795 = DIRECTION('',(-7.470757066546E-07,-1.,0.));
#796 = DEFINITIONAL_REPRESENTATION('',(#797),#801);
#797 = LINE('',#798,#799);
#798 = CARTESIAN_POINT('',(-0.,0.));
#799 = VECTOR('',#800,1.);
#800 = DIRECTION('',(-1.,0.));
#801 = ( GEOMETRIC_REPRESENTATION_CONTEXT(2) 
PARAMETRIC_REPRESENTATION_CONTEXT() REPRESENTATION_CONTEXT('2D SPACE',''
  ) );
#802 = ORIENTED_EDGE('',*,*,#803,.F.);
#803 = EDGE_CURVE('',#804,#775,#806,.T.);
#804 = VERTEX_POINT('',#805);
#805 = CARTESIAN_POINT('',(-10.132107,11.05,11.));
#806 = SURFACE_CURVE('',#807,(#811,#818),.PCURVE_S1.);
#807 = LINE('',#808,#809);
#808 = CARTESIAN_POINT('',(-10.132107,11.05,11.));
#809 = VECTOR('',#810,1.);
#810 = DIRECTION('',(-1.224646799147E-16,-1.,0.));
#811 = PCURVE('',#43,#812);
#812 = DEFINITIONAL_REPRESENTATION('',(#813),#817);
#813 = LINE('',#814,#815);
#814 = CARTESIAN_POINT('',(-10.132107,11.05));
#815 = VECTOR('',#816,1.);
#816 = DIRECTION('',(-1.224646799147E-16,-1.));
#817 = ( GEOMETRIC_REPRESENTATION_CONTEXT(2) 
PARAMETRIC_REPRESENTATION_CONTEXT() REPRESENTATION_CONTEXT('2D SPACE',''
  ) );
#818 = PCURVE('',#819,#824);
#819 = PLANE('',#820);
#820 = AXIS2_PLACEMENT_3D('',#821,#822,#823);
#821 = CARTESIAN_POINT('',(-10.132107,11.05,11.));
#822 = DIRECTION('',(1.,-1.224646799147E-16,0.));
#823 = DIRECTION('',(-1.224646799147E-16,-1.,0.));
#824 = DEFINITIONAL_REPRESENTATION('',(#825),#829);
#825 = LINE('',#826,#827);
#826 = CARTESIAN_POINT('',(0.,0.));
#827 = VECTOR('',#828,1.);
#828 = DIRECTION('',(1.,0.));
#829 = ( GEOMETRIC_REPRESENTATION_CONTEXT(2) 
PARAMETRIC_REPRESENTATION_CONTEXT() REPRESENTATION_CONTEXT('2D SPACE',''
  ) );
#830 = ORIENTED_EDGE('',*,*,#831,.F.);
#831 = EDGE_CURVE('',#832,#804,#834,.T.);
#832 = VERTEX_POINT('',#833);
#833 = CARTESIAN_POINT('',(-10.132107,11.050000149415,11.));
#834 = SURFACE_CURVE('',#835,(#840,#851),.PCURVE_S1.);
#835 = CIRCLE('',#836,0.2);
#836 = AXIS2_PLACEMENT_3D('',#837,#838,#839);
#837 = CARTESIAN_POINT('',(-10.332107,11.05,11.));
#838 = DIRECTION('',(0.,0.,-1.));
#839 = DIRECTION('',(-7.470757631669E-07,1.,0.));
#840 = PCURVE('',#43,#841);
#841 = DEFINITIONAL_REPRESENTATION('',(#842),#850);
#842 = ( BOUNDED_CURVE() B_SPLINE_CURVE(2,(#843,#844,#845,#846,#847,#848
,#849),.UNSPECIFIED.,.T.,.F.) B_SPLINE_CURVE_WITH_KNOTS((1,2,2,2,2,1),(
    -2.094395102393,0.,2.094395102393,4.188790204786,6.28318530718,
8.377580409573),.UNSPECIFIED.) CURVE() GEOMETRIC_REPRESENTATION_ITEM() 
RATIONAL_B_SPLINE_CURVE((1.,0.5,1.,0.5,1.,0.5,1.)) REPRESENTATION_ITEM(
  '') );
#843 = CARTESIAN_POINT('',(-10.33210714941,11.25));
#844 = CARTESIAN_POINT('',(-9.985696987901,11.250000258795));
#845 = CARTESIAN_POINT('',(-10.15890184453,10.950000129397));
#846 = CARTESIAN_POINT('',(-10.33210670117,10.65));
#847 = CARTESIAN_POINT('',(-10.50531200604,10.949999870603));
#848 = CARTESIAN_POINT('',(-10.67851731092,11.249999741205));
#849 = CARTESIAN_POINT('',(-10.33210714941,11.25));
#850 = ( GEOMETRIC_REPRESENTATION_CONTEXT(2) 
PARAMETRIC_REPRESENTATION_CONTEXT() REPRESENTATION_CONTEXT('2D SPACE',''
  ) );
#851 = PCURVE('',#852,#857);
#852 = CYLINDRICAL_SURFACE('',#853,0.2);
#853 = AXIS2_PLACEMENT_3D('',#854,#855,#856);
#854 = CARTESIAN_POINT('',(-10.332107,11.05,11.));
#855 = DIRECTION('',(0.,0.,-1.));
#856 = DIRECTION('',(-7.470757631669E-07,1.,0.));
#857 = DEFINITIONAL_REPRESENTATION('',(#858),#862);
#858 = LINE('',#859,#860);
#859 = CARTESIAN_POINT('',(0.,0.));
#860 = VECTOR('',#861,1.);
#861 = DIRECTION('',(1.,0.));
#862 = ( GEOMETRIC_REPRESENTATION_CONTEXT(2) 
PARAMETRIC_REPRESENTATION_CONTEXT() REPRESENTATION_CONTEXT('2D SPACE',''
  ) );
#863 = ORIENTED_EDGE('',*,*,#864,.F.);
#864 = EDGE_CURVE('',#865,#832,#867,.T.);
#865 = VERTEX_POINT('',#866);
#866 = CARTESIAN_POINT('',(-9.332064567867,11.849999997418,11.));
#867 = SURFACE_CURVE('',#868,(#873,#880),.PCURVE_S1.);
#868 = CIRCLE('',#869,0.799999252925);
#869 = AXIS2_PLACEMENT_3D('',#870,#871,#872);
#870 = CARTESIAN_POINT('',(-9.332107747075,11.050000747075,11.));
#871 = DIRECTION('',(0.,-0.,1.));
#872 = DIRECTION('',(7.470757634981E-07,1.,0.));
#873 = PCURVE('',#43,#874);
#874 = DEFINITIONAL_REPRESENTATION('',(#875),#879);
#875 = CIRCLE('',#876,0.799999252925);
#876 = AXIS2_PLACEMENT_2D('',#877,#878);
#877 = CARTESIAN_POINT('',(-9.332107747075,11.050000747075));
#878 = DIRECTION('',(7.470757634981E-07,1.));
#879 = ( GEOMETRIC_REPRESENTATION_CONTEXT(2) 
PARAMETRIC_REPRESENTATION_CONTEXT() REPRESENTATION_CONTEXT('2D SPACE',''
  ) );
#880 = PCURVE('',#881,#886);
#881 = CYLINDRICAL_SURFACE('',#882,0.799999252925);
#882 = AXIS2_PLACEMENT_3D('',#883,#884,#885);
#883 = CARTESIAN_POINT('',(-9.332107747075,11.050000747075,11.));
#884 = DIRECTION('',(-0.,0.,-1.));
#885 = DIRECTION('',(7.470757634981E-07,1.,0.));
#886 = DEFINITIONAL_REPRESENTATION('',(#887),#891);
#887 = LINE('',#888,#889);
#888 = CARTESIAN_POINT('',(-0.,0.));
#889 = VECTOR('',#890,1.);
#890 = DIRECTION('',(-1.,0.));
#891 = ( GEOMETRIC_REPRESENTATION_CONTEXT(2) 
PARAMETRIC_REPRESENTATION_CONTEXT() REPRESENTATION_CONTEXT('2D SPACE',''
  ) );
#892 = ORIENTED_EDGE('',*,*,#893,.F.);
#893 = EDGE_CURVE('',#894,#865,#896,.T.);
#894 = VERTEX_POINT('',#895);
#895 = CARTESIAN_POINT('',(9.324992205188,11.848993000291,11.));
#896 = SURFACE_CURVE('',#897,(#901,#908),.PCURVE_S1.);
#897 = LINE('',#898,#899);
#898 = CARTESIAN_POINT('',(9.324992205188,11.848993000291,11.));
#899 = VECTOR('',#900,1.);
#900 = DIRECTION('',(-0.999999998543,5.397406128484E-05,0.));
#901 = PCURVE('',#43,#902);
#902 = DEFINITIONAL_REPRESENTATION('',(#903),#907);
#903 = LINE('',#904,#905);
#904 = CARTESIAN_POINT('',(9.324992205188,11.848993000291));
#905 = VECTOR('',#906,1.);
#906 = DIRECTION('',(-0.999999998543,5.397406128484E-05));
#907 = ( GEOMETRIC_REPRESENTATION_CONTEXT(2) 
PARAMETRIC_REPRESENTATION_CONTEXT() REPRESENTATION_CONTEXT('2D SPACE',''
  ) );
#908 = PCURVE('',#909,#914);
#909 = PLANE('',#910);
#910 = AXIS2_PLACEMENT_3D('',#911,#912,#913);
#911 = CARTESIAN_POINT('',(9.324992205188,11.848993000291,11.));
#912 = DIRECTION('',(-5.397406128484E-05,-0.999999998543,0.));
#913 = DIRECTION('',(-0.999999998543,5.397406128484E-05,0.));
#914 = DEFINITIONAL_REPRESENTATION('',(#915),#919);
#915 = LINE('',#916,#917);
#916 = CARTESIAN_POINT('',(0.,0.));
#917 = VECTOR('',#918,1.);
#918 = DIRECTION('',(1.,0.));
#919 = ( GEOMETRIC_REPRESENTATION_CONTEXT(2) 
PARAMETRIC_REPRESENTATION_CONTEXT() REPRESENTATION_CONTEXT('2D SPACE',''
  ) );
#920 = ORIENTED_EDGE('',*,*,#921,.F.);
#921 = EDGE_CURVE('',#922,#894,#924,.T.);
#922 = VERTEX_POINT('',#923);
#923 = CARTESIAN_POINT('',(9.325003149415,11.848993,11.));
#924 = SURFACE_CURVE('',#925,(#930,#941),.PCURVE_S1.);
#925 = CIRCLE('',#926,0.2);
#926 = AXIS2_PLACEMENT_3D('',#927,#928,#929);
#927 = CARTESIAN_POINT('',(9.325003,12.048993,11.));
#928 = DIRECTION('',(0.,0.,-1.));
#929 = DIRECTION('',(1.,7.470757631669E-07,0.));
#930 = PCURVE('',#43,#931);
#931 = DEFINITIONAL_REPRESENTATION('',(#932),#940);
#932 = ( BOUNDED_CURVE() B_SPLINE_CURVE(2,(#933,#934,#935,#936,#937,#938
,#939),.UNSPECIFIED.,.T.,.F.) B_SPLINE_CURVE_WITH_KNOTS((1,2,2,2,2,1),(
    -2.094395102393,0.,2.094395102393,4.188790204786,6.28318530718,
8.377580409573),.UNSPECIFIED.) CURVE() GEOMETRIC_REPRESENTATION_ITEM() 
RATIONAL_B_SPLINE_CURVE((1.,0.5,1.,0.5,1.,0.5,1.)) REPRESENTATION_ITEM(
  '') );
#933 = CARTESIAN_POINT('',(9.525003,12.048993149415));
#934 = CARTESIAN_POINT('',(9.525003258795,11.702582987901));
#935 = CARTESIAN_POINT('',(9.225003129397,11.875787844536));
#936 = CARTESIAN_POINT('',(8.925003,12.04899270117));
#937 = CARTESIAN_POINT('',(9.225002870603,12.222198006049));
#938 = CARTESIAN_POINT('',(9.525002741205,12.395403310929));
#939 = CARTESIAN_POINT('',(9.525003,12.048993149415));
#940 = ( GEOMETRIC_REPRESENTATION_CONTEXT(2) 
PARAMETRIC_REPRESENTATION_CONTEXT() REPRESENTATION_CONTEXT('2D SPACE',''
  ) );
#941 = PCURVE('',#942,#947);
#942 = CYLINDRICAL_SURFACE('',#943,0.2);
#943 = AXIS2_PLACEMENT_3D('',#944,#945,#946);
#944 = CARTESIAN_POINT('',(9.325003,12.048993,11.));
#945 = DIRECTION('',(0.,0.,-1.));
#946 = DIRECTION('',(1.,7.470757631669E-07,0.));
#947 = DEFINITIONAL_REPRESENTATION('',(#948),#952);
#948 = LINE('',#949,#950);
#949 = CARTESIAN_POINT('',(0.,0.));
#950 = VECTOR('',#951,1.);
#951 = DIRECTION('',(1.,0.));
#952 = ( GEOMETRIC_REPRESENTATION_CONTEXT(2) 
PARAMETRIC_REPRESENTATION_CONTEXT() REPRESENTATION_CONTEXT('2D SPACE',''
  ) );
#953 = ORIENTED_EDGE('',*,*,#954,.F.);
#954 = EDGE_CURVE('',#955,#922,#957,.T.);
#955 = VERTEX_POINT('',#956);
#956 = CARTESIAN_POINT('',(10.125003,11.048993149415,11.));
#957 = SURFACE_CURVE('',#958,(#963,#970),.PCURVE_S1.);
#958 = CIRCLE('',#959,0.799999252925);
#959 = AXIS2_PLACEMENT_3D('',#960,#961,#962);
#960 = CARTESIAN_POINT('',(9.325003747075,11.048993747075,11.));
#961 = DIRECTION('',(0.,-0.,1.));
#962 = DIRECTION('',(1.,-7.470757634981E-07,-0.));
#963 = PCURVE('',#43,#964);
#964 = DEFINITIONAL_REPRESENTATION('',(#965),#969);
#965 = CIRCLE('',#966,0.799999252925);
#966 = AXIS2_PLACEMENT_2D('',#967,#968);
#967 = CARTESIAN_POINT('',(9.325003747075,11.048993747075));
#968 = DIRECTION('',(1.,-7.470757634981E-07));
#969 = ( GEOMETRIC_REPRESENTATION_CONTEXT(2) 
PARAMETRIC_REPRESENTATION_CONTEXT() REPRESENTATION_CONTEXT('2D SPACE',''
  ) );
#970 = PCURVE('',#971,#976);
#971 = CYLINDRICAL_SURFACE('',#972,0.799999252925);
#972 = AXIS2_PLACEMENT_3D('',#973,#974,#975);
#973 = CARTESIAN_POINT('',(9.325003747075,11.048993747075,11.));
#974 = DIRECTION('',(-0.,0.,-1.));
#975 = DIRECTION('',(1.,-7.470757634981E-07,-0.));
#976 = DEFINITIONAL_REPRESENTATION('',(#977),#981);
#977 = LINE('',#978,#979);
#978 = CARTESIAN_POINT('',(-0.,0.));
#979 = VECTOR('',#980,1.);
#980 = DIRECTION('',(-1.,0.));
#981 = ( GEOMETRIC_REPRESENTATION_CONTEXT(2) 
PARAMETRIC_REPRESENTATION_CONTEXT() REPRESENTATION_CONTEXT('2D SPACE',''
  ) );
#982 = ORIENTED_EDGE('',*,*,#983,.F.);
#983 = EDGE_CURVE('',#984,#955,#986,.T.);
#984 = VERTEX_POINT('',#985);
#985 = CARTESIAN_POINT('',(10.125003,11.048993,11.));
#986 = SURFACE_CURVE('',#987,(#992,#1003),.PCURVE_S1.);
#987 = CIRCLE('',#988,0.2);
#988 = AXIS2_PLACEMENT_3D('',#989,#990,#991);
#989 = CARTESIAN_POINT('',(10.325003,11.048993,11.));
#990 = DIRECTION('',(-0.,0.,-1.));
#991 = DIRECTION('',(-2.339497829946E-16,-1.,0.));
#992 = PCURVE('',#43,#993);
#993 = DEFINITIONAL_REPRESENTATION('',(#994),#1002);
#994 = ( BOUNDED_CURVE() B_SPLINE_CURVE(2,(#995,#996,#997,#998,#999,
#1000,#1001),.UNSPECIFIED.,.T.,.F.) B_SPLINE_CURVE_WITH_KNOTS((1,2,2,2,2
    ,1),(-2.094395102393,0.,2.094395102393,4.188790204786,6.28318530718,
8.377580409573),.UNSPECIFIED.) CURVE() GEOMETRIC_REPRESENTATION_ITEM() 
RATIONAL_B_SPLINE_CURVE((1.,0.5,1.,0.5,1.,0.5,1.)) REPRESENTATION_ITEM(
  '') );
#995 = CARTESIAN_POINT('',(10.325003,10.848993));
#996 = CARTESIAN_POINT('',(9.978592838486,10.848993));
#997 = CARTESIAN_POINT('',(10.151797919243,11.148993));
#998 = CARTESIAN_POINT('',(10.325003,11.448993));
#999 = CARTESIAN_POINT('',(10.498208080757,11.148993));
#1000 = CARTESIAN_POINT('',(10.671413161514,10.848993));
#1001 = CARTESIAN_POINT('',(10.325003,10.848993));
#1002 = ( GEOMETRIC_REPRESENTATION_CONTEXT(2) 
PARAMETRIC_REPRESENTATION_CONTEXT() REPRESENTATION_CONTEXT('2D SPACE',''
  ) );
#1003 = PCURVE('',#1004,#1009);
#1004 = CYLINDRICAL_SURFACE('',#1005,0.2);
#1005 = AXIS2_PLACEMENT_3D('',#1006,#1007,#1008);
#1006 = CARTESIAN_POINT('',(10.325003,11.048993,11.));
#1007 = DIRECTION('',(-0.,0.,-1.));
#1008 = DIRECTION('',(-2.339497829946E-16,-1.,0.));
#1009 = DEFINITIONAL_REPRESENTATION('',(#1010),#1014);
#1010 = LINE('',#1011,#1012);
#1011 = CARTESIAN_POINT('',(0.,0.));
#1012 = VECTOR('',#1013,1.);
#1013 = DIRECTION('',(1.,0.));
#1014 = ( GEOMETRIC_REPRESENTATION_CONTEXT(2) 
PARAMETRIC_REPRESENTATION_CONTEXT() REPRESENTATION_CONTEXT('2D SPACE',''
  ) );
#1015 = ORIENTED_EDGE('',*,*,#1016,.F.);
#1016 = EDGE_CURVE('',#1017,#984,#1019,.T.);
#1017 = VERTEX_POINT('',#1018);
#1018 = CARTESIAN_POINT('',(10.125003,3.456094252925,11.));
#1019 = SURFACE_CURVE('',#1020,(#1024,#1031),.PCURVE_S1.);
#1020 = LINE('',#1021,#1022);
#1021 = CARTESIAN_POINT('',(10.125003,3.456095,11.));
#1022 = VECTOR('',#1023,1.);
#1023 = DIRECTION('',(2.339497829946E-16,1.,0.));
#1024 = PCURVE('',#43,#1025);
#1025 = DEFINITIONAL_REPRESENTATION('',(#1026),#1030);
#1026 = LINE('',#1027,#1028);
#1027 = CARTESIAN_POINT('',(10.125003,3.456095));
#1028 = VECTOR('',#1029,1.);
#1029 = DIRECTION('',(2.339497829946E-16,1.));
#1030 = ( GEOMETRIC_REPRESENTATION_CONTEXT(2) 
PARAMETRIC_REPRESENTATION_CONTEXT() REPRESENTATION_CONTEXT('2D SPACE',''
  ) );
#1031 = PCURVE('',#1032,#1037);
#1032 = PLANE('',#1033);
#1033 = AXIS2_PLACEMENT_3D('',#1034,#1035,#1036);
#1034 = CARTESIAN_POINT('',(10.125003,3.456094252925,11.));
#1035 = DIRECTION('',(-1.,2.339497829946E-16,0.));
#1036 = DIRECTION('',(2.339497829946E-16,1.,0.));
#1037 = DEFINITIONAL_REPRESENTATION('',(#1038),#1042);
#1038 = LINE('',#1039,#1040);
#1039 = CARTESIAN_POINT('',(7.4707520481E-07,0.));
#1040 = VECTOR('',#1041,1.);
#1041 = DIRECTION('',(1.,0.));
#1042 = ( GEOMETRIC_REPRESENTATION_CONTEXT(2) 
PARAMETRIC_REPRESENTATION_CONTEXT() REPRESENTATION_CONTEXT('2D SPACE',''
  ) );
#1043 = ORIENTED_EDGE('',*,*,#1044,.T.);
#1044 = EDGE_CURVE('',#1017,#1045,#1047,.T.);
#1045 = VERTEX_POINT('',#1046);
#1046 = CARTESIAN_POINT('',(11.32489686094,2.256095004628,11.));
#1047 = SURFACE_CURVE('',#1048,(#1053,#1060),.PCURVE_S1.);
#1048 = CIRCLE('',#1049,1.199999252925);
#1049 = AXIS2_PLACEMENT_3D('',#1050,#1051,#1052);
#1050 = CARTESIAN_POINT('',(11.325002252925,3.456094252925,11.));
#1051 = DIRECTION('',(0.,0.,1.));
#1052 = DIRECTION('',(-1.,7.470757634981E-07,0.));
#1053 = PCURVE('',#43,#1054);
#1054 = DEFINITIONAL_REPRESENTATION('',(#1055),#1059);
#1055 = CIRCLE('',#1056,1.199999252925);
#1056 = AXIS2_PLACEMENT_2D('',#1057,#1058);
#1057 = CARTESIAN_POINT('',(11.325002252925,3.456094252925));
#1058 = DIRECTION('',(-1.,7.470757634981E-07));
#1059 = ( GEOMETRIC_REPRESENTATION_CONTEXT(2) 
PARAMETRIC_REPRESENTATION_CONTEXT() REPRESENTATION_CONTEXT('2D SPACE',''
  ) );
#1060 = PCURVE('',#1061,#1066);
#1061 = CYLINDRICAL_SURFACE('',#1062,1.199999252925);
#1062 = AXIS2_PLACEMENT_3D('',#1063,#1064,#1065);
#1063 = CARTESIAN_POINT('',(11.325002252925,3.456094252925,11.));
#1064 = DIRECTION('',(-0.,-0.,-1.));
#1065 = DIRECTION('',(-1.,7.470757634981E-07,0.));
#1066 = DEFINITIONAL_REPRESENTATION('',(#1067),#1071);
#1067 = LINE('',#1068,#1069);
#1068 = CARTESIAN_POINT('',(-0.,0.));
#1069 = VECTOR('',#1070,1.);
#1070 = DIRECTION('',(-1.,0.));
#1071 = ( GEOMETRIC_REPRESENTATION_CONTEXT(2) 
PARAMETRIC_REPRESENTATION_CONTEXT() REPRESENTATION_CONTEXT('2D SPACE',''
  ) );
#1072 = ORIENTED_EDGE('',*,*,#1073,.F.);
#1073 = EDGE_CURVE('',#1074,#1045,#1076,.T.);
#1074 = VERTEX_POINT('',#1075);
#1075 = CARTESIAN_POINT('',(17.324796833337,2.250000103192,11.));
#1076 = SURFACE_CURVE('',#1077,(#1081,#1088),.PCURVE_S1.);
#1077 = LINE('',#1078,#1079);
#1078 = CARTESIAN_POINT('',(17.324796833337,2.250000103192,11.));
#1079 = VECTOR('',#1080,1.);
#1080 = DIRECTION('',(-0.999999484041,1.015833317122E-03,0.));
#1081 = PCURVE('',#43,#1082);
#1082 = DEFINITIONAL_REPRESENTATION('',(#1083),#1087);
#1083 = LINE('',#1084,#1085);
#1084 = CARTESIAN_POINT('',(17.324796833337,2.250000103192));
#1085 = VECTOR('',#1086,1.);
#1086 = DIRECTION('',(-0.999999484041,1.015833317122E-03));
#1087 = ( GEOMETRIC_REPRESENTATION_CONTEXT(2) 
PARAMETRIC_REPRESENTATION_CONTEXT() REPRESENTATION_CONTEXT('2D SPACE',''
  ) );
#1088 = PCURVE('',#1089,#1094);
#1089 = PLANE('',#1090);
#1090 = AXIS2_PLACEMENT_3D('',#1091,#1092,#1093);
#1091 = CARTESIAN_POINT('',(17.324796833337,2.250000103192,11.));
#1092 = DIRECTION('',(-1.015833317122E-03,-0.999999484041,0.));
#1093 = DIRECTION('',(-0.999999484041,1.015833317122E-03,0.));
#1094 = DEFINITIONAL_REPRESENTATION('',(#1095),#1099);
#1095 = LINE('',#1096,#1097);
#1096 = CARTESIAN_POINT('',(0.,0.));
#1097 = VECTOR('',#1098,1.);
#1098 = DIRECTION('',(1.,0.));
#1099 = ( GEOMETRIC_REPRESENTATION_CONTEXT(2) 
PARAMETRIC_REPRESENTATION_CONTEXT() REPRESENTATION_CONTEXT('2D SPACE',''
  ) );
#1100 = ORIENTED_EDGE('',*,*,#1101,.F.);
#1101 = EDGE_CURVE('',#1102,#1074,#1104,.T.);
#1102 = VERTEX_POINT('',#1103);
#1103 = CARTESIAN_POINT('',(17.325000149415,2.25,11.));
#1104 = SURFACE_CURVE('',#1105,(#1110,#1121),.PCURVE_S1.);
#1105 = CIRCLE('',#1106,0.2);
#1106 = AXIS2_PLACEMENT_3D('',#1107,#1108,#1109);
#1107 = CARTESIAN_POINT('',(17.325,2.45,11.));
#1108 = DIRECTION('',(0.,0.,-1.));
#1109 = DIRECTION('',(1.,7.470757489561E-07,0.));
#1110 = PCURVE('',#43,#1111);
#1111 = DEFINITIONAL_REPRESENTATION('',(#1112),#1120);
#1112 = ( BOUNDED_CURVE() B_SPLINE_CURVE(2,(#1113,#1114,#1115,#1116,
#1117,#1118,#1119),.UNSPECIFIED.,.T.,.F.) B_SPLINE_CURVE_WITH_KNOTS((1,2
    ,2,2,2,1),(-2.094395102393,0.,2.094395102393,4.188790204786,
6.28318530718,8.377580409573),.UNSPECIFIED.) CURVE() 
GEOMETRIC_REPRESENTATION_ITEM() RATIONAL_B_SPLINE_CURVE((1.,0.5,1.,0.5,
1.,0.5,1.)) REPRESENTATION_ITEM('') );
#1113 = CARTESIAN_POINT('',(17.525,2.450000149415));
#1114 = CARTESIAN_POINT('',(17.525000258795,2.103589987901));
#1115 = CARTESIAN_POINT('',(17.225000129397,2.276794844536));
#1116 = CARTESIAN_POINT('',(16.925,2.44999970117));
#1117 = CARTESIAN_POINT('',(17.224999870603,2.623205006049));
#1118 = CARTESIAN_POINT('',(17.524999741205,2.796410310929));
#1119 = CARTESIAN_POINT('',(17.525,2.450000149415));
#1120 = ( GEOMETRIC_REPRESENTATION_CONTEXT(2) 
PARAMETRIC_REPRESENTATION_CONTEXT() REPRESENTATION_CONTEXT('2D SPACE',''
  ) );
#1121 = PCURVE('',#1122,#1127);
#1122 = CYLINDRICAL_SURFACE('',#1123,0.2);
#1123 = AXIS2_PLACEMENT_3D('',#1124,#1125,#1126);
#1124 = CARTESIAN_POINT('',(17.325,2.45,11.));
#1125 = DIRECTION('',(0.,0.,-1.));
#1126 = DIRECTION('',(1.,7.470757489561E-07,0.));
#1127 = DEFINITIONAL_REPRESENTATION('',(#1128),#1132);
#1128 = LINE('',#1129,#1130);
#1129 = CARTESIAN_POINT('',(0.,0.));
#1130 = VECTOR('',#1131,1.);
#1131 = DIRECTION('',(1.,0.));
#1132 = ( GEOMETRIC_REPRESENTATION_CONTEXT(2) 
PARAMETRIC_REPRESENTATION_CONTEXT() REPRESENTATION_CONTEXT('2D SPACE',''
  ) );
#1133 = ORIENTED_EDGE('',*,*,#1134,.F.);
#1134 = EDGE_CURVE('',#1135,#1102,#1137,.T.);
#1135 = VERTEX_POINT('',#1136);
#1136 = CARTESIAN_POINT('',(18.125,1.450000149415,11.));
#1137 = SURFACE_CURVE('',#1138,(#1143,#1150),.PCURVE_S1.);
#1138 = CIRCLE('',#1139,0.799999252925);
#1139 = AXIS2_PLACEMENT_3D('',#1140,#1141,#1142);
#1140 = CARTESIAN_POINT('',(17.325000747075,1.450000747075,11.));
#1141 = DIRECTION('',(0.,-0.,1.));
#1142 = DIRECTION('',(1.,-7.470757492872E-07,-0.));
#1143 = PCURVE('',#43,#1144);
#1144 = DEFINITIONAL_REPRESENTATION('',(#1145),#1149);
#1145 = CIRCLE('',#1146,0.799999252925);
#1146 = AXIS2_PLACEMENT_2D('',#1147,#1148);
#1147 = CARTESIAN_POINT('',(17.325000747075,1.450000747075));
#1148 = DIRECTION('',(1.,-7.470757492872E-07));
#1149 = ( GEOMETRIC_REPRESENTATION_CONTEXT(2) 
PARAMETRIC_REPRESENTATION_CONTEXT() REPRESENTATION_CONTEXT('2D SPACE',''
  ) );
#1150 = PCURVE('',#1151,#1156);
#1151 = CYLINDRICAL_SURFACE('',#1152,0.799999252925);
#1152 = AXIS2_PLACEMENT_3D('',#1153,#1154,#1155);
#1153 = CARTESIAN_POINT('',(17.325000747075,1.450000747075,11.));
#1154 = DIRECTION('',(-0.,0.,-1.));
#1155 = DIRECTION('',(1.,-7.470757492872E-07,-0.));
#1156 = DEFINITIONAL_REPRESENTATION('',(#1157),#1161);
#1157 = LINE('',#1158,#1159);
#1158 = CARTESIAN_POINT('',(-0.,0.));
#1159 = VECTOR('',#1160,1.);
#1160 = DIRECTION('',(-1.,0.));
#1161 = ( GEOMETRIC_REPRESENTATION_CONTEXT(2) 
PARAMETRIC_REPRESENTATION_CONTEXT() REPRESENTATION_CONTEXT('2D SPACE',''
  ) );
#1162 = ORIENTED_EDGE('',*,*,#1163,.F.);
#1163 = EDGE_CURVE('',#1164,#1135,#1166,.T.);
#1164 = VERTEX_POINT('',#1165);
#1165 = CARTESIAN_POINT('',(18.125,1.45,11.));
#1166 = SURFACE_CURVE('',#1167,(#1172,#1183),.PCURVE_S1.);
#1167 = CIRCLE('',#1168,0.2);
#1168 = AXIS2_PLACEMENT_3D('',#1169,#1170,#1171);
#1169 = CARTESIAN_POINT('',(18.325,1.45,11.));
#1170 = DIRECTION('',(-0.,0.,-1.));
#1171 = DIRECTION('',(-1.224646799147E-16,-1.,0.));
#1172 = PCURVE('',#43,#1173);
#1173 = DEFINITIONAL_REPRESENTATION('',(#1174),#1182);
#1174 = ( BOUNDED_CURVE() B_SPLINE_CURVE(2,(#1175,#1176,#1177,#1178,
#1179,#1180,#1181),.UNSPECIFIED.,.T.,.F.) B_SPLINE_CURVE_WITH_KNOTS((1,2
    ,2,2,2,1),(-2.094395102393,0.,2.094395102393,4.188790204786,
6.28318530718,8.377580409573),.UNSPECIFIED.) CURVE() 
GEOMETRIC_REPRESENTATION_ITEM() RATIONAL_B_SPLINE_CURVE((1.,0.5,1.,0.5,
1.,0.5,1.)) REPRESENTATION_ITEM('') );
#1175 = CARTESIAN_POINT('',(18.325,1.25));
#1176 = CARTESIAN_POINT('',(17.978589838486,1.25));
#1177 = CARTESIAN_POINT('',(18.151794919243,1.55));
#1178 = CARTESIAN_POINT('',(18.325,1.85));
#1179 = CARTESIAN_POINT('',(18.498205080757,1.55));
#1180 = CARTESIAN_POINT('',(18.671410161514,1.25));
#1181 = CARTESIAN_POINT('',(18.325,1.25));
#1182 = ( GEOMETRIC_REPRESENTATION_CONTEXT(2) 
PARAMETRIC_REPRESENTATION_CONTEXT() REPRESENTATION_CONTEXT('2D SPACE',''
  ) );
#1183 = PCURVE('',#1184,#1189);
#1184 = CYLINDRICAL_SURFACE('',#1185,0.2);
#1185 = AXIS2_PLACEMENT_3D('',#1186,#1187,#1188);
#1186 = CARTESIAN_POINT('',(18.325,1.45,11.));
#1187 = DIRECTION('',(-0.,0.,-1.));
#1188 = DIRECTION('',(-1.224646799147E-16,-1.,0.));
#1189 = DEFINITIONAL_REPRESENTATION('',(#1190),#1194);
#1190 = LINE('',#1191,#1192);
#1191 = CARTESIAN_POINT('',(0.,0.));
#1192 = VECTOR('',#1193,1.);
#1193 = DIRECTION('',(1.,0.));
#1194 = ( GEOMETRIC_REPRESENTATION_CONTEXT(2) 
PARAMETRIC_REPRESENTATION_CONTEXT() REPRESENTATION_CONTEXT('2D SPACE',''
  ) );
#1195 = ORIENTED_EDGE('',*,*,#1196,.F.);
#1196 = EDGE_CURVE('',#1197,#1164,#1199,.T.);
#1197 = VERTEX_POINT('',#1198);
#1198 = CARTESIAN_POINT('',(18.125,-11.05,11.));
#1199 = SURFACE_CURVE('',#1200,(#1204,#1211),.PCURVE_S1.);
#1200 = LINE('',#1201,#1202);
#1201 = CARTESIAN_POINT('',(18.125,-11.05,11.));
#1202 = VECTOR('',#1203,1.);
#1203 = DIRECTION('',(1.224646799147E-16,1.,0.));
#1204 = PCURVE('',#43,#1205);
#1205 = DEFINITIONAL_REPRESENTATION('',(#1206),#1210);
#1206 = LINE('',#1207,#1208);
#1207 = CARTESIAN_POINT('',(18.125,-11.05));
#1208 = VECTOR('',#1209,1.);
#1209 = DIRECTION('',(1.224646799147E-16,1.));
#1210 = ( GEOMETRIC_REPRESENTATION_CONTEXT(2) 
PARAMETRIC_REPRESENTATION_CONTEXT() REPRESENTATION_CONTEXT('2D SPACE',''
  ) );
#1211 = PCURVE('',#1212,#1217);
#1212 = PLANE('',#1213);
#1213 = AXIS2_PLACEMENT_3D('',#1214,#1215,#1216);
#1214 = CARTESIAN_POINT('',(18.125,-11.05,11.));
#1215 = DIRECTION('',(-1.,1.224646799147E-16,0.));
#1216 = DIRECTION('',(1.224646799147E-16,1.,0.));
#1217 = DEFINITIONAL_REPRESENTATION('',(#1218),#1222);
#1218 = LINE('',#1219,#1220);
#1219 = CARTESIAN_POINT('',(0.,0.));
#1220 = VECTOR('',#1221,1.);
#1221 = DIRECTION('',(1.,0.));
#1222 = ( GEOMETRIC_REPRESENTATION_CONTEXT(2) 
PARAMETRIC_REPRESENTATION_CONTEXT() REPRESENTATION_CONTEXT('2D SPACE',''
  ) );
#1223 = ORIENTED_EDGE('',*,*,#1224,.F.);
#1224 = EDGE_CURVE('',#1225,#1197,#1227,.T.);
#1225 = VERTEX_POINT('',#1226);
#1226 = CARTESIAN_POINT('',(18.125,-11.05000014941,11.));
#1227 = SURFACE_CURVE('',#1228,(#1233,#1244),.PCURVE_S1.);
#1228 = CIRCLE('',#1229,0.2);
#1229 = AXIS2_PLACEMENT_3D('',#1230,#1231,#1232);
#1230 = CARTESIAN_POINT('',(18.325,-11.05,11.));
#1231 = DIRECTION('',(-0.,0.,-1.));
#1232 = DIRECTION('',(7.470757631669E-07,-1.,-0.));
#1233 = PCURVE('',#43,#1234);
#1234 = DEFINITIONAL_REPRESENTATION('',(#1235),#1243);
#1235 = ( BOUNDED_CURVE() B_SPLINE_CURVE(2,(#1236,#1237,#1238,#1239,
#1240,#1241,#1242),.UNSPECIFIED.,.T.,.F.) B_SPLINE_CURVE_WITH_KNOTS((1,2
    ,2,2,2,1),(-2.094395102393,0.,2.094395102393,4.188790204786,
6.28318530718,8.377580409573),.UNSPECIFIED.) CURVE() 
GEOMETRIC_REPRESENTATION_ITEM() RATIONAL_B_SPLINE_CURVE((1.,0.5,1.,0.5,
1.,0.5,1.)) REPRESENTATION_ITEM('') );
#1236 = CARTESIAN_POINT('',(18.325000149415,-11.25));
#1237 = CARTESIAN_POINT('',(17.978589987901,-11.25000025879));
#1238 = CARTESIAN_POINT('',(18.151794844536,-10.95000012939));
#1239 = CARTESIAN_POINT('',(18.32499970117,-10.65));
#1240 = CARTESIAN_POINT('',(18.498205006049,-10.9499998706));
#1241 = CARTESIAN_POINT('',(18.671410310929,-11.2499997412));
#1242 = CARTESIAN_POINT('',(18.325000149415,-11.25));
#1243 = ( GEOMETRIC_REPRESENTATION_CONTEXT(2) 
PARAMETRIC_REPRESENTATION_CONTEXT() REPRESENTATION_CONTEXT('2D SPACE',''
  ) );
#1244 = PCURVE('',#1245,#1250);
#1245 = CYLINDRICAL_SURFACE('',#1246,0.2);
#1246 = AXIS2_PLACEMENT_3D('',#1247,#1248,#1249);
#1247 = CARTESIAN_POINT('',(18.325,-11.05,11.));
#1248 = DIRECTION('',(-0.,0.,-1.));
#1249 = DIRECTION('',(7.470757631669E-07,-1.,-0.));
#1250 = DEFINITIONAL_REPRESENTATION('',(#1251),#1255);
#1251 = LINE('',#1252,#1253);
#1252 = CARTESIAN_POINT('',(0.,0.));
#1253 = VECTOR('',#1254,1.);
#1254 = DIRECTION('',(1.,0.));
#1255 = ( GEOMETRIC_REPRESENTATION_CONTEXT(2) 
PARAMETRIC_REPRESENTATION_CONTEXT() REPRESENTATION_CONTEXT('2D SPACE',''
  ) );
#1256 = ORIENTED_EDGE('',*,*,#1257,.F.);
#1257 = EDGE_CURVE('',#1258,#1225,#1260,.T.);
#1258 = VERTEX_POINT('',#1259);
#1259 = CARTESIAN_POINT('',(17.325000149415,-11.85,11.));
#1260 = SURFACE_CURVE('',#1261,(#1266,#1273),.PCURVE_S1.);
#1261 = CIRCLE('',#1262,0.799999252925);
#1262 = AXIS2_PLACEMENT_3D('',#1263,#1264,#1265);
#1263 = CARTESIAN_POINT('',(17.325000747075,-11.05000074707,11.));
#1264 = DIRECTION('',(0.,0.,1.));
#1265 = DIRECTION('',(-7.470757634981E-07,-1.,0.));
#1266 = PCURVE('',#43,#1267);
#1267 = DEFINITIONAL_REPRESENTATION('',(#1268),#1272);
#1268 = CIRCLE('',#1269,0.799999252925);
#1269 = AXIS2_PLACEMENT_2D('',#1270,#1271);
#1270 = CARTESIAN_POINT('',(17.325000747075,-11.05000074707));
#1271 = DIRECTION('',(-7.470757634981E-07,-1.));
#1272 = ( GEOMETRIC_REPRESENTATION_CONTEXT(2) 
PARAMETRIC_REPRESENTATION_CONTEXT() REPRESENTATION_CONTEXT('2D SPACE',''
  ) );
#1273 = PCURVE('',#1274,#1279);
#1274 = CYLINDRICAL_SURFACE('',#1275,0.799999252925);
#1275 = AXIS2_PLACEMENT_3D('',#1276,#1277,#1278);
#1276 = CARTESIAN_POINT('',(17.325000747075,-11.05000074707,11.));
#1277 = DIRECTION('',(-0.,-0.,-1.));
#1278 = DIRECTION('',(-7.470757634981E-07,-1.,0.));
#1279 = DEFINITIONAL_REPRESENTATION('',(#1280),#1284);
#1280 = LINE('',#1281,#1282);
#1281 = CARTESIAN_POINT('',(-0.,0.));
#1282 = VECTOR('',#1283,1.);
#1283 = DIRECTION('',(-1.,0.));
#1284 = ( GEOMETRIC_REPRESENTATION_CONTEXT(2) 
PARAMETRIC_REPRESENTATION_CONTEXT() REPRESENTATION_CONTEXT('2D SPACE',''
  ) );
#1285 = ORIENTED_EDGE('',*,*,#1286,.F.);
#1286 = EDGE_CURVE('',#1287,#1258,#1289,.T.);
#1287 = VERTEX_POINT('',#1288);
#1288 = CARTESIAN_POINT('',(17.325,-11.85,11.));
#1289 = SURFACE_CURVE('',#1290,(#1295,#1306),.PCURVE_S1.);
#1290 = CIRCLE('',#1291,0.2);
#1291 = AXIS2_PLACEMENT_3D('',#1292,#1293,#1294);
#1292 = CARTESIAN_POINT('',(17.325,-12.05,11.));
#1293 = DIRECTION('',(0.,0.,-1.));
#1294 = DIRECTION('',(-1.,1.224646799147E-16,0.));
#1295 = PCURVE('',#43,#1296);
#1296 = DEFINITIONAL_REPRESENTATION('',(#1297),#1305);
#1297 = ( BOUNDED_CURVE() B_SPLINE_CURVE(2,(#1298,#1299,#1300,#1301,
#1302,#1303,#1304),.UNSPECIFIED.,.T.,.F.) B_SPLINE_CURVE_WITH_KNOTS((1,2
    ,2,2,2,1),(-2.094395102393,0.,2.094395102393,4.188790204786,
6.28318530718,8.377580409573),.UNSPECIFIED.) CURVE() 
GEOMETRIC_REPRESENTATION_ITEM() RATIONAL_B_SPLINE_CURVE((1.,0.5,1.,0.5,
1.,0.5,1.)) REPRESENTATION_ITEM('') );
#1298 = CARTESIAN_POINT('',(17.125,-12.05));
#1299 = CARTESIAN_POINT('',(17.125,-11.70358983848));
#1300 = CARTESIAN_POINT('',(17.425,-11.87679491924));
#1301 = CARTESIAN_POINT('',(17.725,-12.05));
#1302 = CARTESIAN_POINT('',(17.425,-12.22320508075));
#1303 = CARTESIAN_POINT('',(17.125,-12.39641016151));
#1304 = CARTESIAN_POINT('',(17.125,-12.05));
#1305 = ( GEOMETRIC_REPRESENTATION_CONTEXT(2) 
PARAMETRIC_REPRESENTATION_CONTEXT() REPRESENTATION_CONTEXT('2D SPACE',''
  ) );
#1306 = PCURVE('',#1307,#1312);
#1307 = CYLINDRICAL_SURFACE('',#1308,0.2);
#1308 = AXIS2_PLACEMENT_3D('',#1309,#1310,#1311);
#1309 = CARTESIAN_POINT('',(17.325,-12.05,11.));
#1310 = DIRECTION('',(0.,0.,-1.));
#1311 = DIRECTION('',(-1.,1.224646799147E-16,0.));
#1312 = DEFINITIONAL_REPRESENTATION('',(#1313),#1317);
#1313 = LINE('',#1314,#1315);
#1314 = CARTESIAN_POINT('',(0.,0.));
#1315 = VECTOR('',#1316,1.);
#1316 = DIRECTION('',(1.,0.));
#1317 = ( GEOMETRIC_REPRESENTATION_CONTEXT(2) 
PARAMETRIC_REPRESENTATION_CONTEXT() REPRESENTATION_CONTEXT('2D SPACE',''
  ) );
#1318 = ORIENTED_EDGE('',*,*,#1319,.F.);
#1319 = EDGE_CURVE('',#1320,#1287,#1322,.T.);
#1320 = VERTEX_POINT('',#1321);
#1321 = CARTESIAN_POINT('',(-17.325,-11.85,11.));
#1322 = SURFACE_CURVE('',#1323,(#1327,#1334),.PCURVE_S1.);
#1323 = LINE('',#1324,#1325);
#1324 = CARTESIAN_POINT('',(-17.325,-11.85,11.));
#1325 = VECTOR('',#1326,1.);
#1326 = DIRECTION('',(1.,-1.224646799147E-16,-0.));
#1327 = PCURVE('',#43,#1328);
#1328 = DEFINITIONAL_REPRESENTATION('',(#1329),#1333);
#1329 = LINE('',#1330,#1331);
#1330 = CARTESIAN_POINT('',(-17.325,-11.85));
#1331 = VECTOR('',#1332,1.);
#1332 = DIRECTION('',(1.,-1.224646799147E-16));
#1333 = ( GEOMETRIC_REPRESENTATION_CONTEXT(2) 
PARAMETRIC_REPRESENTATION_CONTEXT() REPRESENTATION_CONTEXT('2D SPACE',''
  ) );
#1334 = PCURVE('',#1335,#1340);
#1335 = PLANE('',#1336);
#1336 = AXIS2_PLACEMENT_3D('',#1337,#1338,#1339);
#1337 = CARTESIAN_POINT('',(-17.325,-11.85,11.));
#1338 = DIRECTION('',(1.224646799147E-16,1.,-0.));
#1339 = DIRECTION('',(1.,-1.224646799147E-16,0.));
#1340 = DEFINITIONAL_REPRESENTATION('',(#1341),#1345);
#1341 = LINE('',#1342,#1343);
#1342 = CARTESIAN_POINT('',(0.,0.));
#1343 = VECTOR('',#1344,1.);
#1344 = DIRECTION('',(1.,0.));
#1345 = ( GEOMETRIC_REPRESENTATION_CONTEXT(2) 
PARAMETRIC_REPRESENTATION_CONTEXT() REPRESENTATION_CONTEXT('2D SPACE',''
  ) );
#1346 = ORIENTED_EDGE('',*,*,#1347,.F.);
#1347 = EDGE_CURVE('',#1348,#1320,#1350,.T.);
#1348 = VERTEX_POINT('',#1349);
#1349 = CARTESIAN_POINT('',(-17.32500014941,-11.85,11.));
#1350 = SURFACE_CURVE('',#1351,(#1356,#1367),.PCURVE_S1.);
#1351 = CIRCLE('',#1352,0.2);
#1352 = AXIS2_PLACEMENT_3D('',#1353,#1354,#1355);
#1353 = CARTESIAN_POINT('',(-17.325,-12.05,11.));
#1354 = DIRECTION('',(-0.,0.,-1.));
#1355 = DIRECTION('',(-1.,-7.470757631669E-07,0.));
#1356 = PCURVE('',#43,#1357);
#1357 = DEFINITIONAL_REPRESENTATION('',(#1358),#1366);
#1358 = ( BOUNDED_CURVE() B_SPLINE_CURVE(2,(#1359,#1360,#1361,#1362,
#1363,#1364,#1365),.UNSPECIFIED.,.T.,.F.) B_SPLINE_CURVE_WITH_KNOTS((1,2
    ,2,2,2,1),(-2.094395102393,0.,2.094395102393,4.188790204786,
6.28318530718,8.377580409573),.UNSPECIFIED.) CURVE() 
GEOMETRIC_REPRESENTATION_ITEM() RATIONAL_B_SPLINE_CURVE((1.,0.5,1.,0.5,
1.,0.5,1.)) REPRESENTATION_ITEM('') );
#1359 = CARTESIAN_POINT('',(-17.525,-12.05000014941));
#1360 = CARTESIAN_POINT('',(-17.52500025879,-11.7035899879));
#1361 = CARTESIAN_POINT('',(-17.22500012939,-11.87679484453));
#1362 = CARTESIAN_POINT('',(-16.925,-12.04999970117));
#1363 = CARTESIAN_POINT('',(-17.2249998706,-12.22320500604));
#1364 = CARTESIAN_POINT('',(-17.5249997412,-12.39641031092));
#1365 = CARTESIAN_POINT('',(-17.525,-12.05000014941));
#1366 = ( GEOMETRIC_REPRESENTATION_CONTEXT(2) 
PARAMETRIC_REPRESENTATION_CONTEXT() REPRESENTATION_CONTEXT('2D SPACE',''
  ) );
#1367 = PCURVE('',#1368,#1373);
#1368 = CYLINDRICAL_SURFACE('',#1369,0.2);
#1369 = AXIS2_PLACEMENT_3D('',#1370,#1371,#1372);
#1370 = CARTESIAN_POINT('',(-17.325,-12.05,11.));
#1371 = DIRECTION('',(-0.,0.,-1.));
#1372 = DIRECTION('',(-1.,-7.470757631669E-07,0.));
#1373 = DEFINITIONAL_REPRESENTATION('',(#1374),#1378);
#1374 = LINE('',#1375,#1376);
#1375 = CARTESIAN_POINT('',(0.,0.));
#1376 = VECTOR('',#1377,1.);
#1377 = DIRECTION('',(1.,0.));
#1378 = ( GEOMETRIC_REPRESENTATION_CONTEXT(2) 
PARAMETRIC_REPRESENTATION_CONTEXT() REPRESENTATION_CONTEXT('2D SPACE',''
  ) );
#1379 = ORIENTED_EDGE('',*,*,#1380,.F.);
#1380 = EDGE_CURVE('',#1381,#1348,#1383,.T.);
#1381 = VERTEX_POINT('',#1382);
#1382 = CARTESIAN_POINT('',(-18.125,-11.05000014941,11.));
#1383 = SURFACE_CURVE('',#1384,(#1389,#1396),.PCURVE_S1.);
#1384 = CIRCLE('',#1385,0.799999252925);
#1385 = AXIS2_PLACEMENT_3D('',#1386,#1387,#1388);
#1386 = CARTESIAN_POINT('',(-17.32500074707,-11.05000074707,11.));
#1387 = DIRECTION('',(0.,0.,1.));
#1388 = DIRECTION('',(-1.,7.470757634981E-07,0.));
#1389 = PCURVE('',#43,#1390);
#1390 = DEFINITIONAL_REPRESENTATION('',(#1391),#1395);
#1391 = CIRCLE('',#1392,0.799999252925);
#1392 = AXIS2_PLACEMENT_2D('',#1393,#1394);
#1393 = CARTESIAN_POINT('',(-17.32500074707,-11.05000074707));
#1394 = DIRECTION('',(-1.,7.470757634981E-07));
#1395 = ( GEOMETRIC_REPRESENTATION_CONTEXT(2) 
PARAMETRIC_REPRESENTATION_CONTEXT() REPRESENTATION_CONTEXT('2D SPACE',''
  ) );
#1396 = PCURVE('',#1397,#1402);
#1397 = CYLINDRICAL_SURFACE('',#1398,0.799999252925);
#1398 = AXIS2_PLACEMENT_3D('',#1399,#1400,#1401);
#1399 = CARTESIAN_POINT('',(-17.32500074707,-11.05000074707,11.));
#1400 = DIRECTION('',(-0.,-0.,-1.));
#1401 = DIRECTION('',(-1.,7.470757634981E-07,0.));
#1402 = DEFINITIONAL_REPRESENTATION('',(#1403),#1407);
#1403 = LINE('',#1404,#1405);
#1404 = CARTESIAN_POINT('',(-0.,0.));
#1405 = VECTOR('',#1406,1.);
#1406 = DIRECTION('',(-1.,0.));
#1407 = ( GEOMETRIC_REPRESENTATION_CONTEXT(2) 
PARAMETRIC_REPRESENTATION_CONTEXT() REPRESENTATION_CONTEXT('2D SPACE',''
  ) );
#1408 = ORIENTED_EDGE('',*,*,#1409,.F.);
#1409 = EDGE_CURVE('',#1410,#1381,#1412,.T.);
#1410 = VERTEX_POINT('',#1411);
#1411 = CARTESIAN_POINT('',(-18.125,-11.05,11.));
#1412 = SURFACE_CURVE('',#1413,(#1418,#1429),.PCURVE_S1.);
#1413 = CIRCLE('',#1414,0.2);
#1414 = AXIS2_PLACEMENT_3D('',#1415,#1416,#1417);
#1415 = CARTESIAN_POINT('',(-18.325,-11.05,11.));
#1416 = DIRECTION('',(0.,0.,-1.));
#1417 = DIRECTION('',(1.224646799147E-16,1.,0.));
#1418 = PCURVE('',#43,#1419);
#1419 = DEFINITIONAL_REPRESENTATION('',(#1420),#1428);
#1420 = ( BOUNDED_CURVE() B_SPLINE_CURVE(2,(#1421,#1422,#1423,#1424,
#1425,#1426,#1427),.UNSPECIFIED.,.T.,.F.) B_SPLINE_CURVE_WITH_KNOTS((1,2
    ,2,2,2,1),(-2.094395102393,0.,2.094395102393,4.188790204786,
6.28318530718,8.377580409573),.UNSPECIFIED.) CURVE() 
GEOMETRIC_REPRESENTATION_ITEM() RATIONAL_B_SPLINE_CURVE((1.,0.5,1.,0.5,
1.,0.5,1.)) REPRESENTATION_ITEM('') );
#1421 = CARTESIAN_POINT('',(-18.325,-10.85));
#1422 = CARTESIAN_POINT('',(-17.97858983848,-10.85));
#1423 = CARTESIAN_POINT('',(-18.15179491924,-11.15));
#1424 = CARTESIAN_POINT('',(-18.325,-11.45));
#1425 = CARTESIAN_POINT('',(-18.49820508075,-11.15));
#1426 = CARTESIAN_POINT('',(-18.67141016151,-10.85));
#1427 = CARTESIAN_POINT('',(-18.325,-10.85));
#1428 = ( GEOMETRIC_REPRESENTATION_CONTEXT(2) 
PARAMETRIC_REPRESENTATION_CONTEXT() REPRESENTATION_CONTEXT('2D SPACE',''
  ) );
#1429 = PCURVE('',#1430,#1435);
#1430 = CYLINDRICAL_SURFACE('',#1431,0.2);
#1431 = AXIS2_PLACEMENT_3D('',#1432,#1433,#1434);
#1432 = CARTESIAN_POINT('',(-18.325,-11.05,11.));
#1433 = DIRECTION('',(0.,0.,-1.));
#1434 = DIRECTION('',(1.224646799147E-16,1.,0.));
#1435 = DEFINITIONAL_REPRESENTATION('',(#1436),#1440);
#1436 = LINE('',#1437,#1438);
#1437 = CARTESIAN_POINT('',(0.,0.));
#1438 = VECTOR('',#1439,1.);
#1439 = DIRECTION('',(1.,0.));
#1440 = ( GEOMETRIC_REPRESENTATION_CONTEXT(2) 
PARAMETRIC_REPRESENTATION_CONTEXT() REPRESENTATION_CONTEXT('2D SPACE',''
  ) );
#1441 = ORIENTED_EDGE('',*,*,#1442,.F.);
#1442 = EDGE_CURVE('',#1443,#1410,#1445,.T.);
#1443 = VERTEX_POINT('',#1444);
#1444 = CARTESIAN_POINT('',(-18.125,1.45,11.));
#1445 = SURFACE_CURVE('',#1446,(#1450,#1457),.PCURVE_S1.);
#1446 = LINE('',#1447,#1448);
#1447 = CARTESIAN_POINT('',(-18.125,1.45,11.));
#1448 = VECTOR('',#1449,1.);
#1449 = DIRECTION('',(-1.224646799147E-16,-1.,0.));
#1450 = PCURVE('',#43,#1451);
#1451 = DEFINITIONAL_REPRESENTATION('',(#1452),#1456);
#1452 = LINE('',#1453,#1454);
#1453 = CARTESIAN_POINT('',(-18.125,1.45));
#1454 = VECTOR('',#1455,1.);
#1455 = DIRECTION('',(-1.224646799147E-16,-1.));
#1456 = ( GEOMETRIC_REPRESENTATION_CONTEXT(2) 
PARAMETRIC_REPRESENTATION_CONTEXT() REPRESENTATION_CONTEXT('2D SPACE',''
  ) );
#1457 = PCURVE('',#1458,#1463);
#1458 = PLANE('',#1459);
#1459 = AXIS2_PLACEMENT_3D('',#1460,#1461,#1462);
#1460 = CARTESIAN_POINT('',(-18.125,1.45,11.));
#1461 = DIRECTION('',(1.,-1.224646799147E-16,0.));
#1462 = DIRECTION('',(-1.224646799147E-16,-1.,0.));
#1463 = DEFINITIONAL_REPRESENTATION('',(#1464),#1468);
#1464 = LINE('',#1465,#1466);
#1465 = CARTESIAN_POINT('',(0.,0.));
#1466 = VECTOR('',#1467,1.);
#1467 = DIRECTION('',(1.,0.));
#1468 = ( GEOMETRIC_REPRESENTATION_CONTEXT(2) 
PARAMETRIC_REPRESENTATION_CONTEXT() REPRESENTATION_CONTEXT('2D SPACE',''
  ) );
#1469 = ORIENTED_EDGE('',*,*,#1470,.F.);
#1470 = EDGE_CURVE('',#1471,#1443,#1473,.T.);
#1471 = VERTEX_POINT('',#1472);
#1472 = CARTESIAN_POINT('',(-18.125,1.450000149415,11.));
#1473 = SURFACE_CURVE('',#1474,(#1479,#1490),.PCURVE_S1.);
#1474 = CIRCLE('',#1475,0.2);
#1475 = AXIS2_PLACEMENT_3D('',#1476,#1477,#1478);
#1476 = CARTESIAN_POINT('',(-18.325,1.45,11.));
#1477 = DIRECTION('',(0.,0.,-1.));
#1478 = DIRECTION('',(-7.470757489561E-07,1.,0.));
#1479 = PCURVE('',#43,#1480);
#1480 = DEFINITIONAL_REPRESENTATION('',(#1481),#1489);
#1481 = ( BOUNDED_CURVE() B_SPLINE_CURVE(2,(#1482,#1483,#1484,#1485,
#1486,#1487,#1488),.UNSPECIFIED.,.T.,.F.) B_SPLINE_CURVE_WITH_KNOTS((1,2
    ,2,2,2,1),(-2.094395102393,0.,2.094395102393,4.188790204786,
6.28318530718,8.377580409573),.UNSPECIFIED.) CURVE() 
GEOMETRIC_REPRESENTATION_ITEM() RATIONAL_B_SPLINE_CURVE((1.,0.5,1.,0.5,
1.,0.5,1.)) REPRESENTATION_ITEM('') );
#1482 = CARTESIAN_POINT('',(-18.32500014941,1.65));
#1483 = CARTESIAN_POINT('',(-17.9785899879,1.650000258795));
#1484 = CARTESIAN_POINT('',(-18.15179484453,1.350000129397));
#1485 = CARTESIAN_POINT('',(-18.32499970117,1.05));
#1486 = CARTESIAN_POINT('',(-18.49820500604,1.349999870603));
#1487 = CARTESIAN_POINT('',(-18.67141031092,1.649999741205));
#1488 = CARTESIAN_POINT('',(-18.32500014941,1.65));
#1489 = ( GEOMETRIC_REPRESENTATION_CONTEXT(2) 
PARAMETRIC_REPRESENTATION_CONTEXT() REPRESENTATION_CONTEXT('2D SPACE',''
  ) );
#1490 = PCURVE('',#1491,#1496);
#1491 = CYLINDRICAL_SURFACE('',#1492,0.2);
#1492 = AXIS2_PLACEMENT_3D('',#1493,#1494,#1495);
#1493 = CARTESIAN_POINT('',(-18.325,1.45,11.));
#1494 = DIRECTION('',(0.,0.,-1.));
#1495 = DIRECTION('',(-7.470757489561E-07,1.,0.));
#1496 = DEFINITIONAL_REPRESENTATION('',(#1497),#1501);
#1497 = LINE('',#1498,#1499);
#1498 = CARTESIAN_POINT('',(0.,0.));
#1499 = VECTOR('',#1500,1.);
#1500 = DIRECTION('',(1.,0.));
#1501 = ( GEOMETRIC_REPRESENTATION_CONTEXT(2) 
PARAMETRIC_REPRESENTATION_CONTEXT() REPRESENTATION_CONTEXT('2D SPACE',''
  ) );
#1502 = ORIENTED_EDGE('',*,*,#1503,.F.);
#1503 = EDGE_CURVE('',#1504,#1471,#1506,.T.);
#1504 = VERTEX_POINT('',#1505);
#1505 = CARTESIAN_POINT('',(-17.32500014941,2.25,11.));
#1506 = SURFACE_CURVE('',#1507,(#1512,#1519),.PCURVE_S1.);
#1507 = CIRCLE('',#1508,0.799999252925);
#1508 = AXIS2_PLACEMENT_3D('',#1509,#1510,#1511);
#1509 = CARTESIAN_POINT('',(-17.32500074707,1.450000747075,11.));
#1510 = DIRECTION('',(0.,-0.,1.));
#1511 = DIRECTION('',(7.470757350764E-07,1.,0.));
#1512 = PCURVE('',#43,#1513);
#1513 = DEFINITIONAL_REPRESENTATION('',(#1514),#1518);
#1514 = CIRCLE('',#1515,0.799999252925);
#1515 = AXIS2_PLACEMENT_2D('',#1516,#1517);
#1516 = CARTESIAN_POINT('',(-17.32500074707,1.450000747075));
#1517 = DIRECTION('',(7.470757350764E-07,1.));
#1518 = ( GEOMETRIC_REPRESENTATION_CONTEXT(2) 
PARAMETRIC_REPRESENTATION_CONTEXT() REPRESENTATION_CONTEXT('2D SPACE',''
  ) );
#1519 = PCURVE('',#1520,#1525);
#1520 = CYLINDRICAL_SURFACE('',#1521,0.799999252925);
#1521 = AXIS2_PLACEMENT_3D('',#1522,#1523,#1524);
#1522 = CARTESIAN_POINT('',(-17.32500074707,1.450000747075,11.));
#1523 = DIRECTION('',(-0.,0.,-1.));
#1524 = DIRECTION('',(7.470757350764E-07,1.,0.));
#1525 = DEFINITIONAL_REPRESENTATION('',(#1526),#1530);
#1526 = LINE('',#1527,#1528);
#1527 = CARTESIAN_POINT('',(-0.,0.));
#1528 = VECTOR('',#1529,1.);
#1529 = DIRECTION('',(-1.,0.));
#1530 = ( GEOMETRIC_REPRESENTATION_CONTEXT(2) 
PARAMETRIC_REPRESENTATION_CONTEXT() REPRESENTATION_CONTEXT('2D SPACE',''
  ) );
#1531 = ORIENTED_EDGE('',*,*,#1532,.F.);
#1532 = EDGE_CURVE('',#747,#1504,#1533,.T.);
#1533 = SURFACE_CURVE('',#1534,(#1539,#1550),.PCURVE_S1.);
#1534 = CIRCLE('',#1535,0.2);
#1535 = AXIS2_PLACEMENT_3D('',#1536,#1537,#1538);
#1536 = CARTESIAN_POINT('',(-17.325,2.45,11.));
#1537 = DIRECTION('',(0.,0.,-1.));
#1538 = DIRECTION('',(0.999999993159,1.169718857316E-04,0.));
#1539 = PCURVE('',#43,#1540);
#1540 = DEFINITIONAL_REPRESENTATION('',(#1541),#1549);
#1541 = ( BOUNDED_CURVE() B_SPLINE_CURVE(2,(#1542,#1543,#1544,#1545,
#1546,#1547,#1548),.UNSPECIFIED.,.T.,.F.) B_SPLINE_CURVE_WITH_KNOTS((1,2
    ,2,2,2,1),(-2.094395102393,0.,2.094395102393,4.188790204786,
6.28318530718,8.377580409573),.UNSPECIFIED.) CURVE() 
GEOMETRIC_REPRESENTATION_ITEM() RATIONAL_B_SPLINE_CURVE((1.,0.5,1.,0.5,
1.,0.5,1.)) REPRESENTATION_ITEM('') );
#1542 = CARTESIAN_POINT('',(-17.12500000136,2.450023394377));
#1543 = CARTESIAN_POINT('',(-17.12495948111,2.103613235233));
#1544 = CARTESIAN_POINT('',(-17.42497973919,2.276783223239));
#1545 = CARTESIAN_POINT('',(-17.72499999726,2.449953211246));
#1546 = CARTESIAN_POINT('',(-17.42502025944,2.623193382383));
#1547 = CARTESIAN_POINT('',(-17.12504052161,2.796433553521));
#1548 = CARTESIAN_POINT('',(-17.12500000136,2.450023394377));
#1549 = ( GEOMETRIC_REPRESENTATION_CONTEXT(2) 
PARAMETRIC_REPRESENTATION_CONTEXT() REPRESENTATION_CONTEXT('2D SPACE',''
  ) );
#1550 = PCURVE('',#1551,#1556);
#1551 = CYLINDRICAL_SURFACE('',#1552,0.2);
#1552 = AXIS2_PLACEMENT_3D('',#1553,#1554,#1555);
#1553 = CARTESIAN_POINT('',(-17.325,2.45,11.));
#1554 = DIRECTION('',(0.,0.,-1.));
#1555 = DIRECTION('',(0.999999993159,1.169718857316E-04,0.));
#1556 = DEFINITIONAL_REPRESENTATION('',(#1557),#1561);
#1557 = LINE('',#1558,#1559);
#1558 = CARTESIAN_POINT('',(0.,0.));
#1559 = VECTOR('',#1560,1.);
#1560 = DIRECTION('',(1.,0.));
#1561 = ( GEOMETRIC_REPRESENTATION_CONTEXT(2) 
PARAMETRIC_REPRESENTATION_CONTEXT() REPRESENTATION_CONTEXT('2D SPACE',''
  ) );
#1562 = FACE_BOUND('',#1563,.F.);
#1563 = EDGE_LOOP('',(#1564));
#1564 = ORIENTED_EDGE('',*,*,#1565,.F.);
#1565 = EDGE_CURVE('',#1566,#1566,#1568,.T.);
#1566 = VERTEX_POINT('',#1567);
#1567 = CARTESIAN_POINT('',(17.7,10.,11.));
#1568 = SURFACE_CURVE('',#1569,(#1574,#1581),.PCURVE_S1.);
#1569 = CIRCLE('',#1570,1.2);
#1570 = AXIS2_PLACEMENT_3D('',#1571,#1572,#1573);
#1571 = CARTESIAN_POINT('',(16.5,10.,11.));
#1572 = DIRECTION('',(0.,1.224646799147E-16,1.));
#1573 = DIRECTION('',(1.,0.,-0.));
#1574 = PCURVE('',#43,#1575);
#1575 = DEFINITIONAL_REPRESENTATION('',(#1576),#1580);
#1576 = CIRCLE('',#1577,1.2);
#1577 = AXIS2_PLACEMENT_2D('',#1578,#1579);
#1578 = CARTESIAN_POINT('',(16.5,10.));
#1579 = DIRECTION('',(1.,0.));
#1580 = ( GEOMETRIC_REPRESENTATION_CONTEXT(2) 
PARAMETRIC_REPRESENTATION_CONTEXT() REPRESENTATION_CONTEXT('2D SPACE',''
  ) );
#1581 = PCURVE('',#1582,#1587);
#1582 = CYLINDRICAL_SURFACE('',#1583,1.2);
#1583 = AXIS2_PLACEMENT_3D('',#1584,#1585,#1586);
#1584 = CARTESIAN_POINT('',(16.5,10.,12.));
#1585 = DIRECTION('',(0.,1.224646799147E-16,1.));
#1586 = DIRECTION('',(1.,0.,0.));
#1587 = DEFINITIONAL_REPRESENTATION('',(#1588),#1592);
#1588 = LINE('',#1589,#1590);
#1589 = CARTESIAN_POINT('',(-6.28318530718,-1.));
#1590 = VECTOR('',#1591,1.);
#1591 = DIRECTION('',(1.,-0.));
#1592 = ( GEOMETRIC_REPRESENTATION_CONTEXT(2) 
PARAMETRIC_REPRESENTATION_CONTEXT() REPRESENTATION_CONTEXT('2D SPACE',''
  ) );
#1593 = ADVANCED_FACE('',(#1594),#136,.T.);
#1594 = FACE_BOUND('',#1595,.F.);
#1595 = EDGE_LOOP('',(#1596,#1619,#1620,#1621));
#1596 = ORIENTED_EDGE('',*,*,#1597,.F.);
#1597 = EDGE_CURVE('',#245,#1598,#1600,.T.);
#1598 = VERTEX_POINT('',#1599);
#1599 = CARTESIAN_POINT('',(16.125,13.85,13.4));
#1600 = SURFACE_CURVE('',#1601,(#1605,#1612),.PCURVE_S1.);
#1601 = LINE('',#1602,#1603);
#1602 = CARTESIAN_POINT('',(16.125,13.85,0.));
#1603 = VECTOR('',#1604,1.);
#1604 = DIRECTION('',(0.,0.,1.));
#1605 = PCURVE('',#136,#1606);
#1606 = DEFINITIONAL_REPRESENTATION('',(#1607),#1611);
#1607 = LINE('',#1608,#1609);
#1608 = CARTESIAN_POINT('',(-0.,0.));
#1609 = VECTOR('',#1610,1.);
#1610 = DIRECTION('',(-0.,1.));
#1611 = ( GEOMETRIC_REPRESENTATION_CONTEXT(2) 
PARAMETRIC_REPRESENTATION_CONTEXT() REPRESENTATION_CONTEXT('2D SPACE',''
  ) );
#1612 = PCURVE('',#283,#1613);
#1613 = DEFINITIONAL_REPRESENTATION('',(#1614),#1618);
#1614 = LINE('',#1615,#1616);
#1615 = CARTESIAN_POINT('',(4.,0.));
#1616 = VECTOR('',#1617,1.);
#1617 = DIRECTION('',(0.,-1.));
#1618 = ( GEOMETRIC_REPRESENTATION_CONTEXT(2) 
PARAMETRIC_REPRESENTATION_CONTEXT() REPRESENTATION_CONTEXT('2D SPACE',''
  ) );
#1619 = ORIENTED_EDGE('',*,*,#244,.F.);
#1620 = ORIENTED_EDGE('',*,*,#122,.T.);
#1621 = ORIENTED_EDGE('',*,*,#1622,.F.);
#1622 = EDGE_CURVE('',#1598,#95,#1623,.T.);
#1623 = SURFACE_CURVE('',#1624,(#1629,#1636),.PCURVE_S1.);
#1624 = CIRCLE('',#1625,4.);
#1625 = AXIS2_PLACEMENT_3D('',#1626,#1627,#1628);
#1626 = CARTESIAN_POINT('',(16.125,9.85,13.4));
#1627 = DIRECTION('',(0.,-0.,-1.));
#1628 = DIRECTION('',(0.,1.,-0.));
#1629 = PCURVE('',#136,#1630);
#1630 = DEFINITIONAL_REPRESENTATION('',(#1631),#1635);
#1631 = LINE('',#1632,#1633);
#1632 = CARTESIAN_POINT('',(-0.,13.4));
#1633 = VECTOR('',#1634,1.);
#1634 = DIRECTION('',(-1.,0.));
#1635 = ( GEOMETRIC_REPRESENTATION_CONTEXT(2) 
PARAMETRIC_REPRESENTATION_CONTEXT() REPRESENTATION_CONTEXT('2D SPACE',''
  ) );
#1636 = PCURVE('',#1637,#1642);
#1637 = CONICAL_SURFACE('',#1638,4.,0.785398163397);
#1638 = AXIS2_PLACEMENT_3D('',#1639,#1640,#1641);
#1639 = CARTESIAN_POINT('',(16.125,9.85,13.4));
#1640 = DIRECTION('',(-0.,-0.,-1.));
#1641 = DIRECTION('',(0.,1.,-0.));
#1642 = DEFINITIONAL_REPRESENTATION('',(#1643),#1647);
#1643 = LINE('',#1644,#1645);
#1644 = CARTESIAN_POINT('',(0.,-0.));
#1645 = VECTOR('',#1646,1.);
#1646 = DIRECTION('',(1.,-0.));
#1647 = ( GEOMETRIC_REPRESENTATION_CONTEXT(2) 
PARAMETRIC_REPRESENTATION_CONTEXT() REPRESENTATION_CONTEXT('2D SPACE',''
  ) );
#1648 = ADVANCED_FACE('',(#1649),#110,.F.);
#1649 = FACE_BOUND('',#1650,.F.);
#1650 = EDGE_LOOP('',(#1651,#1672,#1673,#1725));
#1651 = ORIENTED_EDGE('',*,*,#1652,.F.);
#1652 = EDGE_CURVE('',#95,#1653,#1655,.T.);
#1653 = VERTEX_POINT('',#1654);
#1654 = CARTESIAN_POINT('',(19.525,9.85,14.));
#1655 = SURFACE_CURVE('',#1656,(#1660,#1666),.PCURVE_S1.);
#1656 = LINE('',#1657,#1658);
#1657 = CARTESIAN_POINT('',(20.125,9.85,13.4));
#1658 = VECTOR('',#1659,1.);
#1659 = DIRECTION('',(-0.707106781187,-4.329780281177E-17,0.707106781187
    ));
#1660 = PCURVE('',#110,#1661);
#1661 = DEFINITIONAL_REPRESENTATION('',(#1662),#1665);
#1662 = B_SPLINE_CURVE_WITH_KNOTS('',1,(#1663,#1664),.UNSPECIFIED.,.F.,
  .F.,(2,2),(0.,0.848528137424),.PIECEWISE_BEZIER_KNOTS.);
#1663 = CARTESIAN_POINT('',(0.,-0.424264068712));
#1664 = CARTESIAN_POINT('',(0.,0.424264068712));
#1665 = ( GEOMETRIC_REPRESENTATION_CONTEXT(2) 
PARAMETRIC_REPRESENTATION_CONTEXT() REPRESENTATION_CONTEXT('2D SPACE',''
  ) );
#1666 = PCURVE('',#1637,#1667);
#1667 = DEFINITIONAL_REPRESENTATION('',(#1668),#1671);
#1668 = B_SPLINE_CURVE_WITH_KNOTS('',1,(#1669,#1670),.UNSPECIFIED.,.F.,
  .F.,(2,2),(0.,0.848528137424),.PIECEWISE_BEZIER_KNOTS.);
#1669 = CARTESIAN_POINT('',(1.570796326795,0.));
#1670 = CARTESIAN_POINT('',(1.570796326795,-0.6));
#1671 = ( GEOMETRIC_REPRESENTATION_CONTEXT(2) 
PARAMETRIC_REPRESENTATION_CONTEXT() REPRESENTATION_CONTEXT('2D SPACE',''
  ) );
#1672 = ORIENTED_EDGE('',*,*,#94,.T.);
#1673 = ORIENTED_EDGE('',*,*,#1674,.T.);
#1674 = EDGE_CURVE('',#55,#1675,#1677,.T.);
#1675 = VERTEX_POINT('',#1676);
#1676 = CARTESIAN_POINT('',(19.525,-13.81943954598,14.));
#1677 = SURFACE_CURVE('',#1678,(#1682,#1688),.PCURVE_S1.);
#1678 = LINE('',#1679,#1680);
#1679 = CARTESIAN_POINT('',(19.825,-13.81943954598,13.7));
#1680 = VECTOR('',#1681,1.);
#1681 = DIRECTION('',(-0.707106781187,0.,0.707106781187));
#1682 = PCURVE('',#110,#1683);
#1683 = DEFINITIONAL_REPRESENTATION('',(#1684),#1687);
#1684 = B_SPLINE_CURVE_WITH_KNOTS('',1,(#1685,#1686),.UNSPECIFIED.,.F.,
  .F.,(2,2),(-0.424264068712,0.424264068712),.PIECEWISE_BEZIER_KNOTS.);
#1685 = CARTESIAN_POINT('',(23.66943954599,-0.424264068712));
#1686 = CARTESIAN_POINT('',(23.66943954599,0.424264068712));
#1687 = ( GEOMETRIC_REPRESENTATION_CONTEXT(2) 
PARAMETRIC_REPRESENTATION_CONTEXT() REPRESENTATION_CONTEXT('2D SPACE',''
  ) );
#1688 = PCURVE('',#1689,#1720);
#1689 = B_SPLINE_SURFACE_WITH_KNOTS('',1,14,(
    (#1690,#1691,#1692,#1693,#1694,#1695,#1696,#1697,#1698,#1699,#1700
      ,#1701,#1702,#1703,#1704)
    ,(#1705,#1706,#1707,#1708,#1709,#1710,#1711,#1712,#1713,#1714,#1715
      ,#1716,#1717,#1718,#1719
  )),.UNSPECIFIED.,.F.,.F.,.F.,(2,2),(15,15),(0.,7.27462695794),(
    102.41134453281,109.68597149075),.PIECEWISE_BEZIER_KNOTS.);
#1690 = CARTESIAN_POINT('',(20.125,-13.81943954598,13.4));
#1691 = CARTESIAN_POINT('',(20.12499999999,-14.28278472607,
    13.399999999994));
#1692 = CARTESIAN_POINT('',(20.067146218667,-14.76958362434,
    13.39999999995));
#1693 = CARTESIAN_POINT('',(19.942532498348,-15.2704590912,
    13.40000000049));
#1694 = CARTESIAN_POINT('',(19.739767942863,-15.76957196889,
    13.399999998238));
#1695 = CARTESIAN_POINT('',(19.468594073581,-16.25731878044,
    13.400000003607));
#1696 = CARTESIAN_POINT('',(19.090339067357,-16.70145707831,
    13.399999995453));
#1697 = CARTESIAN_POINT('',(18.694018172602,-17.09306630073,
    13.40000000392));
#1698 = CARTESIAN_POINT('',(18.170989906088,-17.41889328129,
    13.399999997498));
#1699 = CARTESIAN_POINT('',(17.678513894208,-17.64812220471,
    13.400000001408));
#1700 = CARTESIAN_POINT('',(17.125864972218,-17.80656842401,
    13.399999999332));
#1701 = CARTESIAN_POINT('',(16.595444743311,-17.87517582774,
    13.400000000207));
#1702 = CARTESIAN_POINT('',(16.078955807314,-17.87434688158,
    13.399999999979));
#1703 = CARTESIAN_POINT('',(15.592863854817,-17.81087035196,
    13.399999999997));
#1704 = CARTESIAN_POINT('',(15.143678713795,-17.69719772994,13.4));
#1705 = CARTESIAN_POINT('',(19.525,-13.81943954598,14.));
#1706 = CARTESIAN_POINT('',(19.524999999987,-14.21328276886,
    13.999999999992));
#1707 = CARTESIAN_POINT('',(19.475783300816,-14.62710249297,
    14.000000000036));
#1708 = CARTESIAN_POINT('',(19.370240429983,-15.05249797462,
    13.999999999901));
#1709 = CARTESIAN_POINT('',(19.196135678965,-15.47840504811,
    14.000000000199));
#1710 = CARTESIAN_POINT('',(18.970927465199,-15.88808721782,
    13.999999999691));
#1711 = CARTESIAN_POINT('',(18.63846775538,-16.27482918037,
    14.000000000382));
#1712 = CARTESIAN_POINT('',(18.317273032817,-16.59622803197,
    13.999999999617));
#1713 = CARTESIAN_POINT('',(17.857007002854,-16.88293036116,
    14.000000000314));
#1714 = CARTESIAN_POINT('',(17.449535525275,-17.07193939489,
    13.999999999788));
#1715 = CARTESIAN_POINT('',(16.974075708234,-17.20911579428,
    14.000000000117));
#1716 = CARTESIAN_POINT('',(16.525359122818,-17.26669009218,
    13.999999999949));
#1717 = CARTESIAN_POINT('',(16.085781526038,-17.26611698991,
    14.000000000017));
#1718 = CARTESIAN_POINT('',(15.672684101898,-17.21215568685,
    13.999999999996));
#1719 = CARTESIAN_POINT('',(15.290876906726,-17.11553400235,14.));
#1720 = DEFINITIONAL_REPRESENTATION('',(#1721),#1724);
#1721 = B_SPLINE_CURVE_WITH_KNOTS('',1,(#1722,#1723),.UNSPECIFIED.,.F.,
  .F.,(2,2),(-0.424264068712,0.424264068712),.PIECEWISE_BEZIER_KNOTS.);
#1722 = CARTESIAN_POINT('',(0.,102.41134453281));
#1723 = CARTESIAN_POINT('',(7.27462695794,102.41134453281));
#1724 = ( GEOMETRIC_REPRESENTATION_CONTEXT(2) 
PARAMETRIC_REPRESENTATION_CONTEXT() REPRESENTATION_CONTEXT('2D SPACE',''
  ) );
#1725 = ORIENTED_EDGE('',*,*,#1726,.F.);
#1726 = EDGE_CURVE('',#1653,#1675,#1727,.T.);
#1727 = SURFACE_CURVE('',#1728,(#1732,#1739),.PCURVE_S1.);
#1728 = LINE('',#1729,#1730);
#1729 = CARTESIAN_POINT('',(19.525,9.85,14.));
#1730 = VECTOR('',#1731,1.);
#1731 = DIRECTION('',(-0.,-1.,-0.));
#1732 = PCURVE('',#110,#1733);
#1733 = DEFINITIONAL_REPRESENTATION('',(#1734),#1738);
#1734 = LINE('',#1735,#1736);
#1735 = CARTESIAN_POINT('',(0.,0.424264068712));
#1736 = VECTOR('',#1737,1.);
#1737 = DIRECTION('',(1.,0.));
#1738 = ( GEOMETRIC_REPRESENTATION_CONTEXT(2) 
PARAMETRIC_REPRESENTATION_CONTEXT() REPRESENTATION_CONTEXT('2D SPACE',''
  ) );
#1739 = PCURVE('',#1740,#1745);
#1740 = PLANE('',#1741);
#1741 = AXIS2_PLACEMENT_3D('',#1742,#1743,#1744);
#1742 = CARTESIAN_POINT('',(-7.900405679056E-16,-2.,14.));
#1743 = DIRECTION('',(0.,0.,1.));
#1744 = DIRECTION('',(1.,0.,-0.));
#1745 = DEFINITIONAL_REPRESENTATION('',(#1746),#1750);
#1746 = LINE('',#1747,#1748);
#1747 = CARTESIAN_POINT('',(19.525,11.85));
#1748 = VECTOR('',#1749,1.);
#1749 = DIRECTION('',(0.,-1.));
#1750 = ( GEOMETRIC_REPRESENTATION_CONTEXT(2) 
PARAMETRIC_REPRESENTATION_CONTEXT() REPRESENTATION_CONTEXT('2D SPACE',''
  ) );
#1751 = ADVANCED_FACE('',(#1752),#71,.F.);
#1752 = FACE_BOUND('',#1753,.F.);
#1753 = EDGE_LOOP('',(#1754,#1755,#1756,#1780));
#1754 = ORIENTED_EDGE('',*,*,#54,.F.);
#1755 = ORIENTED_EDGE('',*,*,#151,.F.);
#1756 = ORIENTED_EDGE('',*,*,#1757,.T.);
#1757 = EDGE_CURVE('',#152,#1758,#1760,.T.);
#1758 = VERTEX_POINT('',#1759);
#1759 = CARTESIAN_POINT('',(15.143678713795,-17.69719772994,13.4));
#1760 = SURFACE_CURVE('',#1761,(#1767,#1774),.PCURVE_S1.);
#1761 = B_SPLINE_CURVE_WITH_KNOTS('',2,(#1762,#1763,#1764,#1765,#1766),
  .UNSPECIFIED.,.F.,.F.,(3,1,1,3),(-0.8568,6.170714980658E-14,14.,
    14.8568),.UNSPECIFIED.);
#1762 = CARTESIAN_POINT('',(15.143678713795,-17.69719772994,-0.8568));
#1763 = CARTESIAN_POINT('',(15.143678713795,-17.69719772994,-0.4284));
#1764 = CARTESIAN_POINT('',(15.143678713795,-17.69719772994,7.));
#1765 = CARTESIAN_POINT('',(15.143678713795,-17.69719772994,14.4284));
#1766 = CARTESIAN_POINT('',(15.143678713795,-17.69719772994,14.8568));
#1767 = PCURVE('',#71,#1768);
#1768 = DEFINITIONAL_REPRESENTATION('',(#1769),#1773);
#1769 = LINE('',#1770,#1771);
#1770 = CARTESIAN_POINT('',(14.,0.));
#1771 = VECTOR('',#1772,1.);
#1772 = DIRECTION('',(0.,1.));
#1773 = ( GEOMETRIC_REPRESENTATION_CONTEXT(2) 
PARAMETRIC_REPRESENTATION_CONTEXT() REPRESENTATION_CONTEXT('2D SPACE',''
  ) );
#1774 = PCURVE('',#637,#1775);
#1775 = DEFINITIONAL_REPRESENTATION('',(#1776),#1779);
#1776 = B_SPLINE_CURVE_WITH_KNOTS('',1,(#1777,#1778),.UNSPECIFIED.,.F.,
  .F.,(2,2),(6.170714980658E-14,14.),.PIECEWISE_BEZIER_KNOTS.);
#1777 = CARTESIAN_POINT('',(0.596293573708,-1.11022302461E-15));
#1778 = CARTESIAN_POINT('',(0.596293573708,14.));
#1779 = ( GEOMETRIC_REPRESENTATION_CONTEXT(2) 
PARAMETRIC_REPRESENTATION_CONTEXT() REPRESENTATION_CONTEXT('2D SPACE',''
  ) );
#1780 = ORIENTED_EDGE('',*,*,#1781,.F.);
#1781 = EDGE_CURVE('',#55,#1758,#1782,.T.);
#1782 = SURFACE_CURVE('',#1783,(#1799,#1825),.PCURVE_S1.);
#1783 = B_SPLINE_CURVE_WITH_KNOTS('',14,(#1784,#1785,#1786,#1787,#1788,
    #1789,#1790,#1791,#1792,#1793,#1794,#1795,#1796,#1797,#1798),
  .UNSPECIFIED.,.F.,.F.,(15,15),(102.41134453281,109.68597149075),
  .PIECEWISE_BEZIER_KNOTS.);
#1784 = CARTESIAN_POINT('',(20.125,-13.81943954598,13.4));
#1785 = CARTESIAN_POINT('',(20.12499999999,-14.28278472607,
    13.399999999994));
#1786 = CARTESIAN_POINT('',(20.067146218667,-14.76958362434,
    13.39999999995));
#1787 = CARTESIAN_POINT('',(19.942532498348,-15.2704590912,
    13.40000000049));
#1788 = CARTESIAN_POINT('',(19.739767942863,-15.76957196889,
    13.399999998238));
#1789 = CARTESIAN_POINT('',(19.468594073581,-16.25731878044,
    13.400000003607));
#1790 = CARTESIAN_POINT('',(19.090339067357,-16.70145707831,
    13.399999995453));
#1791 = CARTESIAN_POINT('',(18.694018172602,-17.09306630073,
    13.40000000392));
#1792 = CARTESIAN_POINT('',(18.170989906088,-17.41889328129,
    13.399999997498));
#1793 = CARTESIAN_POINT('',(17.678513894208,-17.64812220471,
    13.400000001408));
#1794 = CARTESIAN_POINT('',(17.125864972218,-17.80656842401,
    13.399999999332));
#1795 = CARTESIAN_POINT('',(16.595444743311,-17.87517582774,
    13.400000000207));
#1796 = CARTESIAN_POINT('',(16.078955807314,-17.87434688158,
    13.399999999979));
#1797 = CARTESIAN_POINT('',(15.592863854817,-17.81087035196,
    13.399999999997));
#1798 = CARTESIAN_POINT('',(15.143678713795,-17.69719772994,13.4));
#1799 = PCURVE('',#71,#1800);
#1800 = DEFINITIONAL_REPRESENTATION('',(#1801),#1824);
#1801 = B_SPLINE_CURVE_WITH_KNOTS('',11,(#1802,#1803,#1804,#1805,#1806,
    #1807,#1808,#1809,#1810,#1811,#1812,#1813,#1814,#1815,#1816,#1817,
    #1818,#1819,#1820,#1821,#1822,#1823),.UNSPECIFIED.,.F.,.F.,(12,10,12
    ),(102.41134453281,106.04865801178,109.68597149075),.UNSPECIFIED.);
#1802 = CARTESIAN_POINT('',(9.325873406851E-15,13.4));
#1803 = CARTESIAN_POINT('',(0.653914202168,13.399999999995));
#1804 = CARTESIAN_POINT('',(1.303439146543,13.399999999986));
#1805 = CARTESIAN_POINT('',(1.948758086994,13.400000000074));
#1806 = CARTESIAN_POINT('',(2.589526426923,13.399999999916));
#1807 = CARTESIAN_POINT('',(3.226883229167,13.399999999986));
#1808 = CARTESIAN_POINT('',(3.860833047271,13.400000000093));
#1809 = CARTESIAN_POINT('',(4.49160236783,13.39999999997));
#1810 = CARTESIAN_POINT('',(5.120245407854,13.400000000031));
#1811 = CARTESIAN_POINT('',(5.747299420078,13.399999999999));
#1812 = CARTESIAN_POINT('',(6.373656455618,13.400000000006));
#1813 = CARTESIAN_POINT('',(7.626369834429,13.400000000011));
#1814 = CARTESIAN_POINT('',(8.252726295724,13.400000000015));
#1815 = CARTESIAN_POINT('',(8.879866999278,13.400000000014));
#1816 = CARTESIAN_POINT('',(9.50827407856,13.400000000016));
#1817 = CARTESIAN_POINT('',(10.139363168455,13.399999999975));
#1818 = CARTESIAN_POINT('',(10.772300648086,13.400000000026));
#1819 = CARTESIAN_POINT('',(11.411038507157,13.399999999956));
#1820 = CARTESIAN_POINT('',(12.05119312714,13.400000000043));
#1821 = CARTESIAN_POINT('',(12.696559804021,13.39999999999));
#1822 = CARTESIAN_POINT('',(13.346085797824,13.399999999999));
#1823 = CARTESIAN_POINT('',(14.,13.4));
#1824 = ( GEOMETRIC_REPRESENTATION_CONTEXT(2) 
PARAMETRIC_REPRESENTATION_CONTEXT() REPRESENTATION_CONTEXT('2D SPACE',''
  ) );
#1825 = PCURVE('',#1689,#1826);
#1826 = DEFINITIONAL_REPRESENTATION('',(#1827),#1831);
#1827 = LINE('',#1828,#1829);
#1828 = CARTESIAN_POINT('',(0.,0.));
#1829 = VECTOR('',#1830,1.);
#1830 = DIRECTION('',(0.,1.));
#1831 = ( GEOMETRIC_REPRESENTATION_CONTEXT(2) 
PARAMETRIC_REPRESENTATION_CONTEXT() REPRESENTATION_CONTEXT('2D SPACE',''
  ) );
#1832 = ADVANCED_FACE('',(#1833),#637,.T.);
#1833 = FACE_BOUND('',#1834,.T.);
#1834 = EDGE_LOOP('',(#1835,#1836,#1837,#1866));
#1835 = ORIENTED_EDGE('',*,*,#622,.T.);
#1836 = ORIENTED_EDGE('',*,*,#1757,.T.);
#1837 = ORIENTED_EDGE('',*,*,#1838,.T.);
#1838 = EDGE_CURVE('',#1758,#1839,#1841,.T.);
#1839 = VERTEX_POINT('',#1840);
#1840 = CARTESIAN_POINT('',(12.633283728133,-16.17181919415,13.4));
#1841 = SURFACE_CURVE('',#1842,(#1847,#1854),.PCURVE_S1.);
#1842 = CIRCLE('',#1843,5.);
#1843 = AXIS2_PLACEMENT_3D('',#1844,#1845,#1846);
#1844 = CARTESIAN_POINT('',(16.370330321552,-12.85,13.4));
#1845 = DIRECTION('',(-0.,0.,-1.));
#1846 = DIRECTION('',(-0.245330321551,-0.969439545989,0.));
#1847 = PCURVE('',#637,#1848);
#1848 = DEFINITIONAL_REPRESENTATION('',(#1849),#1853);
#1849 = LINE('',#1850,#1851);
#1850 = CARTESIAN_POINT('',(0.596293573708,13.4));
#1851 = VECTOR('',#1852,1.);
#1852 = DIRECTION('',(-1.,-0.));
#1853 = ( GEOMETRIC_REPRESENTATION_CONTEXT(2) 
PARAMETRIC_REPRESENTATION_CONTEXT() REPRESENTATION_CONTEXT('2D SPACE',''
  ) );
#1854 = PCURVE('',#1855,#1860);
#1855 = CONICAL_SURFACE('',#1856,5.,0.785398163397);
#1856 = AXIS2_PLACEMENT_3D('',#1857,#1858,#1859);
#1857 = CARTESIAN_POINT('',(16.370330321552,-12.85,13.4));
#1858 = DIRECTION('',(-0.,-0.,-1.));
#1859 = DIRECTION('',(-0.245330321551,-0.969439545989,0.));
#1860 = DEFINITIONAL_REPRESENTATION('',(#1861),#1865);
#1861 = LINE('',#1862,#1863);
#1862 = CARTESIAN_POINT('',(0.,-0.));
#1863 = VECTOR('',#1864,1.);
#1864 = DIRECTION('',(1.,-0.));
#1865 = ( GEOMETRIC_REPRESENTATION_CONTEXT(2) 
PARAMETRIC_REPRESENTATION_CONTEXT() REPRESENTATION_CONTEXT('2D SPACE',''
  ) );
#1866 = ORIENTED_EDGE('',*,*,#1867,.F.);
#1867 = EDGE_CURVE('',#597,#1839,#1868,.T.);
#1868 = SURFACE_CURVE('',#1869,(#1873,#1880),.PCURVE_S1.);
#1869 = LINE('',#1870,#1871);
#1870 = CARTESIAN_POINT('',(12.633283728133,-16.17181919415,0.));
#1871 = VECTOR('',#1872,1.);
#1872 = DIRECTION('',(0.,0.,1.));
#1873 = PCURVE('',#637,#1874);
#1874 = DEFINITIONAL_REPRESENTATION('',(#1875),#1879);
#1875 = LINE('',#1876,#1877);
#1876 = CARTESIAN_POINT('',(0.,0.));
#1877 = VECTOR('',#1878,1.);
#1878 = DIRECTION('',(0.,1.));
#1879 = ( GEOMETRIC_REPRESENTATION_CONTEXT(2) 
PARAMETRIC_REPRESENTATION_CONTEXT() REPRESENTATION_CONTEXT('2D SPACE',''
  ) );
#1880 = PCURVE('',#611,#1881);
#1881 = DEFINITIONAL_REPRESENTATION('',(#1882),#1886);
#1882 = LINE('',#1883,#1884);
#1883 = CARTESIAN_POINT('',(3.775466967845,0.));
#1884 = VECTOR('',#1885,1.);
#1885 = DIRECTION('',(0.,-1.));
#1886 = ( GEOMETRIC_REPRESENTATION_CONTEXT(2) 
PARAMETRIC_REPRESENTATION_CONTEXT() REPRESENTATION_CONTEXT('2D SPACE',''
  ) );
#1887 = ADVANCED_FACE('',(#1888),#611,.F.);
#1888 = FACE_BOUND('',#1889,.F.);
#1889 = EDGE_LOOP('',(#1890,#1891,#1914,#1940));
#1890 = ORIENTED_EDGE('',*,*,#596,.F.);
#1891 = ORIENTED_EDGE('',*,*,#1892,.T.);
#1892 = EDGE_CURVE('',#568,#1893,#1895,.T.);
#1893 = VERTEX_POINT('',#1894);
#1894 = CARTESIAN_POINT('',(11.616716271867,-15.02818080585,13.4));
#1895 = SURFACE_CURVE('',#1896,(#1900,#1907),.PCURVE_S1.);
#1896 = LINE('',#1897,#1898);
#1897 = CARTESIAN_POINT('',(11.616716271867,-15.02818080585,0.));
#1898 = VECTOR('',#1899,1.);
#1899 = DIRECTION('',(0.,0.,1.));
#1900 = PCURVE('',#611,#1901);
#1901 = DEFINITIONAL_REPRESENTATION('',(#1902),#1906);
#1902 = LINE('',#1903,#1904);
#1903 = CARTESIAN_POINT('',(2.245330321551,0.));
#1904 = VECTOR('',#1905,1.);
#1905 = DIRECTION('',(0.,-1.));
#1906 = ( GEOMETRIC_REPRESENTATION_CONTEXT(2) 
PARAMETRIC_REPRESENTATION_CONTEXT() REPRESENTATION_CONTEXT('2D SPACE',''
  ) );
#1907 = PCURVE('',#584,#1908);
#1908 = DEFINITIONAL_REPRESENTATION('',(#1909),#1913);
#1909 = LINE('',#1910,#1911);
#1910 = CARTESIAN_POINT('',(-0.844153986113,0.));
#1911 = VECTOR('',#1912,1.);
#1912 = DIRECTION('',(-0.,1.));
#1913 = ( GEOMETRIC_REPRESENTATION_CONTEXT(2) 
PARAMETRIC_REPRESENTATION_CONTEXT() REPRESENTATION_CONTEXT('2D SPACE',''
  ) );
#1914 = ORIENTED_EDGE('',*,*,#1915,.F.);
#1915 = EDGE_CURVE('',#1839,#1893,#1916,.T.);
#1916 = SURFACE_CURVE('',#1917,(#1921,#1928),.PCURVE_S1.);
#1917 = LINE('',#1918,#1919);
#1918 = CARTESIAN_POINT('',(12.633283728133,-16.17181919415,13.4));
#1919 = VECTOR('',#1920,1.);
#1920 = DIRECTION('',(-0.66436383883,0.747409318684,-0.));
#1921 = PCURVE('',#611,#1922);
#1922 = DEFINITIONAL_REPRESENTATION('',(#1923),#1927);
#1923 = LINE('',#1924,#1925);
#1924 = CARTESIAN_POINT('',(3.775466967845,-13.4));
#1925 = VECTOR('',#1926,1.);
#1926 = DIRECTION('',(-1.,0.));
#1927 = ( GEOMETRIC_REPRESENTATION_CONTEXT(2) 
PARAMETRIC_REPRESENTATION_CONTEXT() REPRESENTATION_CONTEXT('2D SPACE',''
  ) );
#1928 = PCURVE('',#1929,#1934);
#1929 = PLANE('',#1930);
#1930 = AXIS2_PLACEMENT_3D('',#1931,#1932,#1933);
#1931 = CARTESIAN_POINT('',(12.857506523738,-15.9725100425,13.7));
#1932 = DIRECTION('',(0.528498197563,0.469776175612,-0.707106781187));
#1933 = DIRECTION('',(-0.66436383883,0.747409318684,2.775557561563E-17)
  );
#1934 = DEFINITIONAL_REPRESENTATION('',(#1935),#1939);
#1935 = LINE('',#1936,#1937);
#1936 = CARTESIAN_POINT('',(0.,-0.424264068712));
#1937 = VECTOR('',#1938,1.);
#1938 = DIRECTION('',(1.,0.));
#1939 = ( GEOMETRIC_REPRESENTATION_CONTEXT(2) 
PARAMETRIC_REPRESENTATION_CONTEXT() REPRESENTATION_CONTEXT('2D SPACE',''
  ) );
#1940 = ORIENTED_EDGE('',*,*,#1867,.F.);
#1941 = ADVANCED_FACE('',(#1942),#584,.F.);
#1942 = FACE_BOUND('',#1943,.T.);
#1943 = EDGE_LOOP('',(#1944,#1967,#1968,#1969));
#1944 = ORIENTED_EDGE('',*,*,#1945,.F.);
#1945 = EDGE_CURVE('',#542,#1946,#1948,.T.);
#1946 = VERTEX_POINT('',#1947);
#1947 = CARTESIAN_POINT('',(7.879669678449,-13.35,13.4));
#1948 = SURFACE_CURVE('',#1949,(#1953,#1960),.PCURVE_S1.);
#1949 = LINE('',#1950,#1951);
#1950 = CARTESIAN_POINT('',(7.879669678449,-13.35,0.));
#1951 = VECTOR('',#1952,1.);
#1952 = DIRECTION('',(0.,0.,1.));
#1953 = PCURVE('',#584,#1954);
#1954 = DEFINITIONAL_REPRESENTATION('',(#1955),#1959);
#1955 = LINE('',#1956,#1957);
#1956 = CARTESIAN_POINT('',(-0.,0.));
#1957 = VECTOR('',#1958,1.);
#1958 = DIRECTION('',(-0.,1.));
#1959 = ( GEOMETRIC_REPRESENTATION_CONTEXT(2) 
PARAMETRIC_REPRESENTATION_CONTEXT() REPRESENTATION_CONTEXT('2D SPACE',''
  ) );
#1960 = PCURVE('',#556,#1961);
#1961 = DEFINITIONAL_REPRESENTATION('',(#1962),#1966);
#1962 = LINE('',#1963,#1964);
#1963 = CARTESIAN_POINT('',(7.879669678449,0.));
#1964 = VECTOR('',#1965,1.);
#1965 = DIRECTION('',(0.,-1.));
#1966 = ( GEOMETRIC_REPRESENTATION_CONTEXT(2) 
PARAMETRIC_REPRESENTATION_CONTEXT() REPRESENTATION_CONTEXT('2D SPACE',''
  ) );
#1967 = ORIENTED_EDGE('',*,*,#567,.F.);
#1968 = ORIENTED_EDGE('',*,*,#1892,.T.);
#1969 = ORIENTED_EDGE('',*,*,#1970,.T.);
#1970 = EDGE_CURVE('',#1893,#1946,#1971,.T.);
#1971 = SURFACE_CURVE('',#1972,(#1977,#1984),.PCURVE_S1.);
#1972 = CIRCLE('',#1973,5.);
#1973 = AXIS2_PLACEMENT_3D('',#1974,#1975,#1976);
#1974 = CARTESIAN_POINT('',(7.879669678449,-18.35,13.4));
#1975 = DIRECTION('',(0.,0.,1.));
#1976 = DIRECTION('',(0.747409318684,0.66436383883,-0.));
#1977 = PCURVE('',#584,#1978);
#1978 = DEFINITIONAL_REPRESENTATION('',(#1979),#1983);
#1979 = LINE('',#1980,#1981);
#1980 = CARTESIAN_POINT('',(-0.844153986113,13.4));
#1981 = VECTOR('',#1982,1.);
#1982 = DIRECTION('',(1.,-0.));
#1983 = ( GEOMETRIC_REPRESENTATION_CONTEXT(2) 
PARAMETRIC_REPRESENTATION_CONTEXT() REPRESENTATION_CONTEXT('2D SPACE',''
  ) );
#1984 = PCURVE('',#1985,#1990);
#1985 = CONICAL_SURFACE('',#1986,5.,0.785398163397);
#1986 = AXIS2_PLACEMENT_3D('',#1987,#1988,#1989);
#1987 = CARTESIAN_POINT('',(7.879669678449,-18.35,13.4));
#1988 = DIRECTION('',(0.,0.,1.));
#1989 = DIRECTION('',(0.747409318684,0.66436383883,-0.));
#1990 = DEFINITIONAL_REPRESENTATION('',(#1991),#1995);
#1991 = LINE('',#1992,#1993);
#1992 = CARTESIAN_POINT('',(0.,0.));
#1993 = VECTOR('',#1994,1.);
#1994 = DIRECTION('',(1.,0.));
#1995 = ( GEOMETRIC_REPRESENTATION_CONTEXT(2) 
PARAMETRIC_REPRESENTATION_CONTEXT() REPRESENTATION_CONTEXT('2D SPACE',''
  ) );
#1996 = ADVANCED_FACE('',(#1997),#283,.F.);
#1997 = FACE_BOUND('',#1998,.F.);
#1998 = EDGE_LOOP('',(#1999,#2000,#2001,#2029));
#1999 = ORIENTED_EDGE('',*,*,#268,.F.);
#2000 = ORIENTED_EDGE('',*,*,#1597,.T.);
#2001 = ORIENTED_EDGE('',*,*,#2002,.F.);
#2002 = EDGE_CURVE('',#2003,#1598,#2005,.T.);
#2003 = VERTEX_POINT('',#2004);
#2004 = CARTESIAN_POINT('',(-16.125,13.85,13.4));
#2005 = SURFACE_CURVE('',#2006,(#2010,#2017),.PCURVE_S1.);
#2006 = LINE('',#2007,#2008);
#2007 = CARTESIAN_POINT('',(-16.125,13.85,13.4));
#2008 = VECTOR('',#2009,1.);
#2009 = DIRECTION('',(1.,-0.,-0.));
#2010 = PCURVE('',#283,#2011);
#2011 = DEFINITIONAL_REPRESENTATION('',(#2012),#2016);
#2012 = LINE('',#2013,#2014);
#2013 = CARTESIAN_POINT('',(36.250000000001,-13.4));
#2014 = VECTOR('',#2015,1.);
#2015 = DIRECTION('',(-1.,0.));
#2016 = ( GEOMETRIC_REPRESENTATION_CONTEXT(2) 
PARAMETRIC_REPRESENTATION_CONTEXT() REPRESENTATION_CONTEXT('2D SPACE',''
  ) );
#2017 = PCURVE('',#2018,#2023);
#2018 = PLANE('',#2019);
#2019 = AXIS2_PLACEMENT_3D('',#2020,#2021,#2022);
#2020 = CARTESIAN_POINT('',(-16.125,13.55,13.7));
#2021 = DIRECTION('',(0.,-0.707106781187,-0.707106781187));
#2022 = DIRECTION('',(1.,0.,0.));
#2023 = DEFINITIONAL_REPRESENTATION('',(#2024),#2028);
#2024 = LINE('',#2025,#2026);
#2025 = CARTESIAN_POINT('',(0.,-0.424264068712));
#2026 = VECTOR('',#2027,1.);
#2027 = DIRECTION('',(1.,0.));
#2028 = ( GEOMETRIC_REPRESENTATION_CONTEXT(2) 
PARAMETRIC_REPRESENTATION_CONTEXT() REPRESENTATION_CONTEXT('2D SPACE',''
  ) );
#2029 = ORIENTED_EDGE('',*,*,#2030,.F.);
#2030 = EDGE_CURVE('',#269,#2003,#2031,.T.);
#2031 = SURFACE_CURVE('',#2032,(#2036,#2043),.PCURVE_S1.);
#2032 = LINE('',#2033,#2034);
#2033 = CARTESIAN_POINT('',(-16.125,13.85,0.));
#2034 = VECTOR('',#2035,1.);
#2035 = DIRECTION('',(0.,0.,1.));
#2036 = PCURVE('',#283,#2037);
#2037 = DEFINITIONAL_REPRESENTATION('',(#2038),#2042);
#2038 = LINE('',#2039,#2040);
#2039 = CARTESIAN_POINT('',(36.250000000001,0.));
#2040 = VECTOR('',#2041,1.);
#2041 = DIRECTION('',(0.,-1.));
#2042 = ( GEOMETRIC_REPRESENTATION_CONTEXT(2) 
PARAMETRIC_REPRESENTATION_CONTEXT() REPRESENTATION_CONTEXT('2D SPACE',''
  ) );
#2043 = PCURVE('',#311,#2044);
#2044 = DEFINITIONAL_REPRESENTATION('',(#2045),#2049);
#2045 = LINE('',#2046,#2047);
#2046 = CARTESIAN_POINT('',(-1.570796326795,0.));
#2047 = VECTOR('',#2048,1.);
#2048 = DIRECTION('',(-0.,1.));
#2049 = ( GEOMETRIC_REPRESENTATION_CONTEXT(2) 
PARAMETRIC_REPRESENTATION_CONTEXT() REPRESENTATION_CONTEXT('2D SPACE',''
  ) );
#2050 = ADVANCED_FACE('',(#2051),#556,.F.);
#2051 = FACE_BOUND('',#2052,.F.);
#2052 = EDGE_LOOP('',(#2053,#2054,#2077,#2103));
#2053 = ORIENTED_EDGE('',*,*,#541,.F.);
#2054 = ORIENTED_EDGE('',*,*,#2055,.T.);
#2055 = EDGE_CURVE('',#513,#2056,#2058,.T.);
#2056 = VERTEX_POINT('',#2057);
#2057 = CARTESIAN_POINT('',(-7.879669678449,-13.35,13.4));
#2058 = SURFACE_CURVE('',#2059,(#2063,#2070),.PCURVE_S1.);
#2059 = LINE('',#2060,#2061);
#2060 = CARTESIAN_POINT('',(-7.879669678449,-13.35,0.));
#2061 = VECTOR('',#2062,1.);
#2062 = DIRECTION('',(-0.,-0.,1.));
#2063 = PCURVE('',#556,#2064);
#2064 = DEFINITIONAL_REPRESENTATION('',(#2065),#2069);
#2065 = LINE('',#2066,#2067);
#2066 = CARTESIAN_POINT('',(-7.879669678449,0.));
#2067 = VECTOR('',#2068,1.);
#2068 = DIRECTION('',(0.,-1.));
#2069 = ( GEOMETRIC_REPRESENTATION_CONTEXT(2) 
PARAMETRIC_REPRESENTATION_CONTEXT() REPRESENTATION_CONTEXT('2D SPACE',''
  ) );
#2070 = PCURVE('',#529,#2071);
#2071 = DEFINITIONAL_REPRESENTATION('',(#2072),#2076);
#2072 = LINE('',#2073,#2074);
#2073 = CARTESIAN_POINT('',(0.,0.));
#2074 = VECTOR('',#2075,1.);
#2075 = DIRECTION('',(0.,1.));
#2076 = ( GEOMETRIC_REPRESENTATION_CONTEXT(2) 
PARAMETRIC_REPRESENTATION_CONTEXT() REPRESENTATION_CONTEXT('2D SPACE',''
  ) );
#2077 = ORIENTED_EDGE('',*,*,#2078,.F.);
#2078 = EDGE_CURVE('',#1946,#2056,#2079,.T.);
#2079 = SURFACE_CURVE('',#2080,(#2084,#2091),.PCURVE_S1.);
#2080 = LINE('',#2081,#2082);
#2081 = CARTESIAN_POINT('',(7.879669678449,-13.35,13.4));
#2082 = VECTOR('',#2083,1.);
#2083 = DIRECTION('',(-1.,-0.,-0.));
#2084 = PCURVE('',#556,#2085);
#2085 = DEFINITIONAL_REPRESENTATION('',(#2086),#2090);
#2086 = LINE('',#2087,#2088);
#2087 = CARTESIAN_POINT('',(7.879669678449,-13.4));
#2088 = VECTOR('',#2089,1.);
#2089 = DIRECTION('',(-1.,0.));
#2090 = ( GEOMETRIC_REPRESENTATION_CONTEXT(2) 
PARAMETRIC_REPRESENTATION_CONTEXT() REPRESENTATION_CONTEXT('2D SPACE',''
  ) );
#2091 = PCURVE('',#2092,#2097);
#2092 = PLANE('',#2093);
#2093 = AXIS2_PLACEMENT_3D('',#2094,#2095,#2096);
#2094 = CARTESIAN_POINT('',(7.879669678449,-13.05,13.7));
#2095 = DIRECTION('',(0.,0.707106781187,-0.707106781187));
#2096 = DIRECTION('',(-1.,0.,-0.));
#2097 = DEFINITIONAL_REPRESENTATION('',(#2098),#2102);
#2098 = LINE('',#2099,#2100);
#2099 = CARTESIAN_POINT('',(0.,-0.424264068712));
#2100 = VECTOR('',#2101,1.);
#2101 = DIRECTION('',(1.,0.));
#2102 = ( GEOMETRIC_REPRESENTATION_CONTEXT(2) 
PARAMETRIC_REPRESENTATION_CONTEXT() REPRESENTATION_CONTEXT('2D SPACE',''
  ) );
#2103 = ORIENTED_EDGE('',*,*,#1945,.F.);
#2104 = ADVANCED_FACE('',(#2105),#311,.T.);
#2105 = FACE_BOUND('',#2106,.F.);
#2106 = EDGE_LOOP('',(#2107,#2130,#2131,#2132));
#2107 = ORIENTED_EDGE('',*,*,#2108,.F.);
#2108 = EDGE_CURVE('',#295,#2109,#2111,.T.);
#2109 = VERTEX_POINT('',#2110);
#2110 = CARTESIAN_POINT('',(-20.125,9.85,13.4));
#2111 = SURFACE_CURVE('',#2112,(#2116,#2123),.PCURVE_S1.);
#2112 = LINE('',#2113,#2114);
#2113 = CARTESIAN_POINT('',(-20.125,9.85,0.));
#2114 = VECTOR('',#2115,1.);
#2115 = DIRECTION('',(0.,0.,1.));
#2116 = PCURVE('',#311,#2117);
#2117 = DEFINITIONAL_REPRESENTATION('',(#2118),#2122);
#2118 = LINE('',#2119,#2120);
#2119 = CARTESIAN_POINT('',(-0.,0.));
#2120 = VECTOR('',#2121,1.);
#2121 = DIRECTION('',(-0.,1.));
#2122 = ( GEOMETRIC_REPRESENTATION_CONTEXT(2) 
PARAMETRIC_REPRESENTATION_CONTEXT() REPRESENTATION_CONTEXT('2D SPACE',''
  ) );
#2123 = PCURVE('',#338,#2124);
#2124 = DEFINITIONAL_REPRESENTATION('',(#2125),#2129);
#2125 = LINE('',#2126,#2127);
#2126 = CARTESIAN_POINT('',(4.,0.));
#2127 = VECTOR('',#2128,1.);
#2128 = DIRECTION('',(0.,-1.));
#2129 = ( GEOMETRIC_REPRESENTATION_CONTEXT(2) 
PARAMETRIC_REPRESENTATION_CONTEXT() REPRESENTATION_CONTEXT('2D SPACE',''
  ) );
#2130 = ORIENTED_EDGE('',*,*,#294,.F.);
#2131 = ORIENTED_EDGE('',*,*,#2030,.T.);
#2132 = ORIENTED_EDGE('',*,*,#2133,.F.);
#2133 = EDGE_CURVE('',#2109,#2003,#2134,.T.);
#2134 = SURFACE_CURVE('',#2135,(#2140,#2147),.PCURVE_S1.);
#2135 = CIRCLE('',#2136,4.);
#2136 = AXIS2_PLACEMENT_3D('',#2137,#2138,#2139);
#2137 = CARTESIAN_POINT('',(-16.125,9.85,13.4));
#2138 = DIRECTION('',(-0.,0.,-1.));
#2139 = DIRECTION('',(-1.,0.,0.));
#2140 = PCURVE('',#311,#2141);
#2141 = DEFINITIONAL_REPRESENTATION('',(#2142),#2146);
#2142 = LINE('',#2143,#2144);
#2143 = CARTESIAN_POINT('',(-0.,13.4));
#2144 = VECTOR('',#2145,1.);
#2145 = DIRECTION('',(-1.,0.));
#2146 = ( GEOMETRIC_REPRESENTATION_CONTEXT(2) 
PARAMETRIC_REPRESENTATION_CONTEXT() REPRESENTATION_CONTEXT('2D SPACE',''
  ) );
#2147 = PCURVE('',#2148,#2153);
#2148 = CONICAL_SURFACE('',#2149,4.,0.785398163397);
#2149 = AXIS2_PLACEMENT_3D('',#2150,#2151,#2152);
#2150 = CARTESIAN_POINT('',(-16.125,9.85,13.4));
#2151 = DIRECTION('',(-0.,-0.,-1.));
#2152 = DIRECTION('',(-1.,0.,0.));
#2153 = DEFINITIONAL_REPRESENTATION('',(#2154),#2158);
#2154 = LINE('',#2155,#2156);
#2155 = CARTESIAN_POINT('',(0.,-0.));
#2156 = VECTOR('',#2157,1.);
#2157 = DIRECTION('',(1.,-0.));
#2158 = ( GEOMETRIC_REPRESENTATION_CONTEXT(2) 
PARAMETRIC_REPRESENTATION_CONTEXT() REPRESENTATION_CONTEXT('2D SPACE',''
  ) );
#2159 = ADVANCED_FACE('',(#2160),#529,.F.);
#2160 = FACE_BOUND('',#2161,.F.);
#2161 = EDGE_LOOP('',(#2162,#2163,#2164,#2187));
#2162 = ORIENTED_EDGE('',*,*,#2055,.F.);
#2163 = ORIENTED_EDGE('',*,*,#512,.T.);
#2164 = ORIENTED_EDGE('',*,*,#2165,.T.);
#2165 = EDGE_CURVE('',#487,#2166,#2168,.T.);
#2166 = VERTEX_POINT('',#2167);
#2167 = CARTESIAN_POINT('',(-11.61671627186,-15.02818080585,13.4));
#2168 = SURFACE_CURVE('',#2169,(#2173,#2180),.PCURVE_S1.);
#2169 = LINE('',#2170,#2171);
#2170 = CARTESIAN_POINT('',(-11.61671627186,-15.02818080585,0.));
#2171 = VECTOR('',#2172,1.);
#2172 = DIRECTION('',(-0.,-0.,1.));
#2173 = PCURVE('',#529,#2174);
#2174 = DEFINITIONAL_REPRESENTATION('',(#2175),#2179);
#2175 = LINE('',#2176,#2177);
#2176 = CARTESIAN_POINT('',(0.844153986113,0.));
#2177 = VECTOR('',#2178,1.);
#2178 = DIRECTION('',(0.,1.));
#2179 = ( GEOMETRIC_REPRESENTATION_CONTEXT(2) 
PARAMETRIC_REPRESENTATION_CONTEXT() REPRESENTATION_CONTEXT('2D SPACE',''
  ) );
#2180 = PCURVE('',#501,#2181);
#2181 = DEFINITIONAL_REPRESENTATION('',(#2182),#2186);
#2182 = LINE('',#2183,#2184);
#2183 = CARTESIAN_POINT('',(-2.245330321551,0.));
#2184 = VECTOR('',#2185,1.);
#2185 = DIRECTION('',(-0.,-1.));
#2186 = ( GEOMETRIC_REPRESENTATION_CONTEXT(2) 
PARAMETRIC_REPRESENTATION_CONTEXT() REPRESENTATION_CONTEXT('2D SPACE',''
  ) );
#2187 = ORIENTED_EDGE('',*,*,#2188,.F.);
#2188 = EDGE_CURVE('',#2056,#2166,#2189,.T.);
#2189 = SURFACE_CURVE('',#2190,(#2195,#2202),.PCURVE_S1.);
#2190 = CIRCLE('',#2191,5.);
#2191 = AXIS2_PLACEMENT_3D('',#2192,#2193,#2194);
#2192 = CARTESIAN_POINT('',(-7.879669678449,-18.35,13.4));
#2193 = DIRECTION('',(0.,0.,1.));
#2194 = DIRECTION('',(1.7763568394E-16,1.,-0.));
#2195 = PCURVE('',#529,#2196);
#2196 = DEFINITIONAL_REPRESENTATION('',(#2197),#2201);
#2197 = LINE('',#2198,#2199);
#2198 = CARTESIAN_POINT('',(0.,13.4));
#2199 = VECTOR('',#2200,1.);
#2200 = DIRECTION('',(1.,0.));
#2201 = ( GEOMETRIC_REPRESENTATION_CONTEXT(2) 
PARAMETRIC_REPRESENTATION_CONTEXT() REPRESENTATION_CONTEXT('2D SPACE',''
  ) );
#2202 = PCURVE('',#2203,#2208);
#2203 = CONICAL_SURFACE('',#2204,5.,0.785398163397);
#2204 = AXIS2_PLACEMENT_3D('',#2205,#2206,#2207);
#2205 = CARTESIAN_POINT('',(-7.879669678449,-18.35,13.4));
#2206 = DIRECTION('',(0.,0.,1.));
#2207 = DIRECTION('',(1.7763568394E-16,1.,-0.));
#2208 = DEFINITIONAL_REPRESENTATION('',(#2209),#2213);
#2209 = LINE('',#2210,#2211);
#2210 = CARTESIAN_POINT('',(0.,0.));
#2211 = VECTOR('',#2212,1.);
#2212 = DIRECTION('',(1.,0.));
#2213 = ( GEOMETRIC_REPRESENTATION_CONTEXT(2) 
PARAMETRIC_REPRESENTATION_CONTEXT() REPRESENTATION_CONTEXT('2D SPACE',''
  ) );
#2214 = ADVANCED_FACE('',(#2215),#338,.F.);
#2215 = FACE_BOUND('',#2216,.F.);
#2216 = EDGE_LOOP('',(#2217,#2241,#2242,#2243));
#2217 = ORIENTED_EDGE('',*,*,#2218,.F.);
#2218 = EDGE_CURVE('',#324,#2219,#2221,.T.);
#2219 = VERTEX_POINT('',#2220);
#2220 = CARTESIAN_POINT('',(-20.125,-13.81943954598,13.4));
#2221 = SURFACE_CURVE('',#2222,(#2228,#2234),.PCURVE_S1.);
#2222 = B_SPLINE_CURVE_WITH_KNOTS('',2,(#2223,#2224,#2225,#2226,#2227),
  .UNSPECIFIED.,.F.,.F.,(3,1,1,3),(-0.8568,6.227006757453E-14,14.,
    14.8568),.UNSPECIFIED.);
#2223 = CARTESIAN_POINT('',(-20.125,-13.81943954598,-0.8568));
#2224 = CARTESIAN_POINT('',(-20.125,-13.81943954598,-0.4284));
#2225 = CARTESIAN_POINT('',(-20.125,-13.81943954598,7.));
#2226 = CARTESIAN_POINT('',(-20.125,-13.81943954598,14.4284));
#2227 = CARTESIAN_POINT('',(-20.125,-13.81943954598,14.8568));
#2228 = PCURVE('',#338,#2229);
#2229 = DEFINITIONAL_REPRESENTATION('',(#2230),#2233);
#2230 = B_SPLINE_CURVE_WITH_KNOTS('',1,(#2231,#2232),.UNSPECIFIED.,.F.,
  .F.,(2,2),(6.227006757453E-14,14.),.PIECEWISE_BEZIER_KNOTS.);
#2231 = CARTESIAN_POINT('',(27.66943954599,-2.6645352591E-15));
#2232 = CARTESIAN_POINT('',(27.66943954599,-14.));
#2233 = ( GEOMETRIC_REPRESENTATION_CONTEXT(2) 
PARAMETRIC_REPRESENTATION_CONTEXT() REPRESENTATION_CONTEXT('2D SPACE',''
  ) );
#2234 = PCURVE('',#411,#2235);
#2235 = DEFINITIONAL_REPRESENTATION('',(#2236),#2240);
#2236 = LINE('',#2237,#2238);
#2237 = CARTESIAN_POINT('',(0.,0.));
#2238 = VECTOR('',#2239,1.);
#2239 = DIRECTION('',(0.,1.));
#2240 = ( GEOMETRIC_REPRESENTATION_CONTEXT(2) 
PARAMETRIC_REPRESENTATION_CONTEXT() REPRESENTATION_CONTEXT('2D SPACE',''
  ) );
#2241 = ORIENTED_EDGE('',*,*,#323,.F.);
#2242 = ORIENTED_EDGE('',*,*,#2108,.T.);
#2243 = ORIENTED_EDGE('',*,*,#2244,.F.);
#2244 = EDGE_CURVE('',#2219,#2109,#2245,.T.);
#2245 = SURFACE_CURVE('',#2246,(#2250,#2257),.PCURVE_S1.);
#2246 = LINE('',#2247,#2248);
#2247 = CARTESIAN_POINT('',(-20.125,-13.81943954598,13.4));
#2248 = VECTOR('',#2249,1.);
#2249 = DIRECTION('',(-0.,1.,-0.));
#2250 = PCURVE('',#338,#2251);
#2251 = DEFINITIONAL_REPRESENTATION('',(#2252),#2256);
#2252 = LINE('',#2253,#2254);
#2253 = CARTESIAN_POINT('',(27.66943954599,-13.4));
#2254 = VECTOR('',#2255,1.);
#2255 = DIRECTION('',(-1.,0.));
#2256 = ( GEOMETRIC_REPRESENTATION_CONTEXT(2) 
PARAMETRIC_REPRESENTATION_CONTEXT() REPRESENTATION_CONTEXT('2D SPACE',''
  ) );
#2257 = PCURVE('',#2258,#2263);
#2258 = PLANE('',#2259);
#2259 = AXIS2_PLACEMENT_3D('',#2260,#2261,#2262);
#2260 = CARTESIAN_POINT('',(-19.825,-13.81943954598,13.7));
#2261 = DIRECTION('',(0.707106781187,-6.963829119075E-18,-0.707106781187
    ));
#2262 = DIRECTION('',(4.924170793122E-18,1.,-4.924170793122E-18));
#2263 = DEFINITIONAL_REPRESENTATION('',(#2264),#2268);
#2264 = LINE('',#2265,#2266);
#2265 = CARTESIAN_POINT('',(0.,-0.424264068712));
#2266 = VECTOR('',#2267,1.);
#2267 = DIRECTION('',(1.,0.));
#2268 = ( GEOMETRIC_REPRESENTATION_CONTEXT(2) 
PARAMETRIC_REPRESENTATION_CONTEXT() REPRESENTATION_CONTEXT('2D SPACE',''
  ) );
#2269 = ADVANCED_FACE('',(#2270),#501,.F.);
#2270 = FACE_BOUND('',#2271,.T.);
#2271 = EDGE_LOOP('',(#2272,#2273,#2274,#2302));
#2272 = ORIENTED_EDGE('',*,*,#486,.F.);
#2273 = ORIENTED_EDGE('',*,*,#2165,.T.);
#2274 = ORIENTED_EDGE('',*,*,#2275,.T.);
#2275 = EDGE_CURVE('',#2166,#2276,#2278,.T.);
#2276 = VERTEX_POINT('',#2277);
#2277 = CARTESIAN_POINT('',(-12.63328372813,-16.17181919415,13.4));
#2278 = SURFACE_CURVE('',#2279,(#2283,#2290),.PCURVE_S1.);
#2279 = LINE('',#2280,#2281);
#2280 = CARTESIAN_POINT('',(-11.61671627186,-15.02818080585,13.4));
#2281 = VECTOR('',#2282,1.);
#2282 = DIRECTION('',(-0.66436383883,-0.747409318684,-0.));
#2283 = PCURVE('',#501,#2284);
#2284 = DEFINITIONAL_REPRESENTATION('',(#2285),#2289);
#2285 = LINE('',#2286,#2287);
#2286 = CARTESIAN_POINT('',(-2.245330321551,-13.4));
#2287 = VECTOR('',#2288,1.);
#2288 = DIRECTION('',(-1.,0.));
#2289 = ( GEOMETRIC_REPRESENTATION_CONTEXT(2) 
PARAMETRIC_REPRESENTATION_CONTEXT() REPRESENTATION_CONTEXT('2D SPACE',''
  ) );
#2290 = PCURVE('',#2291,#2296);
#2291 = PLANE('',#2292);
#2292 = AXIS2_PLACEMENT_3D('',#2293,#2294,#2295);
#2293 = CARTESIAN_POINT('',(-11.84093906747,-14.8288716542,13.7));
#2294 = DIRECTION('',(0.528498197563,-0.469776175612,0.707106781187));
#2295 = DIRECTION('',(0.66436383883,0.747409318684,-2.775557561563E-17)
  );
#2296 = DEFINITIONAL_REPRESENTATION('',(#2297),#2301);
#2297 = LINE('',#2298,#2299);
#2298 = CARTESIAN_POINT('',(-0.,-0.424264068712));
#2299 = VECTOR('',#2300,1.);
#2300 = DIRECTION('',(-1.,0.));
#2301 = ( GEOMETRIC_REPRESENTATION_CONTEXT(2) 
PARAMETRIC_REPRESENTATION_CONTEXT() REPRESENTATION_CONTEXT('2D SPACE',''
  ) );
#2302 = ORIENTED_EDGE('',*,*,#2303,.F.);
#2303 = EDGE_CURVE('',#458,#2276,#2304,.T.);
#2304 = SURFACE_CURVE('',#2305,(#2309,#2316),.PCURVE_S1.);
#2305 = LINE('',#2306,#2307);
#2306 = CARTESIAN_POINT('',(-12.63328372813,-16.17181919415,0.));
#2307 = VECTOR('',#2308,1.);
#2308 = DIRECTION('',(-0.,-0.,1.));
#2309 = PCURVE('',#501,#2310);
#2310 = DEFINITIONAL_REPRESENTATION('',(#2311),#2315);
#2311 = LINE('',#2312,#2313);
#2312 = CARTESIAN_POINT('',(-3.775466967845,0.));
#2313 = VECTOR('',#2314,1.);
#2314 = DIRECTION('',(-0.,-1.));
#2315 = ( GEOMETRIC_REPRESENTATION_CONTEXT(2) 
PARAMETRIC_REPRESENTATION_CONTEXT() REPRESENTATION_CONTEXT('2D SPACE',''
  ) );
#2316 = PCURVE('',#474,#2317);
#2317 = DEFINITIONAL_REPRESENTATION('',(#2318),#2322);
#2318 = LINE('',#2319,#2320);
#2319 = CARTESIAN_POINT('',(-0.,0.));
#2320 = VECTOR('',#2321,1.);
#2321 = DIRECTION('',(-0.,1.));
#2322 = ( GEOMETRIC_REPRESENTATION_CONTEXT(2) 
PARAMETRIC_REPRESENTATION_CONTEXT() REPRESENTATION_CONTEXT('2D SPACE',''
  ) );
#2323 = ADVANCED_FACE('',(#2324),#411,.T.);
#2324 = FACE_BOUND('',#2325,.T.);
#2325 = EDGE_LOOP('',(#2326,#2327,#2328,#2352));
#2326 = ORIENTED_EDGE('',*,*,#2218,.F.);
#2327 = ORIENTED_EDGE('',*,*,#349,.F.);
#2328 = ORIENTED_EDGE('',*,*,#2329,.T.);
#2329 = EDGE_CURVE('',#350,#2330,#2332,.T.);
#2330 = VERTEX_POINT('',#2331);
#2331 = CARTESIAN_POINT('',(-15.14367871379,-17.69719772994,13.4));
#2332 = SURFACE_CURVE('',#2333,(#2339,#2346),.PCURVE_S1.);
#2333 = B_SPLINE_CURVE_WITH_KNOTS('',2,(#2334,#2335,#2336,#2337,#2338),
  .UNSPECIFIED.,.F.,.F.,(3,1,1,3),(-0.8568,6.227006757453E-14,14.,
    14.8568),.UNSPECIFIED.);
#2334 = CARTESIAN_POINT('',(-15.14367871379,-17.69719772994,-0.8568));
#2335 = CARTESIAN_POINT('',(-15.14367871379,-17.69719772994,-0.4284));
#2336 = CARTESIAN_POINT('',(-15.14367871379,-17.69719772994,7.));
#2337 = CARTESIAN_POINT('',(-15.14367871379,-17.69719772994,14.4284));
#2338 = CARTESIAN_POINT('',(-15.14367871379,-17.69719772994,14.8568));
#2339 = PCURVE('',#411,#2340);
#2340 = DEFINITIONAL_REPRESENTATION('',(#2341),#2345);
#2341 = LINE('',#2342,#2343);
#2342 = CARTESIAN_POINT('',(14.,0.));
#2343 = VECTOR('',#2344,1.);
#2344 = DIRECTION('',(0.,1.));
#2345 = ( GEOMETRIC_REPRESENTATION_CONTEXT(2) 
PARAMETRIC_REPRESENTATION_CONTEXT() REPRESENTATION_CONTEXT('2D SPACE',''
  ) );
#2346 = PCURVE('',#474,#2347);
#2347 = DEFINITIONAL_REPRESENTATION('',(#2348),#2351);
#2348 = B_SPLINE_CURVE_WITH_KNOTS('',1,(#2349,#2350),.UNSPECIFIED.,.F.,
  .F.,(2,2),(6.227006757453E-14,14.),.PIECEWISE_BEZIER_KNOTS.);
#2349 = CARTESIAN_POINT('',(-0.596293573708,0.));
#2350 = CARTESIAN_POINT('',(-0.596293573708,14.));
#2351 = ( GEOMETRIC_REPRESENTATION_CONTEXT(2) 
PARAMETRIC_REPRESENTATION_CONTEXT() REPRESENTATION_CONTEXT('2D SPACE',''
  ) );
#2352 = ORIENTED_EDGE('',*,*,#2353,.T.);
#2353 = EDGE_CURVE('',#2330,#2219,#2354,.T.);
#2354 = SURFACE_CURVE('',#2355,(#2371,#2397),.PCURVE_S1.);
#2355 = B_SPLINE_CURVE_WITH_KNOTS('',14,(#2356,#2357,#2358,#2359,#2360,
    #2361,#2362,#2363,#2364,#2365,#2366,#2367,#2368,#2369,#2370),
  .UNSPECIFIED.,.F.,.F.,(15,15),(2.98146786854,10.25609482648),
  .PIECEWISE_BEZIER_KNOTS.);
#2356 = CARTESIAN_POINT('',(-15.14367871379,-17.69719772994,13.4));
#2357 = CARTESIAN_POINT('',(-15.59286385482,-17.81087035196,
    13.400000000001));
#2358 = CARTESIAN_POINT('',(-16.07897924445,-17.87421113865,
    13.399999999915));
#2359 = CARTESIAN_POINT('',(-16.59511925406,-17.87628560961,
    13.40000000059));
#2360 = CARTESIAN_POINT('',(-17.12872330797,-17.80216515398,
    13.399999998027));
#2361 = CARTESIAN_POINT('',(-17.66809153131,-17.65893756218,
    13.400000003954));
#2362 = CARTESIAN_POINT('',(-18.19145417733,-17.40120279505,
    13.399999994996));
#2363 = CARTESIAN_POINT('',(-18.6683251851,-17.11306725852,
    13.400000004407));
#2364 = CARTESIAN_POINT('',(-19.11250942937,-16.68595821653,
    13.399999997075));
#2365 = CARTESIAN_POINT('',(-19.45555231778,-16.26476929638,
    13.400000001707));
#2366 = CARTESIAN_POINT('',(-19.74473788267,-15.76788124066,
    13.399999999162));
#2367 = CARTESIAN_POINT('',(-19.94137677987,-15.27050237033,
    13.400000000285));
#2368 = CARTESIAN_POINT('',(-20.06728356296,-14.76959420522,
    13.399999999953));
#2369 = CARTESIAN_POINT('',(-20.125,-14.28278472608,13.400000000003));
#2370 = CARTESIAN_POINT('',(-20.125,-13.81943954598,13.4));
#2371 = PCURVE('',#411,#2372);
#2372 = DEFINITIONAL_REPRESENTATION('',(#2373),#2396);
#2373 = B_SPLINE_CURVE_WITH_KNOTS('',11,(#2374,#2375,#2376,#2377,#2378,
    #2379,#2380,#2381,#2382,#2383,#2384,#2385,#2386,#2387,#2388,#2389,
    #2390,#2391,#2392,#2393,#2394,#2395),.UNSPECIFIED.,.F.,.F.,(12,10,12
    ),(2.98146786854,6.61878134751,10.25609482648),.UNSPECIFIED.);
#2374 = CARTESIAN_POINT('',(14.,13.4));
#2375 = CARTESIAN_POINT('',(13.34608579781,13.4));
#2376 = CARTESIAN_POINT('',(12.696560853507,13.399999999973));
#2377 = CARTESIAN_POINT('',(12.051241912917,13.400000000091));
#2378 = CARTESIAN_POINT('',(11.41047357317,13.399999999901));
#2379 = CARTESIAN_POINT('',(10.773116770788,13.399999999994));
#2380 = CARTESIAN_POINT('',(10.139166952655,13.400000000089));
#2381 = CARTESIAN_POINT('',(9.508397632221,13.399999999972));
#2382 = CARTESIAN_POINT('',(8.879754592124,13.40000000003));
#2383 = CARTESIAN_POINT('',(8.252700579926,13.4));
#2384 = CARTESIAN_POINT('',(7.626343544383,13.400000000006));
#2385 = CARTESIAN_POINT('',(6.373630165577,13.400000000011));
#2386 = CARTESIAN_POINT('',(5.747273704276,13.400000000014));
#2387 = CARTESIAN_POINT('',(5.120133000791,13.400000000016));
#2388 = CARTESIAN_POINT('',(4.491725921275,13.400000000012));
#2389 = CARTESIAN_POINT('',(3.860636831868,13.399999999979));
#2390 = CARTESIAN_POINT('',(3.227699351419,13.400000000026));
#2391 = CARTESIAN_POINT('',(2.588961493325,13.39999999995));
#2392 = CARTESIAN_POINT('',(1.948806872566,13.400000000053));
#2393 = CARTESIAN_POINT('',(1.303440196045,13.399999999982));
#2394 = CARTESIAN_POINT('',(0.653914202185,13.400000000002));
#2395 = CARTESIAN_POINT('',(1.33226762955E-15,13.4));
#2396 = ( GEOMETRIC_REPRESENTATION_CONTEXT(2) 
PARAMETRIC_REPRESENTATION_CONTEXT() REPRESENTATION_CONTEXT('2D SPACE',''
  ) );
#2397 = PCURVE('',#2398,#2429);
#2398 = B_SPLINE_SURFACE_WITH_KNOTS('',1,14,(
    (#2399,#2400,#2401,#2402,#2403,#2404,#2405,#2406,#2407,#2408,#2409
      ,#2410,#2411,#2412,#2413)
    ,(#2414,#2415,#2416,#2417,#2418,#2419,#2420,#2421,#2422,#2423,#2424
      ,#2425,#2426,#2427,#2428
  )),.UNSPECIFIED.,.F.,.F.,.F.,(2,2),(15,15),(0.,7.27462695794),(
    2.98146786854,10.25609482648),.PIECEWISE_BEZIER_KNOTS.);
#2399 = CARTESIAN_POINT('',(-15.14367871379,-17.69719772994,13.4));
#2400 = CARTESIAN_POINT('',(-15.59286385482,-17.81087035196,
    13.400000000001));
#2401 = CARTESIAN_POINT('',(-16.07897924445,-17.87421113865,
    13.399999999915));
#2402 = CARTESIAN_POINT('',(-16.59511925406,-17.87628560961,
    13.40000000059));
#2403 = CARTESIAN_POINT('',(-17.12872330797,-17.80216515398,
    13.399999998027));
#2404 = CARTESIAN_POINT('',(-17.66809153131,-17.65893756218,
    13.400000003954));
#2405 = CARTESIAN_POINT('',(-18.19145417733,-17.40120279505,
    13.399999994996));
#2406 = CARTESIAN_POINT('',(-18.6683251851,-17.11306725852,
    13.400000004407));
#2407 = CARTESIAN_POINT('',(-19.11250942937,-16.68595821653,
    13.399999997075));
#2408 = CARTESIAN_POINT('',(-19.45555231778,-16.26476929638,
    13.400000001707));
#2409 = CARTESIAN_POINT('',(-19.74473788267,-15.76788124066,
    13.399999999162));
#2410 = CARTESIAN_POINT('',(-19.94137677987,-15.27050237033,
    13.400000000285));
#2411 = CARTESIAN_POINT('',(-20.06728356296,-14.76959420522,
    13.399999999953));
#2412 = CARTESIAN_POINT('',(-20.125,-14.28278472608,13.400000000003));
#2413 = CARTESIAN_POINT('',(-20.125,-13.81943954598,13.4));
#2414 = CARTESIAN_POINT('',(-15.29087690672,-17.11553400235,14.));
#2415 = CARTESIAN_POINT('',(-15.67268410191,-17.21215568686,
    13.999999999999));
#2416 = CARTESIAN_POINT('',(-16.08593165593,-17.26596559824,
    14.000000000003));
#2417 = CARTESIAN_POINT('',(-16.5242197254,-17.26801057602,
    13.999999999995));
#2418 = CARTESIAN_POINT('',(-16.97982405816,-17.20371446425,
    13.999999999999));
#2419 = CARTESIAN_POINT('',(-17.43223656327,-17.08589617371,
    14.000000000021));
#2420 = CARTESIAN_POINT('',(-17.88872195327,-16.85847611612,
    13.999999999948));
#2421 = CARTESIAN_POINT('',(-18.27909752918,-16.6259461283,
    14.000000000078));
#2422 = CARTESIAN_POINT('',(-18.66995530284,-16.25008281909,
    13.999999999918));
#2423 = CARTESIAN_POINT('',(-18.95315325505,-15.90143349522,
    14.000000000065));
#2424 = CARTESIAN_POINT('',(-19.20278218472,-15.47415748033,
    13.999999999961));
#2425 = CARTESIAN_POINT('',(-19.36868077263,-15.05327859688,
    14.000000000018));
#2426 = CARTESIAN_POINT('',(-19.47596689715,-14.626994092,
    13.999999999994));
#2427 = CARTESIAN_POINT('',(-19.525,-14.21328276887,14.000000000001));
#2428 = CARTESIAN_POINT('',(-19.525,-13.81943954598,14.));
#2429 = DEFINITIONAL_REPRESENTATION('',(#2430),#2434);
#2430 = LINE('',#2431,#2432);
#2431 = CARTESIAN_POINT('',(0.,0.));
#2432 = VECTOR('',#2433,1.);
#2433 = DIRECTION('',(0.,1.));
#2434 = ( GEOMETRIC_REPRESENTATION_CONTEXT(2) 
PARAMETRIC_REPRESENTATION_CONTEXT() REPRESENTATION_CONTEXT('2D SPACE',''
  ) );
#2435 = ADVANCED_FACE('',(#2436),#474,.T.);
#2436 = FACE_BOUND('',#2437,.F.);
#2437 = EDGE_LOOP('',(#2438,#2439,#2440,#2467));
#2438 = ORIENTED_EDGE('',*,*,#457,.F.);
#2439 = ORIENTED_EDGE('',*,*,#2329,.T.);
#2440 = ORIENTED_EDGE('',*,*,#2441,.F.);
#2441 = EDGE_CURVE('',#2276,#2330,#2442,.T.);
#2442 = SURFACE_CURVE('',#2443,(#2448,#2455),.PCURVE_S1.);
#2443 = CIRCLE('',#2444,5.);
#2444 = AXIS2_PLACEMENT_3D('',#2445,#2446,#2447);
#2445 = CARTESIAN_POINT('',(-16.37033032155,-12.85,13.4));
#2446 = DIRECTION('',(0.,-0.,-1.));
#2447 = DIRECTION('',(0.747409318684,-0.66436383883,0.));
#2448 = PCURVE('',#474,#2449);
#2449 = DEFINITIONAL_REPRESENTATION('',(#2450),#2454);
#2450 = LINE('',#2451,#2452);
#2451 = CARTESIAN_POINT('',(-0.,13.4));
#2452 = VECTOR('',#2453,1.);
#2453 = DIRECTION('',(-1.,0.));
#2454 = ( GEOMETRIC_REPRESENTATION_CONTEXT(2) 
PARAMETRIC_REPRESENTATION_CONTEXT() REPRESENTATION_CONTEXT('2D SPACE',''
  ) );
#2455 = PCURVE('',#2456,#2461);
#2456 = CONICAL_SURFACE('',#2457,5.,0.785398163397);
#2457 = AXIS2_PLACEMENT_3D('',#2458,#2459,#2460);
#2458 = CARTESIAN_POINT('',(-16.37033032155,-12.85,13.4));
#2459 = DIRECTION('',(-0.,-0.,-1.));
#2460 = DIRECTION('',(0.747409318684,-0.66436383883,0.));
#2461 = DEFINITIONAL_REPRESENTATION('',(#2462),#2466);
#2462 = LINE('',#2463,#2464);
#2463 = CARTESIAN_POINT('',(0.,-0.));
#2464 = VECTOR('',#2465,1.);
#2465 = DIRECTION('',(1.,-0.));
#2466 = ( GEOMETRIC_REPRESENTATION_CONTEXT(2) 
PARAMETRIC_REPRESENTATION_CONTEXT() REPRESENTATION_CONTEXT('2D SPACE',''
  ) );
#2467 = ORIENTED_EDGE('',*,*,#2303,.F.);
#2468 = ADVANCED_FACE('',(#2469),#668,.F.);
#2469 = FACE_BOUND('',#2470,.T.);
#2470 = EDGE_LOOP('',(#2471,#2500,#2521,#2522));
#2471 = ORIENTED_EDGE('',*,*,#2472,.F.);
#2472 = EDGE_CURVE('',#2473,#2473,#2475,.T.);
#2473 = VERTEX_POINT('',#2474);
#2474 = CARTESIAN_POINT('',(-15.3,-14.5,12.));
#2475 = SURFACE_CURVE('',#2476,(#2481,#2488),.PCURVE_S1.);
#2476 = CIRCLE('',#2477,1.2);
#2477 = AXIS2_PLACEMENT_3D('',#2478,#2479,#2480);
#2478 = CARTESIAN_POINT('',(-16.5,-14.5,12.));
#2479 = DIRECTION('',(0.,-1.224646799147E-16,-1.));
#2480 = DIRECTION('',(1.,0.,0.));
#2481 = PCURVE('',#668,#2482);
#2482 = DEFINITIONAL_REPRESENTATION('',(#2483),#2487);
#2483 = LINE('',#2484,#2485);
#2484 = CARTESIAN_POINT('',(-0.,0.));
#2485 = VECTOR('',#2486,1.);
#2486 = DIRECTION('',(-1.,0.));
#2487 = ( GEOMETRIC_REPRESENTATION_CONTEXT(2) 
PARAMETRIC_REPRESENTATION_CONTEXT() REPRESENTATION_CONTEXT('2D SPACE',''
  ) );
#2488 = PCURVE('',#2489,#2494);
#2489 = PLANE('',#2490);
#2490 = AXIS2_PLACEMENT_3D('',#2491,#2492,#2493);
#2491 = CARTESIAN_POINT('',(-16.5,-14.5,12.));
#2492 = DIRECTION('',(0.,-1.224646799147E-16,-1.));
#2493 = DIRECTION('',(1.,0.,0.));
#2494 = DEFINITIONAL_REPRESENTATION('',(#2495),#2499);
#2495 = CIRCLE('',#2496,1.2);
#2496 = AXIS2_PLACEMENT_2D('',#2497,#2498);
#2497 = CARTESIAN_POINT('',(1.799263332289E-16,-1.023653692829E-16));
#2498 = DIRECTION('',(1.,0.));
#2499 = ( GEOMETRIC_REPRESENTATION_CONTEXT(2) 
PARAMETRIC_REPRESENTATION_CONTEXT() REPRESENTATION_CONTEXT('2D SPACE',''
  ) );
#2500 = ORIENTED_EDGE('',*,*,#2501,.T.);
#2501 = EDGE_CURVE('',#2473,#652,#2502,.T.);
#2502 = SEAM_CURVE('',#2503,(#2507,#2514),.PCURVE_S1.);
#2503 = LINE('',#2504,#2505);
#2504 = CARTESIAN_POINT('',(-15.3,-14.5,12.));
#2505 = VECTOR('',#2506,1.);
#2506 = DIRECTION('',(0.,-1.224646799147E-16,-1.));
#2507 = PCURVE('',#668,#2508);
#2508 = DEFINITIONAL_REPRESENTATION('',(#2509),#2513);
#2509 = LINE('',#2510,#2511);
#2510 = CARTESIAN_POINT('',(-6.28318530718,0.));
#2511 = VECTOR('',#2512,1.);
#2512 = DIRECTION('',(-0.,-1.));
#2513 = ( GEOMETRIC_REPRESENTATION_CONTEXT(2) 
PARAMETRIC_REPRESENTATION_CONTEXT() REPRESENTATION_CONTEXT('2D SPACE',''
  ) );
#2514 = PCURVE('',#668,#2515);
#2515 = DEFINITIONAL_REPRESENTATION('',(#2516),#2520);
#2516 = LINE('',#2517,#2518);
#2517 = CARTESIAN_POINT('',(-0.,0.));
#2518 = VECTOR('',#2519,1.);
#2519 = DIRECTION('',(-0.,-1.));
#2520 = ( GEOMETRIC_REPRESENTATION_CONTEXT(2) 
PARAMETRIC_REPRESENTATION_CONTEXT() REPRESENTATION_CONTEXT('2D SPACE',''
  ) );
#2521 = ORIENTED_EDGE('',*,*,#651,.F.);
#2522 = ORIENTED_EDGE('',*,*,#2501,.F.);
#2523 = ADVANCED_FACE('',(#2524),#699,.F.);
#2524 = FACE_BOUND('',#2525,.T.);
#2525 = EDGE_LOOP('',(#2526,#2555,#2576,#2577));
#2526 = ORIENTED_EDGE('',*,*,#2527,.F.);
#2527 = EDGE_CURVE('',#2528,#2528,#2530,.T.);
#2528 = VERTEX_POINT('',#2529);
#2529 = CARTESIAN_POINT('',(17.7,-14.5,12.));
#2530 = SURFACE_CURVE('',#2531,(#2536,#2543),.PCURVE_S1.);
#2531 = CIRCLE('',#2532,1.2);
#2532 = AXIS2_PLACEMENT_3D('',#2533,#2534,#2535);
#2533 = CARTESIAN_POINT('',(16.5,-14.5,12.));
#2534 = DIRECTION('',(0.,-1.224646799147E-16,-1.));
#2535 = DIRECTION('',(1.,0.,0.));
#2536 = PCURVE('',#699,#2537);
#2537 = DEFINITIONAL_REPRESENTATION('',(#2538),#2542);
#2538 = LINE('',#2539,#2540);
#2539 = CARTESIAN_POINT('',(-0.,0.));
#2540 = VECTOR('',#2541,1.);
#2541 = DIRECTION('',(-1.,0.));
#2542 = ( GEOMETRIC_REPRESENTATION_CONTEXT(2) 
PARAMETRIC_REPRESENTATION_CONTEXT() REPRESENTATION_CONTEXT('2D SPACE',''
  ) );
#2543 = PCURVE('',#2544,#2549);
#2544 = PLANE('',#2545);
#2545 = AXIS2_PLACEMENT_3D('',#2546,#2547,#2548);
#2546 = CARTESIAN_POINT('',(16.5,-14.5,12.));
#2547 = DIRECTION('',(0.,-1.224646799147E-16,-1.));
#2548 = DIRECTION('',(1.,0.,0.));
#2549 = DEFINITIONAL_REPRESENTATION('',(#2550),#2554);
#2550 = CIRCLE('',#2551,1.2);
#2551 = AXIS2_PLACEMENT_2D('',#2552,#2553);
#2552 = CARTESIAN_POINT('',(1.799263332289E-16,-1.023653692829E-16));
#2553 = DIRECTION('',(1.,0.));
#2554 = ( GEOMETRIC_REPRESENTATION_CONTEXT(2) 
PARAMETRIC_REPRESENTATION_CONTEXT() REPRESENTATION_CONTEXT('2D SPACE',''
  ) );
#2555 = ORIENTED_EDGE('',*,*,#2556,.T.);
#2556 = EDGE_CURVE('',#2528,#683,#2557,.T.);
#2557 = SEAM_CURVE('',#2558,(#2562,#2569),.PCURVE_S1.);
#2558 = LINE('',#2559,#2560);
#2559 = CARTESIAN_POINT('',(17.7,-14.5,12.));
#2560 = VECTOR('',#2561,1.);
#2561 = DIRECTION('',(0.,-1.224646799147E-16,-1.));
#2562 = PCURVE('',#699,#2563);
#2563 = DEFINITIONAL_REPRESENTATION('',(#2564),#2568);
#2564 = LINE('',#2565,#2566);
#2565 = CARTESIAN_POINT('',(-6.28318530718,0.));
#2566 = VECTOR('',#2567,1.);
#2567 = DIRECTION('',(-0.,-1.));
#2568 = ( GEOMETRIC_REPRESENTATION_CONTEXT(2) 
PARAMETRIC_REPRESENTATION_CONTEXT() REPRESENTATION_CONTEXT('2D SPACE',''
  ) );
#2569 = PCURVE('',#699,#2570);
#2570 = DEFINITIONAL_REPRESENTATION('',(#2571),#2575);
#2571 = LINE('',#2572,#2573);
#2572 = CARTESIAN_POINT('',(-0.,0.));
#2573 = VECTOR('',#2574,1.);
#2574 = DIRECTION('',(-0.,-1.));
#2575 = ( GEOMETRIC_REPRESENTATION_CONTEXT(2) 
PARAMETRIC_REPRESENTATION_CONTEXT() REPRESENTATION_CONTEXT('2D SPACE',''
  ) );
#2576 = ORIENTED_EDGE('',*,*,#682,.F.);
#2577 = ORIENTED_EDGE('',*,*,#2556,.F.);
#2578 = ADVANCED_FACE('',(#2579),#730,.F.);
#2579 = FACE_BOUND('',#2580,.T.);
#2580 = EDGE_LOOP('',(#2581,#2610,#2631,#2632));
#2581 = ORIENTED_EDGE('',*,*,#2582,.F.);
#2582 = EDGE_CURVE('',#2583,#2583,#2585,.T.);
#2583 = VERTEX_POINT('',#2584);
#2584 = CARTESIAN_POINT('',(-15.3,10.,12.));
#2585 = SURFACE_CURVE('',#2586,(#2591,#2598),.PCURVE_S1.);
#2586 = CIRCLE('',#2587,1.2);
#2587 = AXIS2_PLACEMENT_3D('',#2588,#2589,#2590);
#2588 = CARTESIAN_POINT('',(-16.5,10.,12.));
#2589 = DIRECTION('',(0.,-1.224646799147E-16,-1.));
#2590 = DIRECTION('',(1.,0.,0.));
#2591 = PCURVE('',#730,#2592);
#2592 = DEFINITIONAL_REPRESENTATION('',(#2593),#2597);
#2593 = LINE('',#2594,#2595);
#2594 = CARTESIAN_POINT('',(-0.,0.));
#2595 = VECTOR('',#2596,1.);
#2596 = DIRECTION('',(-1.,0.));
#2597 = ( GEOMETRIC_REPRESENTATION_CONTEXT(2) 
PARAMETRIC_REPRESENTATION_CONTEXT() REPRESENTATION_CONTEXT('2D SPACE',''
  ) );
#2598 = PCURVE('',#2599,#2604);
#2599 = PLANE('',#2600);
#2600 = AXIS2_PLACEMENT_3D('',#2601,#2602,#2603);
#2601 = CARTESIAN_POINT('',(-16.5,10.,12.));
#2602 = DIRECTION('',(0.,-1.224646799147E-16,-1.));
#2603 = DIRECTION('',(1.,0.,0.));
#2604 = DEFINITIONAL_REPRESENTATION('',(#2605),#2609);
#2605 = CIRCLE('',#2606,1.2);
#2606 = AXIS2_PLACEMENT_2D('',#2607,#2608);
#2607 = CARTESIAN_POINT('',(1.799263332289E-16,-1.023653692829E-16));
#2608 = DIRECTION('',(1.,0.));
#2609 = ( GEOMETRIC_REPRESENTATION_CONTEXT(2) 
PARAMETRIC_REPRESENTATION_CONTEXT() REPRESENTATION_CONTEXT('2D SPACE',''
  ) );
#2610 = ORIENTED_EDGE('',*,*,#2611,.T.);
#2611 = EDGE_CURVE('',#2583,#714,#2612,.T.);
#2612 = SEAM_CURVE('',#2613,(#2617,#2624),.PCURVE_S1.);
#2613 = LINE('',#2614,#2615);
#2614 = CARTESIAN_POINT('',(-15.3,10.,12.));
#2615 = VECTOR('',#2616,1.);
#2616 = DIRECTION('',(0.,-1.224646799147E-16,-1.));
#2617 = PCURVE('',#730,#2618);
#2618 = DEFINITIONAL_REPRESENTATION('',(#2619),#2623);
#2619 = LINE('',#2620,#2621);
#2620 = CARTESIAN_POINT('',(-6.28318530718,0.));
#2621 = VECTOR('',#2622,1.);
#2622 = DIRECTION('',(-0.,-1.));
#2623 = ( GEOMETRIC_REPRESENTATION_CONTEXT(2) 
PARAMETRIC_REPRESENTATION_CONTEXT() REPRESENTATION_CONTEXT('2D SPACE',''
  ) );
#2624 = PCURVE('',#730,#2625);
#2625 = DEFINITIONAL_REPRESENTATION('',(#2626),#2630);
#2626 = LINE('',#2627,#2628);
#2627 = CARTESIAN_POINT('',(-0.,0.));
#2628 = VECTOR('',#2629,1.);
#2629 = DIRECTION('',(-0.,-1.));
#2630 = ( GEOMETRIC_REPRESENTATION_CONTEXT(2) 
PARAMETRIC_REPRESENTATION_CONTEXT() REPRESENTATION_CONTEXT('2D SPACE',''
  ) );
#2631 = ORIENTED_EDGE('',*,*,#713,.F.);
#2632 = ORIENTED_EDGE('',*,*,#2611,.F.);
#2633 = ADVANCED_FACE('',(#2634),#762,.T.);
#2634 = FACE_BOUND('',#2635,.T.);
#2635 = EDGE_LOOP('',(#2636,#2659,#2687,#2708));
#2636 = ORIENTED_EDGE('',*,*,#2637,.T.);
#2637 = EDGE_CURVE('',#745,#2638,#2640,.T.);
#2638 = VERTEX_POINT('',#2639);
#2639 = CARTESIAN_POINT('',(-11.33196588675,2.250701015138,12.6));
#2640 = SURFACE_CURVE('',#2641,(#2645,#2652),.PCURVE_S1.);
#2641 = LINE('',#2642,#2643);
#2642 = CARTESIAN_POINT('',(-11.33196588675,2.250701015138,11.));
#2643 = VECTOR('',#2644,1.);
#2644 = DIRECTION('',(0.,0.,1.));
#2645 = PCURVE('',#762,#2646);
#2646 = DEFINITIONAL_REPRESENTATION('',(#2647),#2651);
#2647 = LINE('',#2648,#2649);
#2648 = CARTESIAN_POINT('',(0.,0.));
#2649 = VECTOR('',#2650,1.);
#2650 = DIRECTION('',(0.,-1.));
#2651 = ( GEOMETRIC_REPRESENTATION_CONTEXT(2) 
PARAMETRIC_REPRESENTATION_CONTEXT() REPRESENTATION_CONTEXT('2D SPACE',''
  ) );
#2652 = PCURVE('',#791,#2653);
#2653 = DEFINITIONAL_REPRESENTATION('',(#2654),#2658);
#2654 = LINE('',#2655,#2656);
#2655 = CARTESIAN_POINT('',(-6.283303026141,0.));
#2656 = VECTOR('',#2657,1.);
#2657 = DIRECTION('',(-0.,-1.));
#2658 = ( GEOMETRIC_REPRESENTATION_CONTEXT(2) 
PARAMETRIC_REPRESENTATION_CONTEXT() REPRESENTATION_CONTEXT('2D SPACE',''
  ) );
#2659 = ORIENTED_EDGE('',*,*,#2660,.T.);
#2660 = EDGE_CURVE('',#2638,#2661,#2663,.T.);
#2661 = VERTEX_POINT('',#2662);
#2662 = CARTESIAN_POINT('',(-17.32497660562,2.250000001368,12.6));
#2663 = SURFACE_CURVE('',#2664,(#2668,#2675),.PCURVE_S1.);
#2664 = LINE('',#2665,#2666);
#2665 = CARTESIAN_POINT('',(-11.33208360562,2.250701001368,12.6));
#2666 = VECTOR('',#2667,1.);
#2667 = DIRECTION('',(-0.999999993159,-1.169718857316E-04,0.));
#2668 = PCURVE('',#762,#2669);
#2669 = DEFINITIONAL_REPRESENTATION('',(#2670),#2674);
#2670 = LINE('',#2671,#2672);
#2671 = CARTESIAN_POINT('',(1.177188734889E-04,-1.6));
#2672 = VECTOR('',#2673,1.);
#2673 = DIRECTION('',(1.,0.));
#2674 = ( GEOMETRIC_REPRESENTATION_CONTEXT(2) 
PARAMETRIC_REPRESENTATION_CONTEXT() REPRESENTATION_CONTEXT('2D SPACE',''
  ) );
#2675 = PCURVE('',#2676,#2681);
#2676 = PLANE('',#2677);
#2677 = AXIS2_PLACEMENT_3D('',#2678,#2679,#2680);
#2678 = CARTESIAN_POINT('',(-2.121008405577E-03,-1.339613301536,12.6));
#2679 = DIRECTION('',(0.,0.,1.));
#2680 = DIRECTION('',(1.,0.,-0.));
#2681 = DEFINITIONAL_REPRESENTATION('',(#2682),#2686);
#2682 = LINE('',#2683,#2684);
#2683 = CARTESIAN_POINT('',(-11.32996259721,3.590314302904));
#2684 = VECTOR('',#2685,1.);
#2685 = DIRECTION('',(-0.999999993159,-1.169718857316E-04));
#2686 = ( GEOMETRIC_REPRESENTATION_CONTEXT(2) 
PARAMETRIC_REPRESENTATION_CONTEXT() REPRESENTATION_CONTEXT('2D SPACE',''
  ) );
#2687 = ORIENTED_EDGE('',*,*,#2688,.F.);
#2688 = EDGE_CURVE('',#747,#2661,#2689,.T.);
#2689 = SURFACE_CURVE('',#2690,(#2694,#2701),.PCURVE_S1.);
#2690 = LINE('',#2691,#2692);
#2691 = CARTESIAN_POINT('',(-17.32497660562,2.250000001368,11.));
#2692 = VECTOR('',#2693,1.);
#2693 = DIRECTION('',(0.,0.,1.));
#2694 = PCURVE('',#762,#2695);
#2695 = DEFINITIONAL_REPRESENTATION('',(#2696),#2700);
#2696 = LINE('',#2697,#2698);
#2697 = CARTESIAN_POINT('',(5.993010759872,0.));
#2698 = VECTOR('',#2699,1.);
#2699 = DIRECTION('',(0.,-1.));
#2700 = ( GEOMETRIC_REPRESENTATION_CONTEXT(2) 
PARAMETRIC_REPRESENTATION_CONTEXT() REPRESENTATION_CONTEXT('2D SPACE',''
  ) );
#2701 = PCURVE('',#1551,#2702);
#2702 = DEFINITIONAL_REPRESENTATION('',(#2703),#2707);
#2703 = LINE('',#2704,#2705);
#2704 = CARTESIAN_POINT('',(1.570796326795,0.));
#2705 = VECTOR('',#2706,1.);
#2706 = DIRECTION('',(0.,-1.));
#2707 = ( GEOMETRIC_REPRESENTATION_CONTEXT(2) 
PARAMETRIC_REPRESENTATION_CONTEXT() REPRESENTATION_CONTEXT('2D SPACE',''
  ) );
#2708 = ORIENTED_EDGE('',*,*,#744,.F.);
#2709 = ADVANCED_FACE('',(#2710),#1551,.T.);
#2710 = FACE_BOUND('',#2711,.T.);
#2711 = EDGE_LOOP('',(#2712,#2713,#2741,#2762));
#2712 = ORIENTED_EDGE('',*,*,#2688,.T.);
#2713 = ORIENTED_EDGE('',*,*,#2714,.T.);
#2714 = EDGE_CURVE('',#2661,#2715,#2717,.T.);
#2715 = VERTEX_POINT('',#2716);
#2716 = CARTESIAN_POINT('',(-17.32500014941,2.25,12.6));
#2717 = SURFACE_CURVE('',#2718,(#2723,#2730),.PCURVE_S1.);
#2718 = CIRCLE('',#2719,0.2);
#2719 = AXIS2_PLACEMENT_3D('',#2720,#2721,#2722);
#2720 = CARTESIAN_POINT('',(-17.325,2.45,12.6));
#2721 = DIRECTION('',(0.,0.,-1.));
#2722 = DIRECTION('',(0.999999993159,1.169718857316E-04,0.));
#2723 = PCURVE('',#1551,#2724);
#2724 = DEFINITIONAL_REPRESENTATION('',(#2725),#2729);
#2725 = LINE('',#2726,#2727);
#2726 = CARTESIAN_POINT('',(0.,-1.6));
#2727 = VECTOR('',#2728,1.);
#2728 = DIRECTION('',(1.,0.));
#2729 = ( GEOMETRIC_REPRESENTATION_CONTEXT(2) 
PARAMETRIC_REPRESENTATION_CONTEXT() REPRESENTATION_CONTEXT('2D SPACE',''
  ) );
#2730 = PCURVE('',#2676,#2731);
#2731 = DEFINITIONAL_REPRESENTATION('',(#2732),#2740);
#2732 = ( BOUNDED_CURVE() B_SPLINE_CURVE(2,(#2733,#2734,#2735,#2736,
#2737,#2738,#2739),.UNSPECIFIED.,.T.,.F.) B_SPLINE_CURVE_WITH_KNOTS((1,2
    ,2,2,2,1),(-2.094395102393,0.,2.094395102393,4.188790204786,
6.28318530718,8.377580409573),.UNSPECIFIED.) CURVE() 
GEOMETRIC_REPRESENTATION_ITEM() RATIONAL_B_SPLINE_CURVE((1.,0.5,1.,0.5,
1.,0.5,1.)) REPRESENTATION_ITEM('') );
#2733 = CARTESIAN_POINT('',(-17.12287899296,3.789636695913));
#2734 = CARTESIAN_POINT('',(-17.12283847271,3.443226536769));
#2735 = CARTESIAN_POINT('',(-17.42285873078,3.616396524775));
#2736 = CARTESIAN_POINT('',(-17.72287898885,3.789566512781));
#2737 = CARTESIAN_POINT('',(-17.42289925103,3.962806683919));
#2738 = CARTESIAN_POINT('',(-17.12291951321,4.136046855057));
#2739 = CARTESIAN_POINT('',(-17.12287899296,3.789636695913));
#2740 = ( GEOMETRIC_REPRESENTATION_CONTEXT(2) 
PARAMETRIC_REPRESENTATION_CONTEXT() REPRESENTATION_CONTEXT('2D SPACE',''
  ) );
#2741 = ORIENTED_EDGE('',*,*,#2742,.F.);
#2742 = EDGE_CURVE('',#1504,#2715,#2743,.T.);
#2743 = SURFACE_CURVE('',#2744,(#2748,#2755),.PCURVE_S1.);
#2744 = LINE('',#2745,#2746);
#2745 = CARTESIAN_POINT('',(-17.32500014941,2.25,11.));
#2746 = VECTOR('',#2747,1.);
#2747 = DIRECTION('',(0.,0.,1.));
#2748 = PCURVE('',#1551,#2749);
#2749 = DEFINITIONAL_REPRESENTATION('',(#2750),#2754);
#2750 = LINE('',#2751,#2752);
#2751 = CARTESIAN_POINT('',(1.570914045757,0.));
#2752 = VECTOR('',#2753,1.);
#2753 = DIRECTION('',(0.,-1.));
#2754 = ( GEOMETRIC_REPRESENTATION_CONTEXT(2) 
PARAMETRIC_REPRESENTATION_CONTEXT() REPRESENTATION_CONTEXT('2D SPACE',''
  ) );
#2755 = PCURVE('',#1520,#2756);
#2756 = DEFINITIONAL_REPRESENTATION('',(#2757),#2761);
#2757 = LINE('',#2758,#2759);
#2758 = CARTESIAN_POINT('',(-6.28318530718,0.));
#2759 = VECTOR('',#2760,1.);
#2760 = DIRECTION('',(-0.,-1.));
#2761 = ( GEOMETRIC_REPRESENTATION_CONTEXT(2) 
PARAMETRIC_REPRESENTATION_CONTEXT() REPRESENTATION_CONTEXT('2D SPACE',''
  ) );
#2762 = ORIENTED_EDGE('',*,*,#1532,.F.);
#2763 = ADVANCED_FACE('',(#2764),#1520,.F.);
#2764 = FACE_BOUND('',#2765,.T.);
#2765 = EDGE_LOOP('',(#2766,#2767,#2791,#2812));
#2766 = ORIENTED_EDGE('',*,*,#2742,.T.);
#2767 = ORIENTED_EDGE('',*,*,#2768,.T.);
#2768 = EDGE_CURVE('',#2715,#2769,#2771,.T.);
#2769 = VERTEX_POINT('',#2770);
#2770 = CARTESIAN_POINT('',(-18.125,1.450000149415,12.6));
#2771 = SURFACE_CURVE('',#2772,(#2777,#2784),.PCURVE_S1.);
#2772 = CIRCLE('',#2773,0.799999252925);
#2773 = AXIS2_PLACEMENT_3D('',#2774,#2775,#2776);
#2774 = CARTESIAN_POINT('',(-17.32500074707,1.450000747075,12.6));
#2775 = DIRECTION('',(0.,-0.,1.));
#2776 = DIRECTION('',(7.470757350764E-07,1.,0.));
#2777 = PCURVE('',#1520,#2778);
#2778 = DEFINITIONAL_REPRESENTATION('',(#2779),#2783);
#2779 = LINE('',#2780,#2781);
#2780 = CARTESIAN_POINT('',(-0.,-1.6));
#2781 = VECTOR('',#2782,1.);
#2782 = DIRECTION('',(-1.,0.));
#2783 = ( GEOMETRIC_REPRESENTATION_CONTEXT(2) 
PARAMETRIC_REPRESENTATION_CONTEXT() REPRESENTATION_CONTEXT('2D SPACE',''
  ) );
#2784 = PCURVE('',#2676,#2785);
#2785 = DEFINITIONAL_REPRESENTATION('',(#2786),#2790);
#2786 = CIRCLE('',#2787,0.799999252925);
#2787 = AXIS2_PLACEMENT_2D('',#2788,#2789);
#2788 = CARTESIAN_POINT('',(-17.32287973867,2.789614048611));
#2789 = DIRECTION('',(7.470757350764E-07,1.));
#2790 = ( GEOMETRIC_REPRESENTATION_CONTEXT(2) 
PARAMETRIC_REPRESENTATION_CONTEXT() REPRESENTATION_CONTEXT('2D SPACE',''
  ) );
#2791 = ORIENTED_EDGE('',*,*,#2792,.F.);
#2792 = EDGE_CURVE('',#1471,#2769,#2793,.T.);
#2793 = SURFACE_CURVE('',#2794,(#2798,#2805),.PCURVE_S1.);
#2794 = LINE('',#2795,#2796);
#2795 = CARTESIAN_POINT('',(-18.125,1.450000149415,11.));
#2796 = VECTOR('',#2797,1.);
#2797 = DIRECTION('',(0.,0.,1.));
#2798 = PCURVE('',#1520,#2799);
#2799 = DEFINITIONAL_REPRESENTATION('',(#2800),#2804);
#2800 = LINE('',#2801,#2802);
#2801 = CARTESIAN_POINT('',(-7.853983128126,0.));
#2802 = VECTOR('',#2803,1.);
#2803 = DIRECTION('',(-0.,-1.));
#2804 = ( GEOMETRIC_REPRESENTATION_CONTEXT(2) 
PARAMETRIC_REPRESENTATION_CONTEXT() REPRESENTATION_CONTEXT('2D SPACE',''
  ) );
#2805 = PCURVE('',#1491,#2806);
#2806 = DEFINITIONAL_REPRESENTATION('',(#2807),#2811);
#2807 = LINE('',#2808,#2809);
#2808 = CARTESIAN_POINT('',(1.570796326795,0.));
#2809 = VECTOR('',#2810,1.);
#2810 = DIRECTION('',(0.,-1.));
#2811 = ( GEOMETRIC_REPRESENTATION_CONTEXT(2) 
PARAMETRIC_REPRESENTATION_CONTEXT() REPRESENTATION_CONTEXT('2D SPACE',''
  ) );
#2812 = ORIENTED_EDGE('',*,*,#1503,.F.);
#2813 = ADVANCED_FACE('',(#2814),#1491,.T.);
#2814 = FACE_BOUND('',#2815,.T.);
#2815 = EDGE_LOOP('',(#2816,#2817,#2845,#2866));
#2816 = ORIENTED_EDGE('',*,*,#2792,.T.);
#2817 = ORIENTED_EDGE('',*,*,#2818,.T.);
#2818 = EDGE_CURVE('',#2769,#2819,#2821,.T.);
#2819 = VERTEX_POINT('',#2820);
#2820 = CARTESIAN_POINT('',(-18.125,1.45,12.6));
#2821 = SURFACE_CURVE('',#2822,(#2827,#2834),.PCURVE_S1.);
#2822 = CIRCLE('',#2823,0.2);
#2823 = AXIS2_PLACEMENT_3D('',#2824,#2825,#2826);
#2824 = CARTESIAN_POINT('',(-18.325,1.45,12.6));
#2825 = DIRECTION('',(0.,0.,-1.));
#2826 = DIRECTION('',(-7.470757489561E-07,1.,0.));
#2827 = PCURVE('',#1491,#2828);
#2828 = DEFINITIONAL_REPRESENTATION('',(#2829),#2833);
#2829 = LINE('',#2830,#2831);
#2830 = CARTESIAN_POINT('',(0.,-1.6));
#2831 = VECTOR('',#2832,1.);
#2832 = DIRECTION('',(1.,0.));
#2833 = ( GEOMETRIC_REPRESENTATION_CONTEXT(2) 
PARAMETRIC_REPRESENTATION_CONTEXT() REPRESENTATION_CONTEXT('2D SPACE',''
  ) );
#2834 = PCURVE('',#2676,#2835);
#2835 = DEFINITIONAL_REPRESENTATION('',(#2836),#2844);
#2836 = ( BOUNDED_CURVE() B_SPLINE_CURVE(2,(#2837,#2838,#2839,#2840,
#2841,#2842,#2843),.UNSPECIFIED.,.T.,.F.) B_SPLINE_CURVE_WITH_KNOTS((1,2
    ,2,2,2,1),(-2.094395102393,0.,2.094395102393,4.188790204786,
6.28318530718,8.377580409573),.UNSPECIFIED.) CURVE() 
GEOMETRIC_REPRESENTATION_ITEM() RATIONAL_B_SPLINE_CURVE((1.,0.5,1.,0.5,
1.,0.5,1.)) REPRESENTATION_ITEM('') );
#2837 = CARTESIAN_POINT('',(-18.32287914101,2.989613301536));
#2838 = CARTESIAN_POINT('',(-17.97646897949,2.98961356033));
#2839 = CARTESIAN_POINT('',(-18.14967383613,2.689613430933));
#2840 = CARTESIAN_POINT('',(-18.32287869276,2.389613301536));
#2841 = CARTESIAN_POINT('',(-18.49608399764,2.689613172138));
#2842 = CARTESIAN_POINT('',(-18.66928930252,2.989613042741));
#2843 = CARTESIAN_POINT('',(-18.32287914101,2.989613301536));
#2844 = ( GEOMETRIC_REPRESENTATION_CONTEXT(2) 
PARAMETRIC_REPRESENTATION_CONTEXT() REPRESENTATION_CONTEXT('2D SPACE',''
  ) );
#2845 = ORIENTED_EDGE('',*,*,#2846,.F.);
#2846 = EDGE_CURVE('',#1443,#2819,#2847,.T.);
#2847 = SURFACE_CURVE('',#2848,(#2852,#2859),.PCURVE_S1.);
#2848 = LINE('',#2849,#2850);
#2849 = CARTESIAN_POINT('',(-18.125,1.45,11.));
#2850 = VECTOR('',#2851,1.);
#2851 = DIRECTION('',(0.,0.,1.));
#2852 = PCURVE('',#1491,#2853);
#2853 = DEFINITIONAL_REPRESENTATION('',(#2854),#2858);
#2854 = LINE('',#2855,#2856);
#2855 = CARTESIAN_POINT('',(1.570797073871,0.));
#2856 = VECTOR('',#2857,1.);
#2857 = DIRECTION('',(0.,-1.));
#2858 = ( GEOMETRIC_REPRESENTATION_CONTEXT(2) 
PARAMETRIC_REPRESENTATION_CONTEXT() REPRESENTATION_CONTEXT('2D SPACE',''
  ) );
#2859 = PCURVE('',#1458,#2860);
#2860 = DEFINITIONAL_REPRESENTATION('',(#2861),#2865);
#2861 = LINE('',#2862,#2863);
#2862 = CARTESIAN_POINT('',(0.,0.));
#2863 = VECTOR('',#2864,1.);
#2864 = DIRECTION('',(0.,-1.));
#2865 = ( GEOMETRIC_REPRESENTATION_CONTEXT(2) 
PARAMETRIC_REPRESENTATION_CONTEXT() REPRESENTATION_CONTEXT('2D SPACE',''
  ) );
#2866 = ORIENTED_EDGE('',*,*,#1470,.F.);
#2867 = ADVANCED_FACE('',(#2868),#1458,.T.);
#2868 = FACE_BOUND('',#2869,.T.);
#2869 = EDGE_LOOP('',(#2870,#2871,#2894,#2915));
#2870 = ORIENTED_EDGE('',*,*,#2846,.T.);
#2871 = ORIENTED_EDGE('',*,*,#2872,.T.);
#2872 = EDGE_CURVE('',#2819,#2873,#2875,.T.);
#2873 = VERTEX_POINT('',#2874);
#2874 = CARTESIAN_POINT('',(-18.125,-11.05,12.6));
#2875 = SURFACE_CURVE('',#2876,(#2880,#2887),.PCURVE_S1.);
#2876 = LINE('',#2877,#2878);
#2877 = CARTESIAN_POINT('',(-18.125,1.45,12.6));
#2878 = VECTOR('',#2879,1.);
#2879 = DIRECTION('',(-1.224646799147E-16,-1.,0.));
#2880 = PCURVE('',#1458,#2881);
#2881 = DEFINITIONAL_REPRESENTATION('',(#2882),#2886);
#2882 = LINE('',#2883,#2884);
#2883 = CARTESIAN_POINT('',(0.,-1.6));
#2884 = VECTOR('',#2885,1.);
#2885 = DIRECTION('',(1.,0.));
#2886 = ( GEOMETRIC_REPRESENTATION_CONTEXT(2) 
PARAMETRIC_REPRESENTATION_CONTEXT() REPRESENTATION_CONTEXT('2D SPACE',''
  ) );
#2887 = PCURVE('',#2676,#2888);
#2888 = DEFINITIONAL_REPRESENTATION('',(#2889),#2893);
#2889 = LINE('',#2890,#2891);
#2890 = CARTESIAN_POINT('',(-18.12287899159,2.789613301536));
#2891 = VECTOR('',#2892,1.);
#2892 = DIRECTION('',(-1.224646799147E-16,-1.));
#2893 = ( GEOMETRIC_REPRESENTATION_CONTEXT(2) 
PARAMETRIC_REPRESENTATION_CONTEXT() REPRESENTATION_CONTEXT('2D SPACE',''
  ) );
#2894 = ORIENTED_EDGE('',*,*,#2895,.F.);
#2895 = EDGE_CURVE('',#1410,#2873,#2896,.T.);
#2896 = SURFACE_CURVE('',#2897,(#2901,#2908),.PCURVE_S1.);
#2897 = LINE('',#2898,#2899);
#2898 = CARTESIAN_POINT('',(-18.125,-11.05,11.));
#2899 = VECTOR('',#2900,1.);
#2900 = DIRECTION('',(0.,0.,1.));
#2901 = PCURVE('',#1458,#2902);
#2902 = DEFINITIONAL_REPRESENTATION('',(#2903),#2907);
#2903 = LINE('',#2904,#2905);
#2904 = CARTESIAN_POINT('',(12.5,0.));
#2905 = VECTOR('',#2906,1.);
#2906 = DIRECTION('',(0.,-1.));
#2907 = ( GEOMETRIC_REPRESENTATION_CONTEXT(2) 
PARAMETRIC_REPRESENTATION_CONTEXT() REPRESENTATION_CONTEXT('2D SPACE',''
  ) );
#2908 = PCURVE('',#1430,#2909);
#2909 = DEFINITIONAL_REPRESENTATION('',(#2910),#2914);
#2910 = LINE('',#2911,#2912);
#2911 = CARTESIAN_POINT('',(1.570796326795,0.));
#2912 = VECTOR('',#2913,1.);
#2913 = DIRECTION('',(0.,-1.));
#2914 = ( GEOMETRIC_REPRESENTATION_CONTEXT(2) 
PARAMETRIC_REPRESENTATION_CONTEXT() REPRESENTATION_CONTEXT('2D SPACE',''
  ) );
#2915 = ORIENTED_EDGE('',*,*,#1442,.F.);
#2916 = ADVANCED_FACE('',(#2917),#1430,.T.);
#2917 = FACE_BOUND('',#2918,.T.);
#2918 = EDGE_LOOP('',(#2919,#2920,#2948,#2969));
#2919 = ORIENTED_EDGE('',*,*,#2895,.T.);
#2920 = ORIENTED_EDGE('',*,*,#2921,.T.);
#2921 = EDGE_CURVE('',#2873,#2922,#2924,.T.);
#2922 = VERTEX_POINT('',#2923);
#2923 = CARTESIAN_POINT('',(-18.125,-11.05000014941,12.6));
#2924 = SURFACE_CURVE('',#2925,(#2930,#2937),.PCURVE_S1.);
#2925 = CIRCLE('',#2926,0.2);
#2926 = AXIS2_PLACEMENT_3D('',#2927,#2928,#2929);
#2927 = CARTESIAN_POINT('',(-18.325,-11.05,12.6));
#2928 = DIRECTION('',(0.,0.,-1.));
#2929 = DIRECTION('',(1.224646799147E-16,1.,0.));
#2930 = PCURVE('',#1430,#2931);
#2931 = DEFINITIONAL_REPRESENTATION('',(#2932),#2936);
#2932 = LINE('',#2933,#2934);
#2933 = CARTESIAN_POINT('',(0.,-1.6));
#2934 = VECTOR('',#2935,1.);
#2935 = DIRECTION('',(1.,0.));
#2936 = ( GEOMETRIC_REPRESENTATION_CONTEXT(2) 
PARAMETRIC_REPRESENTATION_CONTEXT() REPRESENTATION_CONTEXT('2D SPACE',''
  ) );
#2937 = PCURVE('',#2676,#2938);
#2938 = DEFINITIONAL_REPRESENTATION('',(#2939),#2947);
#2939 = ( BOUNDED_CURVE() B_SPLINE_CURVE(2,(#2940,#2941,#2942,#2943,
#2944,#2945,#2946),.UNSPECIFIED.,.T.,.F.) B_SPLINE_CURVE_WITH_KNOTS((1,2
    ,2,2,2,1),(-2.094395102393,0.,2.094395102393,4.188790204786,
6.28318530718,8.377580409573),.UNSPECIFIED.) CURVE() 
GEOMETRIC_REPRESENTATION_ITEM() RATIONAL_B_SPLINE_CURVE((1.,0.5,1.,0.5,
1.,0.5,1.)) REPRESENTATION_ITEM('') );
#2940 = CARTESIAN_POINT('',(-18.32287899159,-9.510386698464));
#2941 = CARTESIAN_POINT('',(-17.97646883008,-9.510386698464));
#2942 = CARTESIAN_POINT('',(-18.14967391083,-9.810386698464));
#2943 = CARTESIAN_POINT('',(-18.32287899159,-10.11038669846));
#2944 = CARTESIAN_POINT('',(-18.49608407235,-9.810386698464));
#2945 = CARTESIAN_POINT('',(-18.6692891531,-9.510386698464));
#2946 = CARTESIAN_POINT('',(-18.32287899159,-9.510386698464));
#2947 = ( GEOMETRIC_REPRESENTATION_CONTEXT(2) 
PARAMETRIC_REPRESENTATION_CONTEXT() REPRESENTATION_CONTEXT('2D SPACE',''
  ) );
#2948 = ORIENTED_EDGE('',*,*,#2949,.F.);
#2949 = EDGE_CURVE('',#1381,#2922,#2950,.T.);
#2950 = SURFACE_CURVE('',#2951,(#2955,#2962),.PCURVE_S1.);
#2951 = LINE('',#2952,#2953);
#2952 = CARTESIAN_POINT('',(-18.125,-11.05000014941,11.));
#2953 = VECTOR('',#2954,1.);
#2954 = DIRECTION('',(0.,0.,1.));
#2955 = PCURVE('',#1430,#2956);
#2956 = DEFINITIONAL_REPRESENTATION('',(#2957),#2961);
#2957 = LINE('',#2958,#2959);
#2958 = CARTESIAN_POINT('',(1.570797073871,0.));
#2959 = VECTOR('',#2960,1.);
#2960 = DIRECTION('',(0.,-1.));
#2961 = ( GEOMETRIC_REPRESENTATION_CONTEXT(2) 
PARAMETRIC_REPRESENTATION_CONTEXT() REPRESENTATION_CONTEXT('2D SPACE',''
  ) );
#2962 = PCURVE('',#1397,#2963);
#2963 = DEFINITIONAL_REPRESENTATION('',(#2964),#2968);
#2964 = LINE('',#2965,#2966);
#2965 = CARTESIAN_POINT('',(-6.28318530718,0.));
#2966 = VECTOR('',#2967,1.);
#2967 = DIRECTION('',(-0.,-1.));
#2968 = ( GEOMETRIC_REPRESENTATION_CONTEXT(2) 
PARAMETRIC_REPRESENTATION_CONTEXT() REPRESENTATION_CONTEXT('2D SPACE',''
  ) );
#2969 = ORIENTED_EDGE('',*,*,#1409,.F.);
#2970 = ADVANCED_FACE('',(#2971),#1397,.F.);
#2971 = FACE_BOUND('',#2972,.T.);
#2972 = EDGE_LOOP('',(#2973,#2974,#2998,#3019));
#2973 = ORIENTED_EDGE('',*,*,#2949,.T.);
#2974 = ORIENTED_EDGE('',*,*,#2975,.T.);
#2975 = EDGE_CURVE('',#2922,#2976,#2978,.T.);
#2976 = VERTEX_POINT('',#2977);
#2977 = CARTESIAN_POINT('',(-17.32500014941,-11.85,12.6));
#2978 = SURFACE_CURVE('',#2979,(#2984,#2991),.PCURVE_S1.);
#2979 = CIRCLE('',#2980,0.799999252925);
#2980 = AXIS2_PLACEMENT_3D('',#2981,#2982,#2983);
#2981 = CARTESIAN_POINT('',(-17.32500074707,-11.05000074707,12.6));
#2982 = DIRECTION('',(0.,0.,1.));
#2983 = DIRECTION('',(-1.,7.470757634981E-07,0.));
#2984 = PCURVE('',#1397,#2985);
#2985 = DEFINITIONAL_REPRESENTATION('',(#2986),#2990);
#2986 = LINE('',#2987,#2988);
#2987 = CARTESIAN_POINT('',(-0.,-1.6));
#2988 = VECTOR('',#2989,1.);
#2989 = DIRECTION('',(-1.,0.));
#2990 = ( GEOMETRIC_REPRESENTATION_CONTEXT(2) 
PARAMETRIC_REPRESENTATION_CONTEXT() REPRESENTATION_CONTEXT('2D SPACE',''
  ) );
#2991 = PCURVE('',#2676,#2992);
#2992 = DEFINITIONAL_REPRESENTATION('',(#2993),#2997);
#2993 = CIRCLE('',#2994,0.799999252925);
#2994 = AXIS2_PLACEMENT_2D('',#2995,#2996);
#2995 = CARTESIAN_POINT('',(-17.32287973867,-9.71038744554));
#2996 = DIRECTION('',(-1.,7.470757634981E-07));
#2997 = ( GEOMETRIC_REPRESENTATION_CONTEXT(2) 
PARAMETRIC_REPRESENTATION_CONTEXT() REPRESENTATION_CONTEXT('2D SPACE',''
  ) );
#2998 = ORIENTED_EDGE('',*,*,#2999,.F.);
#2999 = EDGE_CURVE('',#1348,#2976,#3000,.T.);
#3000 = SURFACE_CURVE('',#3001,(#3005,#3012),.PCURVE_S1.);
#3001 = LINE('',#3002,#3003);
#3002 = CARTESIAN_POINT('',(-17.32500014941,-11.85,11.));
#3003 = VECTOR('',#3004,1.);
#3004 = DIRECTION('',(0.,0.,1.));
#3005 = PCURVE('',#1397,#3006);
#3006 = DEFINITIONAL_REPRESENTATION('',(#3007),#3011);
#3007 = LINE('',#3008,#3009);
#3008 = CARTESIAN_POINT('',(-7.853983128126,0.));
#3009 = VECTOR('',#3010,1.);
#3010 = DIRECTION('',(-0.,-1.));
#3011 = ( GEOMETRIC_REPRESENTATION_CONTEXT(2) 
PARAMETRIC_REPRESENTATION_CONTEXT() REPRESENTATION_CONTEXT('2D SPACE',''
  ) );
#3012 = PCURVE('',#1368,#3013);
#3013 = DEFINITIONAL_REPRESENTATION('',(#3014),#3018);
#3014 = LINE('',#3015,#3016);
#3015 = CARTESIAN_POINT('',(1.570796326795,0.));
#3016 = VECTOR('',#3017,1.);
#3017 = DIRECTION('',(0.,-1.));
#3018 = ( GEOMETRIC_REPRESENTATION_CONTEXT(2) 
PARAMETRIC_REPRESENTATION_CONTEXT() REPRESENTATION_CONTEXT('2D SPACE',''
  ) );
#3019 = ORIENTED_EDGE('',*,*,#1380,.F.);
#3020 = ADVANCED_FACE('',(#3021),#1368,.T.);
#3021 = FACE_BOUND('',#3022,.T.);
#3022 = EDGE_LOOP('',(#3023,#3024,#3052,#3073));
#3023 = ORIENTED_EDGE('',*,*,#2999,.T.);
#3024 = ORIENTED_EDGE('',*,*,#3025,.T.);
#3025 = EDGE_CURVE('',#2976,#3026,#3028,.T.);
#3026 = VERTEX_POINT('',#3027);
#3027 = CARTESIAN_POINT('',(-17.325,-11.85,12.6));
#3028 = SURFACE_CURVE('',#3029,(#3034,#3041),.PCURVE_S1.);
#3029 = CIRCLE('',#3030,0.2);
#3030 = AXIS2_PLACEMENT_3D('',#3031,#3032,#3033);
#3031 = CARTESIAN_POINT('',(-17.325,-12.05,12.6));
#3032 = DIRECTION('',(-0.,0.,-1.));
#3033 = DIRECTION('',(-1.,-7.470757631669E-07,0.));
#3034 = PCURVE('',#1368,#3035);
#3035 = DEFINITIONAL_REPRESENTATION('',(#3036),#3040);
#3036 = LINE('',#3037,#3038);
#3037 = CARTESIAN_POINT('',(0.,-1.6));
#3038 = VECTOR('',#3039,1.);
#3039 = DIRECTION('',(1.,0.));
#3040 = ( GEOMETRIC_REPRESENTATION_CONTEXT(2) 
PARAMETRIC_REPRESENTATION_CONTEXT() REPRESENTATION_CONTEXT('2D SPACE',''
  ) );
#3041 = PCURVE('',#2676,#3042);
#3042 = DEFINITIONAL_REPRESENTATION('',(#3043),#3051);
#3043 = ( BOUNDED_CURVE() B_SPLINE_CURVE(2,(#3044,#3045,#3046,#3047,
#3048,#3049,#3050),.UNSPECIFIED.,.T.,.F.) B_SPLINE_CURVE_WITH_KNOTS((1,2
    ,2,2,2,1),(-2.094395102393,0.,2.094395102393,4.188790204786,
6.28318530718,8.377580409573),.UNSPECIFIED.) CURVE() 
GEOMETRIC_REPRESENTATION_ITEM() RATIONAL_B_SPLINE_CURVE((1.,0.5,1.,0.5,
1.,0.5,1.)) REPRESENTATION_ITEM('') );
#3044 = CARTESIAN_POINT('',(-17.52287899159,-10.71038684788));
#3045 = CARTESIAN_POINT('',(-17.52287925038,-10.36397668636));
#3046 = CARTESIAN_POINT('',(-17.22287912099,-10.537181543));
#3047 = CARTESIAN_POINT('',(-16.92287899159,-10.71038639963));
#3048 = CARTESIAN_POINT('',(-17.22287886219,-10.88359170451));
#3049 = CARTESIAN_POINT('',(-17.5228787328,-11.05679700939));
#3050 = CARTESIAN_POINT('',(-17.52287899159,-10.71038684788));
#3051 = ( GEOMETRIC_REPRESENTATION_CONTEXT(2) 
PARAMETRIC_REPRESENTATION_CONTEXT() REPRESENTATION_CONTEXT('2D SPACE',''
  ) );
#3052 = ORIENTED_EDGE('',*,*,#3053,.F.);
#3053 = EDGE_CURVE('',#1320,#3026,#3054,.T.);
#3054 = SURFACE_CURVE('',#3055,(#3059,#3066),.PCURVE_S1.);
#3055 = LINE('',#3056,#3057);
#3056 = CARTESIAN_POINT('',(-17.325,-11.85,11.));
#3057 = VECTOR('',#3058,1.);
#3058 = DIRECTION('',(0.,0.,1.));
#3059 = PCURVE('',#1368,#3060);
#3060 = DEFINITIONAL_REPRESENTATION('',(#3061),#3065);
#3061 = LINE('',#3062,#3063);
#3062 = CARTESIAN_POINT('',(1.570797073871,0.));
#3063 = VECTOR('',#3064,1.);
#3064 = DIRECTION('',(0.,-1.));
#3065 = ( GEOMETRIC_REPRESENTATION_CONTEXT(2) 
PARAMETRIC_REPRESENTATION_CONTEXT() REPRESENTATION_CONTEXT('2D SPACE',''
  ) );
#3066 = PCURVE('',#1335,#3067);
#3067 = DEFINITIONAL_REPRESENTATION('',(#3068),#3072);
#3068 = LINE('',#3069,#3070);
#3069 = CARTESIAN_POINT('',(0.,0.));
#3070 = VECTOR('',#3071,1.);
#3071 = DIRECTION('',(0.,-1.));
#3072 = ( GEOMETRIC_REPRESENTATION_CONTEXT(2) 
PARAMETRIC_REPRESENTATION_CONTEXT() REPRESENTATION_CONTEXT('2D SPACE',''
  ) );
#3073 = ORIENTED_EDGE('',*,*,#1347,.F.);
#3074 = ADVANCED_FACE('',(#3075),#1335,.T.);
#3075 = FACE_BOUND('',#3076,.T.);
#3076 = EDGE_LOOP('',(#3077,#3078,#3101,#3122));
#3077 = ORIENTED_EDGE('',*,*,#3053,.T.);
#3078 = ORIENTED_EDGE('',*,*,#3079,.T.);
#3079 = EDGE_CURVE('',#3026,#3080,#3082,.T.);
#3080 = VERTEX_POINT('',#3081);
#3081 = CARTESIAN_POINT('',(17.325,-11.85,12.6));
#3082 = SURFACE_CURVE('',#3083,(#3087,#3094),.PCURVE_S1.);
#3083 = LINE('',#3084,#3085);
#3084 = CARTESIAN_POINT('',(-17.325,-11.85,12.6));
#3085 = VECTOR('',#3086,1.);
#3086 = DIRECTION('',(1.,-1.224646799147E-16,-0.));
#3087 = PCURVE('',#1335,#3088);
#3088 = DEFINITIONAL_REPRESENTATION('',(#3089),#3093);
#3089 = LINE('',#3090,#3091);
#3090 = CARTESIAN_POINT('',(0.,-1.6));
#3091 = VECTOR('',#3092,1.);
#3092 = DIRECTION('',(1.,0.));
#3093 = ( GEOMETRIC_REPRESENTATION_CONTEXT(2) 
PARAMETRIC_REPRESENTATION_CONTEXT() REPRESENTATION_CONTEXT('2D SPACE',''
  ) );
#3094 = PCURVE('',#2676,#3095);
#3095 = DEFINITIONAL_REPRESENTATION('',(#3096),#3100);
#3096 = LINE('',#3097,#3098);
#3097 = CARTESIAN_POINT('',(-17.32287899159,-10.51038669846));
#3098 = VECTOR('',#3099,1.);
#3099 = DIRECTION('',(1.,-1.224646799147E-16));
#3100 = ( GEOMETRIC_REPRESENTATION_CONTEXT(2) 
PARAMETRIC_REPRESENTATION_CONTEXT() REPRESENTATION_CONTEXT('2D SPACE',''
  ) );
#3101 = ORIENTED_EDGE('',*,*,#3102,.F.);
#3102 = EDGE_CURVE('',#1287,#3080,#3103,.T.);
#3103 = SURFACE_CURVE('',#3104,(#3108,#3115),.PCURVE_S1.);
#3104 = LINE('',#3105,#3106);
#3105 = CARTESIAN_POINT('',(17.325,-11.85,11.));
#3106 = VECTOR('',#3107,1.);
#3107 = DIRECTION('',(0.,0.,1.));
#3108 = PCURVE('',#1335,#3109);
#3109 = DEFINITIONAL_REPRESENTATION('',(#3110),#3114);
#3110 = LINE('',#3111,#3112);
#3111 = CARTESIAN_POINT('',(34.65,0.));
#3112 = VECTOR('',#3113,1.);
#3113 = DIRECTION('',(0.,-1.));
#3114 = ( GEOMETRIC_REPRESENTATION_CONTEXT(2) 
PARAMETRIC_REPRESENTATION_CONTEXT() REPRESENTATION_CONTEXT('2D SPACE',''
  ) );
#3115 = PCURVE('',#1307,#3116);
#3116 = DEFINITIONAL_REPRESENTATION('',(#3117),#3121);
#3117 = LINE('',#3118,#3119);
#3118 = CARTESIAN_POINT('',(1.570796326795,0.));
#3119 = VECTOR('',#3120,1.);
#3120 = DIRECTION('',(0.,-1.));
#3121 = ( GEOMETRIC_REPRESENTATION_CONTEXT(2) 
PARAMETRIC_REPRESENTATION_CONTEXT() REPRESENTATION_CONTEXT('2D SPACE',''
  ) );
#3122 = ORIENTED_EDGE('',*,*,#1319,.F.);
#3123 = ADVANCED_FACE('',(#3124),#1307,.T.);
#3124 = FACE_BOUND('',#3125,.T.);
#3125 = EDGE_LOOP('',(#3126,#3127,#3155,#3176));
#3126 = ORIENTED_EDGE('',*,*,#3102,.T.);
#3127 = ORIENTED_EDGE('',*,*,#3128,.T.);
#3128 = EDGE_CURVE('',#3080,#3129,#3131,.T.);
#3129 = VERTEX_POINT('',#3130);
#3130 = CARTESIAN_POINT('',(17.325000149415,-11.85,12.6));
#3131 = SURFACE_CURVE('',#3132,(#3137,#3144),.PCURVE_S1.);
#3132 = CIRCLE('',#3133,0.2);
#3133 = AXIS2_PLACEMENT_3D('',#3134,#3135,#3136);
#3134 = CARTESIAN_POINT('',(17.325,-12.05,12.6));
#3135 = DIRECTION('',(0.,0.,-1.));
#3136 = DIRECTION('',(-1.,1.224646799147E-16,0.));
#3137 = PCURVE('',#1307,#3138);
#3138 = DEFINITIONAL_REPRESENTATION('',(#3139),#3143);
#3139 = LINE('',#3140,#3141);
#3140 = CARTESIAN_POINT('',(0.,-1.6));
#3141 = VECTOR('',#3142,1.);
#3142 = DIRECTION('',(1.,0.));
#3143 = ( GEOMETRIC_REPRESENTATION_CONTEXT(2) 
PARAMETRIC_REPRESENTATION_CONTEXT() REPRESENTATION_CONTEXT('2D SPACE',''
  ) );
#3144 = PCURVE('',#2676,#3145);
#3145 = DEFINITIONAL_REPRESENTATION('',(#3146),#3154);
#3146 = ( BOUNDED_CURVE() B_SPLINE_CURVE(2,(#3147,#3148,#3149,#3150,
#3151,#3152,#3153),.UNSPECIFIED.,.T.,.F.) B_SPLINE_CURVE_WITH_KNOTS((1,2
    ,2,2,2,1),(-2.094395102393,0.,2.094395102393,4.188790204786,
6.28318530718,8.377580409573),.UNSPECIFIED.) CURVE() 
GEOMETRIC_REPRESENTATION_ITEM() RATIONAL_B_SPLINE_CURVE((1.,0.5,1.,0.5,
1.,0.5,1.)) REPRESENTATION_ITEM('') );
#3147 = CARTESIAN_POINT('',(17.127121008406,-10.71038669846));
#3148 = CARTESIAN_POINT('',(17.127121008406,-10.36397653695));
#3149 = CARTESIAN_POINT('',(17.427121008406,-10.5371816177));
#3150 = CARTESIAN_POINT('',(17.727121008406,-10.71038669846));
#3151 = CARTESIAN_POINT('',(17.427121008406,-10.88359177922));
#3152 = CARTESIAN_POINT('',(17.127121008406,-11.05679685997));
#3153 = CARTESIAN_POINT('',(17.127121008406,-10.71038669846));
#3154 = ( GEOMETRIC_REPRESENTATION_CONTEXT(2) 
PARAMETRIC_REPRESENTATION_CONTEXT() REPRESENTATION_CONTEXT('2D SPACE',''
  ) );
#3155 = ORIENTED_EDGE('',*,*,#3156,.F.);
#3156 = EDGE_CURVE('',#1258,#3129,#3157,.T.);
#3157 = SURFACE_CURVE('',#3158,(#3162,#3169),.PCURVE_S1.);
#3158 = LINE('',#3159,#3160);
#3159 = CARTESIAN_POINT('',(17.325000149415,-11.85,11.));
#3160 = VECTOR('',#3161,1.);
#3161 = DIRECTION('',(0.,0.,1.));
#3162 = PCURVE('',#1307,#3163);
#3163 = DEFINITIONAL_REPRESENTATION('',(#3164),#3168);
#3164 = LINE('',#3165,#3166);
#3165 = CARTESIAN_POINT('',(1.570797073871,0.));
#3166 = VECTOR('',#3167,1.);
#3167 = DIRECTION('',(0.,-1.));
#3168 = ( GEOMETRIC_REPRESENTATION_CONTEXT(2) 
PARAMETRIC_REPRESENTATION_CONTEXT() REPRESENTATION_CONTEXT('2D SPACE',''
  ) );
#3169 = PCURVE('',#1274,#3170);
#3170 = DEFINITIONAL_REPRESENTATION('',(#3171),#3175);
#3171 = LINE('',#3172,#3173);
#3172 = CARTESIAN_POINT('',(-6.28318530718,0.));
#3173 = VECTOR('',#3174,1.);
#3174 = DIRECTION('',(-0.,-1.));
#3175 = ( GEOMETRIC_REPRESENTATION_CONTEXT(2) 
PARAMETRIC_REPRESENTATION_CONTEXT() REPRESENTATION_CONTEXT('2D SPACE',''
  ) );
#3176 = ORIENTED_EDGE('',*,*,#1286,.F.);
#3177 = ADVANCED_FACE('',(#3178),#1274,.F.);
#3178 = FACE_BOUND('',#3179,.T.);
#3179 = EDGE_LOOP('',(#3180,#3181,#3205,#3226));
#3180 = ORIENTED_EDGE('',*,*,#3156,.T.);
#3181 = ORIENTED_EDGE('',*,*,#3182,.T.);
#3182 = EDGE_CURVE('',#3129,#3183,#3185,.T.);
#3183 = VERTEX_POINT('',#3184);
#3184 = CARTESIAN_POINT('',(18.125,-11.05000014941,12.6));
#3185 = SURFACE_CURVE('',#3186,(#3191,#3198),.PCURVE_S1.);
#3186 = CIRCLE('',#3187,0.799999252925);
#3187 = AXIS2_PLACEMENT_3D('',#3188,#3189,#3190);
#3188 = CARTESIAN_POINT('',(17.325000747075,-11.05000074707,12.6));
#3189 = DIRECTION('',(0.,0.,1.));
#3190 = DIRECTION('',(-7.470757634981E-07,-1.,0.));
#3191 = PCURVE('',#1274,#3192);
#3192 = DEFINITIONAL_REPRESENTATION('',(#3193),#3197);
#3193 = LINE('',#3194,#3195);
#3194 = CARTESIAN_POINT('',(-0.,-1.6));
#3195 = VECTOR('',#3196,1.);
#3196 = DIRECTION('',(-1.,0.));
#3197 = ( GEOMETRIC_REPRESENTATION_CONTEXT(2) 
PARAMETRIC_REPRESENTATION_CONTEXT() REPRESENTATION_CONTEXT('2D SPACE',''
  ) );
#3198 = PCURVE('',#2676,#3199);
#3199 = DEFINITIONAL_REPRESENTATION('',(#3200),#3204);
#3200 = CIRCLE('',#3201,0.799999252925);
#3201 = AXIS2_PLACEMENT_2D('',#3202,#3203);
#3202 = CARTESIAN_POINT('',(17.327121755481,-9.71038744554));
#3203 = DIRECTION('',(-7.470757634981E-07,-1.));
#3204 = ( GEOMETRIC_REPRESENTATION_CONTEXT(2) 
PARAMETRIC_REPRESENTATION_CONTEXT() REPRESENTATION_CONTEXT('2D SPACE',''
  ) );
#3205 = ORIENTED_EDGE('',*,*,#3206,.F.);
#3206 = EDGE_CURVE('',#1225,#3183,#3207,.T.);
#3207 = SURFACE_CURVE('',#3208,(#3212,#3219),.PCURVE_S1.);
#3208 = LINE('',#3209,#3210);
#3209 = CARTESIAN_POINT('',(18.125,-11.05000014941,11.));
#3210 = VECTOR('',#3211,1.);
#3211 = DIRECTION('',(0.,0.,1.));
#3212 = PCURVE('',#1274,#3213);
#3213 = DEFINITIONAL_REPRESENTATION('',(#3214),#3218);
#3214 = LINE('',#3215,#3216);
#3215 = CARTESIAN_POINT('',(-7.853983128126,0.));
#3216 = VECTOR('',#3217,1.);
#3217 = DIRECTION('',(-0.,-1.));
#3218 = ( GEOMETRIC_REPRESENTATION_CONTEXT(2) 
PARAMETRIC_REPRESENTATION_CONTEXT() REPRESENTATION_CONTEXT('2D SPACE',''
  ) );
#3219 = PCURVE('',#1245,#3220);
#3220 = DEFINITIONAL_REPRESENTATION('',(#3221),#3225);
#3221 = LINE('',#3222,#3223);
#3222 = CARTESIAN_POINT('',(1.570796326795,0.));
#3223 = VECTOR('',#3224,1.);
#3224 = DIRECTION('',(0.,-1.));
#3225 = ( GEOMETRIC_REPRESENTATION_CONTEXT(2) 
PARAMETRIC_REPRESENTATION_CONTEXT() REPRESENTATION_CONTEXT('2D SPACE',''
  ) );
#3226 = ORIENTED_EDGE('',*,*,#1257,.F.);
#3227 = ADVANCED_FACE('',(#3228),#1245,.T.);
#3228 = FACE_BOUND('',#3229,.T.);
#3229 = EDGE_LOOP('',(#3230,#3231,#3259,#3280));
#3230 = ORIENTED_EDGE('',*,*,#3206,.T.);
#3231 = ORIENTED_EDGE('',*,*,#3232,.T.);
#3232 = EDGE_CURVE('',#3183,#3233,#3235,.T.);
#3233 = VERTEX_POINT('',#3234);
#3234 = CARTESIAN_POINT('',(18.125,-11.05,12.6));
#3235 = SURFACE_CURVE('',#3236,(#3241,#3248),.PCURVE_S1.);
#3236 = CIRCLE('',#3237,0.2);
#3237 = AXIS2_PLACEMENT_3D('',#3238,#3239,#3240);
#3238 = CARTESIAN_POINT('',(18.325,-11.05,12.6));
#3239 = DIRECTION('',(-0.,0.,-1.));
#3240 = DIRECTION('',(7.470757631669E-07,-1.,-0.));
#3241 = PCURVE('',#1245,#3242);
#3242 = DEFINITIONAL_REPRESENTATION('',(#3243),#3247);
#3243 = LINE('',#3244,#3245);
#3244 = CARTESIAN_POINT('',(0.,-1.6));
#3245 = VECTOR('',#3246,1.);
#3246 = DIRECTION('',(1.,0.));
#3247 = ( GEOMETRIC_REPRESENTATION_CONTEXT(2) 
PARAMETRIC_REPRESENTATION_CONTEXT() REPRESENTATION_CONTEXT('2D SPACE',''
  ) );
#3248 = PCURVE('',#2676,#3249);
#3249 = DEFINITIONAL_REPRESENTATION('',(#3250),#3258);
#3250 = ( BOUNDED_CURVE() B_SPLINE_CURVE(2,(#3251,#3252,#3253,#3254,
#3255,#3256,#3257),.UNSPECIFIED.,.T.,.F.) B_SPLINE_CURVE_WITH_KNOTS((1,2
    ,2,2,2,1),(-2.094395102393,0.,2.094395102393,4.188790204786,
6.28318530718,8.377580409573),.UNSPECIFIED.) CURVE() 
GEOMETRIC_REPRESENTATION_ITEM() RATIONAL_B_SPLINE_CURVE((1.,0.5,1.,0.5,
1.,0.5,1.)) REPRESENTATION_ITEM('') );
#3251 = CARTESIAN_POINT('',(18.327121157821,-9.910386698464));
#3252 = CARTESIAN_POINT('',(17.980710996307,-9.910386957259));
#3253 = CARTESIAN_POINT('',(18.153915852941,-9.610386827862));
#3254 = CARTESIAN_POINT('',(18.327120709575,-9.310386698465));
#3255 = CARTESIAN_POINT('',(18.500326014455,-9.610386569067));
#3256 = CARTESIAN_POINT('',(18.673531319334,-9.91038643967));
#3257 = CARTESIAN_POINT('',(18.327121157821,-9.910386698464));
#3258 = ( GEOMETRIC_REPRESENTATION_CONTEXT(2) 
PARAMETRIC_REPRESENTATION_CONTEXT() REPRESENTATION_CONTEXT('2D SPACE',''
  ) );
#3259 = ORIENTED_EDGE('',*,*,#3260,.F.);
#3260 = EDGE_CURVE('',#1197,#3233,#3261,.T.);
#3261 = SURFACE_CURVE('',#3262,(#3266,#3273),.PCURVE_S1.);
#3262 = LINE('',#3263,#3264);
#3263 = CARTESIAN_POINT('',(18.125,-11.05,11.));
#3264 = VECTOR('',#3265,1.);
#3265 = DIRECTION('',(0.,0.,1.));
#3266 = PCURVE('',#1245,#3267);
#3267 = DEFINITIONAL_REPRESENTATION('',(#3268),#3272);
#3268 = LINE('',#3269,#3270);
#3269 = CARTESIAN_POINT('',(1.570797073871,0.));
#3270 = VECTOR('',#3271,1.);
#3271 = DIRECTION('',(0.,-1.));
#3272 = ( GEOMETRIC_REPRESENTATION_CONTEXT(2) 
PARAMETRIC_REPRESENTATION_CONTEXT() REPRESENTATION_CONTEXT('2D SPACE',''
  ) );
#3273 = PCURVE('',#1212,#3274);
#3274 = DEFINITIONAL_REPRESENTATION('',(#3275),#3279);
#3275 = LINE('',#3276,#3277);
#3276 = CARTESIAN_POINT('',(0.,0.));
#3277 = VECTOR('',#3278,1.);
#3278 = DIRECTION('',(0.,-1.));
#3279 = ( GEOMETRIC_REPRESENTATION_CONTEXT(2) 
PARAMETRIC_REPRESENTATION_CONTEXT() REPRESENTATION_CONTEXT('2D SPACE',''
  ) );
#3280 = ORIENTED_EDGE('',*,*,#1224,.F.);
#3281 = ADVANCED_FACE('',(#3282),#1212,.T.);
#3282 = FACE_BOUND('',#3283,.T.);
#3283 = EDGE_LOOP('',(#3284,#3285,#3308,#3329));
#3284 = ORIENTED_EDGE('',*,*,#3260,.T.);
#3285 = ORIENTED_EDGE('',*,*,#3286,.T.);
#3286 = EDGE_CURVE('',#3233,#3287,#3289,.T.);
#3287 = VERTEX_POINT('',#3288);
#3288 = CARTESIAN_POINT('',(18.125,1.45,12.6));
#3289 = SURFACE_CURVE('',#3290,(#3294,#3301),.PCURVE_S1.);
#3290 = LINE('',#3291,#3292);
#3291 = CARTESIAN_POINT('',(18.125,-11.05,12.6));
#3292 = VECTOR('',#3293,1.);
#3293 = DIRECTION('',(1.224646799147E-16,1.,0.));
#3294 = PCURVE('',#1212,#3295);
#3295 = DEFINITIONAL_REPRESENTATION('',(#3296),#3300);
#3296 = LINE('',#3297,#3298);
#3297 = CARTESIAN_POINT('',(0.,-1.6));
#3298 = VECTOR('',#3299,1.);
#3299 = DIRECTION('',(1.,0.));
#3300 = ( GEOMETRIC_REPRESENTATION_CONTEXT(2) 
PARAMETRIC_REPRESENTATION_CONTEXT() REPRESENTATION_CONTEXT('2D SPACE',''
  ) );
#3301 = PCURVE('',#2676,#3302);
#3302 = DEFINITIONAL_REPRESENTATION('',(#3303),#3307);
#3303 = LINE('',#3304,#3305);
#3304 = CARTESIAN_POINT('',(18.127121008406,-9.710386698464));
#3305 = VECTOR('',#3306,1.);
#3306 = DIRECTION('',(1.224646799147E-16,1.));
#3307 = ( GEOMETRIC_REPRESENTATION_CONTEXT(2) 
PARAMETRIC_REPRESENTATION_CONTEXT() REPRESENTATION_CONTEXT('2D SPACE',''
  ) );
#3308 = ORIENTED_EDGE('',*,*,#3309,.F.);
#3309 = EDGE_CURVE('',#1164,#3287,#3310,.T.);
#3310 = SURFACE_CURVE('',#3311,(#3315,#3322),.PCURVE_S1.);
#3311 = LINE('',#3312,#3313);
#3312 = CARTESIAN_POINT('',(18.125,1.45,11.));
#3313 = VECTOR('',#3314,1.);
#3314 = DIRECTION('',(0.,0.,1.));
#3315 = PCURVE('',#1212,#3316);
#3316 = DEFINITIONAL_REPRESENTATION('',(#3317),#3321);
#3317 = LINE('',#3318,#3319);
#3318 = CARTESIAN_POINT('',(12.5,0.));
#3319 = VECTOR('',#3320,1.);
#3320 = DIRECTION('',(0.,-1.));
#3321 = ( GEOMETRIC_REPRESENTATION_CONTEXT(2) 
PARAMETRIC_REPRESENTATION_CONTEXT() REPRESENTATION_CONTEXT('2D SPACE',''
  ) );
#3322 = PCURVE('',#1184,#3323);
#3323 = DEFINITIONAL_REPRESENTATION('',(#3324),#3328);
#3324 = LINE('',#3325,#3326);
#3325 = CARTESIAN_POINT('',(1.570796326795,0.));
#3326 = VECTOR('',#3327,1.);
#3327 = DIRECTION('',(0.,-1.));
#3328 = ( GEOMETRIC_REPRESENTATION_CONTEXT(2) 
PARAMETRIC_REPRESENTATION_CONTEXT() REPRESENTATION_CONTEXT('2D SPACE',''
  ) );
#3329 = ORIENTED_EDGE('',*,*,#1196,.F.);
#3330 = ADVANCED_FACE('',(#3331),#1184,.T.);
#3331 = FACE_BOUND('',#3332,.T.);
#3332 = EDGE_LOOP('',(#3333,#3334,#3362,#3383));
#3333 = ORIENTED_EDGE('',*,*,#3309,.T.);
#3334 = ORIENTED_EDGE('',*,*,#3335,.T.);
#3335 = EDGE_CURVE('',#3287,#3336,#3338,.T.);
#3336 = VERTEX_POINT('',#3337);
#3337 = CARTESIAN_POINT('',(18.125,1.450000149415,12.6));
#3338 = SURFACE_CURVE('',#3339,(#3344,#3351),.PCURVE_S1.);
#3339 = CIRCLE('',#3340,0.2);
#3340 = AXIS2_PLACEMENT_3D('',#3341,#3342,#3343);
#3341 = CARTESIAN_POINT('',(18.325,1.45,12.6));
#3342 = DIRECTION('',(-0.,0.,-1.));
#3343 = DIRECTION('',(-1.224646799147E-16,-1.,0.));
#3344 = PCURVE('',#1184,#3345);
#3345 = DEFINITIONAL_REPRESENTATION('',(#3346),#3350);
#3346 = LINE('',#3347,#3348);
#3347 = CARTESIAN_POINT('',(0.,-1.6));
#3348 = VECTOR('',#3349,1.);
#3349 = DIRECTION('',(1.,0.));
#3350 = ( GEOMETRIC_REPRESENTATION_CONTEXT(2) 
PARAMETRIC_REPRESENTATION_CONTEXT() REPRESENTATION_CONTEXT('2D SPACE',''
  ) );
#3351 = PCURVE('',#2676,#3352);
#3352 = DEFINITIONAL_REPRESENTATION('',(#3353),#3361);
#3353 = ( BOUNDED_CURVE() B_SPLINE_CURVE(2,(#3354,#3355,#3356,#3357,
#3358,#3359,#3360),.UNSPECIFIED.,.T.,.F.) B_SPLINE_CURVE_WITH_KNOTS((1,2
    ,2,2,2,1),(-2.094395102393,0.,2.094395102393,4.188790204786,
6.28318530718,8.377580409573),.UNSPECIFIED.) CURVE() 
GEOMETRIC_REPRESENTATION_ITEM() RATIONAL_B_SPLINE_CURVE((1.,0.5,1.,0.5,
1.,0.5,1.)) REPRESENTATION_ITEM('') );
#3354 = CARTESIAN_POINT('',(18.327121008406,2.589613301536));
#3355 = CARTESIAN_POINT('',(17.980710846892,2.589613301536));
#3356 = CARTESIAN_POINT('',(18.153915927649,2.889613301536));
#3357 = CARTESIAN_POINT('',(18.327121008406,3.189613301536));
#3358 = CARTESIAN_POINT('',(18.500326089162,2.889613301536));
#3359 = CARTESIAN_POINT('',(18.673531169919,2.589613301536));
#3360 = CARTESIAN_POINT('',(18.327121008406,2.589613301536));
#3361 = ( GEOMETRIC_REPRESENTATION_CONTEXT(2) 
PARAMETRIC_REPRESENTATION_CONTEXT() REPRESENTATION_CONTEXT('2D SPACE',''
  ) );
#3362 = ORIENTED_EDGE('',*,*,#3363,.F.);
#3363 = EDGE_CURVE('',#1135,#3336,#3364,.T.);
#3364 = SURFACE_CURVE('',#3365,(#3369,#3376),.PCURVE_S1.);
#3365 = LINE('',#3366,#3367);
#3366 = CARTESIAN_POINT('',(18.125,1.450000149415,11.));
#3367 = VECTOR('',#3368,1.);
#3368 = DIRECTION('',(0.,0.,1.));
#3369 = PCURVE('',#1184,#3370);
#3370 = DEFINITIONAL_REPRESENTATION('',(#3371),#3375);
#3371 = LINE('',#3372,#3373);
#3372 = CARTESIAN_POINT('',(1.570797073871,0.));
#3373 = VECTOR('',#3374,1.);
#3374 = DIRECTION('',(0.,-1.));
#3375 = ( GEOMETRIC_REPRESENTATION_CONTEXT(2) 
PARAMETRIC_REPRESENTATION_CONTEXT() REPRESENTATION_CONTEXT('2D SPACE',''
  ) );
#3376 = PCURVE('',#1151,#3377);
#3377 = DEFINITIONAL_REPRESENTATION('',(#3378),#3382);
#3378 = LINE('',#3379,#3380);
#3379 = CARTESIAN_POINT('',(-6.28318530718,0.));
#3380 = VECTOR('',#3381,1.);
#3381 = DIRECTION('',(-0.,-1.));
#3382 = ( GEOMETRIC_REPRESENTATION_CONTEXT(2) 
PARAMETRIC_REPRESENTATION_CONTEXT() REPRESENTATION_CONTEXT('2D SPACE',''
  ) );
#3383 = ORIENTED_EDGE('',*,*,#1163,.F.);
#3384 = ADVANCED_FACE('',(#3385),#1151,.F.);
#3385 = FACE_BOUND('',#3386,.T.);
#3386 = EDGE_LOOP('',(#3387,#3388,#3412,#3433));
#3387 = ORIENTED_EDGE('',*,*,#3363,.T.);
#3388 = ORIENTED_EDGE('',*,*,#3389,.T.);
#3389 = EDGE_CURVE('',#3336,#3390,#3392,.T.);
#3390 = VERTEX_POINT('',#3391);
#3391 = CARTESIAN_POINT('',(17.325000149415,2.25,12.6));
#3392 = SURFACE_CURVE('',#3393,(#3398,#3405),.PCURVE_S1.);
#3393 = CIRCLE('',#3394,0.799999252925);
#3394 = AXIS2_PLACEMENT_3D('',#3395,#3396,#3397);
#3395 = CARTESIAN_POINT('',(17.325000747075,1.450000747075,12.6));
#3396 = DIRECTION('',(0.,-0.,1.));
#3397 = DIRECTION('',(1.,-7.470757492872E-07,-0.));
#3398 = PCURVE('',#1151,#3399);
#3399 = DEFINITIONAL_REPRESENTATION('',(#3400),#3404);
#3400 = LINE('',#3401,#3402);
#3401 = CARTESIAN_POINT('',(-0.,-1.6));
#3402 = VECTOR('',#3403,1.);
#3403 = DIRECTION('',(-1.,0.));
#3404 = ( GEOMETRIC_REPRESENTATION_CONTEXT(2) 
PARAMETRIC_REPRESENTATION_CONTEXT() REPRESENTATION_CONTEXT('2D SPACE',''
  ) );
#3405 = PCURVE('',#2676,#3406);
#3406 = DEFINITIONAL_REPRESENTATION('',(#3407),#3411);
#3407 = CIRCLE('',#3408,0.799999252925);
#3408 = AXIS2_PLACEMENT_2D('',#3409,#3410);
#3409 = CARTESIAN_POINT('',(17.327121755481,2.789614048611));
#3410 = DIRECTION('',(1.,-7.470757492872E-07));
#3411 = ( GEOMETRIC_REPRESENTATION_CONTEXT(2) 
PARAMETRIC_REPRESENTATION_CONTEXT() REPRESENTATION_CONTEXT('2D SPACE',''
  ) );
#3412 = ORIENTED_EDGE('',*,*,#3413,.F.);
#3413 = EDGE_CURVE('',#1102,#3390,#3414,.T.);
#3414 = SURFACE_CURVE('',#3415,(#3419,#3426),.PCURVE_S1.);
#3415 = LINE('',#3416,#3417);
#3416 = CARTESIAN_POINT('',(17.325000149415,2.25,11.));
#3417 = VECTOR('',#3418,1.);
#3418 = DIRECTION('',(0.,0.,1.));
#3419 = PCURVE('',#1151,#3420);
#3420 = DEFINITIONAL_REPRESENTATION('',(#3421),#3425);
#3421 = LINE('',#3422,#3423);
#3422 = CARTESIAN_POINT('',(-7.853983128126,0.));
#3423 = VECTOR('',#3424,1.);
#3424 = DIRECTION('',(-0.,-1.));
#3425 = ( GEOMETRIC_REPRESENTATION_CONTEXT(2) 
PARAMETRIC_REPRESENTATION_CONTEXT() REPRESENTATION_CONTEXT('2D SPACE',''
  ) );
#3426 = PCURVE('',#1122,#3427);
#3427 = DEFINITIONAL_REPRESENTATION('',(#3428),#3432);
#3428 = LINE('',#3429,#3430);
#3429 = CARTESIAN_POINT('',(1.570796326795,0.));
#3430 = VECTOR('',#3431,1.);
#3431 = DIRECTION('',(0.,-1.));
#3432 = ( GEOMETRIC_REPRESENTATION_CONTEXT(2) 
PARAMETRIC_REPRESENTATION_CONTEXT() REPRESENTATION_CONTEXT('2D SPACE',''
  ) );
#3433 = ORIENTED_EDGE('',*,*,#1134,.F.);
#3434 = ADVANCED_FACE('',(#3435),#1122,.T.);
#3435 = FACE_BOUND('',#3436,.T.);
#3436 = EDGE_LOOP('',(#3437,#3438,#3466,#3487));
#3437 = ORIENTED_EDGE('',*,*,#3413,.T.);
#3438 = ORIENTED_EDGE('',*,*,#3439,.T.);
#3439 = EDGE_CURVE('',#3390,#3440,#3442,.T.);
#3440 = VERTEX_POINT('',#3441);
#3441 = CARTESIAN_POINT('',(17.324796833337,2.250000103192,12.6));
#3442 = SURFACE_CURVE('',#3443,(#3448,#3455),.PCURVE_S1.);
#3443 = CIRCLE('',#3444,0.2);
#3444 = AXIS2_PLACEMENT_3D('',#3445,#3446,#3447);
#3445 = CARTESIAN_POINT('',(17.325,2.45,12.6));
#3446 = DIRECTION('',(0.,0.,-1.));
#3447 = DIRECTION('',(1.,7.470757489561E-07,0.));
#3448 = PCURVE('',#1122,#3449);
#3449 = DEFINITIONAL_REPRESENTATION('',(#3450),#3454);
#3450 = LINE('',#3451,#3452);
#3451 = CARTESIAN_POINT('',(0.,-1.6));
#3452 = VECTOR('',#3453,1.);
#3453 = DIRECTION('',(1.,0.));
#3454 = ( GEOMETRIC_REPRESENTATION_CONTEXT(2) 
PARAMETRIC_REPRESENTATION_CONTEXT() REPRESENTATION_CONTEXT('2D SPACE',''
  ) );
#3455 = PCURVE('',#2676,#3456);
#3456 = DEFINITIONAL_REPRESENTATION('',(#3457),#3465);
#3457 = ( BOUNDED_CURVE() B_SPLINE_CURVE(2,(#3458,#3459,#3460,#3461,
#3462,#3463,#3464),.UNSPECIFIED.,.T.,.F.) B_SPLINE_CURVE_WITH_KNOTS((1,2
    ,2,2,2,1),(-2.094395102393,0.,2.094395102393,4.188790204786,
6.28318530718,8.377580409573),.UNSPECIFIED.) CURVE() 
GEOMETRIC_REPRESENTATION_ITEM() RATIONAL_B_SPLINE_CURVE((1.,0.5,1.,0.5,
1.,0.5,1.)) REPRESENTATION_ITEM('') );
#3458 = CARTESIAN_POINT('',(17.527121008406,3.789613450951));
#3459 = CARTESIAN_POINT('',(17.5271212672,3.443203289437));
#3460 = CARTESIAN_POINT('',(17.227121137803,3.616408146071));
#3461 = CARTESIAN_POINT('',(16.927121008406,3.789613002705));
#3462 = CARTESIAN_POINT('',(17.227120879008,3.962818307585));
#3463 = CARTESIAN_POINT('',(17.527120749611,4.136023612464));
#3464 = CARTESIAN_POINT('',(17.527121008406,3.789613450951));
#3465 = ( GEOMETRIC_REPRESENTATION_CONTEXT(2) 
PARAMETRIC_REPRESENTATION_CONTEXT() REPRESENTATION_CONTEXT('2D SPACE',''
  ) );
#3466 = ORIENTED_EDGE('',*,*,#3467,.F.);
#3467 = EDGE_CURVE('',#1074,#3440,#3468,.T.);
#3468 = SURFACE_CURVE('',#3469,(#3473,#3480),.PCURVE_S1.);
#3469 = LINE('',#3470,#3471);
#3470 = CARTESIAN_POINT('',(17.324796833337,2.250000103192,11.));
#3471 = VECTOR('',#3472,1.);
#3472 = DIRECTION('',(0.,0.,1.));
#3473 = PCURVE('',#1122,#3474);
#3474 = DEFINITIONAL_REPRESENTATION('',(#3475),#3479);
#3475 = LINE('',#3476,#3477);
#3476 = CARTESIAN_POINT('',(1.571812907362,0.));
#3477 = VECTOR('',#3478,1.);
#3478 = DIRECTION('',(0.,-1.));
#3479 = ( GEOMETRIC_REPRESENTATION_CONTEXT(2) 
PARAMETRIC_REPRESENTATION_CONTEXT() REPRESENTATION_CONTEXT('2D SPACE',''
  ) );
#3480 = PCURVE('',#1089,#3481);
#3481 = DEFINITIONAL_REPRESENTATION('',(#3482),#3486);
#3482 = LINE('',#3483,#3484);
#3483 = CARTESIAN_POINT('',(0.,0.));
#3484 = VECTOR('',#3485,1.);
#3485 = DIRECTION('',(0.,-1.));
#3486 = ( GEOMETRIC_REPRESENTATION_CONTEXT(2) 
PARAMETRIC_REPRESENTATION_CONTEXT() REPRESENTATION_CONTEXT('2D SPACE',''
  ) );
#3487 = ORIENTED_EDGE('',*,*,#1101,.F.);
#3488 = ADVANCED_FACE('',(#3489),#1089,.T.);
#3489 = FACE_BOUND('',#3490,.T.);
#3490 = EDGE_LOOP('',(#3491,#3492,#3515,#3536));
#3491 = ORIENTED_EDGE('',*,*,#3467,.T.);
#3492 = ORIENTED_EDGE('',*,*,#3493,.T.);
#3493 = EDGE_CURVE('',#3440,#3494,#3496,.T.);
#3494 = VERTEX_POINT('',#3495);
#3495 = CARTESIAN_POINT('',(11.32489686094,2.256095004628,12.6));
#3496 = SURFACE_CURVE('',#3497,(#3501,#3508),.PCURVE_S1.);
#3497 = LINE('',#3498,#3499);
#3498 = CARTESIAN_POINT('',(17.324796833337,2.250000103192,12.6));
#3499 = VECTOR('',#3500,1.);
#3500 = DIRECTION('',(-0.999999484041,1.015833317122E-03,0.));
#3501 = PCURVE('',#1089,#3502);
#3502 = DEFINITIONAL_REPRESENTATION('',(#3503),#3507);
#3503 = LINE('',#3504,#3505);
#3504 = CARTESIAN_POINT('',(0.,-1.6));
#3505 = VECTOR('',#3506,1.);
#3506 = DIRECTION('',(1.,0.));
#3507 = ( GEOMETRIC_REPRESENTATION_CONTEXT(2) 
PARAMETRIC_REPRESENTATION_CONTEXT() REPRESENTATION_CONTEXT('2D SPACE',''
  ) );
#3508 = PCURVE('',#2676,#3509);
#3509 = DEFINITIONAL_REPRESENTATION('',(#3510),#3514);
#3510 = LINE('',#3511,#3512);
#3511 = CARTESIAN_POINT('',(17.326917841742,3.589613404727));
#3512 = VECTOR('',#3513,1.);
#3513 = DIRECTION('',(-0.999999484041,1.015833317122E-03));
#3514 = ( GEOMETRIC_REPRESENTATION_CONTEXT(2) 
PARAMETRIC_REPRESENTATION_CONTEXT() REPRESENTATION_CONTEXT('2D SPACE',''
  ) );
#3515 = ORIENTED_EDGE('',*,*,#3516,.F.);
#3516 = EDGE_CURVE('',#1045,#3494,#3517,.T.);
#3517 = SURFACE_CURVE('',#3518,(#3522,#3529),.PCURVE_S1.);
#3518 = LINE('',#3519,#3520);
#3519 = CARTESIAN_POINT('',(11.32489686094,2.256095004628,11.));
#3520 = VECTOR('',#3521,1.);
#3521 = DIRECTION('',(0.,0.,1.));
#3522 = PCURVE('',#1089,#3523);
#3523 = DEFINITIONAL_REPRESENTATION('',(#3524),#3528);
#3524 = LINE('',#3525,#3526);
#3525 = CARTESIAN_POINT('',(5.999903068099,0.));
#3526 = VECTOR('',#3527,1.);
#3527 = DIRECTION('',(0.,-1.));
#3528 = ( GEOMETRIC_REPRESENTATION_CONTEXT(2) 
PARAMETRIC_REPRESENTATION_CONTEXT() REPRESENTATION_CONTEXT('2D SPACE',''
  ) );
#3529 = PCURVE('',#1061,#3530);
#3530 = DEFINITIONAL_REPRESENTATION('',(#3531),#3535);
#3531 = LINE('',#3532,#3533);
#3532 = CARTESIAN_POINT('',(-7.853894554341,0.));
#3533 = VECTOR('',#3534,1.);
#3534 = DIRECTION('',(-0.,-1.));
#3535 = ( GEOMETRIC_REPRESENTATION_CONTEXT(2) 
PARAMETRIC_REPRESENTATION_CONTEXT() REPRESENTATION_CONTEXT('2D SPACE',''
  ) );
#3536 = ORIENTED_EDGE('',*,*,#1073,.F.);
#3537 = ADVANCED_FACE('',(#3538),#1061,.T.);
#3538 = FACE_BOUND('',#3539,.F.);
#3539 = EDGE_LOOP('',(#3540,#3563,#3585,#3586));
#3540 = ORIENTED_EDGE('',*,*,#3541,.T.);
#3541 = EDGE_CURVE('',#1017,#3542,#3544,.T.);
#3542 = VERTEX_POINT('',#3543);
#3543 = CARTESIAN_POINT('',(10.125003,3.456094252925,12.6));
#3544 = SURFACE_CURVE('',#3545,(#3549,#3556),.PCURVE_S1.);
#3545 = LINE('',#3546,#3547);
#3546 = CARTESIAN_POINT('',(10.125003,3.456094252925,11.));
#3547 = VECTOR('',#3548,1.);
#3548 = DIRECTION('',(0.,0.,1.));
#3549 = PCURVE('',#1061,#3550);
#3550 = DEFINITIONAL_REPRESENTATION('',(#3551),#3555);
#3551 = LINE('',#3552,#3553);
#3552 = CARTESIAN_POINT('',(-6.283186054255,0.));
#3553 = VECTOR('',#3554,1.);
#3554 = DIRECTION('',(-0.,-1.));
#3555 = ( GEOMETRIC_REPRESENTATION_CONTEXT(2) 
PARAMETRIC_REPRESENTATION_CONTEXT() REPRESENTATION_CONTEXT('2D SPACE',''
  ) );
#3556 = PCURVE('',#1032,#3557);
#3557 = DEFINITIONAL_REPRESENTATION('',(#3558),#3562);
#3558 = LINE('',#3559,#3560);
#3559 = CARTESIAN_POINT('',(4.440892098501E-16,0.));
#3560 = VECTOR('',#3561,1.);
#3561 = DIRECTION('',(0.,-1.));
#3562 = ( GEOMETRIC_REPRESENTATION_CONTEXT(2) 
PARAMETRIC_REPRESENTATION_CONTEXT() REPRESENTATION_CONTEXT('2D SPACE',''
  ) );
#3563 = ORIENTED_EDGE('',*,*,#3564,.T.);
#3564 = EDGE_CURVE('',#3542,#3494,#3565,.T.);
#3565 = SURFACE_CURVE('',#3566,(#3571,#3578),.PCURVE_S1.);
#3566 = CIRCLE('',#3567,1.199999252925);
#3567 = AXIS2_PLACEMENT_3D('',#3568,#3569,#3570);
#3568 = CARTESIAN_POINT('',(11.325002252925,3.456094252925,12.6));
#3569 = DIRECTION('',(0.,0.,1.));
#3570 = DIRECTION('',(-1.,7.470757634981E-07,0.));
#3571 = PCURVE('',#1061,#3572);
#3572 = DEFINITIONAL_REPRESENTATION('',(#3573),#3577);
#3573 = LINE('',#3574,#3575);
#3574 = CARTESIAN_POINT('',(-0.,-1.6));
#3575 = VECTOR('',#3576,1.);
#3576 = DIRECTION('',(-1.,0.));
#3577 = ( GEOMETRIC_REPRESENTATION_CONTEXT(2) 
PARAMETRIC_REPRESENTATION_CONTEXT() REPRESENTATION_CONTEXT('2D SPACE',''
  ) );
#3578 = PCURVE('',#2676,#3579);
#3579 = DEFINITIONAL_REPRESENTATION('',(#3580),#3584);
#3580 = CIRCLE('',#3581,1.199999252925);
#3581 = AXIS2_PLACEMENT_2D('',#3582,#3583);
#3582 = CARTESIAN_POINT('',(11.32712326133,4.79570755446));
#3583 = DIRECTION('',(-1.,7.470757634981E-07));
#3584 = ( GEOMETRIC_REPRESENTATION_CONTEXT(2) 
PARAMETRIC_REPRESENTATION_CONTEXT() REPRESENTATION_CONTEXT('2D SPACE',''
  ) );
#3585 = ORIENTED_EDGE('',*,*,#3516,.F.);
#3586 = ORIENTED_EDGE('',*,*,#1044,.F.);
#3587 = ADVANCED_FACE('',(#3588),#1032,.T.);
#3588 = FACE_BOUND('',#3589,.T.);
#3589 = EDGE_LOOP('',(#3590,#3591,#3614,#3635));
#3590 = ORIENTED_EDGE('',*,*,#3541,.T.);
#3591 = ORIENTED_EDGE('',*,*,#3592,.T.);
#3592 = EDGE_CURVE('',#3542,#3593,#3595,.T.);
#3593 = VERTEX_POINT('',#3594);
#3594 = CARTESIAN_POINT('',(10.125003,11.048993,12.6));
#3595 = SURFACE_CURVE('',#3596,(#3600,#3607),.PCURVE_S1.);
#3596 = LINE('',#3597,#3598);
#3597 = CARTESIAN_POINT('',(10.125003,3.456095,12.6));
#3598 = VECTOR('',#3599,1.);
#3599 = DIRECTION('',(2.339497829946E-16,1.,0.));
#3600 = PCURVE('',#1032,#3601);
#3601 = DEFINITIONAL_REPRESENTATION('',(#3602),#3606);
#3602 = LINE('',#3603,#3604);
#3603 = CARTESIAN_POINT('',(7.4707520481E-07,-1.6));
#3604 = VECTOR('',#3605,1.);
#3605 = DIRECTION('',(1.,0.));
#3606 = ( GEOMETRIC_REPRESENTATION_CONTEXT(2) 
PARAMETRIC_REPRESENTATION_CONTEXT() REPRESENTATION_CONTEXT('2D SPACE',''
  ) );
#3607 = PCURVE('',#2676,#3608);
#3608 = DEFINITIONAL_REPRESENTATION('',(#3609),#3613);
#3609 = LINE('',#3610,#3611);
#3610 = CARTESIAN_POINT('',(10.127124008406,4.795708301536));
#3611 = VECTOR('',#3612,1.);
#3612 = DIRECTION('',(2.339497829946E-16,1.));
#3613 = ( GEOMETRIC_REPRESENTATION_CONTEXT(2) 
PARAMETRIC_REPRESENTATION_CONTEXT() REPRESENTATION_CONTEXT('2D SPACE',''
  ) );
#3614 = ORIENTED_EDGE('',*,*,#3615,.F.);
#3615 = EDGE_CURVE('',#984,#3593,#3616,.T.);
#3616 = SURFACE_CURVE('',#3617,(#3621,#3628),.PCURVE_S1.);
#3617 = LINE('',#3618,#3619);
#3618 = CARTESIAN_POINT('',(10.125003,11.048993,11.));
#3619 = VECTOR('',#3620,1.);
#3620 = DIRECTION('',(0.,0.,1.));
#3621 = PCURVE('',#1032,#3622);
#3622 = DEFINITIONAL_REPRESENTATION('',(#3623),#3627);
#3623 = LINE('',#3624,#3625);
#3624 = CARTESIAN_POINT('',(7.592898747075,0.));
#3625 = VECTOR('',#3626,1.);
#3626 = DIRECTION('',(0.,-1.));
#3627 = ( GEOMETRIC_REPRESENTATION_CONTEXT(2) 
PARAMETRIC_REPRESENTATION_CONTEXT() REPRESENTATION_CONTEXT('2D SPACE',''
  ) );
#3628 = PCURVE('',#1004,#3629);
#3629 = DEFINITIONAL_REPRESENTATION('',(#3630),#3634);
#3630 = LINE('',#3631,#3632);
#3631 = CARTESIAN_POINT('',(1.570796326795,0.));
#3632 = VECTOR('',#3633,1.);
#3633 = DIRECTION('',(0.,-1.));
#3634 = ( GEOMETRIC_REPRESENTATION_CONTEXT(2) 
PARAMETRIC_REPRESENTATION_CONTEXT() REPRESENTATION_CONTEXT('2D SPACE',''
  ) );
#3635 = ORIENTED_EDGE('',*,*,#1016,.F.);
#3636 = ADVANCED_FACE('',(#3637),#1004,.T.);
#3637 = FACE_BOUND('',#3638,.T.);
#3638 = EDGE_LOOP('',(#3639,#3640,#3668,#3689));
#3639 = ORIENTED_EDGE('',*,*,#3615,.T.);
#3640 = ORIENTED_EDGE('',*,*,#3641,.T.);
#3641 = EDGE_CURVE('',#3593,#3642,#3644,.T.);
#3642 = VERTEX_POINT('',#3643);
#3643 = CARTESIAN_POINT('',(10.125003,11.048993149415,12.6));
#3644 = SURFACE_CURVE('',#3645,(#3650,#3657),.PCURVE_S1.);
#3645 = CIRCLE('',#3646,0.2);
#3646 = AXIS2_PLACEMENT_3D('',#3647,#3648,#3649);
#3647 = CARTESIAN_POINT('',(10.325003,11.048993,12.6));
#3648 = DIRECTION('',(-0.,0.,-1.));
#3649 = DIRECTION('',(-2.339497829946E-16,-1.,0.));
#3650 = PCURVE('',#1004,#3651);
#3651 = DEFINITIONAL_REPRESENTATION('',(#3652),#3656);
#3652 = LINE('',#3653,#3654);
#3653 = CARTESIAN_POINT('',(0.,-1.6));
#3654 = VECTOR('',#3655,1.);
#3655 = DIRECTION('',(1.,0.));
#3656 = ( GEOMETRIC_REPRESENTATION_CONTEXT(2) 
PARAMETRIC_REPRESENTATION_CONTEXT() REPRESENTATION_CONTEXT('2D SPACE',''
  ) );
#3657 = PCURVE('',#2676,#3658);
#3658 = DEFINITIONAL_REPRESENTATION('',(#3659),#3667);
#3659 = ( BOUNDED_CURVE() B_SPLINE_CURVE(2,(#3660,#3661,#3662,#3663,
#3664,#3665,#3666),.UNSPECIFIED.,.T.,.F.) B_SPLINE_CURVE_WITH_KNOTS((1,2
    ,2,2,2,1),(-2.094395102393,0.,2.094395102393,4.188790204786,
6.28318530718,8.377580409573),.UNSPECIFIED.) CURVE() 
GEOMETRIC_REPRESENTATION_ITEM() RATIONAL_B_SPLINE_CURVE((1.,0.5,1.,0.5,
1.,0.5,1.)) REPRESENTATION_ITEM('') );
#3660 = CARTESIAN_POINT('',(10.327124008406,12.188606301536));
#3661 = CARTESIAN_POINT('',(9.980713846892,12.188606301536));
#3662 = CARTESIAN_POINT('',(10.153918927649,12.488606301536));
#3663 = CARTESIAN_POINT('',(10.327124008406,12.788606301536));
#3664 = CARTESIAN_POINT('',(10.500329089162,12.488606301536));
#3665 = CARTESIAN_POINT('',(10.673534169919,12.188606301536));
#3666 = CARTESIAN_POINT('',(10.327124008406,12.188606301536));
#3667 = ( GEOMETRIC_REPRESENTATION_CONTEXT(2) 
PARAMETRIC_REPRESENTATION_CONTEXT() REPRESENTATION_CONTEXT('2D SPACE',''
  ) );
#3668 = ORIENTED_EDGE('',*,*,#3669,.F.);
#3669 = EDGE_CURVE('',#955,#3642,#3670,.T.);
#3670 = SURFACE_CURVE('',#3671,(#3675,#3682),.PCURVE_S1.);
#3671 = LINE('',#3672,#3673);
#3672 = CARTESIAN_POINT('',(10.125003,11.048993149415,11.));
#3673 = VECTOR('',#3674,1.);
#3674 = DIRECTION('',(0.,0.,1.));
#3675 = PCURVE('',#1004,#3676);
#3676 = DEFINITIONAL_REPRESENTATION('',(#3677),#3681);
#3677 = LINE('',#3678,#3679);
#3678 = CARTESIAN_POINT('',(1.570797073871,0.));
#3679 = VECTOR('',#3680,1.);
#3680 = DIRECTION('',(0.,-1.));
#3681 = ( GEOMETRIC_REPRESENTATION_CONTEXT(2) 
PARAMETRIC_REPRESENTATION_CONTEXT() REPRESENTATION_CONTEXT('2D SPACE',''
  ) );
#3682 = PCURVE('',#971,#3683);
#3683 = DEFINITIONAL_REPRESENTATION('',(#3684),#3688);
#3684 = LINE('',#3685,#3686);
#3685 = CARTESIAN_POINT('',(-6.28318530718,0.));
#3686 = VECTOR('',#3687,1.);
#3687 = DIRECTION('',(-0.,-1.));
#3688 = ( GEOMETRIC_REPRESENTATION_CONTEXT(2) 
PARAMETRIC_REPRESENTATION_CONTEXT() REPRESENTATION_CONTEXT('2D SPACE',''
  ) );
#3689 = ORIENTED_EDGE('',*,*,#983,.F.);
#3690 = ADVANCED_FACE('',(#3691),#971,.F.);
#3691 = FACE_BOUND('',#3692,.T.);
#3692 = EDGE_LOOP('',(#3693,#3694,#3718,#3739));
#3693 = ORIENTED_EDGE('',*,*,#3669,.T.);
#3694 = ORIENTED_EDGE('',*,*,#3695,.T.);
#3695 = EDGE_CURVE('',#3642,#3696,#3698,.T.);
#3696 = VERTEX_POINT('',#3697);
#3697 = CARTESIAN_POINT('',(9.325003149415,11.848993,12.6));
#3698 = SURFACE_CURVE('',#3699,(#3704,#3711),.PCURVE_S1.);
#3699 = CIRCLE('',#3700,0.799999252925);
#3700 = AXIS2_PLACEMENT_3D('',#3701,#3702,#3703);
#3701 = CARTESIAN_POINT('',(9.325003747075,11.048993747075,12.6));
#3702 = DIRECTION('',(0.,-0.,1.));
#3703 = DIRECTION('',(1.,-7.470757634981E-07,-0.));
#3704 = PCURVE('',#971,#3705);
#3705 = DEFINITIONAL_REPRESENTATION('',(#3706),#3710);
#3706 = LINE('',#3707,#3708);
#3707 = CARTESIAN_POINT('',(-0.,-1.6));
#3708 = VECTOR('',#3709,1.);
#3709 = DIRECTION('',(-1.,0.));
#3710 = ( GEOMETRIC_REPRESENTATION_CONTEXT(2) 
PARAMETRIC_REPRESENTATION_CONTEXT() REPRESENTATION_CONTEXT('2D SPACE',''
  ) );
#3711 = PCURVE('',#2676,#3712);
#3712 = DEFINITIONAL_REPRESENTATION('',(#3713),#3717);
#3713 = CIRCLE('',#3714,0.799999252925);
#3714 = AXIS2_PLACEMENT_2D('',#3715,#3716);
#3715 = CARTESIAN_POINT('',(9.327124755481,12.388607048611));
#3716 = DIRECTION('',(1.,-7.470757634981E-07));
#3717 = ( GEOMETRIC_REPRESENTATION_CONTEXT(2) 
PARAMETRIC_REPRESENTATION_CONTEXT() REPRESENTATION_CONTEXT('2D SPACE',''
  ) );
#3718 = ORIENTED_EDGE('',*,*,#3719,.F.);
#3719 = EDGE_CURVE('',#922,#3696,#3720,.T.);
#3720 = SURFACE_CURVE('',#3721,(#3725,#3732),.PCURVE_S1.);
#3721 = LINE('',#3722,#3723);
#3722 = CARTESIAN_POINT('',(9.325003149415,11.848993,11.));
#3723 = VECTOR('',#3724,1.);
#3724 = DIRECTION('',(0.,0.,1.));
#3725 = PCURVE('',#971,#3726);
#3726 = DEFINITIONAL_REPRESENTATION('',(#3727),#3731);
#3727 = LINE('',#3728,#3729);
#3728 = CARTESIAN_POINT('',(-7.853983128126,0.));
#3729 = VECTOR('',#3730,1.);
#3730 = DIRECTION('',(-0.,-1.));
#3731 = ( GEOMETRIC_REPRESENTATION_CONTEXT(2) 
PARAMETRIC_REPRESENTATION_CONTEXT() REPRESENTATION_CONTEXT('2D SPACE',''
  ) );
#3732 = PCURVE('',#942,#3733);
#3733 = DEFINITIONAL_REPRESENTATION('',(#3734),#3738);
#3734 = LINE('',#3735,#3736);
#3735 = CARTESIAN_POINT('',(1.570796326795,0.));
#3736 = VECTOR('',#3737,1.);
#3737 = DIRECTION('',(0.,-1.));
#3738 = ( GEOMETRIC_REPRESENTATION_CONTEXT(2) 
PARAMETRIC_REPRESENTATION_CONTEXT() REPRESENTATION_CONTEXT('2D SPACE',''
  ) );
#3739 = ORIENTED_EDGE('',*,*,#954,.F.);
#3740 = ADVANCED_FACE('',(#3741),#942,.T.);
#3741 = FACE_BOUND('',#3742,.T.);
#3742 = EDGE_LOOP('',(#3743,#3744,#3772,#3793));
#3743 = ORIENTED_EDGE('',*,*,#3719,.T.);
#3744 = ORIENTED_EDGE('',*,*,#3745,.T.);
#3745 = EDGE_CURVE('',#3696,#3746,#3748,.T.);
#3746 = VERTEX_POINT('',#3747);
#3747 = CARTESIAN_POINT('',(9.324992205188,11.848993000291,12.6));
#3748 = SURFACE_CURVE('',#3749,(#3754,#3761),.PCURVE_S1.);
#3749 = CIRCLE('',#3750,0.2);
#3750 = AXIS2_PLACEMENT_3D('',#3751,#3752,#3753);
#3751 = CARTESIAN_POINT('',(9.325003,12.048993,12.6));
#3752 = DIRECTION('',(0.,0.,-1.));
#3753 = DIRECTION('',(1.,7.470757631669E-07,0.));
#3754 = PCURVE('',#942,#3755);
#3755 = DEFINITIONAL_REPRESENTATION('',(#3756),#3760);
#3756 = LINE('',#3757,#3758);
#3757 = CARTESIAN_POINT('',(0.,-1.6));
#3758 = VECTOR('',#3759,1.);
#3759 = DIRECTION('',(1.,0.));
#3760 = ( GEOMETRIC_REPRESENTATION_CONTEXT(2) 
PARAMETRIC_REPRESENTATION_CONTEXT() REPRESENTATION_CONTEXT('2D SPACE',''
  ) );
#3761 = PCURVE('',#2676,#3762);
#3762 = DEFINITIONAL_REPRESENTATION('',(#3763),#3771);
#3763 = ( BOUNDED_CURVE() B_SPLINE_CURVE(2,(#3764,#3765,#3766,#3767,
#3768,#3769,#3770),.UNSPECIFIED.,.T.,.F.) B_SPLINE_CURVE_WITH_KNOTS((1,2
    ,2,2,2,1),(-2.094395102393,0.,2.094395102393,4.188790204786,
6.28318530718,8.377580409573),.UNSPECIFIED.) CURVE() 
GEOMETRIC_REPRESENTATION_ITEM() RATIONAL_B_SPLINE_CURVE((1.,0.5,1.,0.5,
1.,0.5,1.)) REPRESENTATION_ITEM('') );
#3764 = CARTESIAN_POINT('',(9.527124008406,13.388606450951));
#3765 = CARTESIAN_POINT('',(9.5271242672,13.042196289437));
#3766 = CARTESIAN_POINT('',(9.227124137803,13.215401146071));
#3767 = CARTESIAN_POINT('',(8.927124008406,13.388606002705));
#3768 = CARTESIAN_POINT('',(9.227123879008,13.561811307585));
#3769 = CARTESIAN_POINT('',(9.527123749611,13.735016612464));
#3770 = CARTESIAN_POINT('',(9.527124008406,13.388606450951));
#3771 = ( GEOMETRIC_REPRESENTATION_CONTEXT(2) 
PARAMETRIC_REPRESENTATION_CONTEXT() REPRESENTATION_CONTEXT('2D SPACE',''
  ) );
#3772 = ORIENTED_EDGE('',*,*,#3773,.F.);
#3773 = EDGE_CURVE('',#894,#3746,#3774,.T.);
#3774 = SURFACE_CURVE('',#3775,(#3779,#3786),.PCURVE_S1.);
#3775 = LINE('',#3776,#3777);
#3776 = CARTESIAN_POINT('',(9.324992205188,11.848993000291,11.));
#3777 = VECTOR('',#3778,1.);
#3778 = DIRECTION('',(0.,0.,1.));
#3779 = PCURVE('',#942,#3780);
#3780 = DEFINITIONAL_REPRESENTATION('',(#3781),#3785);
#3781 = LINE('',#3782,#3783);
#3782 = CARTESIAN_POINT('',(1.570851047932,0.));
#3783 = VECTOR('',#3784,1.);
#3784 = DIRECTION('',(0.,-1.));
#3785 = ( GEOMETRIC_REPRESENTATION_CONTEXT(2) 
PARAMETRIC_REPRESENTATION_CONTEXT() REPRESENTATION_CONTEXT('2D SPACE',''
  ) );
#3786 = PCURVE('',#909,#3787);
#3787 = DEFINITIONAL_REPRESENTATION('',(#3788),#3792);
#3788 = LINE('',#3789,#3790);
#3789 = CARTESIAN_POINT('',(0.,0.));
#3790 = VECTOR('',#3791,1.);
#3791 = DIRECTION('',(0.,-1.));
#3792 = ( GEOMETRIC_REPRESENTATION_CONTEXT(2) 
PARAMETRIC_REPRESENTATION_CONTEXT() REPRESENTATION_CONTEXT('2D SPACE',''
  ) );
#3793 = ORIENTED_EDGE('',*,*,#921,.F.);
#3794 = ADVANCED_FACE('',(#3795),#909,.T.);
#3795 = FACE_BOUND('',#3796,.T.);
#3796 = EDGE_LOOP('',(#3797,#3798,#3821,#3842));
#3797 = ORIENTED_EDGE('',*,*,#3773,.T.);
#3798 = ORIENTED_EDGE('',*,*,#3799,.T.);
#3799 = EDGE_CURVE('',#3746,#3800,#3802,.T.);
#3800 = VERTEX_POINT('',#3801);
#3801 = CARTESIAN_POINT('',(-9.332064567867,11.849999997418,12.6));
#3802 = SURFACE_CURVE('',#3803,(#3807,#3814),.PCURVE_S1.);
#3803 = LINE('',#3804,#3805);
#3804 = CARTESIAN_POINT('',(9.324992205188,11.848993000291,12.6));
#3805 = VECTOR('',#3806,1.);
#3806 = DIRECTION('',(-0.999999998543,5.397406128484E-05,0.));
#3807 = PCURVE('',#909,#3808);
#3808 = DEFINITIONAL_REPRESENTATION('',(#3809),#3813);
#3809 = LINE('',#3810,#3811);
#3810 = CARTESIAN_POINT('',(0.,-1.6));
#3811 = VECTOR('',#3812,1.);
#3812 = DIRECTION('',(1.,0.));
#3813 = ( GEOMETRIC_REPRESENTATION_CONTEXT(2) 
PARAMETRIC_REPRESENTATION_CONTEXT() REPRESENTATION_CONTEXT('2D SPACE',''
  ) );
#3814 = PCURVE('',#2676,#3815);
#3815 = DEFINITIONAL_REPRESENTATION('',(#3816),#3820);
#3816 = LINE('',#3817,#3818);
#3817 = CARTESIAN_POINT('',(9.327113213593,13.188606301827));
#3818 = VECTOR('',#3819,1.);
#3819 = DIRECTION('',(-0.999999998543,5.397406128484E-05));
#3820 = ( GEOMETRIC_REPRESENTATION_CONTEXT(2) 
PARAMETRIC_REPRESENTATION_CONTEXT() REPRESENTATION_CONTEXT('2D SPACE',''
  ) );
#3821 = ORIENTED_EDGE('',*,*,#3822,.F.);
#3822 = EDGE_CURVE('',#865,#3800,#3823,.T.);
#3823 = SURFACE_CURVE('',#3824,(#3828,#3835),.PCURVE_S1.);
#3824 = LINE('',#3825,#3826);
#3825 = CARTESIAN_POINT('',(-9.332064567867,11.849999997418,11.));
#3826 = VECTOR('',#3827,1.);
#3827 = DIRECTION('',(0.,0.,1.));
#3828 = PCURVE('',#909,#3829);
#3829 = DEFINITIONAL_REPRESENTATION('',(#3830),#3834);
#3830 = LINE('',#3831,#3832);
#3831 = CARTESIAN_POINT('',(18.65705680023,0.));
#3832 = VECTOR('',#3833,1.);
#3833 = DIRECTION('',(0.,-1.));
#3834 = ( GEOMETRIC_REPRESENTATION_CONTEXT(2) 
PARAMETRIC_REPRESENTATION_CONTEXT() REPRESENTATION_CONTEXT('2D SPACE',''
  ) );
#3835 = PCURVE('',#881,#3836);
#3836 = DEFINITIONAL_REPRESENTATION('',(#3837),#3841);
#3837 = LINE('',#3838,#3839);
#3838 = CARTESIAN_POINT('',(-6.283132080194,0.));
#3839 = VECTOR('',#3840,1.);
#3840 = DIRECTION('',(-0.,-1.));
#3841 = ( GEOMETRIC_REPRESENTATION_CONTEXT(2) 
PARAMETRIC_REPRESENTATION_CONTEXT() REPRESENTATION_CONTEXT('2D SPACE',''
  ) );
#3842 = ORIENTED_EDGE('',*,*,#893,.F.);
#3843 = ADVANCED_FACE('',(#3844),#881,.F.);
#3844 = FACE_BOUND('',#3845,.T.);
#3845 = EDGE_LOOP('',(#3846,#3847,#3871,#3892));
#3846 = ORIENTED_EDGE('',*,*,#3822,.T.);
#3847 = ORIENTED_EDGE('',*,*,#3848,.T.);
#3848 = EDGE_CURVE('',#3800,#3849,#3851,.T.);
#3849 = VERTEX_POINT('',#3850);
#3850 = CARTESIAN_POINT('',(-10.132107,11.050000149415,12.6));
#3851 = SURFACE_CURVE('',#3852,(#3857,#3864),.PCURVE_S1.);
#3852 = CIRCLE('',#3853,0.799999252925);
#3853 = AXIS2_PLACEMENT_3D('',#3854,#3855,#3856);
#3854 = CARTESIAN_POINT('',(-9.332107747075,11.050000747075,12.6));
#3855 = DIRECTION('',(0.,-0.,1.));
#3856 = DIRECTION('',(7.470757634981E-07,1.,0.));
#3857 = PCURVE('',#881,#3858);
#3858 = DEFINITIONAL_REPRESENTATION('',(#3859),#3863);
#3859 = LINE('',#3860,#3861);
#3860 = CARTESIAN_POINT('',(-0.,-1.6));
#3861 = VECTOR('',#3862,1.);
#3862 = DIRECTION('',(-1.,0.));
#3863 = ( GEOMETRIC_REPRESENTATION_CONTEXT(2) 
PARAMETRIC_REPRESENTATION_CONTEXT() REPRESENTATION_CONTEXT('2D SPACE',''
  ) );
#3864 = PCURVE('',#2676,#3865);
#3865 = DEFINITIONAL_REPRESENTATION('',(#3866),#3870);
#3866 = CIRCLE('',#3867,0.799999252925);
#3867 = AXIS2_PLACEMENT_2D('',#3868,#3869);
#3868 = CARTESIAN_POINT('',(-9.32998673867,12.389614048611));
#3869 = DIRECTION('',(7.470757634981E-07,1.));
#3870 = ( GEOMETRIC_REPRESENTATION_CONTEXT(2) 
PARAMETRIC_REPRESENTATION_CONTEXT() REPRESENTATION_CONTEXT('2D SPACE',''
  ) );
#3871 = ORIENTED_EDGE('',*,*,#3872,.F.);
#3872 = EDGE_CURVE('',#832,#3849,#3873,.T.);
#3873 = SURFACE_CURVE('',#3874,(#3878,#3885),.PCURVE_S1.);
#3874 = LINE('',#3875,#3876);
#3875 = CARTESIAN_POINT('',(-10.132107,11.050000149415,11.));
#3876 = VECTOR('',#3877,1.);
#3877 = DIRECTION('',(0.,0.,1.));
#3878 = PCURVE('',#881,#3879);
#3879 = DEFINITIONAL_REPRESENTATION('',(#3880),#3884);
#3880 = LINE('',#3881,#3882);
#3881 = CARTESIAN_POINT('',(-7.853983128126,0.));
#3882 = VECTOR('',#3883,1.);
#3883 = DIRECTION('',(-0.,-1.));
#3884 = ( GEOMETRIC_REPRESENTATION_CONTEXT(2) 
PARAMETRIC_REPRESENTATION_CONTEXT() REPRESENTATION_CONTEXT('2D SPACE',''
  ) );
#3885 = PCURVE('',#852,#3886);
#3886 = DEFINITIONAL_REPRESENTATION('',(#3887),#3891);
#3887 = LINE('',#3888,#3889);
#3888 = CARTESIAN_POINT('',(1.570796326795,0.));
#3889 = VECTOR('',#3890,1.);
#3890 = DIRECTION('',(0.,-1.));
#3891 = ( GEOMETRIC_REPRESENTATION_CONTEXT(2) 
PARAMETRIC_REPRESENTATION_CONTEXT() REPRESENTATION_CONTEXT('2D SPACE',''
  ) );
#3892 = ORIENTED_EDGE('',*,*,#864,.F.);
#3893 = ADVANCED_FACE('',(#3894),#852,.T.);
#3894 = FACE_BOUND('',#3895,.T.);
#3895 = EDGE_LOOP('',(#3896,#3897,#3925,#3946));
#3896 = ORIENTED_EDGE('',*,*,#3872,.T.);
#3897 = ORIENTED_EDGE('',*,*,#3898,.T.);
#3898 = EDGE_CURVE('',#3849,#3899,#3901,.T.);
#3899 = VERTEX_POINT('',#3900);
#3900 = CARTESIAN_POINT('',(-10.132107,11.05,12.6));
#3901 = SURFACE_CURVE('',#3902,(#3907,#3914),.PCURVE_S1.);
#3902 = CIRCLE('',#3903,0.2);
#3903 = AXIS2_PLACEMENT_3D('',#3904,#3905,#3906);
#3904 = CARTESIAN_POINT('',(-10.332107,11.05,12.6));
#3905 = DIRECTION('',(0.,0.,-1.));
#3906 = DIRECTION('',(-7.470757631669E-07,1.,0.));
#3907 = PCURVE('',#852,#3908);
#3908 = DEFINITIONAL_REPRESENTATION('',(#3909),#3913);
#3909 = LINE('',#3910,#3911);
#3910 = CARTESIAN_POINT('',(0.,-1.6));
#3911 = VECTOR('',#3912,1.);
#3912 = DIRECTION('',(1.,0.));
#3913 = ( GEOMETRIC_REPRESENTATION_CONTEXT(2) 
PARAMETRIC_REPRESENTATION_CONTEXT() REPRESENTATION_CONTEXT('2D SPACE',''
  ) );
#3914 = PCURVE('',#2676,#3915);
#3915 = DEFINITIONAL_REPRESENTATION('',(#3916),#3924);
#3916 = ( BOUNDED_CURVE() B_SPLINE_CURVE(2,(#3917,#3918,#3919,#3920,
#3921,#3922,#3923),.UNSPECIFIED.,.T.,.F.) B_SPLINE_CURVE_WITH_KNOTS((1,2
    ,2,2,2,1),(-2.094395102393,0.,2.094395102393,4.188790204786,
6.28318530718,8.377580409573),.UNSPECIFIED.) CURVE() 
GEOMETRIC_REPRESENTATION_ITEM() RATIONAL_B_SPLINE_CURVE((1.,0.5,1.,0.5,
1.,0.5,1.)) REPRESENTATION_ITEM('') );
#3917 = CARTESIAN_POINT('',(-10.32998614101,12.589613301536));
#3918 = CARTESIAN_POINT('',(-9.983575979496,12.58961356033));
#3919 = CARTESIAN_POINT('',(-10.15678083613,12.289613430933));
#3920 = CARTESIAN_POINT('',(-10.32998569276,11.989613301536));
#3921 = CARTESIAN_POINT('',(-10.50319099764,12.289613172138));
#3922 = CARTESIAN_POINT('',(-10.67639630252,12.589613042741));
#3923 = CARTESIAN_POINT('',(-10.32998614101,12.589613301536));
#3924 = ( GEOMETRIC_REPRESENTATION_CONTEXT(2) 
PARAMETRIC_REPRESENTATION_CONTEXT() REPRESENTATION_CONTEXT('2D SPACE',''
  ) );
#3925 = ORIENTED_EDGE('',*,*,#3926,.F.);
#3926 = EDGE_CURVE('',#804,#3899,#3927,.T.);
#3927 = SURFACE_CURVE('',#3928,(#3932,#3939),.PCURVE_S1.);
#3928 = LINE('',#3929,#3930);
#3929 = CARTESIAN_POINT('',(-10.132107,11.05,11.));
#3930 = VECTOR('',#3931,1.);
#3931 = DIRECTION('',(0.,0.,1.));
#3932 = PCURVE('',#852,#3933);
#3933 = DEFINITIONAL_REPRESENTATION('',(#3934),#3938);
#3934 = LINE('',#3935,#3936);
#3935 = CARTESIAN_POINT('',(1.570797073871,0.));
#3936 = VECTOR('',#3937,1.);
#3937 = DIRECTION('',(0.,-1.));
#3938 = ( GEOMETRIC_REPRESENTATION_CONTEXT(2) 
PARAMETRIC_REPRESENTATION_CONTEXT() REPRESENTATION_CONTEXT('2D SPACE',''
  ) );
#3939 = PCURVE('',#819,#3940);
#3940 = DEFINITIONAL_REPRESENTATION('',(#3941),#3945);
#3941 = LINE('',#3942,#3943);
#3942 = CARTESIAN_POINT('',(0.,0.));
#3943 = VECTOR('',#3944,1.);
#3944 = DIRECTION('',(0.,-1.));
#3945 = ( GEOMETRIC_REPRESENTATION_CONTEXT(2) 
PARAMETRIC_REPRESENTATION_CONTEXT() REPRESENTATION_CONTEXT('2D SPACE',''
  ) );
#3946 = ORIENTED_EDGE('',*,*,#831,.F.);
#3947 = ADVANCED_FACE('',(#3948),#819,.T.);
#3948 = FACE_BOUND('',#3949,.T.);
#3949 = EDGE_LOOP('',(#3950,#3951,#3974,#3995));
#3950 = ORIENTED_EDGE('',*,*,#3926,.T.);
#3951 = ORIENTED_EDGE('',*,*,#3952,.T.);
#3952 = EDGE_CURVE('',#3899,#3953,#3955,.T.);
#3953 = VERTEX_POINT('',#3954);
#3954 = CARTESIAN_POINT('',(-10.132107,3.450700252925,12.6));
#3955 = SURFACE_CURVE('',#3956,(#3960,#3967),.PCURVE_S1.);
#3956 = LINE('',#3957,#3958);
#3957 = CARTESIAN_POINT('',(-10.132107,11.05,12.6));
#3958 = VECTOR('',#3959,1.);
#3959 = DIRECTION('',(-1.224646799147E-16,-1.,0.));
#3960 = PCURVE('',#819,#3961);
#3961 = DEFINITIONAL_REPRESENTATION('',(#3962),#3966);
#3962 = LINE('',#3963,#3964);
#3963 = CARTESIAN_POINT('',(0.,-1.6));
#3964 = VECTOR('',#3965,1.);
#3965 = DIRECTION('',(1.,0.));
#3966 = ( GEOMETRIC_REPRESENTATION_CONTEXT(2) 
PARAMETRIC_REPRESENTATION_CONTEXT() REPRESENTATION_CONTEXT('2D SPACE',''
  ) );
#3967 = PCURVE('',#2676,#3968);
#3968 = DEFINITIONAL_REPRESENTATION('',(#3969),#3973);
#3969 = LINE('',#3970,#3971);
#3970 = CARTESIAN_POINT('',(-10.12998599159,12.389613301536));
#3971 = VECTOR('',#3972,1.);
#3972 = DIRECTION('',(-1.224646799147E-16,-1.));
#3973 = ( GEOMETRIC_REPRESENTATION_CONTEXT(2) 
PARAMETRIC_REPRESENTATION_CONTEXT() REPRESENTATION_CONTEXT('2D SPACE',''
  ) );
#3974 = ORIENTED_EDGE('',*,*,#3975,.F.);
#3975 = EDGE_CURVE('',#775,#3953,#3976,.T.);
#3976 = SURFACE_CURVE('',#3977,(#3981,#3988),.PCURVE_S1.);
#3977 = LINE('',#3978,#3979);
#3978 = CARTESIAN_POINT('',(-10.132107,3.450700252925,11.));
#3979 = VECTOR('',#3980,1.);
#3980 = DIRECTION('',(0.,0.,1.));
#3981 = PCURVE('',#819,#3982);
#3982 = DEFINITIONAL_REPRESENTATION('',(#3983),#3987);
#3983 = LINE('',#3984,#3985);
#3984 = CARTESIAN_POINT('',(7.599299747075,0.));
#3985 = VECTOR('',#3986,1.);
#3986 = DIRECTION('',(0.,-1.));
#3987 = ( GEOMETRIC_REPRESENTATION_CONTEXT(2) 
PARAMETRIC_REPRESENTATION_CONTEXT() REPRESENTATION_CONTEXT('2D SPACE',''
  ) );
#3988 = PCURVE('',#791,#3989);
#3989 = DEFINITIONAL_REPRESENTATION('',(#3990),#3994);
#3990 = LINE('',#3991,#3992);
#3991 = CARTESIAN_POINT('',(-7.85398238105,0.));
#3992 = VECTOR('',#3993,1.);
#3993 = DIRECTION('',(-0.,-1.));
#3994 = ( GEOMETRIC_REPRESENTATION_CONTEXT(2) 
PARAMETRIC_REPRESENTATION_CONTEXT() REPRESENTATION_CONTEXT('2D SPACE',''
  ) );
#3995 = ORIENTED_EDGE('',*,*,#803,.F.);
#3996 = ADVANCED_FACE('',(#3997),#791,.T.);
#3997 = FACE_BOUND('',#3998,.F.);
#3998 = EDGE_LOOP('',(#3999,#4000,#4022,#4023));
#3999 = ORIENTED_EDGE('',*,*,#2637,.T.);
#4000 = ORIENTED_EDGE('',*,*,#4001,.T.);
#4001 = EDGE_CURVE('',#2638,#3953,#4002,.T.);
#4002 = SURFACE_CURVE('',#4003,(#4008,#4015),.PCURVE_S1.);
#4003 = CIRCLE('',#4004,1.199999252925);
#4004 = AXIS2_PLACEMENT_3D('',#4005,#4006,#4007);
#4005 = CARTESIAN_POINT('',(-11.33210625292,3.450700252925,12.6));
#4006 = DIRECTION('',(0.,0.,1.));
#4007 = DIRECTION('',(-7.470757066546E-07,-1.,0.));
#4008 = PCURVE('',#791,#4009);
#4009 = DEFINITIONAL_REPRESENTATION('',(#4010),#4014);
#4010 = LINE('',#4011,#4012);
#4011 = CARTESIAN_POINT('',(-0.,-1.6));
#4012 = VECTOR('',#4013,1.);
#4013 = DIRECTION('',(-1.,0.));
#4014 = ( GEOMETRIC_REPRESENTATION_CONTEXT(2) 
PARAMETRIC_REPRESENTATION_CONTEXT() REPRESENTATION_CONTEXT('2D SPACE',''
  ) );
#4015 = PCURVE('',#2676,#4016);
#4016 = DEFINITIONAL_REPRESENTATION('',(#4017),#4021);
#4017 = CIRCLE('',#4018,1.199999252925);
#4018 = AXIS2_PLACEMENT_2D('',#4019,#4020);
#4019 = CARTESIAN_POINT('',(-11.32998524451,4.79031355446));
#4020 = DIRECTION('',(-7.470757066546E-07,-1.));
#4021 = ( GEOMETRIC_REPRESENTATION_CONTEXT(2) 
PARAMETRIC_REPRESENTATION_CONTEXT() REPRESENTATION_CONTEXT('2D SPACE',''
  ) );
#4022 = ORIENTED_EDGE('',*,*,#3975,.F.);
#4023 = ORIENTED_EDGE('',*,*,#774,.F.);
#4024 = ADVANCED_FACE('',(#4025),#1582,.F.);
#4025 = FACE_BOUND('',#4026,.T.);
#4026 = EDGE_LOOP('',(#4027,#4056,#4077,#4078));
#4027 = ORIENTED_EDGE('',*,*,#4028,.F.);
#4028 = EDGE_CURVE('',#4029,#4029,#4031,.T.);
#4029 = VERTEX_POINT('',#4030);
#4030 = CARTESIAN_POINT('',(17.7,10.,12.));
#4031 = SURFACE_CURVE('',#4032,(#4037,#4044),.PCURVE_S1.);
#4032 = CIRCLE('',#4033,1.2);
#4033 = AXIS2_PLACEMENT_3D('',#4034,#4035,#4036);
#4034 = CARTESIAN_POINT('',(16.5,10.,12.));
#4035 = DIRECTION('',(0.,-1.224646799147E-16,-1.));
#4036 = DIRECTION('',(1.,0.,0.));
#4037 = PCURVE('',#1582,#4038);
#4038 = DEFINITIONAL_REPRESENTATION('',(#4039),#4043);
#4039 = LINE('',#4040,#4041);
#4040 = CARTESIAN_POINT('',(-0.,0.));
#4041 = VECTOR('',#4042,1.);
#4042 = DIRECTION('',(-1.,0.));
#4043 = ( GEOMETRIC_REPRESENTATION_CONTEXT(2) 
PARAMETRIC_REPRESENTATION_CONTEXT() REPRESENTATION_CONTEXT('2D SPACE',''
  ) );
#4044 = PCURVE('',#4045,#4050);
#4045 = PLANE('',#4046);
#4046 = AXIS2_PLACEMENT_3D('',#4047,#4048,#4049);
#4047 = CARTESIAN_POINT('',(16.5,10.,12.));
#4048 = DIRECTION('',(0.,-1.224646799147E-16,-1.));
#4049 = DIRECTION('',(1.,0.,0.));
#4050 = DEFINITIONAL_REPRESENTATION('',(#4051),#4055);
#4051 = CIRCLE('',#4052,1.2);
#4052 = AXIS2_PLACEMENT_2D('',#4053,#4054);
#4053 = CARTESIAN_POINT('',(1.799263332289E-16,-1.023653692829E-16));
#4054 = DIRECTION('',(1.,0.));
#4055 = ( GEOMETRIC_REPRESENTATION_CONTEXT(2) 
PARAMETRIC_REPRESENTATION_CONTEXT() REPRESENTATION_CONTEXT('2D SPACE',''
  ) );
#4056 = ORIENTED_EDGE('',*,*,#4057,.T.);
#4057 = EDGE_CURVE('',#4029,#1566,#4058,.T.);
#4058 = SEAM_CURVE('',#4059,(#4063,#4070),.PCURVE_S1.);
#4059 = LINE('',#4060,#4061);
#4060 = CARTESIAN_POINT('',(17.7,10.,12.));
#4061 = VECTOR('',#4062,1.);
#4062 = DIRECTION('',(0.,-1.224646799147E-16,-1.));
#4063 = PCURVE('',#1582,#4064);
#4064 = DEFINITIONAL_REPRESENTATION('',(#4065),#4069);
#4065 = LINE('',#4066,#4067);
#4066 = CARTESIAN_POINT('',(-6.28318530718,0.));
#4067 = VECTOR('',#4068,1.);
#4068 = DIRECTION('',(-0.,-1.));
#4069 = ( GEOMETRIC_REPRESENTATION_CONTEXT(2) 
PARAMETRIC_REPRESENTATION_CONTEXT() REPRESENTATION_CONTEXT('2D SPACE',''
  ) );
#4070 = PCURVE('',#1582,#4071);
#4071 = DEFINITIONAL_REPRESENTATION('',(#4072),#4076);
#4072 = LINE('',#4073,#4074);
#4073 = CARTESIAN_POINT('',(-0.,0.));
#4074 = VECTOR('',#4075,1.);
#4075 = DIRECTION('',(-0.,-1.));
#4076 = ( GEOMETRIC_REPRESENTATION_CONTEXT(2) 
PARAMETRIC_REPRESENTATION_CONTEXT() REPRESENTATION_CONTEXT('2D SPACE',''
  ) );
#4077 = ORIENTED_EDGE('',*,*,#1565,.F.);
#4078 = ORIENTED_EDGE('',*,*,#4057,.F.);
#4079 = ADVANCED_FACE('',(#4080),#1637,.T.);
#4080 = FACE_BOUND('',#4081,.F.);
#4081 = EDGE_LOOP('',(#4082,#4103,#4104,#4105));
#4082 = ORIENTED_EDGE('',*,*,#4083,.F.);
#4083 = EDGE_CURVE('',#1598,#4084,#4086,.T.);
#4084 = VERTEX_POINT('',#4085);
#4085 = CARTESIAN_POINT('',(16.125,13.25,14.));
#4086 = SURFACE_CURVE('',#4087,(#4091,#4097),.PCURVE_S1.);
#4087 = LINE('',#4088,#4089);
#4088 = CARTESIAN_POINT('',(16.125,13.55,13.7));
#4089 = VECTOR('',#4090,1.);
#4090 = DIRECTION('',(0.,-0.707106781187,0.707106781187));
#4091 = PCURVE('',#1637,#4092);
#4092 = DEFINITIONAL_REPRESENTATION('',(#4093),#4096);
#4093 = B_SPLINE_CURVE_WITH_KNOTS('',1,(#4094,#4095),.UNSPECIFIED.,.F.,
  .F.,(2,2),(-0.424264068712,0.424264068712),.PIECEWISE_BEZIER_KNOTS.);
#4094 = CARTESIAN_POINT('',(0.,0.));
#4095 = CARTESIAN_POINT('',(0.,-0.6));
#4096 = ( GEOMETRIC_REPRESENTATION_CONTEXT(2) 
PARAMETRIC_REPRESENTATION_CONTEXT() REPRESENTATION_CONTEXT('2D SPACE',''
  ) );
#4097 = PCURVE('',#2018,#4098);
#4098 = DEFINITIONAL_REPRESENTATION('',(#4099),#4102);
#4099 = B_SPLINE_CURVE_WITH_KNOTS('',1,(#4100,#4101),.UNSPECIFIED.,.F.,
  .F.,(2,2),(-0.424264068712,0.424264068712),.PIECEWISE_BEZIER_KNOTS.);
#4100 = CARTESIAN_POINT('',(32.250000000001,-0.424264068712));
#4101 = CARTESIAN_POINT('',(32.250000000001,0.424264068712));
#4102 = ( GEOMETRIC_REPRESENTATION_CONTEXT(2) 
PARAMETRIC_REPRESENTATION_CONTEXT() REPRESENTATION_CONTEXT('2D SPACE',''
  ) );
#4103 = ORIENTED_EDGE('',*,*,#1622,.T.);
#4104 = ORIENTED_EDGE('',*,*,#1652,.T.);
#4105 = ORIENTED_EDGE('',*,*,#4106,.F.);
#4106 = EDGE_CURVE('',#4084,#1653,#4107,.T.);
#4107 = SURFACE_CURVE('',#4108,(#4113,#4120),.PCURVE_S1.);
#4108 = CIRCLE('',#4109,3.4);
#4109 = AXIS2_PLACEMENT_3D('',#4110,#4111,#4112);
#4110 = CARTESIAN_POINT('',(16.125,9.85,14.));
#4111 = DIRECTION('',(0.,-0.,-1.));
#4112 = DIRECTION('',(0.,1.,-0.));
#4113 = PCURVE('',#1637,#4114);
#4114 = DEFINITIONAL_REPRESENTATION('',(#4115),#4119);
#4115 = LINE('',#4116,#4117);
#4116 = CARTESIAN_POINT('',(0.,-0.6));
#4117 = VECTOR('',#4118,1.);
#4118 = DIRECTION('',(1.,-0.));
#4119 = ( GEOMETRIC_REPRESENTATION_CONTEXT(2) 
PARAMETRIC_REPRESENTATION_CONTEXT() REPRESENTATION_CONTEXT('2D SPACE',''
  ) );
#4120 = PCURVE('',#1740,#4121);
#4121 = DEFINITIONAL_REPRESENTATION('',(#4122),#4130);
#4122 = ( BOUNDED_CURVE() B_SPLINE_CURVE(2,(#4123,#4124,#4125,#4126,
#4127,#4128,#4129),.UNSPECIFIED.,.T.,.F.) B_SPLINE_CURVE_WITH_KNOTS((1,2
    ,2,2,2,1),(-2.094395102393,0.,2.094395102393,4.188790204786,
6.28318530718,8.377580409573),.UNSPECIFIED.) CURVE() 
GEOMETRIC_REPRESENTATION_ITEM() RATIONAL_B_SPLINE_CURVE((1.,0.5,1.,0.5,
1.,0.5,1.)) REPRESENTATION_ITEM('') );
#4123 = CARTESIAN_POINT('',(16.125,15.25));
#4124 = CARTESIAN_POINT('',(22.013972745734,15.25));
#4125 = CARTESIAN_POINT('',(19.069486372867,10.15));
#4126 = CARTESIAN_POINT('',(16.125,5.05));
#4127 = CARTESIAN_POINT('',(13.180513627133,10.15));
#4128 = CARTESIAN_POINT('',(10.236027254266,15.25));
#4129 = CARTESIAN_POINT('',(16.125,15.25));
#4130 = ( GEOMETRIC_REPRESENTATION_CONTEXT(2) 
PARAMETRIC_REPRESENTATION_CONTEXT() REPRESENTATION_CONTEXT('2D SPACE',''
  ) );
#4131 = ADVANCED_FACE('',(#4132,#4475,#4510,#4541,#4576,#4607,#4638,
    #4673,#4704,#4810),#1740,.T.);
#4132 = FACE_BOUND('',#4133,.T.);
#4133 = EDGE_LOOP('',(#4134,#4164,#4187,#4211,#4234,#4258,#4281,#4309,
    #4354,#4355,#4356,#4379,#4407,#4430));
#4134 = ORIENTED_EDGE('',*,*,#4135,.F.);
#4135 = EDGE_CURVE('',#4136,#4138,#4140,.T.);
#4136 = VERTEX_POINT('',#4137);
#4137 = CARTESIAN_POINT('',(-13.08172931934,-15.77320089085,14.));
#4138 = VERTEX_POINT('',#4139);
#4139 = CARTESIAN_POINT('',(-15.29087690672,-17.11553400235,14.));
#4140 = SURFACE_CURVE('',#4141,(#4146,#4157),.PCURVE_S1.);
#4141 = CIRCLE('',#4142,4.4);
#4142 = AXIS2_PLACEMENT_3D('',#4143,#4144,#4145);
#4143 = CARTESIAN_POINT('',(-16.37033032155,-12.85,14.));
#4144 = DIRECTION('',(0.,-0.,-1.));
#4145 = DIRECTION('',(0.747409318684,-0.66436383883,0.));
#4146 = PCURVE('',#1740,#4147);
#4147 = DEFINITIONAL_REPRESENTATION('',(#4148),#4156);
#4148 = ( BOUNDED_CURVE() B_SPLINE_CURVE(2,(#4149,#4150,#4151,#4152,
#4153,#4154,#4155),.UNSPECIFIED.,.T.,.F.) B_SPLINE_CURVE_WITH_KNOTS((1,2
    ,2,2,2,1),(-2.094395102393,0.,2.094395102393,4.188790204786,
6.28318530718,8.377580409573),.UNSPECIFIED.) CURVE() 
GEOMETRIC_REPRESENTATION_ITEM() RATIONAL_B_SPLINE_CURVE((1.,0.5,1.,0.5,
1.,0.5,1.)) REPRESENTATION_ITEM('') );
#4149 = CARTESIAN_POINT('',(-13.08172931934,-13.77320089085));
#4150 = CARTESIAN_POINT('',(-18.14486178302,-19.46922491249));
#4151 = CARTESIAN_POINT('',(-20.54619705449,-12.23641156539));
#4152 = CARTESIAN_POINT('',(-22.94753232596,-5.003598218297));
#4153 = CARTESIAN_POINT('',(-15.48306459081,-6.540387543751));
#4154 = CARTESIAN_POINT('',(-8.018596855658,-8.077176869206));
#4155 = CARTESIAN_POINT('',(-13.08172931934,-13.77320089085));
#4156 = ( GEOMETRIC_REPRESENTATION_CONTEXT(2) 
PARAMETRIC_REPRESENTATION_CONTEXT() REPRESENTATION_CONTEXT('2D SPACE',''
  ) );
#4157 = PCURVE('',#2456,#4158);
#4158 = DEFINITIONAL_REPRESENTATION('',(#4159),#4163);
#4159 = LINE('',#4160,#4161);
#4160 = CARTESIAN_POINT('',(0.,-0.6));
#4161 = VECTOR('',#4162,1.);
#4162 = DIRECTION('',(1.,-0.));
#4163 = ( GEOMETRIC_REPRESENTATION_CONTEXT(2) 
PARAMETRIC_REPRESENTATION_CONTEXT() REPRESENTATION_CONTEXT('2D SPACE',''
  ) );
#4164 = ORIENTED_EDGE('',*,*,#4165,.F.);
#4165 = EDGE_CURVE('',#4166,#4136,#4168,.T.);
#4166 = VERTEX_POINT('',#4167);
#4167 = CARTESIAN_POINT('',(-12.06516186307,-14.62956250255,14.));
#4168 = SURFACE_CURVE('',#4169,(#4173,#4180),.PCURVE_S1.);
#4169 = LINE('',#4170,#4171);
#4170 = CARTESIAN_POINT('',(-12.06516186307,-14.62956250255,14.));
#4171 = VECTOR('',#4172,1.);
#4172 = DIRECTION('',(-0.66436383883,-0.747409318684,-0.));
#4173 = PCURVE('',#1740,#4174);
#4174 = DEFINITIONAL_REPRESENTATION('',(#4175),#4179);
#4175 = LINE('',#4176,#4177);
#4176 = CARTESIAN_POINT('',(-12.06516186307,-12.62956250255));
#4177 = VECTOR('',#4178,1.);
#4178 = DIRECTION('',(-0.66436383883,-0.747409318684));
#4179 = ( GEOMETRIC_REPRESENTATION_CONTEXT(2) 
PARAMETRIC_REPRESENTATION_CONTEXT() REPRESENTATION_CONTEXT('2D SPACE',''
  ) );
#4180 = PCURVE('',#2291,#4181);
#4181 = DEFINITIONAL_REPRESENTATION('',(#4182),#4186);
#4182 = LINE('',#4183,#4184);
#4183 = CARTESIAN_POINT('',(-0.,0.424264068712));
#4184 = VECTOR('',#4185,1.);
#4185 = DIRECTION('',(-1.,0.));
#4186 = ( GEOMETRIC_REPRESENTATION_CONTEXT(2) 
PARAMETRIC_REPRESENTATION_CONTEXT() REPRESENTATION_CONTEXT('2D SPACE',''
  ) );
#4187 = ORIENTED_EDGE('',*,*,#4188,.F.);
#4188 = EDGE_CURVE('',#4189,#4166,#4191,.T.);
#4189 = VERTEX_POINT('',#4190);
#4190 = CARTESIAN_POINT('',(-7.879669678449,-12.75,14.));
#4191 = SURFACE_CURVE('',#4192,(#4197,#4204),.PCURVE_S1.);
#4192 = CIRCLE('',#4193,5.6);
#4193 = AXIS2_PLACEMENT_3D('',#4194,#4195,#4196);
#4194 = CARTESIAN_POINT('',(-7.879669678449,-18.35,14.));
#4195 = DIRECTION('',(0.,0.,1.));
#4196 = DIRECTION('',(1.7763568394E-16,1.,-0.));
#4197 = PCURVE('',#1740,#4198);
#4198 = DEFINITIONAL_REPRESENTATION('',(#4199),#4203);
#4199 = CIRCLE('',#4200,5.6);
#4200 = AXIS2_PLACEMENT_2D('',#4201,#4202);
#4201 = CARTESIAN_POINT('',(-7.879669678449,-16.35));
#4202 = DIRECTION('',(1.7763568394E-16,1.));
#4203 = ( GEOMETRIC_REPRESENTATION_CONTEXT(2) 
PARAMETRIC_REPRESENTATION_CONTEXT() REPRESENTATION_CONTEXT('2D SPACE',''
  ) );
#4204 = PCURVE('',#2203,#4205);
#4205 = DEFINITIONAL_REPRESENTATION('',(#4206),#4210);
#4206 = LINE('',#4207,#4208);
#4207 = CARTESIAN_POINT('',(0.,0.6));
#4208 = VECTOR('',#4209,1.);
#4209 = DIRECTION('',(1.,0.));
#4210 = ( GEOMETRIC_REPRESENTATION_CONTEXT(2) 
PARAMETRIC_REPRESENTATION_CONTEXT() REPRESENTATION_CONTEXT('2D SPACE',''
  ) );
#4211 = ORIENTED_EDGE('',*,*,#4212,.F.);
#4212 = EDGE_CURVE('',#4213,#4189,#4215,.T.);
#4213 = VERTEX_POINT('',#4214);
#4214 = CARTESIAN_POINT('',(7.879669678449,-12.75,14.));
#4215 = SURFACE_CURVE('',#4216,(#4220,#4227),.PCURVE_S1.);
#4216 = LINE('',#4217,#4218);
#4217 = CARTESIAN_POINT('',(7.879669678449,-12.75,14.));
#4218 = VECTOR('',#4219,1.);
#4219 = DIRECTION('',(-1.,-0.,-0.));
#4220 = PCURVE('',#1740,#4221);
#4221 = DEFINITIONAL_REPRESENTATION('',(#4222),#4226);
#4222 = LINE('',#4223,#4224);
#4223 = CARTESIAN_POINT('',(7.879669678449,-10.75));
#4224 = VECTOR('',#4225,1.);
#4225 = DIRECTION('',(-1.,0.));
#4226 = ( GEOMETRIC_REPRESENTATION_CONTEXT(2) 
PARAMETRIC_REPRESENTATION_CONTEXT() REPRESENTATION_CONTEXT('2D SPACE',''
  ) );
#4227 = PCURVE('',#2092,#4228);
#4228 = DEFINITIONAL_REPRESENTATION('',(#4229),#4233);
#4229 = LINE('',#4230,#4231);
#4230 = CARTESIAN_POINT('',(0.,0.424264068712));
#4231 = VECTOR('',#4232,1.);
#4232 = DIRECTION('',(1.,0.));
#4233 = ( GEOMETRIC_REPRESENTATION_CONTEXT(2) 
PARAMETRIC_REPRESENTATION_CONTEXT() REPRESENTATION_CONTEXT('2D SPACE',''
  ) );
#4234 = ORIENTED_EDGE('',*,*,#4235,.F.);
#4235 = EDGE_CURVE('',#4236,#4213,#4238,.T.);
#4236 = VERTEX_POINT('',#4237);
#4237 = CARTESIAN_POINT('',(12.065161863077,-14.62956250255,14.));
#4238 = SURFACE_CURVE('',#4239,(#4244,#4251),.PCURVE_S1.);
#4239 = CIRCLE('',#4240,5.6);
#4240 = AXIS2_PLACEMENT_3D('',#4241,#4242,#4243);
#4241 = CARTESIAN_POINT('',(7.879669678449,-18.35,14.));
#4242 = DIRECTION('',(0.,0.,1.));
#4243 = DIRECTION('',(0.747409318684,0.66436383883,-0.));
#4244 = PCURVE('',#1740,#4245);
#4245 = DEFINITIONAL_REPRESENTATION('',(#4246),#4250);
#4246 = CIRCLE('',#4247,5.6);
#4247 = AXIS2_PLACEMENT_2D('',#4248,#4249);
#4248 = CARTESIAN_POINT('',(7.879669678449,-16.35));
#4249 = DIRECTION('',(0.747409318684,0.66436383883));
#4250 = ( GEOMETRIC_REPRESENTATION_CONTEXT(2) 
PARAMETRIC_REPRESENTATION_CONTEXT() REPRESENTATION_CONTEXT('2D SPACE',''
  ) );
#4251 = PCURVE('',#1985,#4252);
#4252 = DEFINITIONAL_REPRESENTATION('',(#4253),#4257);
#4253 = LINE('',#4254,#4255);
#4254 = CARTESIAN_POINT('',(0.,0.6));
#4255 = VECTOR('',#4256,1.);
#4256 = DIRECTION('',(1.,0.));
#4257 = ( GEOMETRIC_REPRESENTATION_CONTEXT(2) 
PARAMETRIC_REPRESENTATION_CONTEXT() REPRESENTATION_CONTEXT('2D SPACE',''
  ) );
#4258 = ORIENTED_EDGE('',*,*,#4259,.F.);
#4259 = EDGE_CURVE('',#4260,#4236,#4262,.T.);
#4260 = VERTEX_POINT('',#4261);
#4261 = CARTESIAN_POINT('',(13.081729319343,-15.77320089085,14.));
#4262 = SURFACE_CURVE('',#4263,(#4267,#4274),.PCURVE_S1.);
#4263 = LINE('',#4264,#4265);
#4264 = CARTESIAN_POINT('',(13.081729319343,-15.77320089085,14.));
#4265 = VECTOR('',#4266,1.);
#4266 = DIRECTION('',(-0.66436383883,0.747409318684,-0.));
#4267 = PCURVE('',#1740,#4268);
#4268 = DEFINITIONAL_REPRESENTATION('',(#4269),#4273);
#4269 = LINE('',#4270,#4271);
#4270 = CARTESIAN_POINT('',(13.081729319343,-13.77320089085));
#4271 = VECTOR('',#4272,1.);
#4272 = DIRECTION('',(-0.66436383883,0.747409318684));
#4273 = ( GEOMETRIC_REPRESENTATION_CONTEXT(2) 
PARAMETRIC_REPRESENTATION_CONTEXT() REPRESENTATION_CONTEXT('2D SPACE',''
  ) );
#4274 = PCURVE('',#1929,#4275);
#4275 = DEFINITIONAL_REPRESENTATION('',(#4276),#4280);
#4276 = LINE('',#4277,#4278);
#4277 = CARTESIAN_POINT('',(0.,0.424264068712));
#4278 = VECTOR('',#4279,1.);
#4279 = DIRECTION('',(1.,0.));
#4280 = ( GEOMETRIC_REPRESENTATION_CONTEXT(2) 
PARAMETRIC_REPRESENTATION_CONTEXT() REPRESENTATION_CONTEXT('2D SPACE',''
  ) );
#4281 = ORIENTED_EDGE('',*,*,#4282,.F.);
#4282 = EDGE_CURVE('',#4283,#4260,#4285,.T.);
#4283 = VERTEX_POINT('',#4284);
#4284 = CARTESIAN_POINT('',(15.290876906726,-17.11553400235,14.));
#4285 = SURFACE_CURVE('',#4286,(#4291,#4302),.PCURVE_S1.);
#4286 = CIRCLE('',#4287,4.4);
#4287 = AXIS2_PLACEMENT_3D('',#4288,#4289,#4290);
#4288 = CARTESIAN_POINT('',(16.370330321552,-12.85,14.));
#4289 = DIRECTION('',(-0.,0.,-1.));
#4290 = DIRECTION('',(-0.245330321551,-0.969439545989,0.));
#4291 = PCURVE('',#1740,#4292);
#4292 = DEFINITIONAL_REPRESENTATION('',(#4293),#4301);
#4293 = ( BOUNDED_CURVE() B_SPLINE_CURVE(2,(#4294,#4295,#4296,#4297,
#4298,#4299,#4300),.UNSPECIFIED.,.T.,.F.) B_SPLINE_CURVE_WITH_KNOTS((1,2
    ,2,2,2,1),(-2.094395102393,0.,2.094395102393,4.188790204786,
6.28318530718,8.377580409573),.UNSPECIFIED.) CURVE() 
GEOMETRIC_REPRESENTATION_ITEM() RATIONAL_B_SPLINE_CURVE((1.,0.5,1.,0.5,
1.,0.5,1.)) REPRESENTATION_ITEM('') );
#4294 = CARTESIAN_POINT('',(15.290876906726,-15.11553400235));
#4295 = CARTESIAN_POINT('',(7.90275529324,-13.24586584347));
#4296 = CARTESIAN_POINT('',(13.215996222221,-7.782398919383));
#4297 = CARTESIAN_POINT('',(18.529237151203,-2.318931995296));
#4298 = CARTESIAN_POINT('',(20.604117835708,-9.652067078265));
#4299 = CARTESIAN_POINT('',(22.678998520212,-16.98520216123));
#4300 = CARTESIAN_POINT('',(15.290876906726,-15.11553400235));
#4301 = ( GEOMETRIC_REPRESENTATION_CONTEXT(2) 
PARAMETRIC_REPRESENTATION_CONTEXT() REPRESENTATION_CONTEXT('2D SPACE',''
  ) );
#4302 = PCURVE('',#1855,#4303);
#4303 = DEFINITIONAL_REPRESENTATION('',(#4304),#4308);
#4304 = LINE('',#4305,#4306);
#4305 = CARTESIAN_POINT('',(0.,-0.6));
#4306 = VECTOR('',#4307,1.);
#4307 = DIRECTION('',(1.,-0.));
#4308 = ( GEOMETRIC_REPRESENTATION_CONTEXT(2) 
PARAMETRIC_REPRESENTATION_CONTEXT() REPRESENTATION_CONTEXT('2D SPACE',''
  ) );
#4309 = ORIENTED_EDGE('',*,*,#4310,.F.);
#4310 = EDGE_CURVE('',#1675,#4283,#4311,.T.);
#4311 = SURFACE_CURVE('',#4312,(#4328,#4347),.PCURVE_S1.);
#4312 = B_SPLINE_CURVE_WITH_KNOTS('',14,(#4313,#4314,#4315,#4316,#4317,
    #4318,#4319,#4320,#4321,#4322,#4323,#4324,#4325,#4326,#4327),
  .UNSPECIFIED.,.F.,.F.,(15,15),(102.41134453281,109.68597149075),
  .PIECEWISE_BEZIER_KNOTS.);
#4313 = CARTESIAN_POINT('',(19.525,-13.81943954598,14.));
#4314 = CARTESIAN_POINT('',(19.524999999987,-14.21328276886,
    13.999999999992));
#4315 = CARTESIAN_POINT('',(19.475783300816,-14.62710249297,
    14.000000000036));
#4316 = CARTESIAN_POINT('',(19.370240429983,-15.05249797462,
    13.999999999901));
#4317 = CARTESIAN_POINT('',(19.196135678965,-15.47840504811,
    14.000000000199));
#4318 = CARTESIAN_POINT('',(18.970927465199,-15.88808721782,
    13.999999999691));
#4319 = CARTESIAN_POINT('',(18.63846775538,-16.27482918037,
    14.000000000382));
#4320 = CARTESIAN_POINT('',(18.317273032817,-16.59622803197,
    13.999999999617));
#4321 = CARTESIAN_POINT('',(17.857007002854,-16.88293036116,
    14.000000000314));
#4322 = CARTESIAN_POINT('',(17.449535525275,-17.07193939489,
    13.999999999788));
#4323 = CARTESIAN_POINT('',(16.974075708234,-17.20911579428,
    14.000000000117));
#4324 = CARTESIAN_POINT('',(16.525359122818,-17.26669009218,
    13.999999999949));
#4325 = CARTESIAN_POINT('',(16.085781526038,-17.26611698991,
    14.000000000017));
#4326 = CARTESIAN_POINT('',(15.672684101898,-17.21215568685,
    13.999999999996));
#4327 = CARTESIAN_POINT('',(15.290876906726,-17.11553400235,14.));
#4328 = PCURVE('',#1740,#4329);
#4329 = DEFINITIONAL_REPRESENTATION('',(#4330),#4346);
#4330 = B_SPLINE_CURVE_WITH_KNOTS('',14,(#4331,#4332,#4333,#4334,#4335,
    #4336,#4337,#4338,#4339,#4340,#4341,#4342,#4343,#4344,#4345),
  .UNSPECIFIED.,.F.,.F.,(15,15),(102.41134453281,109.68597149075),
  .PIECEWISE_BEZIER_KNOTS.);
#4331 = CARTESIAN_POINT('',(19.525,-11.81943954598));
#4332 = CARTESIAN_POINT('',(19.524999999987,-12.21328276886));
#4333 = CARTESIAN_POINT('',(19.475783300816,-12.62710249296));
#4334 = CARTESIAN_POINT('',(19.370240429983,-13.05249797466));
#4335 = CARTESIAN_POINT('',(19.196135678965,-13.47840504804));
#4336 = CARTESIAN_POINT('',(18.970927465199,-13.88808721792));
#4337 = CARTESIAN_POINT('',(18.63846775538,-14.27482918023));
#4338 = CARTESIAN_POINT('',(18.317273032817,-14.59622803212));
#4339 = CARTESIAN_POINT('',(17.857007002854,-14.88293036102));
#4340 = CARTESIAN_POINT('',(17.449535525275,-15.07193939499));
#4341 = CARTESIAN_POINT('',(16.974075708234,-15.20911579422));
#4342 = CARTESIAN_POINT('',(16.525359122818,-15.26669009221));
#4343 = CARTESIAN_POINT('',(16.085781526038,-15.2661169899));
#4344 = CARTESIAN_POINT('',(15.672684101898,-15.21215568685));
#4345 = CARTESIAN_POINT('',(15.290876906726,-15.11553400235));
#4346 = ( GEOMETRIC_REPRESENTATION_CONTEXT(2) 
PARAMETRIC_REPRESENTATION_CONTEXT() REPRESENTATION_CONTEXT('2D SPACE',''
  ) );
#4347 = PCURVE('',#1689,#4348);
#4348 = DEFINITIONAL_REPRESENTATION('',(#4349),#4353);
#4349 = LINE('',#4350,#4351);
#4350 = CARTESIAN_POINT('',(7.27462695794,0.));
#4351 = VECTOR('',#4352,1.);
#4352 = DIRECTION('',(0.,1.));
#4353 = ( GEOMETRIC_REPRESENTATION_CONTEXT(2) 
PARAMETRIC_REPRESENTATION_CONTEXT() REPRESENTATION_CONTEXT('2D SPACE',''
  ) );
#4354 = ORIENTED_EDGE('',*,*,#1726,.F.);
#4355 = ORIENTED_EDGE('',*,*,#4106,.F.);
#4356 = ORIENTED_EDGE('',*,*,#4357,.F.);
#4357 = EDGE_CURVE('',#4358,#4084,#4360,.T.);
#4358 = VERTEX_POINT('',#4359);
#4359 = CARTESIAN_POINT('',(-16.125,13.25,14.));
#4360 = SURFACE_CURVE('',#4361,(#4365,#4372),.PCURVE_S1.);
#4361 = LINE('',#4362,#4363);
#4362 = CARTESIAN_POINT('',(-16.125,13.25,14.));
#4363 = VECTOR('',#4364,1.);
#4364 = DIRECTION('',(1.,-0.,-0.));
#4365 = PCURVE('',#1740,#4366);
#4366 = DEFINITIONAL_REPRESENTATION('',(#4367),#4371);
#4367 = LINE('',#4368,#4369);
#4368 = CARTESIAN_POINT('',(-16.125,15.25));
#4369 = VECTOR('',#4370,1.);
#4370 = DIRECTION('',(1.,-0.));
#4371 = ( GEOMETRIC_REPRESENTATION_CONTEXT(2) 
PARAMETRIC_REPRESENTATION_CONTEXT() REPRESENTATION_CONTEXT('2D SPACE',''
  ) );
#4372 = PCURVE('',#2018,#4373);
#4373 = DEFINITIONAL_REPRESENTATION('',(#4374),#4378);
#4374 = LINE('',#4375,#4376);
#4375 = CARTESIAN_POINT('',(0.,0.424264068712));
#4376 = VECTOR('',#4377,1.);
#4377 = DIRECTION('',(1.,0.));
#4378 = ( GEOMETRIC_REPRESENTATION_CONTEXT(2) 
PARAMETRIC_REPRESENTATION_CONTEXT() REPRESENTATION_CONTEXT('2D SPACE',''
  ) );
#4379 = ORIENTED_EDGE('',*,*,#4380,.F.);
#4380 = EDGE_CURVE('',#4381,#4358,#4383,.T.);
#4381 = VERTEX_POINT('',#4382);
#4382 = CARTESIAN_POINT('',(-19.525,9.85,14.));
#4383 = SURFACE_CURVE('',#4384,(#4389,#4400),.PCURVE_S1.);
#4384 = CIRCLE('',#4385,3.4);
#4385 = AXIS2_PLACEMENT_3D('',#4386,#4387,#4388);
#4386 = CARTESIAN_POINT('',(-16.125,9.85,14.));
#4387 = DIRECTION('',(-0.,0.,-1.));
#4388 = DIRECTION('',(-1.,0.,0.));
#4389 = PCURVE('',#1740,#4390);
#4390 = DEFINITIONAL_REPRESENTATION('',(#4391),#4399);
#4391 = ( BOUNDED_CURVE() B_SPLINE_CURVE(2,(#4392,#4393,#4394,#4395,
#4396,#4397,#4398),.UNSPECIFIED.,.T.,.F.) B_SPLINE_CURVE_WITH_KNOTS((1,2
    ,2,2,2,1),(-2.094395102393,0.,2.094395102393,4.188790204786,
6.28318530718,8.377580409573),.UNSPECIFIED.) CURVE() 
GEOMETRIC_REPRESENTATION_ITEM() RATIONAL_B_SPLINE_CURVE((1.,0.5,1.,0.5,
1.,0.5,1.)) REPRESENTATION_ITEM('') );
#4392 = CARTESIAN_POINT('',(-19.525,11.85));
#4393 = CARTESIAN_POINT('',(-19.525,17.738972745734));
#4394 = CARTESIAN_POINT('',(-14.425,14.794486372867));
#4395 = CARTESIAN_POINT('',(-9.325,11.85));
#4396 = CARTESIAN_POINT('',(-14.425,8.905513627133));
#4397 = CARTESIAN_POINT('',(-19.525,5.961027254266));
#4398 = CARTESIAN_POINT('',(-19.525,11.85));
#4399 = ( GEOMETRIC_REPRESENTATION_CONTEXT(2) 
PARAMETRIC_REPRESENTATION_CONTEXT() REPRESENTATION_CONTEXT('2D SPACE',''
  ) );
#4400 = PCURVE('',#2148,#4401);
#4401 = DEFINITIONAL_REPRESENTATION('',(#4402),#4406);
#4402 = LINE('',#4403,#4404);
#4403 = CARTESIAN_POINT('',(0.,-0.6));
#4404 = VECTOR('',#4405,1.);
#4405 = DIRECTION('',(1.,-0.));
#4406 = ( GEOMETRIC_REPRESENTATION_CONTEXT(2) 
PARAMETRIC_REPRESENTATION_CONTEXT() REPRESENTATION_CONTEXT('2D SPACE',''
  ) );
#4407 = ORIENTED_EDGE('',*,*,#4408,.F.);
#4408 = EDGE_CURVE('',#4409,#4381,#4411,.T.);
#4409 = VERTEX_POINT('',#4410);
#4410 = CARTESIAN_POINT('',(-19.525,-13.81943954598,14.));
#4411 = SURFACE_CURVE('',#4412,(#4416,#4423),.PCURVE_S1.);
#4412 = LINE('',#4413,#4414);
#4413 = CARTESIAN_POINT('',(-19.525,-13.81943954598,14.));
#4414 = VECTOR('',#4415,1.);
#4415 = DIRECTION('',(-0.,1.,-0.));
#4416 = PCURVE('',#1740,#4417);
#4417 = DEFINITIONAL_REPRESENTATION('',(#4418),#4422);
#4418 = LINE('',#4419,#4420);
#4419 = CARTESIAN_POINT('',(-19.525,-11.81943954598));
#4420 = VECTOR('',#4421,1.);
#4421 = DIRECTION('',(0.,1.));
#4422 = ( GEOMETRIC_REPRESENTATION_CONTEXT(2) 
PARAMETRIC_REPRESENTATION_CONTEXT() REPRESENTATION_CONTEXT('2D SPACE',''
  ) );
#4423 = PCURVE('',#2258,#4424);
#4424 = DEFINITIONAL_REPRESENTATION('',(#4425),#4429);
#4425 = LINE('',#4426,#4427);
#4426 = CARTESIAN_POINT('',(0.,0.424264068712));
#4427 = VECTOR('',#4428,1.);
#4428 = DIRECTION('',(1.,0.));
#4429 = ( GEOMETRIC_REPRESENTATION_CONTEXT(2) 
PARAMETRIC_REPRESENTATION_CONTEXT() REPRESENTATION_CONTEXT('2D SPACE',''
  ) );
#4430 = ORIENTED_EDGE('',*,*,#4431,.F.);
#4431 = EDGE_CURVE('',#4138,#4409,#4432,.T.);
#4432 = SURFACE_CURVE('',#4433,(#4449,#4468),.PCURVE_S1.);
#4433 = B_SPLINE_CURVE_WITH_KNOTS('',14,(#4434,#4435,#4436,#4437,#4438,
    #4439,#4440,#4441,#4442,#4443,#4444,#4445,#4446,#4447,#4448),
  .UNSPECIFIED.,.F.,.F.,(15,15),(2.98146786854,10.25609482648),
  .PIECEWISE_BEZIER_KNOTS.);
#4434 = CARTESIAN_POINT('',(-15.29087690672,-17.11553400235,14.));
#4435 = CARTESIAN_POINT('',(-15.67268410191,-17.21215568686,
    13.999999999999));
#4436 = CARTESIAN_POINT('',(-16.08593165593,-17.26596559824,
    14.000000000003));
#4437 = CARTESIAN_POINT('',(-16.5242197254,-17.26801057602,
    13.999999999995));
#4438 = CARTESIAN_POINT('',(-16.97982405816,-17.20371446425,
    13.999999999999));
#4439 = CARTESIAN_POINT('',(-17.43223656327,-17.08589617371,
    14.000000000021));
#4440 = CARTESIAN_POINT('',(-17.88872195327,-16.85847611612,
    13.999999999948));
#4441 = CARTESIAN_POINT('',(-18.27909752918,-16.6259461283,
    14.000000000078));
#4442 = CARTESIAN_POINT('',(-18.66995530284,-16.25008281909,
    13.999999999918));
#4443 = CARTESIAN_POINT('',(-18.95315325505,-15.90143349522,
    14.000000000065));
#4444 = CARTESIAN_POINT('',(-19.20278218472,-15.47415748033,
    13.999999999961));
#4445 = CARTESIAN_POINT('',(-19.36868077263,-15.05327859688,
    14.000000000018));
#4446 = CARTESIAN_POINT('',(-19.47596689715,-14.626994092,
    13.999999999994));
#4447 = CARTESIAN_POINT('',(-19.525,-14.21328276887,14.000000000001));
#4448 = CARTESIAN_POINT('',(-19.525,-13.81943954598,14.));
#4449 = PCURVE('',#1740,#4450);
#4450 = DEFINITIONAL_REPRESENTATION('',(#4451),#4467);
#4451 = B_SPLINE_CURVE_WITH_KNOTS('',14,(#4452,#4453,#4454,#4455,#4456,
    #4457,#4458,#4459,#4460,#4461,#4462,#4463,#4464,#4465,#4466),
  .UNSPECIFIED.,.F.,.F.,(15,15),(2.98146786854,10.25609482648),
  .PIECEWISE_BEZIER_KNOTS.);
#4452 = CARTESIAN_POINT('',(-15.29087690672,-15.11553400235));
#4453 = CARTESIAN_POINT('',(-15.67268410191,-15.21215568686));
#4454 = CARTESIAN_POINT('',(-16.08593165593,-15.26596559825));
#4455 = CARTESIAN_POINT('',(-16.5242197254,-15.26801057598));
#4456 = CARTESIAN_POINT('',(-16.97982405816,-15.20371446433));
#4457 = CARTESIAN_POINT('',(-17.43223656327,-15.08589617358));
#4458 = CARTESIAN_POINT('',(-17.88872195327,-14.85847611629));
#4459 = CARTESIAN_POINT('',(-18.27909752918,-14.62594612811));
#4460 = CARTESIAN_POINT('',(-18.66995530284,-14.25008281926));
#4461 = CARTESIAN_POINT('',(-18.95315325505,-13.90143349509));
#4462 = CARTESIAN_POINT('',(-19.20278218472,-13.47415748041));
#4463 = CARTESIAN_POINT('',(-19.36868077263,-13.05327859685));
#4464 = CARTESIAN_POINT('',(-19.47596689715,-12.62699409201));
#4465 = CARTESIAN_POINT('',(-19.525,-12.21328276887));
#4466 = CARTESIAN_POINT('',(-19.525,-11.81943954598));
#4467 = ( GEOMETRIC_REPRESENTATION_CONTEXT(2) 
PARAMETRIC_REPRESENTATION_CONTEXT() REPRESENTATION_CONTEXT('2D SPACE',''
  ) );
#4468 = PCURVE('',#2398,#4469);
#4469 = DEFINITIONAL_REPRESENTATION('',(#4470),#4474);
#4470 = LINE('',#4471,#4472);
#4471 = CARTESIAN_POINT('',(7.27462695794,0.));
#4472 = VECTOR('',#4473,1.);
#4473 = DIRECTION('',(0.,1.));
#4474 = ( GEOMETRIC_REPRESENTATION_CONTEXT(2) 
PARAMETRIC_REPRESENTATION_CONTEXT() REPRESENTATION_CONTEXT('2D SPACE',''
  ) );
#4475 = FACE_BOUND('',#4476,.T.);
#4476 = EDGE_LOOP('',(#4477));
#4477 = ORIENTED_EDGE('',*,*,#4478,.T.);
#4478 = EDGE_CURVE('',#4479,#4479,#4481,.T.);
#4479 = VERTEX_POINT('',#4480);
#4480 = CARTESIAN_POINT('',(-14.6,-14.5,14.));
#4481 = SURFACE_CURVE('',#4482,(#4487,#4498),.PCURVE_S1.);
#4482 = CIRCLE('',#4483,1.9);
#4483 = AXIS2_PLACEMENT_3D('',#4484,#4485,#4486);
#4484 = CARTESIAN_POINT('',(-16.5,-14.5,14.));
#4485 = DIRECTION('',(0.,-1.224646799147E-16,-1.));
#4486 = DIRECTION('',(1.,0.,0.));
#4487 = PCURVE('',#1740,#4488);
#4488 = DEFINITIONAL_REPRESENTATION('',(#4489),#4497);
#4489 = ( BOUNDED_CURVE() B_SPLINE_CURVE(2,(#4490,#4491,#4492,#4493,
#4494,#4495,#4496),.UNSPECIFIED.,.T.,.F.) B_SPLINE_CURVE_WITH_KNOTS((1,2
    ,2,2,2,1),(-2.094395102393,0.,2.094395102393,4.188790204786,
6.28318530718,8.377580409573),.UNSPECIFIED.) CURVE() 
GEOMETRIC_REPRESENTATION_ITEM() RATIONAL_B_SPLINE_CURVE((1.,0.5,1.,0.5,
1.,0.5,1.)) REPRESENTATION_ITEM('') );
#4490 = CARTESIAN_POINT('',(-14.6,-12.5));
#4491 = CARTESIAN_POINT('',(-14.6,-15.79089653438));
#4492 = CARTESIAN_POINT('',(-17.45,-14.14544826719));
#4493 = CARTESIAN_POINT('',(-20.3,-12.5));
#4494 = CARTESIAN_POINT('',(-17.45,-10.85455173281));
#4495 = CARTESIAN_POINT('',(-14.6,-9.209103465619));
#4496 = CARTESIAN_POINT('',(-14.6,-12.5));
#4497 = ( GEOMETRIC_REPRESENTATION_CONTEXT(2) 
PARAMETRIC_REPRESENTATION_CONTEXT() REPRESENTATION_CONTEXT('2D SPACE',''
  ) );
#4498 = PCURVE('',#4499,#4504);
#4499 = CYLINDRICAL_SURFACE('',#4500,1.9);
#4500 = AXIS2_PLACEMENT_3D('',#4501,#4502,#4503);
#4501 = CARTESIAN_POINT('',(-16.5,-14.5,14.));
#4502 = DIRECTION('',(0.,1.224646799147E-16,1.));
#4503 = DIRECTION('',(1.,0.,0.));
#4504 = DEFINITIONAL_REPRESENTATION('',(#4505),#4509);
#4505 = LINE('',#4506,#4507);
#4506 = CARTESIAN_POINT('',(-0.,0.));
#4507 = VECTOR('',#4508,1.);
#4508 = DIRECTION('',(-1.,0.));
#4509 = ( GEOMETRIC_REPRESENTATION_CONTEXT(2) 
PARAMETRIC_REPRESENTATION_CONTEXT() REPRESENTATION_CONTEXT('2D SPACE',''
  ) );
#4510 = FACE_BOUND('',#4511,.T.);
#4511 = EDGE_LOOP('',(#4512));
#4512 = ORIENTED_EDGE('',*,*,#4513,.F.);
#4513 = EDGE_CURVE('',#4514,#4514,#4516,.T.);
#4514 = VERTEX_POINT('',#4515);
#4515 = CARTESIAN_POINT('',(-10.82,-8.065,14.));
#4516 = SURFACE_CURVE('',#4517,(#4522,#4529),.PCURVE_S1.);
#4517 = CIRCLE('',#4518,2.6);
#4518 = AXIS2_PLACEMENT_3D('',#4519,#4520,#4521);
#4519 = CARTESIAN_POINT('',(-13.42,-8.065,14.));
#4520 = DIRECTION('',(0.,0.,1.));
#4521 = DIRECTION('',(1.,0.,-0.));
#4522 = PCURVE('',#1740,#4523);
#4523 = DEFINITIONAL_REPRESENTATION('',(#4524),#4528);
#4524 = CIRCLE('',#4525,2.6);
#4525 = AXIS2_PLACEMENT_2D('',#4526,#4527);
#4526 = CARTESIAN_POINT('',(-13.42,-6.065));
#4527 = DIRECTION('',(1.,0.));
#4528 = ( GEOMETRIC_REPRESENTATION_CONTEXT(2) 
PARAMETRIC_REPRESENTATION_CONTEXT() REPRESENTATION_CONTEXT('2D SPACE',''
  ) );
#4529 = PCURVE('',#4530,#4535);
#4530 = CYLINDRICAL_SURFACE('',#4531,2.6);
#4531 = AXIS2_PLACEMENT_3D('',#4532,#4533,#4534);
#4532 = CARTESIAN_POINT('',(-13.42,-8.065,13.5));
#4533 = DIRECTION('',(0.,0.,1.));
#4534 = DIRECTION('',(1.,0.,0.));
#4535 = DEFINITIONAL_REPRESENTATION('',(#4536),#4540);
#4536 = LINE('',#4537,#4538);
#4537 = CARTESIAN_POINT('',(0.,0.5));
#4538 = VECTOR('',#4539,1.);
#4539 = DIRECTION('',(1.,0.));
#4540 = ( GEOMETRIC_REPRESENTATION_CONTEXT(2) 
PARAMETRIC_REPRESENTATION_CONTEXT() REPRESENTATION_CONTEXT('2D SPACE',''
  ) );
#4541 = FACE_BOUND('',#4542,.T.);
#4542 = EDGE_LOOP('',(#4543));
#4543 = ORIENTED_EDGE('',*,*,#4544,.T.);
#4544 = EDGE_CURVE('',#4545,#4545,#4547,.T.);
#4545 = VERTEX_POINT('',#4546);
#4546 = CARTESIAN_POINT('',(18.4,-14.5,14.));
#4547 = SURFACE_CURVE('',#4548,(#4553,#4564),.PCURVE_S1.);
#4548 = CIRCLE('',#4549,1.9);
#4549 = AXIS2_PLACEMENT_3D('',#4550,#4551,#4552);
#4550 = CARTESIAN_POINT('',(16.5,-14.5,14.));
#4551 = DIRECTION('',(0.,-1.224646799147E-16,-1.));
#4552 = DIRECTION('',(1.,0.,0.));
#4553 = PCURVE('',#1740,#4554);
#4554 = DEFINITIONAL_REPRESENTATION('',(#4555),#4563);
#4555 = ( BOUNDED_CURVE() B_SPLINE_CURVE(2,(#4556,#4557,#4558,#4559,
#4560,#4561,#4562),.UNSPECIFIED.,.T.,.F.) B_SPLINE_CURVE_WITH_KNOTS((1,2
    ,2,2,2,1),(-2.094395102393,0.,2.094395102393,4.188790204786,
6.28318530718,8.377580409573),.UNSPECIFIED.) CURVE() 
GEOMETRIC_REPRESENTATION_ITEM() RATIONAL_B_SPLINE_CURVE((1.,0.5,1.,0.5,
1.,0.5,1.)) REPRESENTATION_ITEM('') );
#4556 = CARTESIAN_POINT('',(18.4,-12.5));
#4557 = CARTESIAN_POINT('',(18.4,-15.79089653438));
#4558 = CARTESIAN_POINT('',(15.55,-14.14544826719));
#4559 = CARTESIAN_POINT('',(12.7,-12.5));
#4560 = CARTESIAN_POINT('',(15.55,-10.85455173281));
#4561 = CARTESIAN_POINT('',(18.4,-9.209103465619));
#4562 = CARTESIAN_POINT('',(18.4,-12.5));
#4563 = ( GEOMETRIC_REPRESENTATION_CONTEXT(2) 
PARAMETRIC_REPRESENTATION_CONTEXT() REPRESENTATION_CONTEXT('2D SPACE',''
  ) );
#4564 = PCURVE('',#4565,#4570);
#4565 = CYLINDRICAL_SURFACE('',#4566,1.9);
#4566 = AXIS2_PLACEMENT_3D('',#4567,#4568,#4569);
#4567 = CARTESIAN_POINT('',(16.5,-14.5,14.));
#4568 = DIRECTION('',(0.,1.224646799147E-16,1.));
#4569 = DIRECTION('',(1.,0.,0.));
#4570 = DEFINITIONAL_REPRESENTATION('',(#4571),#4575);
#4571 = LINE('',#4572,#4573);
#4572 = CARTESIAN_POINT('',(-0.,0.));
#4573 = VECTOR('',#4574,1.);
#4574 = DIRECTION('',(-1.,0.));
#4575 = ( GEOMETRIC_REPRESENTATION_CONTEXT(2) 
PARAMETRIC_REPRESENTATION_CONTEXT() REPRESENTATION_CONTEXT('2D SPACE',''
  ) );
#4576 = FACE_BOUND('',#4577,.T.);
#4577 = EDGE_LOOP('',(#4578));
#4578 = ORIENTED_EDGE('',*,*,#4579,.F.);
#4579 = EDGE_CURVE('',#4580,#4580,#4582,.T.);
#4580 = VERTEX_POINT('',#4581);
#4581 = CARTESIAN_POINT('',(16.28,-8.065,14.));
#4582 = SURFACE_CURVE('',#4583,(#4588,#4595),.PCURVE_S1.);
#4583 = CIRCLE('',#4584,2.6);
#4584 = AXIS2_PLACEMENT_3D('',#4585,#4586,#4587);
#4585 = CARTESIAN_POINT('',(13.68,-8.065,14.));
#4586 = DIRECTION('',(0.,0.,1.));
#4587 = DIRECTION('',(1.,0.,-0.));
#4588 = PCURVE('',#1740,#4589);
#4589 = DEFINITIONAL_REPRESENTATION('',(#4590),#4594);
#4590 = CIRCLE('',#4591,2.6);
#4591 = AXIS2_PLACEMENT_2D('',#4592,#4593);
#4592 = CARTESIAN_POINT('',(13.68,-6.065));
#4593 = DIRECTION('',(1.,0.));
#4594 = ( GEOMETRIC_REPRESENTATION_CONTEXT(2) 
PARAMETRIC_REPRESENTATION_CONTEXT() REPRESENTATION_CONTEXT('2D SPACE',''
  ) );
#4595 = PCURVE('',#4596,#4601);
#4596 = CYLINDRICAL_SURFACE('',#4597,2.6);
#4597 = AXIS2_PLACEMENT_3D('',#4598,#4599,#4600);
#4598 = CARTESIAN_POINT('',(13.68,-8.065,13.5));
#4599 = DIRECTION('',(0.,0.,1.));
#4600 = DIRECTION('',(1.,0.,0.));
#4601 = DEFINITIONAL_REPRESENTATION('',(#4602),#4606);
#4602 = LINE('',#4603,#4604);
#4603 = CARTESIAN_POINT('',(0.,0.5));
#4604 = VECTOR('',#4605,1.);
#4605 = DIRECTION('',(1.,0.));
#4606 = ( GEOMETRIC_REPRESENTATION_CONTEXT(2) 
PARAMETRIC_REPRESENTATION_CONTEXT() REPRESENTATION_CONTEXT('2D SPACE',''
  ) );
#4607 = FACE_BOUND('',#4608,.T.);
#4608 = EDGE_LOOP('',(#4609));
#4609 = ORIENTED_EDGE('',*,*,#4610,.F.);
#4610 = EDGE_CURVE('',#4611,#4611,#4613,.T.);
#4611 = VERTEX_POINT('',#4612);
#4612 = CARTESIAN_POINT('',(-10.82,-1.315,14.));
#4613 = SURFACE_CURVE('',#4614,(#4619,#4626),.PCURVE_S1.);
#4614 = CIRCLE('',#4615,2.6);
#4615 = AXIS2_PLACEMENT_3D('',#4616,#4617,#4618);
#4616 = CARTESIAN_POINT('',(-13.42,-1.315,14.));
#4617 = DIRECTION('',(0.,0.,1.));
#4618 = DIRECTION('',(1.,0.,-0.));
#4619 = PCURVE('',#1740,#4620);
#4620 = DEFINITIONAL_REPRESENTATION('',(#4621),#4625);
#4621 = CIRCLE('',#4622,2.6);
#4622 = AXIS2_PLACEMENT_2D('',#4623,#4624);
#4623 = CARTESIAN_POINT('',(-13.42,0.685));
#4624 = DIRECTION('',(1.,0.));
#4625 = ( GEOMETRIC_REPRESENTATION_CONTEXT(2) 
PARAMETRIC_REPRESENTATION_CONTEXT() REPRESENTATION_CONTEXT('2D SPACE',''
  ) );
#4626 = PCURVE('',#4627,#4632);
#4627 = CYLINDRICAL_SURFACE('',#4628,2.6);
#4628 = AXIS2_PLACEMENT_3D('',#4629,#4630,#4631);
#4629 = CARTESIAN_POINT('',(-13.42,-1.315,13.5));
#4630 = DIRECTION('',(0.,0.,1.));
#4631 = DIRECTION('',(1.,0.,0.));
#4632 = DEFINITIONAL_REPRESENTATION('',(#4633),#4637);
#4633 = LINE('',#4634,#4635);
#4634 = CARTESIAN_POINT('',(0.,0.5));
#4635 = VECTOR('',#4636,1.);
#4636 = DIRECTION('',(1.,0.));
#4637 = ( GEOMETRIC_REPRESENTATION_CONTEXT(2) 
PARAMETRIC_REPRESENTATION_CONTEXT() REPRESENTATION_CONTEXT('2D SPACE',''
  ) );
#4638 = FACE_BOUND('',#4639,.T.);
#4639 = EDGE_LOOP('',(#4640));
#4640 = ORIENTED_EDGE('',*,*,#4641,.T.);
#4641 = EDGE_CURVE('',#4642,#4642,#4644,.T.);
#4642 = VERTEX_POINT('',#4643);
#4643 = CARTESIAN_POINT('',(-14.6,10.,14.));
#4644 = SURFACE_CURVE('',#4645,(#4650,#4661),.PCURVE_S1.);
#4645 = CIRCLE('',#4646,1.9);
#4646 = AXIS2_PLACEMENT_3D('',#4647,#4648,#4649);
#4647 = CARTESIAN_POINT('',(-16.5,10.,14.));
#4648 = DIRECTION('',(0.,-1.224646799147E-16,-1.));
#4649 = DIRECTION('',(1.,0.,0.));
#4650 = PCURVE('',#1740,#4651);
#4651 = DEFINITIONAL_REPRESENTATION('',(#4652),#4660);
#4652 = ( BOUNDED_CURVE() B_SPLINE_CURVE(2,(#4653,#4654,#4655,#4656,
#4657,#4658,#4659),.UNSPECIFIED.,.T.,.F.) B_SPLINE_CURVE_WITH_KNOTS((1,2
    ,2,2,2,1),(-2.094395102393,0.,2.094395102393,4.188790204786,
6.28318530718,8.377580409573),.UNSPECIFIED.) CURVE() 
GEOMETRIC_REPRESENTATION_ITEM() RATIONAL_B_SPLINE_CURVE((1.,0.5,1.,0.5,
1.,0.5,1.)) REPRESENTATION_ITEM('') );
#4653 = CARTESIAN_POINT('',(-14.6,12.));
#4654 = CARTESIAN_POINT('',(-14.6,8.709103465619));
#4655 = CARTESIAN_POINT('',(-17.45,10.35455173281));
#4656 = CARTESIAN_POINT('',(-20.3,12.));
#4657 = CARTESIAN_POINT('',(-17.45,13.64544826719));
#4658 = CARTESIAN_POINT('',(-14.6,15.290896534381));
#4659 = CARTESIAN_POINT('',(-14.6,12.));
#4660 = ( GEOMETRIC_REPRESENTATION_CONTEXT(2) 
PARAMETRIC_REPRESENTATION_CONTEXT() REPRESENTATION_CONTEXT('2D SPACE',''
  ) );
#4661 = PCURVE('',#4662,#4667);
#4662 = CYLINDRICAL_SURFACE('',#4663,1.9);
#4663 = AXIS2_PLACEMENT_3D('',#4664,#4665,#4666);
#4664 = CARTESIAN_POINT('',(-16.5,10.,14.));
#4665 = DIRECTION('',(0.,1.224646799147E-16,1.));
#4666 = DIRECTION('',(1.,0.,0.));
#4667 = DEFINITIONAL_REPRESENTATION('',(#4668),#4672);
#4668 = LINE('',#4669,#4670);
#4669 = CARTESIAN_POINT('',(-0.,0.));
#4670 = VECTOR('',#4671,1.);
#4671 = DIRECTION('',(-1.,0.));
#4672 = ( GEOMETRIC_REPRESENTATION_CONTEXT(2) 
PARAMETRIC_REPRESENTATION_CONTEXT() REPRESENTATION_CONTEXT('2D SPACE',''
  ) );
#4673 = FACE_BOUND('',#4674,.T.);
#4674 = EDGE_LOOP('',(#4675));
#4675 = ORIENTED_EDGE('',*,*,#4676,.F.);
#4676 = EDGE_CURVE('',#4677,#4677,#4679,.T.);
#4677 = VERTEX_POINT('',#4678);
#4678 = CARTESIAN_POINT('',(16.28,-1.315,14.));
#4679 = SURFACE_CURVE('',#4680,(#4685,#4692),.PCURVE_S1.);
#4680 = CIRCLE('',#4681,2.6);
#4681 = AXIS2_PLACEMENT_3D('',#4682,#4683,#4684);
#4682 = CARTESIAN_POINT('',(13.68,-1.315,14.));
#4683 = DIRECTION('',(0.,0.,1.));
#4684 = DIRECTION('',(1.,0.,-0.));
#4685 = PCURVE('',#1740,#4686);
#4686 = DEFINITIONAL_REPRESENTATION('',(#4687),#4691);
#4687 = CIRCLE('',#4688,2.6);
#4688 = AXIS2_PLACEMENT_2D('',#4689,#4690);
#4689 = CARTESIAN_POINT('',(13.68,0.685));
#4690 = DIRECTION('',(1.,0.));
#4691 = ( GEOMETRIC_REPRESENTATION_CONTEXT(2) 
PARAMETRIC_REPRESENTATION_CONTEXT() REPRESENTATION_CONTEXT('2D SPACE',''
  ) );
#4692 = PCURVE('',#4693,#4698);
#4693 = CYLINDRICAL_SURFACE('',#4694,2.6);
#4694 = AXIS2_PLACEMENT_3D('',#4695,#4696,#4697);
#4695 = CARTESIAN_POINT('',(13.68,-1.315,13.5));
#4696 = DIRECTION('',(0.,0.,1.));
#4697 = DIRECTION('',(1.,0.,0.));
#4698 = DEFINITIONAL_REPRESENTATION('',(#4699),#4703);
#4699 = LINE('',#4700,#4701);
#4700 = CARTESIAN_POINT('',(0.,0.5));
#4701 = VECTOR('',#4702,1.);
#4702 = DIRECTION('',(1.,0.));
#4703 = ( GEOMETRIC_REPRESENTATION_CONTEXT(2) 
PARAMETRIC_REPRESENTATION_CONTEXT() REPRESENTATION_CONTEXT('2D SPACE',''
  ) );
#4704 = FACE_BOUND('',#4705,.T.);
#4705 = EDGE_LOOP('',(#4706,#4734,#4760,#4786));
#4706 = ORIENTED_EDGE('',*,*,#4707,.T.);
#4707 = EDGE_CURVE('',#4708,#4710,#4712,.T.);
#4708 = VERTEX_POINT('',#4709);
#4709 = CARTESIAN_POINT('',(5.8,9.6,14.));
#4710 = VERTEX_POINT('',#4711);
#4711 = CARTESIAN_POINT('',(5.8,2.4,14.));
#4712 = SURFACE_CURVE('',#4713,(#4717,#4723),.PCURVE_S1.);
#4713 = LINE('',#4714,#4715);
#4714 = CARTESIAN_POINT('',(5.8,0.2,14.));
#4715 = VECTOR('',#4716,1.);
#4716 = DIRECTION('',(0.,-1.,0.));
#4717 = PCURVE('',#1740,#4718);
#4718 = DEFINITIONAL_REPRESENTATION('',(#4719),#4722);
#4719 = B_SPLINE_CURVE_WITH_KNOTS('',1,(#4720,#4721),.UNSPECIFIED.,.F.,
  .F.,(2,2),(-9.4,-2.2),.PIECEWISE_BEZIER_KNOTS.);
#4720 = CARTESIAN_POINT('',(5.8,11.6));
#4721 = CARTESIAN_POINT('',(5.8,4.4));
#4722 = ( GEOMETRIC_REPRESENTATION_CONTEXT(2) 
PARAMETRIC_REPRESENTATION_CONTEXT() REPRESENTATION_CONTEXT('2D SPACE',''
  ) );
#4723 = PCURVE('',#4724,#4729);
#4724 = PLANE('',#4725);
#4725 = AXIS2_PLACEMENT_3D('',#4726,#4727,#4728);
#4726 = CARTESIAN_POINT('',(5.8,2.4,-40.25001237362));
#4727 = DIRECTION('',(-1.,0.,0.));
#4728 = DIRECTION('',(0.,1.,0.));
#4729 = DEFINITIONAL_REPRESENTATION('',(#4730),#4733);
#4730 = B_SPLINE_CURVE_WITH_KNOTS('',1,(#4731,#4732),.UNSPECIFIED.,.F.,
  .F.,(2,2),(-9.4,-2.2),.PIECEWISE_BEZIER_KNOTS.);
#4731 = CARTESIAN_POINT('',(7.2,-54.25001237362));
#4732 = CARTESIAN_POINT('',(0.,-54.25001237362));
#4733 = ( GEOMETRIC_REPRESENTATION_CONTEXT(2) 
PARAMETRIC_REPRESENTATION_CONTEXT() REPRESENTATION_CONTEXT('2D SPACE',''
  ) );
#4734 = ORIENTED_EDGE('',*,*,#4735,.T.);
#4735 = EDGE_CURVE('',#4710,#4736,#4738,.T.);
#4736 = VERTEX_POINT('',#4737);
#4737 = CARTESIAN_POINT('',(-5.8,2.4,14.));
#4738 = SURFACE_CURVE('',#4739,(#4743,#4749),.PCURVE_S1.);
#4739 = LINE('',#4740,#4741);
#4740 = CARTESIAN_POINT('',(-2.9,2.4,14.));
#4741 = VECTOR('',#4742,1.);
#4742 = DIRECTION('',(-1.,0.,0.));
#4743 = PCURVE('',#1740,#4744);
#4744 = DEFINITIONAL_REPRESENTATION('',(#4745),#4748);
#4745 = B_SPLINE_CURVE_WITH_KNOTS('',1,(#4746,#4747),.UNSPECIFIED.,.F.,
  .F.,(2,2),(-8.7,2.9),.PIECEWISE_BEZIER_KNOTS.);
#4746 = CARTESIAN_POINT('',(5.8,4.4));
#4747 = CARTESIAN_POINT('',(-5.8,4.4));
#4748 = ( GEOMETRIC_REPRESENTATION_CONTEXT(2) 
PARAMETRIC_REPRESENTATION_CONTEXT() REPRESENTATION_CONTEXT('2D SPACE',''
  ) );
#4749 = PCURVE('',#4750,#4755);
#4750 = PLANE('',#4751);
#4751 = AXIS2_PLACEMENT_3D('',#4752,#4753,#4754);
#4752 = CARTESIAN_POINT('',(-5.8,2.4,-40.25001237362));
#4753 = DIRECTION('',(0.,1.,0.));
#4754 = DIRECTION('',(1.,0.,0.));
#4755 = DEFINITIONAL_REPRESENTATION('',(#4756),#4759);
#4756 = B_SPLINE_CURVE_WITH_KNOTS('',1,(#4757,#4758),.UNSPECIFIED.,.F.,
  .F.,(2,2),(-8.7,2.9),.PIECEWISE_BEZIER_KNOTS.);
#4757 = CARTESIAN_POINT('',(11.6,-54.25001237362));
#4758 = CARTESIAN_POINT('',(0.,-54.25001237362));
#4759 = ( GEOMETRIC_REPRESENTATION_CONTEXT(2) 
PARAMETRIC_REPRESENTATION_CONTEXT() REPRESENTATION_CONTEXT('2D SPACE',''
  ) );
#4760 = ORIENTED_EDGE('',*,*,#4761,.T.);
#4761 = EDGE_CURVE('',#4736,#4762,#4764,.T.);
#4762 = VERTEX_POINT('',#4763);
#4763 = CARTESIAN_POINT('',(-5.8,9.6,14.));
#4764 = SURFACE_CURVE('',#4765,(#4769,#4775),.PCURVE_S1.);
#4765 = LINE('',#4766,#4767);
#4766 = CARTESIAN_POINT('',(-5.8,3.8,14.));
#4767 = VECTOR('',#4768,1.);
#4768 = DIRECTION('',(0.,1.,0.));
#4769 = PCURVE('',#1740,#4770);
#4770 = DEFINITIONAL_REPRESENTATION('',(#4771),#4774);
#4771 = B_SPLINE_CURVE_WITH_KNOTS('',1,(#4772,#4773),.UNSPECIFIED.,.F.,
  .F.,(2,2),(-1.4,5.8),.PIECEWISE_BEZIER_KNOTS.);
#4772 = CARTESIAN_POINT('',(-5.8,4.4));
#4773 = CARTESIAN_POINT('',(-5.8,11.6));
#4774 = ( GEOMETRIC_REPRESENTATION_CONTEXT(2) 
PARAMETRIC_REPRESENTATION_CONTEXT() REPRESENTATION_CONTEXT('2D SPACE',''
  ) );
#4775 = PCURVE('',#4776,#4781);
#4776 = PLANE('',#4777);
#4777 = AXIS2_PLACEMENT_3D('',#4778,#4779,#4780);
#4778 = CARTESIAN_POINT('',(-5.8,9.6,-40.25001237362));
#4779 = DIRECTION('',(1.,0.,0.));
#4780 = DIRECTION('',(0.,-1.,0.));
#4781 = DEFINITIONAL_REPRESENTATION('',(#4782),#4785);
#4782 = B_SPLINE_CURVE_WITH_KNOTS('',1,(#4783,#4784),.UNSPECIFIED.,.F.,
  .F.,(2,2),(-1.4,5.8),.PIECEWISE_BEZIER_KNOTS.);
#4783 = CARTESIAN_POINT('',(7.2,-54.25001237362));
#4784 = CARTESIAN_POINT('',(0.,-54.25001237362));
#4785 = ( GEOMETRIC_REPRESENTATION_CONTEXT(2) 
PARAMETRIC_REPRESENTATION_CONTEXT() REPRESENTATION_CONTEXT('2D SPACE',''
  ) );
#4786 = ORIENTED_EDGE('',*,*,#4787,.T.);
#4787 = EDGE_CURVE('',#4762,#4708,#4788,.T.);
#4788 = SURFACE_CURVE('',#4789,(#4793,#4799),.PCURVE_S1.);
#4789 = LINE('',#4790,#4791);
#4790 = CARTESIAN_POINT('',(2.9,9.6,14.));
#4791 = VECTOR('',#4792,1.);
#4792 = DIRECTION('',(1.,0.,-0.));
#4793 = PCURVE('',#1740,#4794);
#4794 = DEFINITIONAL_REPRESENTATION('',(#4795),#4798);
#4795 = B_SPLINE_CURVE_WITH_KNOTS('',1,(#4796,#4797),.UNSPECIFIED.,.F.,
  .F.,(2,2),(-8.7,2.9),.PIECEWISE_BEZIER_KNOTS.);
#4796 = CARTESIAN_POINT('',(-5.8,11.6));
#4797 = CARTESIAN_POINT('',(5.8,11.6));
#4798 = ( GEOMETRIC_REPRESENTATION_CONTEXT(2) 
PARAMETRIC_REPRESENTATION_CONTEXT() REPRESENTATION_CONTEXT('2D SPACE',''
  ) );
#4799 = PCURVE('',#4800,#4805);
#4800 = PLANE('',#4801);
#4801 = AXIS2_PLACEMENT_3D('',#4802,#4803,#4804);
#4802 = CARTESIAN_POINT('',(5.8,9.6,-40.25001237362));
#4803 = DIRECTION('',(0.,-1.,0.));
#4804 = DIRECTION('',(-1.,0.,0.));
#4805 = DEFINITIONAL_REPRESENTATION('',(#4806),#4809);
#4806 = B_SPLINE_CURVE_WITH_KNOTS('',1,(#4807,#4808),.UNSPECIFIED.,.F.,
  .F.,(2,2),(-8.7,2.9),.PIECEWISE_BEZIER_KNOTS.);
#4807 = CARTESIAN_POINT('',(11.6,-54.25001237362));
#4808 = CARTESIAN_POINT('',(0.,-54.25001237362));
#4809 = ( GEOMETRIC_REPRESENTATION_CONTEXT(2) 
PARAMETRIC_REPRESENTATION_CONTEXT() REPRESENTATION_CONTEXT('2D SPACE',''
  ) );
#4810 = FACE_BOUND('',#4811,.T.);
#4811 = EDGE_LOOP('',(#4812));
#4812 = ORIENTED_EDGE('',*,*,#4813,.T.);
#4813 = EDGE_CURVE('',#4814,#4814,#4816,.T.);
#4814 = VERTEX_POINT('',#4815);
#4815 = CARTESIAN_POINT('',(18.4,10.,14.));
#4816 = SURFACE_CURVE('',#4817,(#4822,#4833),.PCURVE_S1.);
#4817 = CIRCLE('',#4818,1.9);
#4818 = AXIS2_PLACEMENT_3D('',#4819,#4820,#4821);
#4819 = CARTESIAN_POINT('',(16.5,10.,14.));
#4820 = DIRECTION('',(0.,-1.224646799147E-16,-1.));
#4821 = DIRECTION('',(1.,0.,0.));
#4822 = PCURVE('',#1740,#4823);
#4823 = DEFINITIONAL_REPRESENTATION('',(#4824),#4832);
#4824 = ( BOUNDED_CURVE() B_SPLINE_CURVE(2,(#4825,#4826,#4827,#4828,
#4829,#4830,#4831),.UNSPECIFIED.,.T.,.F.) B_SPLINE_CURVE_WITH_KNOTS((1,2
    ,2,2,2,1),(-2.094395102393,0.,2.094395102393,4.188790204786,
6.28318530718,8.377580409573),.UNSPECIFIED.) CURVE() 
GEOMETRIC_REPRESENTATION_ITEM() RATIONAL_B_SPLINE_CURVE((1.,0.5,1.,0.5,
1.,0.5,1.)) REPRESENTATION_ITEM('') );
#4825 = CARTESIAN_POINT('',(18.4,12.));
#4826 = CARTESIAN_POINT('',(18.4,8.709103465619));
#4827 = CARTESIAN_POINT('',(15.55,10.35455173281));
#4828 = CARTESIAN_POINT('',(12.7,12.));
#4829 = CARTESIAN_POINT('',(15.55,13.64544826719));
#4830 = CARTESIAN_POINT('',(18.4,15.290896534381));
#4831 = CARTESIAN_POINT('',(18.4,12.));
#4832 = ( GEOMETRIC_REPRESENTATION_CONTEXT(2) 
PARAMETRIC_REPRESENTATION_CONTEXT() REPRESENTATION_CONTEXT('2D SPACE',''
  ) );
#4833 = PCURVE('',#4834,#4839);
#4834 = CYLINDRICAL_SURFACE('',#4835,1.9);
#4835 = AXIS2_PLACEMENT_3D('',#4836,#4837,#4838);
#4836 = CARTESIAN_POINT('',(16.5,10.,14.));
#4837 = DIRECTION('',(0.,1.224646799147E-16,1.));
#4838 = DIRECTION('',(1.,0.,0.));
#4839 = DEFINITIONAL_REPRESENTATION('',(#4840),#4844);
#4840 = LINE('',#4841,#4842);
#4841 = CARTESIAN_POINT('',(-0.,0.));
#4842 = VECTOR('',#4843,1.);
#4843 = DIRECTION('',(-1.,0.));
#4844 = ( GEOMETRIC_REPRESENTATION_CONTEXT(2) 
PARAMETRIC_REPRESENTATION_CONTEXT() REPRESENTATION_CONTEXT('2D SPACE',''
  ) );
#4845 = ADVANCED_FACE('',(#4846),#1689,.T.);
#4846 = FACE_BOUND('',#4847,.T.);
#4847 = EDGE_LOOP('',(#4848,#4849,#4850,#4868));
#4848 = ORIENTED_EDGE('',*,*,#1674,.T.);
#4849 = ORIENTED_EDGE('',*,*,#4310,.T.);
#4850 = ORIENTED_EDGE('',*,*,#4851,.F.);
#4851 = EDGE_CURVE('',#1758,#4283,#4852,.T.);
#4852 = SURFACE_CURVE('',#4853,(#4856,#4862),.PCURVE_S1.);
#4853 = B_SPLINE_CURVE_WITH_KNOTS('',1,(#4854,#4855),.UNSPECIFIED.,.F.,
  .F.,(2,2),(0.,7.27462695794),.PIECEWISE_BEZIER_KNOTS.);
#4854 = CARTESIAN_POINT('',(15.143678713795,-17.69719772994,13.4));
#4855 = CARTESIAN_POINT('',(15.290876906726,-17.11553400235,14.));
#4856 = PCURVE('',#1689,#4857);
#4857 = DEFINITIONAL_REPRESENTATION('',(#4858),#4861);
#4858 = B_SPLINE_CURVE_WITH_KNOTS('',1,(#4859,#4860),.UNSPECIFIED.,.F.,
  .F.,(2,2),(0.,7.27462695794),.PIECEWISE_BEZIER_KNOTS.);
#4859 = CARTESIAN_POINT('',(0.,109.68597149075));
#4860 = CARTESIAN_POINT('',(7.27462695794,109.68597149075));
#4861 = ( GEOMETRIC_REPRESENTATION_CONTEXT(2) 
PARAMETRIC_REPRESENTATION_CONTEXT() REPRESENTATION_CONTEXT('2D SPACE',''
  ) );
#4862 = PCURVE('',#1855,#4863);
#4863 = DEFINITIONAL_REPRESENTATION('',(#4864),#4867);
#4864 = B_SPLINE_CURVE_WITH_KNOTS('',1,(#4865,#4866),.UNSPECIFIED.,.F.,
  .F.,(2,2),(0.,7.27462695794),.PIECEWISE_BEZIER_KNOTS.);
#4865 = CARTESIAN_POINT('',(2.22044604925E-16,0.));
#4866 = CARTESIAN_POINT('',(2.22044604925E-16,-0.6));
#4867 = ( GEOMETRIC_REPRESENTATION_CONTEXT(2) 
PARAMETRIC_REPRESENTATION_CONTEXT() REPRESENTATION_CONTEXT('2D SPACE',''
  ) );
#4868 = ORIENTED_EDGE('',*,*,#1781,.F.);
#4869 = ADVANCED_FACE('',(#4870),#1855,.T.);
#4870 = FACE_BOUND('',#4871,.F.);
#4871 = EDGE_LOOP('',(#4872,#4873,#4874,#4893));
#4872 = ORIENTED_EDGE('',*,*,#4851,.F.);
#4873 = ORIENTED_EDGE('',*,*,#1838,.T.);
#4874 = ORIENTED_EDGE('',*,*,#4875,.T.);
#4875 = EDGE_CURVE('',#1839,#4260,#4876,.T.);
#4876 = SURFACE_CURVE('',#4877,(#4881,#4887),.PCURVE_S1.);
#4877 = LINE('',#4878,#4879);
#4878 = CARTESIAN_POINT('',(12.633283728133,-16.17181919415,13.4));
#4879 = VECTOR('',#4880,1.);
#4880 = DIRECTION('',(0.528498197563,0.469776175612,0.707106781187));
#4881 = PCURVE('',#1855,#4882);
#4882 = DEFINITIONAL_REPRESENTATION('',(#4883),#4886);
#4883 = B_SPLINE_CURVE_WITH_KNOTS('',1,(#4884,#4885),.UNSPECIFIED.,.F.,
  .F.,(2,2),(0.,0.848528137424),.PIECEWISE_BEZIER_KNOTS.);
#4884 = CARTESIAN_POINT('',(0.596293573708,0.));
#4885 = CARTESIAN_POINT('',(0.596293573708,-0.6));
#4886 = ( GEOMETRIC_REPRESENTATION_CONTEXT(2) 
PARAMETRIC_REPRESENTATION_CONTEXT() REPRESENTATION_CONTEXT('2D SPACE',''
  ) );
#4887 = PCURVE('',#1929,#4888);
#4888 = DEFINITIONAL_REPRESENTATION('',(#4889),#4892);
#4889 = B_SPLINE_CURVE_WITH_KNOTS('',1,(#4890,#4891),.UNSPECIFIED.,.F.,
  .F.,(2,2),(0.,0.848528137424),.PIECEWISE_BEZIER_KNOTS.);
#4890 = CARTESIAN_POINT('',(3.552713678801E-15,-0.424264068712));
#4891 = CARTESIAN_POINT('',(3.552713678801E-15,0.424264068712));
#4892 = ( GEOMETRIC_REPRESENTATION_CONTEXT(2) 
PARAMETRIC_REPRESENTATION_CONTEXT() REPRESENTATION_CONTEXT('2D SPACE',''
  ) );
#4893 = ORIENTED_EDGE('',*,*,#4282,.F.);
#4894 = ADVANCED_FACE('',(#4895),#1929,.F.);
#4895 = FACE_BOUND('',#4896,.F.);
#4896 = EDGE_LOOP('',(#4897,#4898,#4899,#4918));
#4897 = ORIENTED_EDGE('',*,*,#4875,.F.);
#4898 = ORIENTED_EDGE('',*,*,#1915,.T.);
#4899 = ORIENTED_EDGE('',*,*,#4900,.T.);
#4900 = EDGE_CURVE('',#1893,#4236,#4901,.T.);
#4901 = SURFACE_CURVE('',#4902,(#4906,#4912),.PCURVE_S1.);
#4902 = LINE('',#4903,#4904);
#4903 = CARTESIAN_POINT('',(11.840939067472,-14.8288716542,13.7));
#4904 = VECTOR('',#4905,1.);
#4905 = DIRECTION('',(0.528498197563,0.469776175612,0.707106781187));
#4906 = PCURVE('',#1929,#4907);
#4907 = DEFINITIONAL_REPRESENTATION('',(#4908),#4911);
#4908 = B_SPLINE_CURVE_WITH_KNOTS('',1,(#4909,#4910),.UNSPECIFIED.,.F.,
  .F.,(2,2),(-0.424264068712,0.424264068712),.PIECEWISE_BEZIER_KNOTS.);
#4909 = CARTESIAN_POINT('',(1.530136646294,-0.424264068712));
#4910 = CARTESIAN_POINT('',(1.530136646294,0.424264068712));
#4911 = ( GEOMETRIC_REPRESENTATION_CONTEXT(2) 
PARAMETRIC_REPRESENTATION_CONTEXT() REPRESENTATION_CONTEXT('2D SPACE',''
  ) );
#4912 = PCURVE('',#1985,#4913);
#4913 = DEFINITIONAL_REPRESENTATION('',(#4914),#4917);
#4914 = B_SPLINE_CURVE_WITH_KNOTS('',1,(#4915,#4916),.UNSPECIFIED.,.F.,
  .F.,(2,2),(-0.424264068712,0.424264068712),.PIECEWISE_BEZIER_KNOTS.);
#4915 = CARTESIAN_POINT('',(0.,0.));
#4916 = CARTESIAN_POINT('',(0.,0.6));
#4917 = ( GEOMETRIC_REPRESENTATION_CONTEXT(2) 
PARAMETRIC_REPRESENTATION_CONTEXT() REPRESENTATION_CONTEXT('2D SPACE',''
  ) );
#4918 = ORIENTED_EDGE('',*,*,#4259,.F.);
#4919 = ADVANCED_FACE('',(#4920),#1985,.F.);
#4920 = FACE_BOUND('',#4921,.F.);
#4921 = EDGE_LOOP('',(#4922,#4923,#4924,#4943));
#4922 = ORIENTED_EDGE('',*,*,#4900,.F.);
#4923 = ORIENTED_EDGE('',*,*,#1970,.T.);
#4924 = ORIENTED_EDGE('',*,*,#4925,.T.);
#4925 = EDGE_CURVE('',#1946,#4213,#4926,.T.);
#4926 = SURFACE_CURVE('',#4927,(#4931,#4937),.PCURVE_S1.);
#4927 = LINE('',#4928,#4929);
#4928 = CARTESIAN_POINT('',(7.879669678449,-13.35,13.4));
#4929 = VECTOR('',#4930,1.);
#4930 = DIRECTION('',(0.,0.707106781187,0.707106781187));
#4931 = PCURVE('',#1985,#4932);
#4932 = DEFINITIONAL_REPRESENTATION('',(#4933),#4936);
#4933 = B_SPLINE_CURVE_WITH_KNOTS('',1,(#4934,#4935),.UNSPECIFIED.,.F.,
  .F.,(2,2),(0.,0.848528137424),.PIECEWISE_BEZIER_KNOTS.);
#4934 = CARTESIAN_POINT('',(0.844153986113,0.));
#4935 = CARTESIAN_POINT('',(0.844153986113,0.6));
#4936 = ( GEOMETRIC_REPRESENTATION_CONTEXT(2) 
PARAMETRIC_REPRESENTATION_CONTEXT() REPRESENTATION_CONTEXT('2D SPACE',''
  ) );
#4937 = PCURVE('',#2092,#4938);
#4938 = DEFINITIONAL_REPRESENTATION('',(#4939),#4942);
#4939 = B_SPLINE_CURVE_WITH_KNOTS('',1,(#4940,#4941),.UNSPECIFIED.,.F.,
  .F.,(2,2),(0.,0.848528137424),.PIECEWISE_BEZIER_KNOTS.);
#4940 = CARTESIAN_POINT('',(0.,-0.424264068712));
#4941 = CARTESIAN_POINT('',(0.,0.424264068712));
#4942 = ( GEOMETRIC_REPRESENTATION_CONTEXT(2) 
PARAMETRIC_REPRESENTATION_CONTEXT() REPRESENTATION_CONTEXT('2D SPACE',''
  ) );
#4943 = ORIENTED_EDGE('',*,*,#4235,.F.);
#4944 = ADVANCED_FACE('',(#4945),#2018,.F.);
#4945 = FACE_BOUND('',#4946,.F.);
#4946 = EDGE_LOOP('',(#4947,#4966,#4967,#4968));
#4947 = ORIENTED_EDGE('',*,*,#4948,.F.);
#4948 = EDGE_CURVE('',#2003,#4358,#4949,.T.);
#4949 = SURFACE_CURVE('',#4950,(#4954,#4960),.PCURVE_S1.);
#4950 = LINE('',#4951,#4952);
#4951 = CARTESIAN_POINT('',(-16.125,13.85,13.4));
#4952 = VECTOR('',#4953,1.);
#4953 = DIRECTION('',(4.329780281177E-17,-0.707106781187,0.707106781187)
  );
#4954 = PCURVE('',#2018,#4955);
#4955 = DEFINITIONAL_REPRESENTATION('',(#4956),#4959);
#4956 = B_SPLINE_CURVE_WITH_KNOTS('',1,(#4957,#4958),.UNSPECIFIED.,.F.,
  .F.,(2,2),(0.,0.848528137424),.PIECEWISE_BEZIER_KNOTS.);
#4957 = CARTESIAN_POINT('',(-7.105427357601E-15,-0.424264068712));
#4958 = CARTESIAN_POINT('',(-7.105427357601E-15,0.424264068712));
#4959 = ( GEOMETRIC_REPRESENTATION_CONTEXT(2) 
PARAMETRIC_REPRESENTATION_CONTEXT() REPRESENTATION_CONTEXT('2D SPACE',''
  ) );
#4960 = PCURVE('',#2148,#4961);
#4961 = DEFINITIONAL_REPRESENTATION('',(#4962),#4965);
#4962 = B_SPLINE_CURVE_WITH_KNOTS('',1,(#4963,#4964),.UNSPECIFIED.,.F.,
  .F.,(2,2),(0.,0.848528137424),.PIECEWISE_BEZIER_KNOTS.);
#4963 = CARTESIAN_POINT('',(1.570796326795,0.));
#4964 = CARTESIAN_POINT('',(1.570796326795,-0.6));
#4965 = ( GEOMETRIC_REPRESENTATION_CONTEXT(2) 
PARAMETRIC_REPRESENTATION_CONTEXT() REPRESENTATION_CONTEXT('2D SPACE',''
  ) );
#4966 = ORIENTED_EDGE('',*,*,#2002,.T.);
#4967 = ORIENTED_EDGE('',*,*,#4083,.T.);
#4968 = ORIENTED_EDGE('',*,*,#4357,.F.);
#4969 = ADVANCED_FACE('',(#4970),#2092,.F.);
#4970 = FACE_BOUND('',#4971,.F.);
#4971 = EDGE_LOOP('',(#4972,#4973,#4974,#4993));
#4972 = ORIENTED_EDGE('',*,*,#4925,.F.);
#4973 = ORIENTED_EDGE('',*,*,#2078,.T.);
#4974 = ORIENTED_EDGE('',*,*,#4975,.T.);
#4975 = EDGE_CURVE('',#2056,#4189,#4976,.T.);
#4976 = SURFACE_CURVE('',#4977,(#4981,#4987),.PCURVE_S1.);
#4977 = LINE('',#4978,#4979);
#4978 = CARTESIAN_POINT('',(-7.879669678449,-13.05,13.7));
#4979 = VECTOR('',#4980,1.);
#4980 = DIRECTION('',(0.,0.707106781187,0.707106781187));
#4981 = PCURVE('',#2092,#4982);
#4982 = DEFINITIONAL_REPRESENTATION('',(#4983),#4986);
#4983 = B_SPLINE_CURVE_WITH_KNOTS('',1,(#4984,#4985),.UNSPECIFIED.,.F.,
  .F.,(2,2),(-0.424264068712,0.424264068712),.PIECEWISE_BEZIER_KNOTS.);
#4984 = CARTESIAN_POINT('',(15.759339356898,-0.424264068712));
#4985 = CARTESIAN_POINT('',(15.759339356898,0.424264068712));
#4986 = ( GEOMETRIC_REPRESENTATION_CONTEXT(2) 
PARAMETRIC_REPRESENTATION_CONTEXT() REPRESENTATION_CONTEXT('2D SPACE',''
  ) );
#4987 = PCURVE('',#2203,#4988);
#4988 = DEFINITIONAL_REPRESENTATION('',(#4989),#4992);
#4989 = B_SPLINE_CURVE_WITH_KNOTS('',1,(#4990,#4991),.UNSPECIFIED.,.F.,
  .F.,(2,2),(-0.424264068712,0.424264068712),.PIECEWISE_BEZIER_KNOTS.);
#4990 = CARTESIAN_POINT('',(0.,0.));
#4991 = CARTESIAN_POINT('',(0.,0.6));
#4992 = ( GEOMETRIC_REPRESENTATION_CONTEXT(2) 
PARAMETRIC_REPRESENTATION_CONTEXT() REPRESENTATION_CONTEXT('2D SPACE',''
  ) );
#4993 = ORIENTED_EDGE('',*,*,#4212,.F.);
#4994 = ADVANCED_FACE('',(#4995),#2148,.T.);
#4995 = FACE_BOUND('',#4996,.F.);
#4996 = EDGE_LOOP('',(#4997,#5016,#5017,#5018));
#4997 = ORIENTED_EDGE('',*,*,#4998,.F.);
#4998 = EDGE_CURVE('',#2109,#4381,#4999,.T.);
#4999 = SURFACE_CURVE('',#5000,(#5004,#5010),.PCURVE_S1.);
#5000 = LINE('',#5001,#5002);
#5001 = CARTESIAN_POINT('',(-19.825,9.85,13.7));
#5002 = VECTOR('',#5003,1.);
#5003 = DIRECTION('',(0.707106781187,0.,0.707106781187));
#5004 = PCURVE('',#2148,#5005);
#5005 = DEFINITIONAL_REPRESENTATION('',(#5006),#5009);
#5006 = B_SPLINE_CURVE_WITH_KNOTS('',1,(#5007,#5008),.UNSPECIFIED.,.F.,
  .F.,(2,2),(-0.424264068712,0.424264068712),.PIECEWISE_BEZIER_KNOTS.);
#5007 = CARTESIAN_POINT('',(0.,0.));
#5008 = CARTESIAN_POINT('',(0.,-0.6));
#5009 = ( GEOMETRIC_REPRESENTATION_CONTEXT(2) 
PARAMETRIC_REPRESENTATION_CONTEXT() REPRESENTATION_CONTEXT('2D SPACE',''
  ) );
#5010 = PCURVE('',#2258,#5011);
#5011 = DEFINITIONAL_REPRESENTATION('',(#5012),#5015);
#5012 = B_SPLINE_CURVE_WITH_KNOTS('',1,(#5013,#5014),.UNSPECIFIED.,.F.,
  .F.,(2,2),(-0.424264068712,0.424264068712),.PIECEWISE_BEZIER_KNOTS.);
#5013 = CARTESIAN_POINT('',(23.66943954599,-0.424264068712));
#5014 = CARTESIAN_POINT('',(23.66943954599,0.424264068712));
#5015 = ( GEOMETRIC_REPRESENTATION_CONTEXT(2) 
PARAMETRIC_REPRESENTATION_CONTEXT() REPRESENTATION_CONTEXT('2D SPACE',''
  ) );
#5016 = ORIENTED_EDGE('',*,*,#2133,.T.);
#5017 = ORIENTED_EDGE('',*,*,#4948,.T.);
#5018 = ORIENTED_EDGE('',*,*,#4380,.F.);
#5019 = ADVANCED_FACE('',(#5020),#2203,.F.);
#5020 = FACE_BOUND('',#5021,.F.);
#5021 = EDGE_LOOP('',(#5022,#5023,#5024,#5043));
#5022 = ORIENTED_EDGE('',*,*,#4975,.F.);
#5023 = ORIENTED_EDGE('',*,*,#2188,.T.);
#5024 = ORIENTED_EDGE('',*,*,#5025,.T.);
#5025 = EDGE_CURVE('',#2166,#4166,#5026,.T.);
#5026 = SURFACE_CURVE('',#5027,(#5031,#5037),.PCURVE_S1.);
#5027 = LINE('',#5028,#5029);
#5028 = CARTESIAN_POINT('',(-11.61671627186,-15.02818080585,13.4));
#5029 = VECTOR('',#5030,1.);
#5030 = DIRECTION('',(-0.528498197563,0.469776175612,0.707106781187));
#5031 = PCURVE('',#2203,#5032);
#5032 = DEFINITIONAL_REPRESENTATION('',(#5033),#5036);
#5033 = B_SPLINE_CURVE_WITH_KNOTS('',1,(#5034,#5035),.UNSPECIFIED.,.F.,
  .F.,(2,2),(0.,0.848528137424),.PIECEWISE_BEZIER_KNOTS.);
#5034 = CARTESIAN_POINT('',(0.844153986113,0.));
#5035 = CARTESIAN_POINT('',(0.844153986113,0.6));
#5036 = ( GEOMETRIC_REPRESENTATION_CONTEXT(2) 
PARAMETRIC_REPRESENTATION_CONTEXT() REPRESENTATION_CONTEXT('2D SPACE',''
  ) );
#5037 = PCURVE('',#2291,#5038);
#5038 = DEFINITIONAL_REPRESENTATION('',(#5039),#5042);
#5039 = B_SPLINE_CURVE_WITH_KNOTS('',1,(#5040,#5041),.UNSPECIFIED.,.F.,
  .F.,(2,2),(0.,0.848528137424),.PIECEWISE_BEZIER_KNOTS.);
#5040 = CARTESIAN_POINT('',(-3.10862446895E-15,-0.424264068712));
#5041 = CARTESIAN_POINT('',(-3.10862446895E-15,0.424264068712));
#5042 = ( GEOMETRIC_REPRESENTATION_CONTEXT(2) 
PARAMETRIC_REPRESENTATION_CONTEXT() REPRESENTATION_CONTEXT('2D SPACE',''
  ) );
#5043 = ORIENTED_EDGE('',*,*,#4188,.F.);
#5044 = ADVANCED_FACE('',(#5045),#2258,.F.);
#5045 = FACE_BOUND('',#5046,.F.);
#5046 = EDGE_LOOP('',(#5047,#5065,#5066,#5067));
#5047 = ORIENTED_EDGE('',*,*,#5048,.F.);
#5048 = EDGE_CURVE('',#2219,#4409,#5049,.T.);
#5049 = SURFACE_CURVE('',#5050,(#5053,#5059),.PCURVE_S1.);
#5050 = B_SPLINE_CURVE_WITH_KNOTS('',1,(#5051,#5052),.UNSPECIFIED.,.F.,
  .F.,(2,2),(0.,7.27462695794),.PIECEWISE_BEZIER_KNOTS.);
#5051 = CARTESIAN_POINT('',(-20.125,-13.81943954598,13.4));
#5052 = CARTESIAN_POINT('',(-19.525,-13.81943954598,14.));
#5053 = PCURVE('',#2258,#5054);
#5054 = DEFINITIONAL_REPRESENTATION('',(#5055),#5058);
#5055 = B_SPLINE_CURVE_WITH_KNOTS('',1,(#5056,#5057),.UNSPECIFIED.,.F.,
  .F.,(2,2),(0.,7.27462695794),.PIECEWISE_BEZIER_KNOTS.);
#5056 = CARTESIAN_POINT('',(0.,-0.424264068712));
#5057 = CARTESIAN_POINT('',(0.,0.424264068712));
#5058 = ( GEOMETRIC_REPRESENTATION_CONTEXT(2) 
PARAMETRIC_REPRESENTATION_CONTEXT() REPRESENTATION_CONTEXT('2D SPACE',''
  ) );
#5059 = PCURVE('',#2398,#5060);
#5060 = DEFINITIONAL_REPRESENTATION('',(#5061),#5064);
#5061 = B_SPLINE_CURVE_WITH_KNOTS('',1,(#5062,#5063),.UNSPECIFIED.,.F.,
  .F.,(2,2),(0.,7.27462695794),.PIECEWISE_BEZIER_KNOTS.);
#5062 = CARTESIAN_POINT('',(0.,10.25609482648));
#5063 = CARTESIAN_POINT('',(7.27462695794,10.25609482648));
#5064 = ( GEOMETRIC_REPRESENTATION_CONTEXT(2) 
PARAMETRIC_REPRESENTATION_CONTEXT() REPRESENTATION_CONTEXT('2D SPACE',''
  ) );
#5065 = ORIENTED_EDGE('',*,*,#2244,.T.);
#5066 = ORIENTED_EDGE('',*,*,#4998,.T.);
#5067 = ORIENTED_EDGE('',*,*,#4408,.F.);
#5068 = ADVANCED_FACE('',(#5069),#2291,.T.);
#5069 = FACE_BOUND('',#5070,.F.);
#5070 = EDGE_LOOP('',(#5071,#5072,#5073,#5092));
#5071 = ORIENTED_EDGE('',*,*,#5025,.F.);
#5072 = ORIENTED_EDGE('',*,*,#2275,.T.);
#5073 = ORIENTED_EDGE('',*,*,#5074,.T.);
#5074 = EDGE_CURVE('',#2276,#4136,#5075,.T.);
#5075 = SURFACE_CURVE('',#5076,(#5080,#5086),.PCURVE_S1.);
#5076 = LINE('',#5077,#5078);
#5077 = CARTESIAN_POINT('',(-12.63328372813,-16.17181919415,13.4));
#5078 = VECTOR('',#5079,1.);
#5079 = DIRECTION('',(-0.528498197563,0.469776175612,0.707106781187));
#5080 = PCURVE('',#2291,#5081);
#5081 = DEFINITIONAL_REPRESENTATION('',(#5082),#5085);
#5082 = B_SPLINE_CURVE_WITH_KNOTS('',1,(#5083,#5084),.UNSPECIFIED.,.F.,
  .F.,(2,2),(0.,0.848528137424),.PIECEWISE_BEZIER_KNOTS.);
#5083 = CARTESIAN_POINT('',(-1.530136646294,-0.424264068712));
#5084 = CARTESIAN_POINT('',(-1.530136646294,0.424264068712));
#5085 = ( GEOMETRIC_REPRESENTATION_CONTEXT(2) 
PARAMETRIC_REPRESENTATION_CONTEXT() REPRESENTATION_CONTEXT('2D SPACE',''
  ) );
#5086 = PCURVE('',#2456,#5087);
#5087 = DEFINITIONAL_REPRESENTATION('',(#5088),#5091);
#5088 = B_SPLINE_CURVE_WITH_KNOTS('',1,(#5089,#5090),.UNSPECIFIED.,.F.,
  .F.,(2,2),(0.,0.848528137424),.PIECEWISE_BEZIER_KNOTS.);
#5089 = CARTESIAN_POINT('',(0.,0.));
#5090 = CARTESIAN_POINT('',(0.,-0.6));
#5091 = ( GEOMETRIC_REPRESENTATION_CONTEXT(2) 
PARAMETRIC_REPRESENTATION_CONTEXT() REPRESENTATION_CONTEXT('2D SPACE',''
  ) );
#5092 = ORIENTED_EDGE('',*,*,#4165,.F.);
#5093 = ADVANCED_FACE('',(#5094),#2398,.T.);
#5094 = FACE_BOUND('',#5095,.T.);
#5095 = EDGE_LOOP('',(#5096,#5115,#5116,#5117));
#5096 = ORIENTED_EDGE('',*,*,#5097,.T.);
#5097 = EDGE_CURVE('',#2330,#4138,#5098,.T.);
#5098 = SURFACE_CURVE('',#5099,(#5103,#5109),.PCURVE_S1.);
#5099 = LINE('',#5100,#5101);
#5100 = CARTESIAN_POINT('',(-15.14367871379,-17.69719772994,13.4));
#5101 = VECTOR('',#5102,1.);
#5102 = DIRECTION('',(-0.173474734,0.685497276919,0.707106781187));
#5103 = PCURVE('',#2398,#5104);
#5104 = DEFINITIONAL_REPRESENTATION('',(#5105),#5108);
#5105 = B_SPLINE_CURVE_WITH_KNOTS('',1,(#5106,#5107),.UNSPECIFIED.,.F.,
  .F.,(2,2),(0.,0.848528137424),.PIECEWISE_BEZIER_KNOTS.);
#5106 = CARTESIAN_POINT('',(0.,2.98146786854));
#5107 = CARTESIAN_POINT('',(7.27462695794,2.98146786854));
#5108 = ( GEOMETRIC_REPRESENTATION_CONTEXT(2) 
PARAMETRIC_REPRESENTATION_CONTEXT() REPRESENTATION_CONTEXT('2D SPACE',''
  ) );
#5109 = PCURVE('',#2456,#5110);
#5110 = DEFINITIONAL_REPRESENTATION('',(#5111),#5114);
#5111 = B_SPLINE_CURVE_WITH_KNOTS('',1,(#5112,#5113),.UNSPECIFIED.,.F.,
  .F.,(2,2),(0.,0.848528137424),.PIECEWISE_BEZIER_KNOTS.);
#5112 = CARTESIAN_POINT('',(0.596293573708,0.));
#5113 = CARTESIAN_POINT('',(0.596293573708,-0.6));
#5114 = ( GEOMETRIC_REPRESENTATION_CONTEXT(2) 
PARAMETRIC_REPRESENTATION_CONTEXT() REPRESENTATION_CONTEXT('2D SPACE',''
  ) );
#5115 = ORIENTED_EDGE('',*,*,#4431,.T.);
#5116 = ORIENTED_EDGE('',*,*,#5048,.F.);
#5117 = ORIENTED_EDGE('',*,*,#2353,.F.);
#5118 = ADVANCED_FACE('',(#5119),#2456,.T.);
#5119 = FACE_BOUND('',#5120,.F.);
#5120 = EDGE_LOOP('',(#5121,#5122,#5123,#5124));
#5121 = ORIENTED_EDGE('',*,*,#5074,.F.);
#5122 = ORIENTED_EDGE('',*,*,#2441,.T.);
#5123 = ORIENTED_EDGE('',*,*,#5097,.T.);
#5124 = ORIENTED_EDGE('',*,*,#4135,.F.);
#5125 = ADVANCED_FACE('',(#5126,#5152),#2489,.F.);
#5126 = FACE_BOUND('',#5127,.F.);
#5127 = EDGE_LOOP('',(#5128));
#5128 = ORIENTED_EDGE('',*,*,#5129,.T.);
#5129 = EDGE_CURVE('',#5130,#5130,#5132,.T.);
#5130 = VERTEX_POINT('',#5131);
#5131 = CARTESIAN_POINT('',(-14.6,-14.5,12.));
#5132 = SURFACE_CURVE('',#5133,(#5138,#5145),.PCURVE_S1.);
#5133 = CIRCLE('',#5134,1.9);
#5134 = AXIS2_PLACEMENT_3D('',#5135,#5136,#5137);
#5135 = CARTESIAN_POINT('',(-16.5,-14.5,12.));
#5136 = DIRECTION('',(0.,-1.224646799147E-16,-1.));
#5137 = DIRECTION('',(1.,0.,0.));
#5138 = PCURVE('',#2489,#5139);
#5139 = DEFINITIONAL_REPRESENTATION('',(#5140),#5144);
#5140 = CIRCLE('',#5141,1.9);
#5141 = AXIS2_PLACEMENT_2D('',#5142,#5143);
#5142 = CARTESIAN_POINT('',(1.799263332289E-16,-1.023653692829E-16));
#5143 = DIRECTION('',(1.,0.));
#5144 = ( GEOMETRIC_REPRESENTATION_CONTEXT(2) 
PARAMETRIC_REPRESENTATION_CONTEXT() REPRESENTATION_CONTEXT('2D SPACE',''
  ) );
#5145 = PCURVE('',#4499,#5146);
#5146 = DEFINITIONAL_REPRESENTATION('',(#5147),#5151);
#5147 = LINE('',#5148,#5149);
#5148 = CARTESIAN_POINT('',(-0.,-2.));
#5149 = VECTOR('',#5150,1.);
#5150 = DIRECTION('',(-1.,0.));
#5151 = ( GEOMETRIC_REPRESENTATION_CONTEXT(2) 
PARAMETRIC_REPRESENTATION_CONTEXT() REPRESENTATION_CONTEXT('2D SPACE',''
  ) );
#5152 = FACE_BOUND('',#5153,.F.);
#5153 = EDGE_LOOP('',(#5154));
#5154 = ORIENTED_EDGE('',*,*,#2472,.F.);
#5155 = ADVANCED_FACE('',(#5156,#5182),#2544,.F.);
#5156 = FACE_BOUND('',#5157,.F.);
#5157 = EDGE_LOOP('',(#5158));
#5158 = ORIENTED_EDGE('',*,*,#5159,.T.);
#5159 = EDGE_CURVE('',#5160,#5160,#5162,.T.);
#5160 = VERTEX_POINT('',#5161);
#5161 = CARTESIAN_POINT('',(18.4,-14.5,12.));
#5162 = SURFACE_CURVE('',#5163,(#5168,#5175),.PCURVE_S1.);
#5163 = CIRCLE('',#5164,1.9);
#5164 = AXIS2_PLACEMENT_3D('',#5165,#5166,#5167);
#5165 = CARTESIAN_POINT('',(16.5,-14.5,12.));
#5166 = DIRECTION('',(0.,-1.224646799147E-16,-1.));
#5167 = DIRECTION('',(1.,0.,0.));
#5168 = PCURVE('',#2544,#5169);
#5169 = DEFINITIONAL_REPRESENTATION('',(#5170),#5174);
#5170 = CIRCLE('',#5171,1.9);
#5171 = AXIS2_PLACEMENT_2D('',#5172,#5173);
#5172 = CARTESIAN_POINT('',(1.799263332289E-16,-1.023653692829E-16));
#5173 = DIRECTION('',(1.,0.));
#5174 = ( GEOMETRIC_REPRESENTATION_CONTEXT(2) 
PARAMETRIC_REPRESENTATION_CONTEXT() REPRESENTATION_CONTEXT('2D SPACE',''
  ) );
#5175 = PCURVE('',#4565,#5176);
#5176 = DEFINITIONAL_REPRESENTATION('',(#5177),#5181);
#5177 = LINE('',#5178,#5179);
#5178 = CARTESIAN_POINT('',(-0.,-2.));
#5179 = VECTOR('',#5180,1.);
#5180 = DIRECTION('',(-1.,0.));
#5181 = ( GEOMETRIC_REPRESENTATION_CONTEXT(2) 
PARAMETRIC_REPRESENTATION_CONTEXT() REPRESENTATION_CONTEXT('2D SPACE',''
  ) );
#5182 = FACE_BOUND('',#5183,.F.);
#5183 = EDGE_LOOP('',(#5184));
#5184 = ORIENTED_EDGE('',*,*,#2527,.F.);
#5185 = ADVANCED_FACE('',(#5186,#5212),#2599,.F.);
#5186 = FACE_BOUND('',#5187,.F.);
#5187 = EDGE_LOOP('',(#5188));
#5188 = ORIENTED_EDGE('',*,*,#5189,.T.);
#5189 = EDGE_CURVE('',#5190,#5190,#5192,.T.);
#5190 = VERTEX_POINT('',#5191);
#5191 = CARTESIAN_POINT('',(-14.6,10.,12.));
#5192 = SURFACE_CURVE('',#5193,(#5198,#5205),.PCURVE_S1.);
#5193 = CIRCLE('',#5194,1.9);
#5194 = AXIS2_PLACEMENT_3D('',#5195,#5196,#5197);
#5195 = CARTESIAN_POINT('',(-16.5,10.,12.));
#5196 = DIRECTION('',(0.,-1.224646799147E-16,-1.));
#5197 = DIRECTION('',(1.,0.,0.));
#5198 = PCURVE('',#2599,#5199);
#5199 = DEFINITIONAL_REPRESENTATION('',(#5200),#5204);
#5200 = CIRCLE('',#5201,1.9);
#5201 = AXIS2_PLACEMENT_2D('',#5202,#5203);
#5202 = CARTESIAN_POINT('',(1.799263332289E-16,-1.023653692829E-16));
#5203 = DIRECTION('',(1.,0.));
#5204 = ( GEOMETRIC_REPRESENTATION_CONTEXT(2) 
PARAMETRIC_REPRESENTATION_CONTEXT() REPRESENTATION_CONTEXT('2D SPACE',''
  ) );
#5205 = PCURVE('',#4662,#5206);
#5206 = DEFINITIONAL_REPRESENTATION('',(#5207),#5211);
#5207 = LINE('',#5208,#5209);
#5208 = CARTESIAN_POINT('',(-0.,-2.));
#5209 = VECTOR('',#5210,1.);
#5210 = DIRECTION('',(-1.,0.));
#5211 = ( GEOMETRIC_REPRESENTATION_CONTEXT(2) 
PARAMETRIC_REPRESENTATION_CONTEXT() REPRESENTATION_CONTEXT('2D SPACE',''
  ) );
#5212 = FACE_BOUND('',#5213,.F.);
#5213 = EDGE_LOOP('',(#5214));
#5214 = ORIENTED_EDGE('',*,*,#2582,.F.);
#5215 = ADVANCED_FACE('',(#5216,#5245,#5276,#5307,#5338,#5444,#5475),
  #2676,.F.);
#5216 = FACE_BOUND('',#5217,.F.);
#5217 = EDGE_LOOP('',(#5218,#5219,#5220,#5221,#5222,#5223,#5224,#5225,
    #5226,#5227,#5228,#5229,#5230,#5231,#5232,#5233,#5234,#5235,#5236,
    #5237,#5238,#5239,#5240,#5241,#5242,#5243,#5244));
#5218 = ORIENTED_EDGE('',*,*,#2660,.T.);
#5219 = ORIENTED_EDGE('',*,*,#2714,.T.);
#5220 = ORIENTED_EDGE('',*,*,#2768,.T.);
#5221 = ORIENTED_EDGE('',*,*,#2818,.T.);
#5222 = ORIENTED_EDGE('',*,*,#2872,.T.);
#5223 = ORIENTED_EDGE('',*,*,#2921,.T.);
#5224 = ORIENTED_EDGE('',*,*,#2975,.T.);
#5225 = ORIENTED_EDGE('',*,*,#3025,.T.);
#5226 = ORIENTED_EDGE('',*,*,#3079,.T.);
#5227 = ORIENTED_EDGE('',*,*,#3128,.T.);
#5228 = ORIENTED_EDGE('',*,*,#3182,.T.);
#5229 = ORIENTED_EDGE('',*,*,#3232,.T.);
#5230 = ORIENTED_EDGE('',*,*,#3286,.T.);
#5231 = ORIENTED_EDGE('',*,*,#3335,.T.);
#5232 = ORIENTED_EDGE('',*,*,#3389,.T.);
#5233 = ORIENTED_EDGE('',*,*,#3439,.T.);
#5234 = ORIENTED_EDGE('',*,*,#3493,.T.);
#5235 = ORIENTED_EDGE('',*,*,#3564,.F.);
#5236 = ORIENTED_EDGE('',*,*,#3592,.T.);
#5237 = ORIENTED_EDGE('',*,*,#3641,.T.);
#5238 = ORIENTED_EDGE('',*,*,#3695,.T.);
#5239 = ORIENTED_EDGE('',*,*,#3745,.T.);
#5240 = ORIENTED_EDGE('',*,*,#3799,.T.);
#5241 = ORIENTED_EDGE('',*,*,#3848,.T.);
#5242 = ORIENTED_EDGE('',*,*,#3898,.T.);
#5243 = ORIENTED_EDGE('',*,*,#3952,.T.);
#5244 = ORIENTED_EDGE('',*,*,#4001,.F.);
#5245 = FACE_BOUND('',#5246,.F.);
#5246 = EDGE_LOOP('',(#5247));
#5247 = ORIENTED_EDGE('',*,*,#5248,.F.);
#5248 = EDGE_CURVE('',#5249,#5249,#5251,.T.);
#5249 = VERTEX_POINT('',#5250);
#5250 = CARTESIAN_POINT('',(-10.22,-8.065,12.6));
#5251 = SURFACE_CURVE('',#5252,(#5257,#5264),.PCURVE_S1.);
#5252 = CIRCLE('',#5253,3.2);
#5253 = AXIS2_PLACEMENT_3D('',#5254,#5255,#5256);
#5254 = CARTESIAN_POINT('',(-13.42,-8.065,12.6));
#5255 = DIRECTION('',(0.,0.,1.));
#5256 = DIRECTION('',(1.,0.,-0.));
#5257 = PCURVE('',#2676,#5258);
#5258 = DEFINITIONAL_REPRESENTATION('',(#5259),#5263);
#5259 = CIRCLE('',#5260,3.2);
#5260 = AXIS2_PLACEMENT_2D('',#5261,#5262);
#5261 = CARTESIAN_POINT('',(-13.41787899159,-6.725386698464));
#5262 = DIRECTION('',(1.,0.));
#5263 = ( GEOMETRIC_REPRESENTATION_CONTEXT(2) 
PARAMETRIC_REPRESENTATION_CONTEXT() REPRESENTATION_CONTEXT('2D SPACE',''
  ) );
#5264 = PCURVE('',#5265,#5270);
#5265 = CYLINDRICAL_SURFACE('',#5266,3.2);
#5266 = AXIS2_PLACEMENT_3D('',#5267,#5268,#5269);
#5267 = CARTESIAN_POINT('',(-13.42,-8.065,13.));
#5268 = DIRECTION('',(0.,0.,1.));
#5269 = DIRECTION('',(1.,0.,0.));
#5270 = DEFINITIONAL_REPRESENTATION('',(#5271),#5275);
#5271 = LINE('',#5272,#5273);
#5272 = CARTESIAN_POINT('',(0.,-0.4));
#5273 = VECTOR('',#5274,1.);
#5274 = DIRECTION('',(1.,0.));
#5275 = ( GEOMETRIC_REPRESENTATION_CONTEXT(2) 
PARAMETRIC_REPRESENTATION_CONTEXT() REPRESENTATION_CONTEXT('2D SPACE',''
  ) );
#5276 = FACE_BOUND('',#5277,.F.);
#5277 = EDGE_LOOP('',(#5278));
#5278 = ORIENTED_EDGE('',*,*,#5279,.F.);
#5279 = EDGE_CURVE('',#5280,#5280,#5282,.T.);
#5280 = VERTEX_POINT('',#5281);
#5281 = CARTESIAN_POINT('',(-10.22,-1.315,12.6));
#5282 = SURFACE_CURVE('',#5283,(#5288,#5295),.PCURVE_S1.);
#5283 = CIRCLE('',#5284,3.2);
#5284 = AXIS2_PLACEMENT_3D('',#5285,#5286,#5287);
#5285 = CARTESIAN_POINT('',(-13.42,-1.315,12.6));
#5286 = DIRECTION('',(0.,0.,1.));
#5287 = DIRECTION('',(1.,0.,-0.));
#5288 = PCURVE('',#2676,#5289);
#5289 = DEFINITIONAL_REPRESENTATION('',(#5290),#5294);
#5290 = CIRCLE('',#5291,3.2);
#5291 = AXIS2_PLACEMENT_2D('',#5292,#5293);
#5292 = CARTESIAN_POINT('',(-13.41787899159,2.461330153561E-02));
#5293 = DIRECTION('',(1.,0.));
#5294 = ( GEOMETRIC_REPRESENTATION_CONTEXT(2) 
PARAMETRIC_REPRESENTATION_CONTEXT() REPRESENTATION_CONTEXT('2D SPACE',''
  ) );
#5295 = PCURVE('',#5296,#5301);
#5296 = CYLINDRICAL_SURFACE('',#5297,3.2);
#5297 = AXIS2_PLACEMENT_3D('',#5298,#5299,#5300);
#5298 = CARTESIAN_POINT('',(-13.42,-1.315,13.));
#5299 = DIRECTION('',(0.,0.,1.));
#5300 = DIRECTION('',(1.,0.,0.));
#5301 = DEFINITIONAL_REPRESENTATION('',(#5302),#5306);
#5302 = LINE('',#5303,#5304);
#5303 = CARTESIAN_POINT('',(0.,-0.4));
#5304 = VECTOR('',#5305,1.);
#5305 = DIRECTION('',(1.,0.));
#5306 = ( GEOMETRIC_REPRESENTATION_CONTEXT(2) 
PARAMETRIC_REPRESENTATION_CONTEXT() REPRESENTATION_CONTEXT('2D SPACE',''
  ) );
#5307 = FACE_BOUND('',#5308,.F.);
#5308 = EDGE_LOOP('',(#5309));
#5309 = ORIENTED_EDGE('',*,*,#5310,.F.);
#5310 = EDGE_CURVE('',#5311,#5311,#5313,.T.);
#5311 = VERTEX_POINT('',#5312);
#5312 = CARTESIAN_POINT('',(16.88,-8.065,12.6));
#5313 = SURFACE_CURVE('',#5314,(#5319,#5326),.PCURVE_S1.);
#5314 = CIRCLE('',#5315,3.2);
#5315 = AXIS2_PLACEMENT_3D('',#5316,#5317,#5318);
#5316 = CARTESIAN_POINT('',(13.68,-8.065,12.6));
#5317 = DIRECTION('',(0.,0.,1.));
#5318 = DIRECTION('',(1.,0.,-0.));
#5319 = PCURVE('',#2676,#5320);
#5320 = DEFINITIONAL_REPRESENTATION('',(#5321),#5325);
#5321 = CIRCLE('',#5322,3.2);
#5322 = AXIS2_PLACEMENT_2D('',#5323,#5324);
#5323 = CARTESIAN_POINT('',(13.682121008406,-6.725386698464));
#5324 = DIRECTION('',(1.,0.));
#5325 = ( GEOMETRIC_REPRESENTATION_CONTEXT(2) 
PARAMETRIC_REPRESENTATION_CONTEXT() REPRESENTATION_CONTEXT('2D SPACE',''
  ) );
#5326 = PCURVE('',#5327,#5332);
#5327 = CYLINDRICAL_SURFACE('',#5328,3.2);
#5328 = AXIS2_PLACEMENT_3D('',#5329,#5330,#5331);
#5329 = CARTESIAN_POINT('',(13.68,-8.065,13.));
#5330 = DIRECTION('',(0.,0.,1.));
#5331 = DIRECTION('',(1.,0.,0.));
#5332 = DEFINITIONAL_REPRESENTATION('',(#5333),#5337);
#5333 = LINE('',#5334,#5335);
#5334 = CARTESIAN_POINT('',(0.,-0.4));
#5335 = VECTOR('',#5336,1.);
#5336 = DIRECTION('',(1.,0.));
#5337 = ( GEOMETRIC_REPRESENTATION_CONTEXT(2) 
PARAMETRIC_REPRESENTATION_CONTEXT() REPRESENTATION_CONTEXT('2D SPACE',''
  ) );
#5338 = FACE_BOUND('',#5339,.F.);
#5339 = EDGE_LOOP('',(#5340,#5368,#5394,#5420));
#5340 = ORIENTED_EDGE('',*,*,#5341,.F.);
#5341 = EDGE_CURVE('',#5342,#5344,#5346,.T.);
#5342 = VERTEX_POINT('',#5343);
#5343 = CARTESIAN_POINT('',(-9.35,-10.85,12.6));
#5344 = VERTEX_POINT('',#5345);
#5345 = CARTESIAN_POINT('',(9.75,-10.85,12.6));
#5346 = SURFACE_CURVE('',#5347,(#5351,#5357),.PCURVE_S1.);
#5347 = LINE('',#5348,#5349);
#5348 = CARTESIAN_POINT('',(-4.676060504203,-10.85,12.6));
#5349 = VECTOR('',#5350,1.);
#5350 = DIRECTION('',(1.,0.,-0.));
#5351 = PCURVE('',#2676,#5352);
#5352 = DEFINITIONAL_REPRESENTATION('',(#5353),#5356);
#5353 = B_SPLINE_CURVE_WITH_KNOTS('',1,(#5354,#5355),.UNSPECIFIED.,.F.,
  .F.,(2,2),(-4.673939495797,14.426060504203),.PIECEWISE_BEZIER_KNOTS.);
#5354 = CARTESIAN_POINT('',(-9.347878991594,-9.510386698464));
#5355 = CARTESIAN_POINT('',(9.752121008406,-9.510386698464));
#5356 = ( GEOMETRIC_REPRESENTATION_CONTEXT(2) 
PARAMETRIC_REPRESENTATION_CONTEXT() REPRESENTATION_CONTEXT('2D SPACE',''
  ) );
#5357 = PCURVE('',#5358,#5363);
#5358 = PLANE('',#5359);
#5359 = AXIS2_PLACEMENT_3D('',#5360,#5361,#5362);
#5360 = CARTESIAN_POINT('',(-9.35,-10.85,13.6));
#5361 = DIRECTION('',(0.,-1.,0.));
#5362 = DIRECTION('',(1.,0.,0.));
#5363 = DEFINITIONAL_REPRESENTATION('',(#5364),#5367);
#5364 = B_SPLINE_CURVE_WITH_KNOTS('',1,(#5365,#5366),.UNSPECIFIED.,.F.,
  .F.,(2,2),(-4.673939495797,14.426060504203),.PIECEWISE_BEZIER_KNOTS.);
#5365 = CARTESIAN_POINT('',(0.,-1.));
#5366 = CARTESIAN_POINT('',(19.1,-1.));
#5367 = ( GEOMETRIC_REPRESENTATION_CONTEXT(2) 
PARAMETRIC_REPRESENTATION_CONTEXT() REPRESENTATION_CONTEXT('2D SPACE',''
  ) );
#5368 = ORIENTED_EDGE('',*,*,#5369,.F.);
#5369 = EDGE_CURVE('',#5370,#5342,#5372,.T.);
#5370 = VERTEX_POINT('',#5371);
#5371 = CARTESIAN_POINT('',(-9.35,1.25,12.6));
#5372 = SURFACE_CURVE('',#5373,(#5377,#5383),.PCURVE_S1.);
#5373 = LINE('',#5374,#5375);
#5374 = CARTESIAN_POINT('',(-9.35,-4.48066507678E-02,12.6));
#5375 = VECTOR('',#5376,1.);
#5376 = DIRECTION('',(0.,-1.,0.));
#5377 = PCURVE('',#2676,#5378);
#5378 = DEFINITIONAL_REPRESENTATION('',(#5379),#5382);
#5379 = B_SPLINE_CURVE_WITH_KNOTS('',1,(#5380,#5381),.UNSPECIFIED.,.F.,
  .F.,(2,2),(-1.294806650768,10.805193349232),.PIECEWISE_BEZIER_KNOTS.);
#5380 = CARTESIAN_POINT('',(-9.347878991594,2.589613301536));
#5381 = CARTESIAN_POINT('',(-9.347878991594,-9.510386698464));
#5382 = ( GEOMETRIC_REPRESENTATION_CONTEXT(2) 
PARAMETRIC_REPRESENTATION_CONTEXT() REPRESENTATION_CONTEXT('2D SPACE',''
  ) );
#5383 = PCURVE('',#5384,#5389);
#5384 = PLANE('',#5385);
#5385 = AXIS2_PLACEMENT_3D('',#5386,#5387,#5388);
#5386 = CARTESIAN_POINT('',(-9.35,1.25,13.6));
#5387 = DIRECTION('',(-1.,0.,0.));
#5388 = DIRECTION('',(0.,-1.,0.));
#5389 = DEFINITIONAL_REPRESENTATION('',(#5390),#5393);
#5390 = B_SPLINE_CURVE_WITH_KNOTS('',1,(#5391,#5392),.UNSPECIFIED.,.F.,
  .F.,(2,2),(-1.294806650768,10.805193349232),.PIECEWISE_BEZIER_KNOTS.);
#5391 = CARTESIAN_POINT('',(0.,-1.));
#5392 = CARTESIAN_POINT('',(12.1,-1.));
#5393 = ( GEOMETRIC_REPRESENTATION_CONTEXT(2) 
PARAMETRIC_REPRESENTATION_CONTEXT() REPRESENTATION_CONTEXT('2D SPACE',''
  ) );
#5394 = ORIENTED_EDGE('',*,*,#5395,.F.);
#5395 = EDGE_CURVE('',#5396,#5370,#5398,.T.);
#5396 = VERTEX_POINT('',#5397);
#5397 = CARTESIAN_POINT('',(9.75,1.25,12.6));
#5398 = SURFACE_CURVE('',#5399,(#5403,#5409),.PCURVE_S1.);
#5399 = LINE('',#5400,#5401);
#5400 = CARTESIAN_POINT('',(4.873939495797,1.25,12.6));
#5401 = VECTOR('',#5402,1.);
#5402 = DIRECTION('',(-1.,0.,0.));
#5403 = PCURVE('',#2676,#5404);
#5404 = DEFINITIONAL_REPRESENTATION('',(#5405),#5408);
#5405 = B_SPLINE_CURVE_WITH_KNOTS('',1,(#5406,#5407),.UNSPECIFIED.,.F.,
  .F.,(2,2),(-4.876060504203,14.223939495797),.PIECEWISE_BEZIER_KNOTS.);
#5406 = CARTESIAN_POINT('',(9.752121008406,2.589613301536));
#5407 = CARTESIAN_POINT('',(-9.347878991594,2.589613301536));
#5408 = ( GEOMETRIC_REPRESENTATION_CONTEXT(2) 
PARAMETRIC_REPRESENTATION_CONTEXT() REPRESENTATION_CONTEXT('2D SPACE',''
  ) );
#5409 = PCURVE('',#5410,#5415);
#5410 = PLANE('',#5411);
#5411 = AXIS2_PLACEMENT_3D('',#5412,#5413,#5414);
#5412 = CARTESIAN_POINT('',(9.75,1.25,13.6));
#5413 = DIRECTION('',(0.,1.,-0.));
#5414 = DIRECTION('',(-1.,0.,0.));
#5415 = DEFINITIONAL_REPRESENTATION('',(#5416),#5419);
#5416 = B_SPLINE_CURVE_WITH_KNOTS('',1,(#5417,#5418),.UNSPECIFIED.,.F.,
  .F.,(2,2),(-4.876060504203,14.223939495797),.PIECEWISE_BEZIER_KNOTS.);
#5417 = CARTESIAN_POINT('',(0.,-1.));
#5418 = CARTESIAN_POINT('',(19.1,-1.));
#5419 = ( GEOMETRIC_REPRESENTATION_CONTEXT(2) 
PARAMETRIC_REPRESENTATION_CONTEXT() REPRESENTATION_CONTEXT('2D SPACE',''
  ) );
#5420 = ORIENTED_EDGE('',*,*,#5421,.F.);
#5421 = EDGE_CURVE('',#5344,#5396,#5422,.T.);
#5422 = SURFACE_CURVE('',#5423,(#5427,#5433),.PCURVE_S1.);
#5423 = LINE('',#5424,#5425);
#5424 = CARTESIAN_POINT('',(9.75,-6.094806650768,12.6));
#5425 = VECTOR('',#5426,1.);
#5426 = DIRECTION('',(0.,1.,0.));
#5427 = PCURVE('',#2676,#5428);
#5428 = DEFINITIONAL_REPRESENTATION('',(#5429),#5432);
#5429 = B_SPLINE_CURVE_WITH_KNOTS('',1,(#5430,#5431),.UNSPECIFIED.,.F.,
  .F.,(2,2),(-4.755193349232,7.344806650768),.PIECEWISE_BEZIER_KNOTS.);
#5430 = CARTESIAN_POINT('',(9.752121008406,-9.510386698464));
#5431 = CARTESIAN_POINT('',(9.752121008406,2.589613301536));
#5432 = ( GEOMETRIC_REPRESENTATION_CONTEXT(2) 
PARAMETRIC_REPRESENTATION_CONTEXT() REPRESENTATION_CONTEXT('2D SPACE',''
  ) );
#5433 = PCURVE('',#5434,#5439);
#5434 = PLANE('',#5435);
#5435 = AXIS2_PLACEMENT_3D('',#5436,#5437,#5438);
#5436 = CARTESIAN_POINT('',(9.75,-10.85,13.6));
#5437 = DIRECTION('',(1.,0.,0.));
#5438 = DIRECTION('',(-0.,1.,0.));
#5439 = DEFINITIONAL_REPRESENTATION('',(#5440),#5443);
#5440 = B_SPLINE_CURVE_WITH_KNOTS('',1,(#5441,#5442),.UNSPECIFIED.,.F.,
  .F.,(2,2),(-4.755193349232,7.344806650768),.PIECEWISE_BEZIER_KNOTS.);
#5441 = CARTESIAN_POINT('',(0.,-1.));
#5442 = CARTESIAN_POINT('',(12.1,-1.));
#5443 = ( GEOMETRIC_REPRESENTATION_CONTEXT(2) 
PARAMETRIC_REPRESENTATION_CONTEXT() REPRESENTATION_CONTEXT('2D SPACE',''
  ) );
#5444 = FACE_BOUND('',#5445,.F.);
#5445 = EDGE_LOOP('',(#5446));
#5446 = ORIENTED_EDGE('',*,*,#5447,.F.);
#5447 = EDGE_CURVE('',#5448,#5448,#5450,.T.);
#5448 = VERTEX_POINT('',#5449);
#5449 = CARTESIAN_POINT('',(16.88,-1.315,12.6));
#5450 = SURFACE_CURVE('',#5451,(#5456,#5463),.PCURVE_S1.);
#5451 = CIRCLE('',#5452,3.2);
#5452 = AXIS2_PLACEMENT_3D('',#5453,#5454,#5455);
#5453 = CARTESIAN_POINT('',(13.68,-1.315,12.6));
#5454 = DIRECTION('',(0.,0.,1.));
#5455 = DIRECTION('',(1.,0.,-0.));
#5456 = PCURVE('',#2676,#5457);
#5457 = DEFINITIONAL_REPRESENTATION('',(#5458),#5462);
#5458 = CIRCLE('',#5459,3.2);
#5459 = AXIS2_PLACEMENT_2D('',#5460,#5461);
#5460 = CARTESIAN_POINT('',(13.682121008406,2.461330153561E-02));
#5461 = DIRECTION('',(1.,0.));
#5462 = ( GEOMETRIC_REPRESENTATION_CONTEXT(2) 
PARAMETRIC_REPRESENTATION_CONTEXT() REPRESENTATION_CONTEXT('2D SPACE',''
  ) );
#5463 = PCURVE('',#5464,#5469);
#5464 = CYLINDRICAL_SURFACE('',#5465,3.2);
#5465 = AXIS2_PLACEMENT_3D('',#5466,#5467,#5468);
#5466 = CARTESIAN_POINT('',(13.68,-1.315,13.));
#5467 = DIRECTION('',(0.,0.,1.));
#5468 = DIRECTION('',(1.,0.,0.));
#5469 = DEFINITIONAL_REPRESENTATION('',(#5470),#5474);
#5470 = LINE('',#5471,#5472);
#5471 = CARTESIAN_POINT('',(0.,-0.4));
#5472 = VECTOR('',#5473,1.);
#5473 = DIRECTION('',(1.,0.));
#5474 = ( GEOMETRIC_REPRESENTATION_CONTEXT(2) 
PARAMETRIC_REPRESENTATION_CONTEXT() REPRESENTATION_CONTEXT('2D SPACE',''
  ) );
#5475 = FACE_BOUND('',#5476,.F.);
#5476 = EDGE_LOOP('',(#5477,#5500,#5521,#5542));
#5477 = ORIENTED_EDGE('',*,*,#5478,.F.);
#5478 = EDGE_CURVE('',#5479,#5481,#5483,.T.);
#5479 = VERTEX_POINT('',#5480);
#5480 = CARTESIAN_POINT('',(5.8,2.4,12.6));
#5481 = VERTEX_POINT('',#5482);
#5482 = CARTESIAN_POINT('',(5.8,9.6,12.6));
#5483 = SURFACE_CURVE('',#5484,(#5488,#5494),.PCURVE_S1.);
#5484 = LINE('',#5485,#5486);
#5485 = CARTESIAN_POINT('',(5.8,0.530193349232,12.6));
#5486 = VECTOR('',#5487,1.);
#5487 = DIRECTION('',(0.,1.,-0.));
#5488 = PCURVE('',#2676,#5489);
#5489 = DEFINITIONAL_REPRESENTATION('',(#5490),#5493);
#5490 = B_SPLINE_CURVE_WITH_KNOTS('',1,(#5491,#5492),.UNSPECIFIED.,.F.,
  .F.,(2,2),(1.869806650768,9.069806650768),.PIECEWISE_BEZIER_KNOTS.);
#5491 = CARTESIAN_POINT('',(5.802121008406,3.739613301536));
#5492 = CARTESIAN_POINT('',(5.802121008406,10.939613301536));
#5493 = ( GEOMETRIC_REPRESENTATION_CONTEXT(2) 
PARAMETRIC_REPRESENTATION_CONTEXT() REPRESENTATION_CONTEXT('2D SPACE',''
  ) );
#5494 = PCURVE('',#4724,#5495);
#5495 = DEFINITIONAL_REPRESENTATION('',(#5496),#5499);
#5496 = B_SPLINE_CURVE_WITH_KNOTS('',1,(#5497,#5498),.UNSPECIFIED.,.F.,
  .F.,(2,2),(1.869806650768,9.069806650768),.PIECEWISE_BEZIER_KNOTS.);
#5497 = CARTESIAN_POINT('',(0.,-52.85001237362));
#5498 = CARTESIAN_POINT('',(7.2,-52.85001237362));
#5499 = ( GEOMETRIC_REPRESENTATION_CONTEXT(2) 
PARAMETRIC_REPRESENTATION_CONTEXT() REPRESENTATION_CONTEXT('2D SPACE',''
  ) );
#5500 = ORIENTED_EDGE('',*,*,#5501,.F.);
#5501 = EDGE_CURVE('',#5502,#5479,#5504,.T.);
#5502 = VERTEX_POINT('',#5503);
#5503 = CARTESIAN_POINT('',(-5.8,2.4,12.6));
#5504 = SURFACE_CURVE('',#5505,(#5509,#5515),.PCURVE_S1.);
#5505 = LINE('',#5506,#5507);
#5506 = CARTESIAN_POINT('',(-2.901060504203,2.4,12.6));
#5507 = VECTOR('',#5508,1.);
#5508 = DIRECTION('',(1.,0.,0.));
#5509 = PCURVE('',#2676,#5510);
#5510 = DEFINITIONAL_REPRESENTATION('',(#5511),#5514);
#5511 = B_SPLINE_CURVE_WITH_KNOTS('',1,(#5512,#5513),.UNSPECIFIED.,.F.,
  .F.,(2,2),(-2.898939495797,8.701060504203),.PIECEWISE_BEZIER_KNOTS.);
#5512 = CARTESIAN_POINT('',(-5.797878991594,3.739613301536));
#5513 = CARTESIAN_POINT('',(5.802121008406,3.739613301536));
#5514 = ( GEOMETRIC_REPRESENTATION_CONTEXT(2) 
PARAMETRIC_REPRESENTATION_CONTEXT() REPRESENTATION_CONTEXT('2D SPACE',''
  ) );
#5515 = PCURVE('',#4750,#5516);
#5516 = DEFINITIONAL_REPRESENTATION('',(#5517),#5520);
#5517 = B_SPLINE_CURVE_WITH_KNOTS('',1,(#5518,#5519),.UNSPECIFIED.,.F.,
  .F.,(2,2),(-2.898939495797,8.701060504203),.PIECEWISE_BEZIER_KNOTS.);
#5518 = CARTESIAN_POINT('',(0.,-52.85001237362));
#5519 = CARTESIAN_POINT('',(11.6,-52.85001237362));
#5520 = ( GEOMETRIC_REPRESENTATION_CONTEXT(2) 
PARAMETRIC_REPRESENTATION_CONTEXT() REPRESENTATION_CONTEXT('2D SPACE',''
  ) );
#5521 = ORIENTED_EDGE('',*,*,#5522,.F.);
#5522 = EDGE_CURVE('',#5523,#5502,#5525,.T.);
#5523 = VERTEX_POINT('',#5524);
#5524 = CARTESIAN_POINT('',(-5.8,9.6,12.6));
#5525 = SURFACE_CURVE('',#5526,(#5530,#5536),.PCURVE_S1.);
#5526 = LINE('',#5527,#5528);
#5527 = CARTESIAN_POINT('',(-5.8,4.130193349232,12.6));
#5528 = VECTOR('',#5529,1.);
#5529 = DIRECTION('',(0.,-1.,0.));
#5530 = PCURVE('',#2676,#5531);
#5531 = DEFINITIONAL_REPRESENTATION('',(#5532),#5535);
#5532 = B_SPLINE_CURVE_WITH_KNOTS('',1,(#5533,#5534),.UNSPECIFIED.,.F.,
  .F.,(2,2),(-5.469806650768,1.730193349232),.PIECEWISE_BEZIER_KNOTS.);
#5533 = CARTESIAN_POINT('',(-5.797878991594,10.939613301536));
#5534 = CARTESIAN_POINT('',(-5.797878991594,3.739613301536));
#5535 = ( GEOMETRIC_REPRESENTATION_CONTEXT(2) 
PARAMETRIC_REPRESENTATION_CONTEXT() REPRESENTATION_CONTEXT('2D SPACE',''
  ) );
#5536 = PCURVE('',#4776,#5537);
#5537 = DEFINITIONAL_REPRESENTATION('',(#5538),#5541);
#5538 = B_SPLINE_CURVE_WITH_KNOTS('',1,(#5539,#5540),.UNSPECIFIED.,.F.,
  .F.,(2,2),(-5.469806650768,1.730193349232),.PIECEWISE_BEZIER_KNOTS.);
#5539 = CARTESIAN_POINT('',(0.,-52.85001237362));
#5540 = CARTESIAN_POINT('',(7.2,-52.85001237362));
#5541 = ( GEOMETRIC_REPRESENTATION_CONTEXT(2) 
PARAMETRIC_REPRESENTATION_CONTEXT() REPRESENTATION_CONTEXT('2D SPACE',''
  ) );
#5542 = ORIENTED_EDGE('',*,*,#5543,.F.);
#5543 = EDGE_CURVE('',#5481,#5523,#5544,.T.);
#5544 = SURFACE_CURVE('',#5545,(#5549,#5555),.PCURVE_S1.);
#5545 = LINE('',#5546,#5547);
#5546 = CARTESIAN_POINT('',(2.898939495797,9.6,12.6));
#5547 = VECTOR('',#5548,1.);
#5548 = DIRECTION('',(-1.,0.,0.));
#5549 = PCURVE('',#2676,#5550);
#5550 = DEFINITIONAL_REPRESENTATION('',(#5551),#5554);
#5551 = B_SPLINE_CURVE_WITH_KNOTS('',1,(#5552,#5553),.UNSPECIFIED.,.F.,
  .F.,(2,2),(-2.901060504203,8.698939495797),.PIECEWISE_BEZIER_KNOTS.);
#5552 = CARTESIAN_POINT('',(5.802121008406,10.939613301536));
#5553 = CARTESIAN_POINT('',(-5.797878991594,10.939613301536));
#5554 = ( GEOMETRIC_REPRESENTATION_CONTEXT(2) 
PARAMETRIC_REPRESENTATION_CONTEXT() REPRESENTATION_CONTEXT('2D SPACE',''
  ) );
#5555 = PCURVE('',#4800,#5556);
#5556 = DEFINITIONAL_REPRESENTATION('',(#5557),#5560);
#5557 = B_SPLINE_CURVE_WITH_KNOTS('',1,(#5558,#5559),.UNSPECIFIED.,.F.,
  .F.,(2,2),(-2.901060504203,8.698939495797),.PIECEWISE_BEZIER_KNOTS.);
#5558 = CARTESIAN_POINT('',(0.,-52.85001237362));
#5559 = CARTESIAN_POINT('',(11.6,-52.85001237362));
#5560 = ( GEOMETRIC_REPRESENTATION_CONTEXT(2) 
PARAMETRIC_REPRESENTATION_CONTEXT() REPRESENTATION_CONTEXT('2D SPACE',''
  ) );
#5561 = ADVANCED_FACE('',(#5562,#5588),#4045,.F.);
#5562 = FACE_BOUND('',#5563,.F.);
#5563 = EDGE_LOOP('',(#5564));
#5564 = ORIENTED_EDGE('',*,*,#5565,.T.);
#5565 = EDGE_CURVE('',#5566,#5566,#5568,.T.);
#5566 = VERTEX_POINT('',#5567);
#5567 = CARTESIAN_POINT('',(18.4,10.,12.));
#5568 = SURFACE_CURVE('',#5569,(#5574,#5581),.PCURVE_S1.);
#5569 = CIRCLE('',#5570,1.9);
#5570 = AXIS2_PLACEMENT_3D('',#5571,#5572,#5573);
#5571 = CARTESIAN_POINT('',(16.5,10.,12.));
#5572 = DIRECTION('',(0.,-1.224646799147E-16,-1.));
#5573 = DIRECTION('',(1.,0.,0.));
#5574 = PCURVE('',#4045,#5575);
#5575 = DEFINITIONAL_REPRESENTATION('',(#5576),#5580);
#5576 = CIRCLE('',#5577,1.9);
#5577 = AXIS2_PLACEMENT_2D('',#5578,#5579);
#5578 = CARTESIAN_POINT('',(1.799263332289E-16,-1.023653692829E-16));
#5579 = DIRECTION('',(1.,0.));
#5580 = ( GEOMETRIC_REPRESENTATION_CONTEXT(2) 
PARAMETRIC_REPRESENTATION_CONTEXT() REPRESENTATION_CONTEXT('2D SPACE',''
  ) );
#5581 = PCURVE('',#4834,#5582);
#5582 = DEFINITIONAL_REPRESENTATION('',(#5583),#5587);
#5583 = LINE('',#5584,#5585);
#5584 = CARTESIAN_POINT('',(-0.,-2.));
#5585 = VECTOR('',#5586,1.);
#5586 = DIRECTION('',(-1.,0.));
#5587 = ( GEOMETRIC_REPRESENTATION_CONTEXT(2) 
PARAMETRIC_REPRESENTATION_CONTEXT() REPRESENTATION_CONTEXT('2D SPACE',''
  ) );
#5588 = FACE_BOUND('',#5589,.F.);
#5589 = EDGE_LOOP('',(#5590));
#5590 = ORIENTED_EDGE('',*,*,#4028,.F.);
#5591 = ADVANCED_FACE('',(#5592),#4499,.F.);
#5592 = FACE_BOUND('',#5593,.T.);
#5593 = EDGE_LOOP('',(#5594,#5615,#5616,#5617));
#5594 = ORIENTED_EDGE('',*,*,#5595,.T.);
#5595 = EDGE_CURVE('',#4479,#5130,#5596,.T.);
#5596 = SEAM_CURVE('',#5597,(#5601,#5608),.PCURVE_S1.);
#5597 = LINE('',#5598,#5599);
#5598 = CARTESIAN_POINT('',(-14.6,-14.5,14.));
#5599 = VECTOR('',#5600,1.);
#5600 = DIRECTION('',(0.,-1.224646799147E-16,-1.));
#5601 = PCURVE('',#4499,#5602);
#5602 = DEFINITIONAL_REPRESENTATION('',(#5603),#5607);
#5603 = LINE('',#5604,#5605);
#5604 = CARTESIAN_POINT('',(-0.,0.));
#5605 = VECTOR('',#5606,1.);
#5606 = DIRECTION('',(-0.,-1.));
#5607 = ( GEOMETRIC_REPRESENTATION_CONTEXT(2) 
PARAMETRIC_REPRESENTATION_CONTEXT() REPRESENTATION_CONTEXT('2D SPACE',''
  ) );
#5608 = PCURVE('',#4499,#5609);
#5609 = DEFINITIONAL_REPRESENTATION('',(#5610),#5614);
#5610 = LINE('',#5611,#5612);
#5611 = CARTESIAN_POINT('',(-6.28318530718,0.));
#5612 = VECTOR('',#5613,1.);
#5613 = DIRECTION('',(-0.,-1.));
#5614 = ( GEOMETRIC_REPRESENTATION_CONTEXT(2) 
PARAMETRIC_REPRESENTATION_CONTEXT() REPRESENTATION_CONTEXT('2D SPACE',''
  ) );
#5615 = ORIENTED_EDGE('',*,*,#5129,.T.);
#5616 = ORIENTED_EDGE('',*,*,#5595,.F.);
#5617 = ORIENTED_EDGE('',*,*,#4478,.F.);
#5618 = ADVANCED_FACE('',(#5619),#4530,.F.);
#5619 = FACE_BOUND('',#5620,.F.);
#5620 = EDGE_LOOP('',(#5621,#5650,#5671,#5672));
#5621 = ORIENTED_EDGE('',*,*,#5622,.T.);
#5622 = EDGE_CURVE('',#5623,#5623,#5625,.T.);
#5623 = VERTEX_POINT('',#5624);
#5624 = CARTESIAN_POINT('',(-10.82,-8.065,13.5));
#5625 = SURFACE_CURVE('',#5626,(#5631,#5638),.PCURVE_S1.);
#5626 = CIRCLE('',#5627,2.6);
#5627 = AXIS2_PLACEMENT_3D('',#5628,#5629,#5630);
#5628 = CARTESIAN_POINT('',(-13.42,-8.065,13.5));
#5629 = DIRECTION('',(0.,0.,1.));
#5630 = DIRECTION('',(1.,0.,0.));
#5631 = PCURVE('',#4530,#5632);
#5632 = DEFINITIONAL_REPRESENTATION('',(#5633),#5637);
#5633 = LINE('',#5634,#5635);
#5634 = CARTESIAN_POINT('',(0.,0.));
#5635 = VECTOR('',#5636,1.);
#5636 = DIRECTION('',(1.,0.));
#5637 = ( GEOMETRIC_REPRESENTATION_CONTEXT(2) 
PARAMETRIC_REPRESENTATION_CONTEXT() REPRESENTATION_CONTEXT('2D SPACE',''
  ) );
#5638 = PCURVE('',#5639,#5644);
#5639 = PLANE('',#5640);
#5640 = AXIS2_PLACEMENT_3D('',#5641,#5642,#5643);
#5641 = CARTESIAN_POINT('',(-13.42,-8.065,13.5));
#5642 = DIRECTION('',(0.,0.,1.));
#5643 = DIRECTION('',(1.,0.,0.));
#5644 = DEFINITIONAL_REPRESENTATION('',(#5645),#5649);
#5645 = CIRCLE('',#5646,2.6);
#5646 = AXIS2_PLACEMENT_2D('',#5647,#5648);
#5647 = CARTESIAN_POINT('',(0.,0.));
#5648 = DIRECTION('',(1.,0.));
#5649 = ( GEOMETRIC_REPRESENTATION_CONTEXT(2) 
PARAMETRIC_REPRESENTATION_CONTEXT() REPRESENTATION_CONTEXT('2D SPACE',''
  ) );
#5650 = ORIENTED_EDGE('',*,*,#5651,.T.);
#5651 = EDGE_CURVE('',#5623,#4514,#5652,.T.);
#5652 = SEAM_CURVE('',#5653,(#5657,#5664),.PCURVE_S1.);
#5653 = LINE('',#5654,#5655);
#5654 = CARTESIAN_POINT('',(-10.82,-8.065,13.5));
#5655 = VECTOR('',#5656,1.);
#5656 = DIRECTION('',(0.,0.,1.));
#5657 = PCURVE('',#4530,#5658);
#5658 = DEFINITIONAL_REPRESENTATION('',(#5659),#5663);
#5659 = LINE('',#5660,#5661);
#5660 = CARTESIAN_POINT('',(0.,0.));
#5661 = VECTOR('',#5662,1.);
#5662 = DIRECTION('',(0.,1.));
#5663 = ( GEOMETRIC_REPRESENTATION_CONTEXT(2) 
PARAMETRIC_REPRESENTATION_CONTEXT() REPRESENTATION_CONTEXT('2D SPACE',''
  ) );
#5664 = PCURVE('',#4530,#5665);
#5665 = DEFINITIONAL_REPRESENTATION('',(#5666),#5670);
#5666 = LINE('',#5667,#5668);
#5667 = CARTESIAN_POINT('',(6.28318530718,0.));
#5668 = VECTOR('',#5669,1.);
#5669 = DIRECTION('',(0.,1.));
#5670 = ( GEOMETRIC_REPRESENTATION_CONTEXT(2) 
PARAMETRIC_REPRESENTATION_CONTEXT() REPRESENTATION_CONTEXT('2D SPACE',''
  ) );
#5671 = ORIENTED_EDGE('',*,*,#4513,.F.);
#5672 = ORIENTED_EDGE('',*,*,#5651,.F.);
#5673 = ADVANCED_FACE('',(#5674),#4565,.F.);
#5674 = FACE_BOUND('',#5675,.T.);
#5675 = EDGE_LOOP('',(#5676,#5697,#5698,#5699));
#5676 = ORIENTED_EDGE('',*,*,#5677,.T.);
#5677 = EDGE_CURVE('',#4545,#5160,#5678,.T.);
#5678 = SEAM_CURVE('',#5679,(#5683,#5690),.PCURVE_S1.);
#5679 = LINE('',#5680,#5681);
#5680 = CARTESIAN_POINT('',(18.4,-14.5,14.));
#5681 = VECTOR('',#5682,1.);
#5682 = DIRECTION('',(0.,-1.224646799147E-16,-1.));
#5683 = PCURVE('',#4565,#5684);
#5684 = DEFINITIONAL_REPRESENTATION('',(#5685),#5689);
#5685 = LINE('',#5686,#5687);
#5686 = CARTESIAN_POINT('',(-0.,0.));
#5687 = VECTOR('',#5688,1.);
#5688 = DIRECTION('',(-0.,-1.));
#5689 = ( GEOMETRIC_REPRESENTATION_CONTEXT(2) 
PARAMETRIC_REPRESENTATION_CONTEXT() REPRESENTATION_CONTEXT('2D SPACE',''
  ) );
#5690 = PCURVE('',#4565,#5691);
#5691 = DEFINITIONAL_REPRESENTATION('',(#5692),#5696);
#5692 = LINE('',#5693,#5694);
#5693 = CARTESIAN_POINT('',(-6.28318530718,0.));
#5694 = VECTOR('',#5695,1.);
#5695 = DIRECTION('',(-0.,-1.));
#5696 = ( GEOMETRIC_REPRESENTATION_CONTEXT(2) 
PARAMETRIC_REPRESENTATION_CONTEXT() REPRESENTATION_CONTEXT('2D SPACE',''
  ) );
#5697 = ORIENTED_EDGE('',*,*,#5159,.T.);
#5698 = ORIENTED_EDGE('',*,*,#5677,.F.);
#5699 = ORIENTED_EDGE('',*,*,#4544,.F.);
#5700 = ADVANCED_FACE('',(#5701),#4596,.F.);
#5701 = FACE_BOUND('',#5702,.F.);
#5702 = EDGE_LOOP('',(#5703,#5732,#5753,#5754));
#5703 = ORIENTED_EDGE('',*,*,#5704,.T.);
#5704 = EDGE_CURVE('',#5705,#5705,#5707,.T.);
#5705 = VERTEX_POINT('',#5706);
#5706 = CARTESIAN_POINT('',(16.28,-8.065,13.5));
#5707 = SURFACE_CURVE('',#5708,(#5713,#5720),.PCURVE_S1.);
#5708 = CIRCLE('',#5709,2.6);
#5709 = AXIS2_PLACEMENT_3D('',#5710,#5711,#5712);
#5710 = CARTESIAN_POINT('',(13.68,-8.065,13.5));
#5711 = DIRECTION('',(0.,0.,1.));
#5712 = DIRECTION('',(1.,0.,0.));
#5713 = PCURVE('',#4596,#5714);
#5714 = DEFINITIONAL_REPRESENTATION('',(#5715),#5719);
#5715 = LINE('',#5716,#5717);
#5716 = CARTESIAN_POINT('',(0.,0.));
#5717 = VECTOR('',#5718,1.);
#5718 = DIRECTION('',(1.,0.));
#5719 = ( GEOMETRIC_REPRESENTATION_CONTEXT(2) 
PARAMETRIC_REPRESENTATION_CONTEXT() REPRESENTATION_CONTEXT('2D SPACE',''
  ) );
#5720 = PCURVE('',#5721,#5726);
#5721 = PLANE('',#5722);
#5722 = AXIS2_PLACEMENT_3D('',#5723,#5724,#5725);
#5723 = CARTESIAN_POINT('',(13.68,-8.065,13.5));
#5724 = DIRECTION('',(0.,0.,1.));
#5725 = DIRECTION('',(1.,0.,0.));
#5726 = DEFINITIONAL_REPRESENTATION('',(#5727),#5731);
#5727 = CIRCLE('',#5728,2.6);
#5728 = AXIS2_PLACEMENT_2D('',#5729,#5730);
#5729 = CARTESIAN_POINT('',(0.,0.));
#5730 = DIRECTION('',(1.,0.));
#5731 = ( GEOMETRIC_REPRESENTATION_CONTEXT(2) 
PARAMETRIC_REPRESENTATION_CONTEXT() REPRESENTATION_CONTEXT('2D SPACE',''
  ) );
#5732 = ORIENTED_EDGE('',*,*,#5733,.T.);
#5733 = EDGE_CURVE('',#5705,#4580,#5734,.T.);
#5734 = SEAM_CURVE('',#5735,(#5739,#5746),.PCURVE_S1.);
#5735 = LINE('',#5736,#5737);
#5736 = CARTESIAN_POINT('',(16.28,-8.065,13.5));
#5737 = VECTOR('',#5738,1.);
#5738 = DIRECTION('',(0.,0.,1.));
#5739 = PCURVE('',#4596,#5740);
#5740 = DEFINITIONAL_REPRESENTATION('',(#5741),#5745);
#5741 = LINE('',#5742,#5743);
#5742 = CARTESIAN_POINT('',(0.,0.));
#5743 = VECTOR('',#5744,1.);
#5744 = DIRECTION('',(0.,1.));
#5745 = ( GEOMETRIC_REPRESENTATION_CONTEXT(2) 
PARAMETRIC_REPRESENTATION_CONTEXT() REPRESENTATION_CONTEXT('2D SPACE',''
  ) );
#5746 = PCURVE('',#4596,#5747);
#5747 = DEFINITIONAL_REPRESENTATION('',(#5748),#5752);
#5748 = LINE('',#5749,#5750);
#5749 = CARTESIAN_POINT('',(6.28318530718,0.));
#5750 = VECTOR('',#5751,1.);
#5751 = DIRECTION('',(0.,1.));
#5752 = ( GEOMETRIC_REPRESENTATION_CONTEXT(2) 
PARAMETRIC_REPRESENTATION_CONTEXT() REPRESENTATION_CONTEXT('2D SPACE',''
  ) );
#5753 = ORIENTED_EDGE('',*,*,#4579,.F.);
#5754 = ORIENTED_EDGE('',*,*,#5733,.F.);
#5755 = ADVANCED_FACE('',(#5756),#4627,.F.);
#5756 = FACE_BOUND('',#5757,.F.);
#5757 = EDGE_LOOP('',(#5758,#5787,#5808,#5809));
#5758 = ORIENTED_EDGE('',*,*,#5759,.T.);
#5759 = EDGE_CURVE('',#5760,#5760,#5762,.T.);
#5760 = VERTEX_POINT('',#5761);
#5761 = CARTESIAN_POINT('',(-10.82,-1.315,13.5));
#5762 = SURFACE_CURVE('',#5763,(#5768,#5775),.PCURVE_S1.);
#5763 = CIRCLE('',#5764,2.6);
#5764 = AXIS2_PLACEMENT_3D('',#5765,#5766,#5767);
#5765 = CARTESIAN_POINT('',(-13.42,-1.315,13.5));
#5766 = DIRECTION('',(0.,0.,1.));
#5767 = DIRECTION('',(1.,0.,0.));
#5768 = PCURVE('',#4627,#5769);
#5769 = DEFINITIONAL_REPRESENTATION('',(#5770),#5774);
#5770 = LINE('',#5771,#5772);
#5771 = CARTESIAN_POINT('',(0.,0.));
#5772 = VECTOR('',#5773,1.);
#5773 = DIRECTION('',(1.,0.));
#5774 = ( GEOMETRIC_REPRESENTATION_CONTEXT(2) 
PARAMETRIC_REPRESENTATION_CONTEXT() REPRESENTATION_CONTEXT('2D SPACE',''
  ) );
#5775 = PCURVE('',#5776,#5781);
#5776 = PLANE('',#5777);
#5777 = AXIS2_PLACEMENT_3D('',#5778,#5779,#5780);
#5778 = CARTESIAN_POINT('',(-13.42,-1.315,13.5));
#5779 = DIRECTION('',(0.,0.,1.));
#5780 = DIRECTION('',(1.,0.,0.));
#5781 = DEFINITIONAL_REPRESENTATION('',(#5782),#5786);
#5782 = CIRCLE('',#5783,2.6);
#5783 = AXIS2_PLACEMENT_2D('',#5784,#5785);
#5784 = CARTESIAN_POINT('',(0.,0.));
#5785 = DIRECTION('',(1.,0.));
#5786 = ( GEOMETRIC_REPRESENTATION_CONTEXT(2) 
PARAMETRIC_REPRESENTATION_CONTEXT() REPRESENTATION_CONTEXT('2D SPACE',''
  ) );
#5787 = ORIENTED_EDGE('',*,*,#5788,.T.);
#5788 = EDGE_CURVE('',#5760,#4611,#5789,.T.);
#5789 = SEAM_CURVE('',#5790,(#5794,#5801),.PCURVE_S1.);
#5790 = LINE('',#5791,#5792);
#5791 = CARTESIAN_POINT('',(-10.82,-1.315,13.5));
#5792 = VECTOR('',#5793,1.);
#5793 = DIRECTION('',(0.,0.,1.));
#5794 = PCURVE('',#4627,#5795);
#5795 = DEFINITIONAL_REPRESENTATION('',(#5796),#5800);
#5796 = LINE('',#5797,#5798);
#5797 = CARTESIAN_POINT('',(0.,0.));
#5798 = VECTOR('',#5799,1.);
#5799 = DIRECTION('',(0.,1.));
#5800 = ( GEOMETRIC_REPRESENTATION_CONTEXT(2) 
PARAMETRIC_REPRESENTATION_CONTEXT() REPRESENTATION_CONTEXT('2D SPACE',''
  ) );
#5801 = PCURVE('',#4627,#5802);
#5802 = DEFINITIONAL_REPRESENTATION('',(#5803),#5807);
#5803 = LINE('',#5804,#5805);
#5804 = CARTESIAN_POINT('',(6.28318530718,0.));
#5805 = VECTOR('',#5806,1.);
#5806 = DIRECTION('',(0.,1.));
#5807 = ( GEOMETRIC_REPRESENTATION_CONTEXT(2) 
PARAMETRIC_REPRESENTATION_CONTEXT() REPRESENTATION_CONTEXT('2D SPACE',''
  ) );
#5808 = ORIENTED_EDGE('',*,*,#4610,.F.);
#5809 = ORIENTED_EDGE('',*,*,#5788,.F.);
#5810 = ADVANCED_FACE('',(#5811),#4662,.F.);
#5811 = FACE_BOUND('',#5812,.T.);
#5812 = EDGE_LOOP('',(#5813,#5834,#5835,#5836));
#5813 = ORIENTED_EDGE('',*,*,#5814,.T.);
#5814 = EDGE_CURVE('',#4642,#5190,#5815,.T.);
#5815 = SEAM_CURVE('',#5816,(#5820,#5827),.PCURVE_S1.);
#5816 = LINE('',#5817,#5818);
#5817 = CARTESIAN_POINT('',(-14.6,10.,14.));
#5818 = VECTOR('',#5819,1.);
#5819 = DIRECTION('',(0.,-1.224646799147E-16,-1.));
#5820 = PCURVE('',#4662,#5821);
#5821 = DEFINITIONAL_REPRESENTATION('',(#5822),#5826);
#5822 = LINE('',#5823,#5824);
#5823 = CARTESIAN_POINT('',(-0.,0.));
#5824 = VECTOR('',#5825,1.);
#5825 = DIRECTION('',(-0.,-1.));
#5826 = ( GEOMETRIC_REPRESENTATION_CONTEXT(2) 
PARAMETRIC_REPRESENTATION_CONTEXT() REPRESENTATION_CONTEXT('2D SPACE',''
  ) );
#5827 = PCURVE('',#4662,#5828);
#5828 = DEFINITIONAL_REPRESENTATION('',(#5829),#5833);
#5829 = LINE('',#5830,#5831);
#5830 = CARTESIAN_POINT('',(-6.28318530718,0.));
#5831 = VECTOR('',#5832,1.);
#5832 = DIRECTION('',(-0.,-1.));
#5833 = ( GEOMETRIC_REPRESENTATION_CONTEXT(2) 
PARAMETRIC_REPRESENTATION_CONTEXT() REPRESENTATION_CONTEXT('2D SPACE',''
  ) );
#5834 = ORIENTED_EDGE('',*,*,#5189,.T.);
#5835 = ORIENTED_EDGE('',*,*,#5814,.F.);
#5836 = ORIENTED_EDGE('',*,*,#4641,.F.);
#5837 = ADVANCED_FACE('',(#5838),#4693,.F.);
#5838 = FACE_BOUND('',#5839,.F.);
#5839 = EDGE_LOOP('',(#5840,#5869,#5890,#5891));
#5840 = ORIENTED_EDGE('',*,*,#5841,.T.);
#5841 = EDGE_CURVE('',#5842,#5842,#5844,.T.);
#5842 = VERTEX_POINT('',#5843);
#5843 = CARTESIAN_POINT('',(16.28,-1.315,13.5));
#5844 = SURFACE_CURVE('',#5845,(#5850,#5857),.PCURVE_S1.);
#5845 = CIRCLE('',#5846,2.6);
#5846 = AXIS2_PLACEMENT_3D('',#5847,#5848,#5849);
#5847 = CARTESIAN_POINT('',(13.68,-1.315,13.5));
#5848 = DIRECTION('',(0.,0.,1.));
#5849 = DIRECTION('',(1.,0.,0.));
#5850 = PCURVE('',#4693,#5851);
#5851 = DEFINITIONAL_REPRESENTATION('',(#5852),#5856);
#5852 = LINE('',#5853,#5854);
#5853 = CARTESIAN_POINT('',(0.,0.));
#5854 = VECTOR('',#5855,1.);
#5855 = DIRECTION('',(1.,0.));
#5856 = ( GEOMETRIC_REPRESENTATION_CONTEXT(2) 
PARAMETRIC_REPRESENTATION_CONTEXT() REPRESENTATION_CONTEXT('2D SPACE',''
  ) );
#5857 = PCURVE('',#5858,#5863);
#5858 = PLANE('',#5859);
#5859 = AXIS2_PLACEMENT_3D('',#5860,#5861,#5862);
#5860 = CARTESIAN_POINT('',(13.68,-1.315,13.5));
#5861 = DIRECTION('',(0.,0.,1.));
#5862 = DIRECTION('',(1.,0.,0.));
#5863 = DEFINITIONAL_REPRESENTATION('',(#5864),#5868);
#5864 = CIRCLE('',#5865,2.6);
#5865 = AXIS2_PLACEMENT_2D('',#5866,#5867);
#5866 = CARTESIAN_POINT('',(0.,0.));
#5867 = DIRECTION('',(1.,0.));
#5868 = ( GEOMETRIC_REPRESENTATION_CONTEXT(2) 
PARAMETRIC_REPRESENTATION_CONTEXT() REPRESENTATION_CONTEXT('2D SPACE',''
  ) );
#5869 = ORIENTED_EDGE('',*,*,#5870,.T.);
#5870 = EDGE_CURVE('',#5842,#4677,#5871,.T.);
#5871 = SEAM_CURVE('',#5872,(#5876,#5883),.PCURVE_S1.);
#5872 = LINE('',#5873,#5874);
#5873 = CARTESIAN_POINT('',(16.28,-1.315,13.5));
#5874 = VECTOR('',#5875,1.);
#5875 = DIRECTION('',(0.,0.,1.));
#5876 = PCURVE('',#4693,#5877);
#5877 = DEFINITIONAL_REPRESENTATION('',(#5878),#5882);
#5878 = LINE('',#5879,#5880);
#5879 = CARTESIAN_POINT('',(0.,0.));
#5880 = VECTOR('',#5881,1.);
#5881 = DIRECTION('',(0.,1.));
#5882 = ( GEOMETRIC_REPRESENTATION_CONTEXT(2) 
PARAMETRIC_REPRESENTATION_CONTEXT() REPRESENTATION_CONTEXT('2D SPACE',''
  ) );
#5883 = PCURVE('',#4693,#5884);
#5884 = DEFINITIONAL_REPRESENTATION('',(#5885),#5889);
#5885 = LINE('',#5886,#5887);
#5886 = CARTESIAN_POINT('',(6.28318530718,0.));
#5887 = VECTOR('',#5888,1.);
#5888 = DIRECTION('',(0.,1.));
#5889 = ( GEOMETRIC_REPRESENTATION_CONTEXT(2) 
PARAMETRIC_REPRESENTATION_CONTEXT() REPRESENTATION_CONTEXT('2D SPACE',''
  ) );
#5890 = ORIENTED_EDGE('',*,*,#4676,.F.);
#5891 = ORIENTED_EDGE('',*,*,#5870,.F.);
#5892 = ADVANCED_FACE('',(#5893),#4724,.T.);
#5893 = FACE_BOUND('',#5894,.T.);
#5894 = EDGE_LOOP('',(#5895,#5916,#5917,#5938));
#5895 = ORIENTED_EDGE('',*,*,#5896,.F.);
#5896 = EDGE_CURVE('',#5481,#4708,#5897,.T.);
#5897 = SURFACE_CURVE('',#5898,(#5902,#5909),.PCURVE_S1.);
#5898 = LINE('',#5899,#5900);
#5899 = CARTESIAN_POINT('',(5.8,9.6,-40.25001237362));
#5900 = VECTOR('',#5901,1.);
#5901 = DIRECTION('',(0.,0.,1.));
#5902 = PCURVE('',#4724,#5903);
#5903 = DEFINITIONAL_REPRESENTATION('',(#5904),#5908);
#5904 = LINE('',#5905,#5906);
#5905 = CARTESIAN_POINT('',(7.2,0.));
#5906 = VECTOR('',#5907,1.);
#5907 = DIRECTION('',(0.,-1.));
#5908 = ( GEOMETRIC_REPRESENTATION_CONTEXT(2) 
PARAMETRIC_REPRESENTATION_CONTEXT() REPRESENTATION_CONTEXT('2D SPACE',''
  ) );
#5909 = PCURVE('',#4800,#5910);
#5910 = DEFINITIONAL_REPRESENTATION('',(#5911),#5915);
#5911 = LINE('',#5912,#5913);
#5912 = CARTESIAN_POINT('',(0.,-0.));
#5913 = VECTOR('',#5914,1.);
#5914 = DIRECTION('',(0.,-1.));
#5915 = ( GEOMETRIC_REPRESENTATION_CONTEXT(2) 
PARAMETRIC_REPRESENTATION_CONTEXT() REPRESENTATION_CONTEXT('2D SPACE',''
  ) );
#5916 = ORIENTED_EDGE('',*,*,#5478,.F.);
#5917 = ORIENTED_EDGE('',*,*,#5918,.T.);
#5918 = EDGE_CURVE('',#5479,#4710,#5919,.T.);
#5919 = SURFACE_CURVE('',#5920,(#5924,#5931),.PCURVE_S1.);
#5920 = LINE('',#5921,#5922);
#5921 = CARTESIAN_POINT('',(5.8,2.4,-40.25001237362));
#5922 = VECTOR('',#5923,1.);
#5923 = DIRECTION('',(0.,0.,1.));
#5924 = PCURVE('',#4724,#5925);
#5925 = DEFINITIONAL_REPRESENTATION('',(#5926),#5930);
#5926 = LINE('',#5927,#5928);
#5927 = CARTESIAN_POINT('',(0.,0.));
#5928 = VECTOR('',#5929,1.);
#5929 = DIRECTION('',(0.,-1.));
#5930 = ( GEOMETRIC_REPRESENTATION_CONTEXT(2) 
PARAMETRIC_REPRESENTATION_CONTEXT() REPRESENTATION_CONTEXT('2D SPACE',''
  ) );
#5931 = PCURVE('',#4750,#5932);
#5932 = DEFINITIONAL_REPRESENTATION('',(#5933),#5937);
#5933 = LINE('',#5934,#5935);
#5934 = CARTESIAN_POINT('',(11.6,0.));
#5935 = VECTOR('',#5936,1.);
#5936 = DIRECTION('',(0.,-1.));
#5937 = ( GEOMETRIC_REPRESENTATION_CONTEXT(2) 
PARAMETRIC_REPRESENTATION_CONTEXT() REPRESENTATION_CONTEXT('2D SPACE',''
  ) );
#5938 = ORIENTED_EDGE('',*,*,#4707,.F.);
#5939 = ADVANCED_FACE('',(#5940),#4800,.T.);
#5940 = FACE_BOUND('',#5941,.T.);
#5941 = EDGE_LOOP('',(#5942,#5963,#5964,#5965));
#5942 = ORIENTED_EDGE('',*,*,#5943,.F.);
#5943 = EDGE_CURVE('',#5523,#4762,#5944,.T.);
#5944 = SURFACE_CURVE('',#5945,(#5949,#5956),.PCURVE_S1.);
#5945 = LINE('',#5946,#5947);
#5946 = CARTESIAN_POINT('',(-5.8,9.6,-40.25001237362));
#5947 = VECTOR('',#5948,1.);
#5948 = DIRECTION('',(0.,0.,1.));
#5949 = PCURVE('',#4800,#5950);
#5950 = DEFINITIONAL_REPRESENTATION('',(#5951),#5955);
#5951 = LINE('',#5952,#5953);
#5952 = CARTESIAN_POINT('',(11.6,0.));
#5953 = VECTOR('',#5954,1.);
#5954 = DIRECTION('',(0.,-1.));
#5955 = ( GEOMETRIC_REPRESENTATION_CONTEXT(2) 
PARAMETRIC_REPRESENTATION_CONTEXT() REPRESENTATION_CONTEXT('2D SPACE',''
  ) );
#5956 = PCURVE('',#4776,#5957);
#5957 = DEFINITIONAL_REPRESENTATION('',(#5958),#5962);
#5958 = LINE('',#5959,#5960);
#5959 = CARTESIAN_POINT('',(0.,0.));
#5960 = VECTOR('',#5961,1.);
#5961 = DIRECTION('',(0.,-1.));
#5962 = ( GEOMETRIC_REPRESENTATION_CONTEXT(2) 
PARAMETRIC_REPRESENTATION_CONTEXT() REPRESENTATION_CONTEXT('2D SPACE',''
  ) );
#5963 = ORIENTED_EDGE('',*,*,#5543,.F.);
#5964 = ORIENTED_EDGE('',*,*,#5896,.T.);
#5965 = ORIENTED_EDGE('',*,*,#4787,.F.);
#5966 = ADVANCED_FACE('',(#5967),#4750,.T.);
#5967 = FACE_BOUND('',#5968,.T.);
#5968 = EDGE_LOOP('',(#5969,#5970,#5971,#5992));
#5969 = ORIENTED_EDGE('',*,*,#5918,.F.);
#5970 = ORIENTED_EDGE('',*,*,#5501,.F.);
#5971 = ORIENTED_EDGE('',*,*,#5972,.T.);
#5972 = EDGE_CURVE('',#5502,#4736,#5973,.T.);
#5973 = SURFACE_CURVE('',#5974,(#5978,#5985),.PCURVE_S1.);
#5974 = LINE('',#5975,#5976);
#5975 = CARTESIAN_POINT('',(-5.8,2.4,-40.25001237362));
#5976 = VECTOR('',#5977,1.);
#5977 = DIRECTION('',(0.,0.,1.));
#5978 = PCURVE('',#4750,#5979);
#5979 = DEFINITIONAL_REPRESENTATION('',(#5980),#5984);
#5980 = LINE('',#5981,#5982);
#5981 = CARTESIAN_POINT('',(0.,0.));
#5982 = VECTOR('',#5983,1.);
#5983 = DIRECTION('',(0.,-1.));
#5984 = ( GEOMETRIC_REPRESENTATION_CONTEXT(2) 
PARAMETRIC_REPRESENTATION_CONTEXT() REPRESENTATION_CONTEXT('2D SPACE',''
  ) );
#5985 = PCURVE('',#4776,#5986);
#5986 = DEFINITIONAL_REPRESENTATION('',(#5987),#5991);
#5987 = LINE('',#5988,#5989);
#5988 = CARTESIAN_POINT('',(7.2,0.));
#5989 = VECTOR('',#5990,1.);
#5990 = DIRECTION('',(0.,-1.));
#5991 = ( GEOMETRIC_REPRESENTATION_CONTEXT(2) 
PARAMETRIC_REPRESENTATION_CONTEXT() REPRESENTATION_CONTEXT('2D SPACE',''
  ) );
#5992 = ORIENTED_EDGE('',*,*,#4735,.F.);
#5993 = ADVANCED_FACE('',(#5994),#4776,.T.);
#5994 = FACE_BOUND('',#5995,.T.);
#5995 = EDGE_LOOP('',(#5996,#5997,#5998,#5999));
#5996 = ORIENTED_EDGE('',*,*,#5972,.F.);
#5997 = ORIENTED_EDGE('',*,*,#5522,.F.);
#5998 = ORIENTED_EDGE('',*,*,#5943,.T.);
#5999 = ORIENTED_EDGE('',*,*,#4761,.F.);
#6000 = ADVANCED_FACE('',(#6001),#4834,.F.);
#6001 = FACE_BOUND('',#6002,.T.);
#6002 = EDGE_LOOP('',(#6003,#6024,#6025,#6026));
#6003 = ORIENTED_EDGE('',*,*,#6004,.T.);
#6004 = EDGE_CURVE('',#4814,#5566,#6005,.T.);
#6005 = SEAM_CURVE('',#6006,(#6010,#6017),.PCURVE_S1.);
#6006 = LINE('',#6007,#6008);
#6007 = CARTESIAN_POINT('',(18.4,10.,14.));
#6008 = VECTOR('',#6009,1.);
#6009 = DIRECTION('',(0.,-1.224646799147E-16,-1.));
#6010 = PCURVE('',#4834,#6011);
#6011 = DEFINITIONAL_REPRESENTATION('',(#6012),#6016);
#6012 = LINE('',#6013,#6014);
#6013 = CARTESIAN_POINT('',(-0.,0.));
#6014 = VECTOR('',#6015,1.);
#6015 = DIRECTION('',(-0.,-1.));
#6016 = ( GEOMETRIC_REPRESENTATION_CONTEXT(2) 
PARAMETRIC_REPRESENTATION_CONTEXT() REPRESENTATION_CONTEXT('2D SPACE',''
  ) );
#6017 = PCURVE('',#4834,#6018);
#6018 = DEFINITIONAL_REPRESENTATION('',(#6019),#6023);
#6019 = LINE('',#6020,#6021);
#6020 = CARTESIAN_POINT('',(-6.28318530718,0.));
#6021 = VECTOR('',#6022,1.);
#6022 = DIRECTION('',(-0.,-1.));
#6023 = ( GEOMETRIC_REPRESENTATION_CONTEXT(2) 
PARAMETRIC_REPRESENTATION_CONTEXT() REPRESENTATION_CONTEXT('2D SPACE',''
  ) );
#6024 = ORIENTED_EDGE('',*,*,#5565,.T.);
#6025 = ORIENTED_EDGE('',*,*,#6004,.F.);
#6026 = ORIENTED_EDGE('',*,*,#4813,.F.);
#6027 = ADVANCED_FACE('',(#6028),#5265,.F.);
#6028 = FACE_BOUND('',#6029,.F.);
#6029 = EDGE_LOOP('',(#6030,#6053,#6075,#6076));
#6030 = ORIENTED_EDGE('',*,*,#6031,.F.);
#6031 = EDGE_CURVE('',#6032,#5249,#6034,.T.);
#6032 = VERTEX_POINT('',#6033);
#6033 = CARTESIAN_POINT('',(-10.22,-8.065,13.5));
#6034 = SEAM_CURVE('',#6035,(#6039,#6046),.PCURVE_S1.);
#6035 = LINE('',#6036,#6037);
#6036 = CARTESIAN_POINT('',(-10.22,-8.065,13.5));
#6037 = VECTOR('',#6038,1.);
#6038 = DIRECTION('',(0.,0.,-1.));
#6039 = PCURVE('',#5265,#6040);
#6040 = DEFINITIONAL_REPRESENTATION('',(#6041),#6045);
#6041 = LINE('',#6042,#6043);
#6042 = CARTESIAN_POINT('',(6.28318530718,0.5));
#6043 = VECTOR('',#6044,1.);
#6044 = DIRECTION('',(-0.,-1.));
#6045 = ( GEOMETRIC_REPRESENTATION_CONTEXT(2) 
PARAMETRIC_REPRESENTATION_CONTEXT() REPRESENTATION_CONTEXT('2D SPACE',''
  ) );
#6046 = PCURVE('',#5265,#6047);
#6047 = DEFINITIONAL_REPRESENTATION('',(#6048),#6052);
#6048 = LINE('',#6049,#6050);
#6049 = CARTESIAN_POINT('',(0.,0.5));
#6050 = VECTOR('',#6051,1.);
#6051 = DIRECTION('',(-0.,-1.));
#6052 = ( GEOMETRIC_REPRESENTATION_CONTEXT(2) 
PARAMETRIC_REPRESENTATION_CONTEXT() REPRESENTATION_CONTEXT('2D SPACE',''
  ) );
#6053 = ORIENTED_EDGE('',*,*,#6054,.F.);
#6054 = EDGE_CURVE('',#6032,#6032,#6055,.T.);
#6055 = SURFACE_CURVE('',#6056,(#6061,#6068),.PCURVE_S1.);
#6056 = CIRCLE('',#6057,3.2);
#6057 = AXIS2_PLACEMENT_3D('',#6058,#6059,#6060);
#6058 = CARTESIAN_POINT('',(-13.42,-8.065,13.5));
#6059 = DIRECTION('',(0.,0.,1.));
#6060 = DIRECTION('',(1.,0.,0.));
#6061 = PCURVE('',#5265,#6062);
#6062 = DEFINITIONAL_REPRESENTATION('',(#6063),#6067);
#6063 = LINE('',#6064,#6065);
#6064 = CARTESIAN_POINT('',(0.,0.5));
#6065 = VECTOR('',#6066,1.);
#6066 = DIRECTION('',(1.,0.));
#6067 = ( GEOMETRIC_REPRESENTATION_CONTEXT(2) 
PARAMETRIC_REPRESENTATION_CONTEXT() REPRESENTATION_CONTEXT('2D SPACE',''
  ) );
#6068 = PCURVE('',#5639,#6069);
#6069 = DEFINITIONAL_REPRESENTATION('',(#6070),#6074);
#6070 = CIRCLE('',#6071,3.2);
#6071 = AXIS2_PLACEMENT_2D('',#6072,#6073);
#6072 = CARTESIAN_POINT('',(0.,0.));
#6073 = DIRECTION('',(1.,0.));
#6074 = ( GEOMETRIC_REPRESENTATION_CONTEXT(2) 
PARAMETRIC_REPRESENTATION_CONTEXT() REPRESENTATION_CONTEXT('2D SPACE',''
  ) );
#6075 = ORIENTED_EDGE('',*,*,#6031,.T.);
#6076 = ORIENTED_EDGE('',*,*,#5248,.T.);
#6077 = ADVANCED_FACE('',(#6078),#5296,.F.);
#6078 = FACE_BOUND('',#6079,.F.);
#6079 = EDGE_LOOP('',(#6080,#6103,#6125,#6126));
#6080 = ORIENTED_EDGE('',*,*,#6081,.F.);
#6081 = EDGE_CURVE('',#6082,#5280,#6084,.T.);
#6082 = VERTEX_POINT('',#6083);
#6083 = CARTESIAN_POINT('',(-10.22,-1.315,13.5));
#6084 = SEAM_CURVE('',#6085,(#6089,#6096),.PCURVE_S1.);
#6085 = LINE('',#6086,#6087);
#6086 = CARTESIAN_POINT('',(-10.22,-1.315,13.5));
#6087 = VECTOR('',#6088,1.);
#6088 = DIRECTION('',(0.,0.,-1.));
#6089 = PCURVE('',#5296,#6090);
#6090 = DEFINITIONAL_REPRESENTATION('',(#6091),#6095);
#6091 = LINE('',#6092,#6093);
#6092 = CARTESIAN_POINT('',(6.28318530718,0.5));
#6093 = VECTOR('',#6094,1.);
#6094 = DIRECTION('',(-0.,-1.));
#6095 = ( GEOMETRIC_REPRESENTATION_CONTEXT(2) 
PARAMETRIC_REPRESENTATION_CONTEXT() REPRESENTATION_CONTEXT('2D SPACE',''
  ) );
#6096 = PCURVE('',#5296,#6097);
#6097 = DEFINITIONAL_REPRESENTATION('',(#6098),#6102);
#6098 = LINE('',#6099,#6100);
#6099 = CARTESIAN_POINT('',(0.,0.5));
#6100 = VECTOR('',#6101,1.);
#6101 = DIRECTION('',(-0.,-1.));
#6102 = ( GEOMETRIC_REPRESENTATION_CONTEXT(2) 
PARAMETRIC_REPRESENTATION_CONTEXT() REPRESENTATION_CONTEXT('2D SPACE',''
  ) );
#6103 = ORIENTED_EDGE('',*,*,#6104,.F.);
#6104 = EDGE_CURVE('',#6082,#6082,#6105,.T.);
#6105 = SURFACE_CURVE('',#6106,(#6111,#6118),.PCURVE_S1.);
#6106 = CIRCLE('',#6107,3.2);
#6107 = AXIS2_PLACEMENT_3D('',#6108,#6109,#6110);
#6108 = CARTESIAN_POINT('',(-13.42,-1.315,13.5));
#6109 = DIRECTION('',(0.,0.,1.));
#6110 = DIRECTION('',(1.,0.,0.));
#6111 = PCURVE('',#5296,#6112);
#6112 = DEFINITIONAL_REPRESENTATION('',(#6113),#6117);
#6113 = LINE('',#6114,#6115);
#6114 = CARTESIAN_POINT('',(0.,0.5));
#6115 = VECTOR('',#6116,1.);
#6116 = DIRECTION('',(1.,0.));
#6117 = ( GEOMETRIC_REPRESENTATION_CONTEXT(2) 
PARAMETRIC_REPRESENTATION_CONTEXT() REPRESENTATION_CONTEXT('2D SPACE',''
  ) );
#6118 = PCURVE('',#5776,#6119);
#6119 = DEFINITIONAL_REPRESENTATION('',(#6120),#6124);
#6120 = CIRCLE('',#6121,3.2);
#6121 = AXIS2_PLACEMENT_2D('',#6122,#6123);
#6122 = CARTESIAN_POINT('',(0.,0.));
#6123 = DIRECTION('',(1.,0.));
#6124 = ( GEOMETRIC_REPRESENTATION_CONTEXT(2) 
PARAMETRIC_REPRESENTATION_CONTEXT() REPRESENTATION_CONTEXT('2D SPACE',''
  ) );
#6125 = ORIENTED_EDGE('',*,*,#6081,.T.);
#6126 = ORIENTED_EDGE('',*,*,#5279,.T.);
#6127 = ADVANCED_FACE('',(#6128),#5327,.F.);
#6128 = FACE_BOUND('',#6129,.F.);
#6129 = EDGE_LOOP('',(#6130,#6153,#6175,#6176));
#6130 = ORIENTED_EDGE('',*,*,#6131,.F.);
#6131 = EDGE_CURVE('',#6132,#5311,#6134,.T.);
#6132 = VERTEX_POINT('',#6133);
#6133 = CARTESIAN_POINT('',(16.88,-8.065,13.5));
#6134 = SEAM_CURVE('',#6135,(#6139,#6146),.PCURVE_S1.);
#6135 = LINE('',#6136,#6137);
#6136 = CARTESIAN_POINT('',(16.88,-8.065,13.5));
#6137 = VECTOR('',#6138,1.);
#6138 = DIRECTION('',(0.,0.,-1.));
#6139 = PCURVE('',#5327,#6140);
#6140 = DEFINITIONAL_REPRESENTATION('',(#6141),#6145);
#6141 = LINE('',#6142,#6143);
#6142 = CARTESIAN_POINT('',(6.28318530718,0.5));
#6143 = VECTOR('',#6144,1.);
#6144 = DIRECTION('',(-0.,-1.));
#6145 = ( GEOMETRIC_REPRESENTATION_CONTEXT(2) 
PARAMETRIC_REPRESENTATION_CONTEXT() REPRESENTATION_CONTEXT('2D SPACE',''
  ) );
#6146 = PCURVE('',#5327,#6147);
#6147 = DEFINITIONAL_REPRESENTATION('',(#6148),#6152);
#6148 = LINE('',#6149,#6150);
#6149 = CARTESIAN_POINT('',(0.,0.5));
#6150 = VECTOR('',#6151,1.);
#6151 = DIRECTION('',(-0.,-1.));
#6152 = ( GEOMETRIC_REPRESENTATION_CONTEXT(2) 
PARAMETRIC_REPRESENTATION_CONTEXT() REPRESENTATION_CONTEXT('2D SPACE',''
  ) );
#6153 = ORIENTED_EDGE('',*,*,#6154,.F.);
#6154 = EDGE_CURVE('',#6132,#6132,#6155,.T.);
#6155 = SURFACE_CURVE('',#6156,(#6161,#6168),.PCURVE_S1.);
#6156 = CIRCLE('',#6157,3.2);
#6157 = AXIS2_PLACEMENT_3D('',#6158,#6159,#6160);
#6158 = CARTESIAN_POINT('',(13.68,-8.065,13.5));
#6159 = DIRECTION('',(0.,0.,1.));
#6160 = DIRECTION('',(1.,0.,0.));
#6161 = PCURVE('',#5327,#6162);
#6162 = DEFINITIONAL_REPRESENTATION('',(#6163),#6167);
#6163 = LINE('',#6164,#6165);
#6164 = CARTESIAN_POINT('',(0.,0.5));
#6165 = VECTOR('',#6166,1.);
#6166 = DIRECTION('',(1.,0.));
#6167 = ( GEOMETRIC_REPRESENTATION_CONTEXT(2) 
PARAMETRIC_REPRESENTATION_CONTEXT() REPRESENTATION_CONTEXT('2D SPACE',''
  ) );
#6168 = PCURVE('',#5721,#6169);
#6169 = DEFINITIONAL_REPRESENTATION('',(#6170),#6174);
#6170 = CIRCLE('',#6171,3.2);
#6171 = AXIS2_PLACEMENT_2D('',#6172,#6173);
#6172 = CARTESIAN_POINT('',(0.,0.));
#6173 = DIRECTION('',(1.,0.));
#6174 = ( GEOMETRIC_REPRESENTATION_CONTEXT(2) 
PARAMETRIC_REPRESENTATION_CONTEXT() REPRESENTATION_CONTEXT('2D SPACE',''
  ) );
#6175 = ORIENTED_EDGE('',*,*,#6131,.T.);
#6176 = ORIENTED_EDGE('',*,*,#5310,.T.);
#6177 = ADVANCED_FACE('',(#6178),#5358,.F.);
#6178 = FACE_BOUND('',#6179,.F.);
#6179 = EDGE_LOOP('',(#6180,#6210,#6231,#6232));
#6180 = ORIENTED_EDGE('',*,*,#6181,.F.);
#6181 = EDGE_CURVE('',#6182,#6184,#6186,.T.);
#6182 = VERTEX_POINT('',#6183);
#6183 = CARTESIAN_POINT('',(-9.35,-10.85,13.6));
#6184 = VERTEX_POINT('',#6185);
#6185 = CARTESIAN_POINT('',(9.75,-10.85,13.6));
#6186 = SURFACE_CURVE('',#6187,(#6191,#6198),.PCURVE_S1.);
#6187 = LINE('',#6188,#6189);
#6188 = CARTESIAN_POINT('',(-9.35,-10.85,13.6));
#6189 = VECTOR('',#6190,1.);
#6190 = DIRECTION('',(1.,0.,0.));
#6191 = PCURVE('',#5358,#6192);
#6192 = DEFINITIONAL_REPRESENTATION('',(#6193),#6197);
#6193 = LINE('',#6194,#6195);
#6194 = CARTESIAN_POINT('',(0.,0.));
#6195 = VECTOR('',#6196,1.);
#6196 = DIRECTION('',(1.,0.));
#6197 = ( GEOMETRIC_REPRESENTATION_CONTEXT(2) 
PARAMETRIC_REPRESENTATION_CONTEXT() REPRESENTATION_CONTEXT('2D SPACE',''
  ) );
#6198 = PCURVE('',#6199,#6204);
#6199 = PLANE('',#6200);
#6200 = AXIS2_PLACEMENT_3D('',#6201,#6202,#6203);
#6201 = CARTESIAN_POINT('',(0.2,-4.8,13.6));
#6202 = DIRECTION('',(0.,0.,1.));
#6203 = DIRECTION('',(1.,0.,-0.));
#6204 = DEFINITIONAL_REPRESENTATION('',(#6205),#6209);
#6205 = LINE('',#6206,#6207);
#6206 = CARTESIAN_POINT('',(-9.55,-6.05));
#6207 = VECTOR('',#6208,1.);
#6208 = DIRECTION('',(1.,0.));
#6209 = ( GEOMETRIC_REPRESENTATION_CONTEXT(2) 
PARAMETRIC_REPRESENTATION_CONTEXT() REPRESENTATION_CONTEXT('2D SPACE',''
  ) );
#6210 = ORIENTED_EDGE('',*,*,#6211,.T.);
#6211 = EDGE_CURVE('',#6182,#5342,#6212,.T.);
#6212 = SURFACE_CURVE('',#6213,(#6217,#6224),.PCURVE_S1.);
#6213 = LINE('',#6214,#6215);
#6214 = CARTESIAN_POINT('',(-9.35,-10.85,13.6));
#6215 = VECTOR('',#6216,1.);
#6216 = DIRECTION('',(-0.,-0.,-1.));
#6217 = PCURVE('',#5358,#6218);
#6218 = DEFINITIONAL_REPRESENTATION('',(#6219),#6223);
#6219 = LINE('',#6220,#6221);
#6220 = CARTESIAN_POINT('',(0.,0.));
#6221 = VECTOR('',#6222,1.);
#6222 = DIRECTION('',(0.,-1.));
#6223 = ( GEOMETRIC_REPRESENTATION_CONTEXT(2) 
PARAMETRIC_REPRESENTATION_CONTEXT() REPRESENTATION_CONTEXT('2D SPACE',''
  ) );
#6224 = PCURVE('',#5384,#6225);
#6225 = DEFINITIONAL_REPRESENTATION('',(#6226),#6230);
#6226 = LINE('',#6227,#6228);
#6227 = CARTESIAN_POINT('',(12.1,0.));
#6228 = VECTOR('',#6229,1.);
#6229 = DIRECTION('',(0.,-1.));
#6230 = ( GEOMETRIC_REPRESENTATION_CONTEXT(2) 
PARAMETRIC_REPRESENTATION_CONTEXT() REPRESENTATION_CONTEXT('2D SPACE',''
  ) );
#6231 = ORIENTED_EDGE('',*,*,#5341,.T.);
#6232 = ORIENTED_EDGE('',*,*,#6233,.F.);
#6233 = EDGE_CURVE('',#6184,#5344,#6234,.T.);
#6234 = SURFACE_CURVE('',#6235,(#6239,#6246),.PCURVE_S1.);
#6235 = LINE('',#6236,#6237);
#6236 = CARTESIAN_POINT('',(9.75,-10.85,13.6));
#6237 = VECTOR('',#6238,1.);
#6238 = DIRECTION('',(-0.,-0.,-1.));
#6239 = PCURVE('',#5358,#6240);
#6240 = DEFINITIONAL_REPRESENTATION('',(#6241),#6245);
#6241 = LINE('',#6242,#6243);
#6242 = CARTESIAN_POINT('',(19.1,0.));
#6243 = VECTOR('',#6244,1.);
#6244 = DIRECTION('',(0.,-1.));
#6245 = ( GEOMETRIC_REPRESENTATION_CONTEXT(2) 
PARAMETRIC_REPRESENTATION_CONTEXT() REPRESENTATION_CONTEXT('2D SPACE',''
  ) );
#6246 = PCURVE('',#5434,#6247);
#6247 = DEFINITIONAL_REPRESENTATION('',(#6248),#6252);
#6248 = LINE('',#6249,#6250);
#6249 = CARTESIAN_POINT('',(0.,0.));
#6250 = VECTOR('',#6251,1.);
#6251 = DIRECTION('',(0.,-1.));
#6252 = ( GEOMETRIC_REPRESENTATION_CONTEXT(2) 
PARAMETRIC_REPRESENTATION_CONTEXT() REPRESENTATION_CONTEXT('2D SPACE',''
  ) );
#6253 = ADVANCED_FACE('',(#6254),#5434,.F.);
#6254 = FACE_BOUND('',#6255,.F.);
#6255 = EDGE_LOOP('',(#6256,#6279,#6280,#6281));
#6256 = ORIENTED_EDGE('',*,*,#6257,.F.);
#6257 = EDGE_CURVE('',#6184,#6258,#6260,.T.);
#6258 = VERTEX_POINT('',#6259);
#6259 = CARTESIAN_POINT('',(9.75,1.25,13.6));
#6260 = SURFACE_CURVE('',#6261,(#6265,#6272),.PCURVE_S1.);
#6261 = LINE('',#6262,#6263);
#6262 = CARTESIAN_POINT('',(9.75,-10.85,13.6));
#6263 = VECTOR('',#6264,1.);
#6264 = DIRECTION('',(0.,1.,0.));
#6265 = PCURVE('',#5434,#6266);
#6266 = DEFINITIONAL_REPRESENTATION('',(#6267),#6271);
#6267 = LINE('',#6268,#6269);
#6268 = CARTESIAN_POINT('',(0.,0.));
#6269 = VECTOR('',#6270,1.);
#6270 = DIRECTION('',(1.,0.));
#6271 = ( GEOMETRIC_REPRESENTATION_CONTEXT(2) 
PARAMETRIC_REPRESENTATION_CONTEXT() REPRESENTATION_CONTEXT('2D SPACE',''
  ) );
#6272 = PCURVE('',#6199,#6273);
#6273 = DEFINITIONAL_REPRESENTATION('',(#6274),#6278);
#6274 = LINE('',#6275,#6276);
#6275 = CARTESIAN_POINT('',(9.55,-6.05));
#6276 = VECTOR('',#6277,1.);
#6277 = DIRECTION('',(0.,1.));
#6278 = ( GEOMETRIC_REPRESENTATION_CONTEXT(2) 
PARAMETRIC_REPRESENTATION_CONTEXT() REPRESENTATION_CONTEXT('2D SPACE',''
  ) );
#6279 = ORIENTED_EDGE('',*,*,#6233,.T.);
#6280 = ORIENTED_EDGE('',*,*,#5421,.T.);
#6281 = ORIENTED_EDGE('',*,*,#6282,.F.);
#6282 = EDGE_CURVE('',#6258,#5396,#6283,.T.);
#6283 = SURFACE_CURVE('',#6284,(#6288,#6295),.PCURVE_S1.);
#6284 = LINE('',#6285,#6286);
#6285 = CARTESIAN_POINT('',(9.75,1.25,13.6));
#6286 = VECTOR('',#6287,1.);
#6287 = DIRECTION('',(-0.,-0.,-1.));
#6288 = PCURVE('',#5434,#6289);
#6289 = DEFINITIONAL_REPRESENTATION('',(#6290),#6294);
#6290 = LINE('',#6291,#6292);
#6291 = CARTESIAN_POINT('',(12.1,0.));
#6292 = VECTOR('',#6293,1.);
#6293 = DIRECTION('',(0.,-1.));
#6294 = ( GEOMETRIC_REPRESENTATION_CONTEXT(2) 
PARAMETRIC_REPRESENTATION_CONTEXT() REPRESENTATION_CONTEXT('2D SPACE',''
  ) );
#6295 = PCURVE('',#5410,#6296);
#6296 = DEFINITIONAL_REPRESENTATION('',(#6297),#6301);
#6297 = LINE('',#6298,#6299);
#6298 = CARTESIAN_POINT('',(0.,0.));
#6299 = VECTOR('',#6300,1.);
#6300 = DIRECTION('',(0.,-1.));
#6301 = ( GEOMETRIC_REPRESENTATION_CONTEXT(2) 
PARAMETRIC_REPRESENTATION_CONTEXT() REPRESENTATION_CONTEXT('2D SPACE',''
  ) );
#6302 = ADVANCED_FACE('',(#6303),#5410,.F.);
#6303 = FACE_BOUND('',#6304,.F.);
#6304 = EDGE_LOOP('',(#6305,#6328,#6329,#6330));
#6305 = ORIENTED_EDGE('',*,*,#6306,.F.);
#6306 = EDGE_CURVE('',#6258,#6307,#6309,.T.);
#6307 = VERTEX_POINT('',#6308);
#6308 = CARTESIAN_POINT('',(-9.35,1.25,13.6));
#6309 = SURFACE_CURVE('',#6310,(#6314,#6321),.PCURVE_S1.);
#6310 = LINE('',#6311,#6312);
#6311 = CARTESIAN_POINT('',(9.75,1.25,13.6));
#6312 = VECTOR('',#6313,1.);
#6313 = DIRECTION('',(-1.,0.,0.));
#6314 = PCURVE('',#5410,#6315);
#6315 = DEFINITIONAL_REPRESENTATION('',(#6316),#6320);
#6316 = LINE('',#6317,#6318);
#6317 = CARTESIAN_POINT('',(0.,0.));
#6318 = VECTOR('',#6319,1.);
#6319 = DIRECTION('',(1.,0.));
#6320 = ( GEOMETRIC_REPRESENTATION_CONTEXT(2) 
PARAMETRIC_REPRESENTATION_CONTEXT() REPRESENTATION_CONTEXT('2D SPACE',''
  ) );
#6321 = PCURVE('',#6199,#6322);
#6322 = DEFINITIONAL_REPRESENTATION('',(#6323),#6327);
#6323 = LINE('',#6324,#6325);
#6324 = CARTESIAN_POINT('',(9.55,6.05));
#6325 = VECTOR('',#6326,1.);
#6326 = DIRECTION('',(-1.,0.));
#6327 = ( GEOMETRIC_REPRESENTATION_CONTEXT(2) 
PARAMETRIC_REPRESENTATION_CONTEXT() REPRESENTATION_CONTEXT('2D SPACE',''
  ) );
#6328 = ORIENTED_EDGE('',*,*,#6282,.T.);
#6329 = ORIENTED_EDGE('',*,*,#5395,.T.);
#6330 = ORIENTED_EDGE('',*,*,#6331,.F.);
#6331 = EDGE_CURVE('',#6307,#5370,#6332,.T.);
#6332 = SURFACE_CURVE('',#6333,(#6337,#6344),.PCURVE_S1.);
#6333 = LINE('',#6334,#6335);
#6334 = CARTESIAN_POINT('',(-9.35,1.25,13.6));
#6335 = VECTOR('',#6336,1.);
#6336 = DIRECTION('',(-0.,-0.,-1.));
#6337 = PCURVE('',#5410,#6338);
#6338 = DEFINITIONAL_REPRESENTATION('',(#6339),#6343);
#6339 = LINE('',#6340,#6341);
#6340 = CARTESIAN_POINT('',(19.1,0.));
#6341 = VECTOR('',#6342,1.);
#6342 = DIRECTION('',(0.,-1.));
#6343 = ( GEOMETRIC_REPRESENTATION_CONTEXT(2) 
PARAMETRIC_REPRESENTATION_CONTEXT() REPRESENTATION_CONTEXT('2D SPACE',''
  ) );
#6344 = PCURVE('',#5384,#6345);
#6345 = DEFINITIONAL_REPRESENTATION('',(#6346),#6350);
#6346 = LINE('',#6347,#6348);
#6347 = CARTESIAN_POINT('',(0.,0.));
#6348 = VECTOR('',#6349,1.);
#6349 = DIRECTION('',(0.,-1.));
#6350 = ( GEOMETRIC_REPRESENTATION_CONTEXT(2) 
PARAMETRIC_REPRESENTATION_CONTEXT() REPRESENTATION_CONTEXT('2D SPACE',''
  ) );
#6351 = ADVANCED_FACE('',(#6352),#5384,.F.);
#6352 = FACE_BOUND('',#6353,.F.);
#6353 = EDGE_LOOP('',(#6354,#6375,#6376,#6377));
#6354 = ORIENTED_EDGE('',*,*,#6355,.F.);
#6355 = EDGE_CURVE('',#6307,#6182,#6356,.T.);
#6356 = SURFACE_CURVE('',#6357,(#6361,#6368),.PCURVE_S1.);
#6357 = LINE('',#6358,#6359);
#6358 = CARTESIAN_POINT('',(-9.35,1.25,13.6));
#6359 = VECTOR('',#6360,1.);
#6360 = DIRECTION('',(0.,-1.,0.));
#6361 = PCURVE('',#5384,#6362);
#6362 = DEFINITIONAL_REPRESENTATION('',(#6363),#6367);
#6363 = LINE('',#6364,#6365);
#6364 = CARTESIAN_POINT('',(0.,0.));
#6365 = VECTOR('',#6366,1.);
#6366 = DIRECTION('',(1.,0.));
#6367 = ( GEOMETRIC_REPRESENTATION_CONTEXT(2) 
PARAMETRIC_REPRESENTATION_CONTEXT() REPRESENTATION_CONTEXT('2D SPACE',''
  ) );
#6368 = PCURVE('',#6199,#6369);
#6369 = DEFINITIONAL_REPRESENTATION('',(#6370),#6374);
#6370 = LINE('',#6371,#6372);
#6371 = CARTESIAN_POINT('',(-9.55,6.05));
#6372 = VECTOR('',#6373,1.);
#6373 = DIRECTION('',(0.,-1.));
#6374 = ( GEOMETRIC_REPRESENTATION_CONTEXT(2) 
PARAMETRIC_REPRESENTATION_CONTEXT() REPRESENTATION_CONTEXT('2D SPACE',''
  ) );
#6375 = ORIENTED_EDGE('',*,*,#6331,.T.);
#6376 = ORIENTED_EDGE('',*,*,#5369,.T.);
#6377 = ORIENTED_EDGE('',*,*,#6211,.F.);
#6378 = ADVANCED_FACE('',(#6379),#5464,.F.);
#6379 = FACE_BOUND('',#6380,.F.);
#6380 = EDGE_LOOP('',(#6381,#6404,#6426,#6427));
#6381 = ORIENTED_EDGE('',*,*,#6382,.F.);
#6382 = EDGE_CURVE('',#6383,#5448,#6385,.T.);
#6383 = VERTEX_POINT('',#6384);
#6384 = CARTESIAN_POINT('',(16.88,-1.315,13.5));
#6385 = SEAM_CURVE('',#6386,(#6390,#6397),.PCURVE_S1.);
#6386 = LINE('',#6387,#6388);
#6387 = CARTESIAN_POINT('',(16.88,-1.315,13.5));
#6388 = VECTOR('',#6389,1.);
#6389 = DIRECTION('',(0.,0.,-1.));
#6390 = PCURVE('',#5464,#6391);
#6391 = DEFINITIONAL_REPRESENTATION('',(#6392),#6396);
#6392 = LINE('',#6393,#6394);
#6393 = CARTESIAN_POINT('',(6.28318530718,0.5));
#6394 = VECTOR('',#6395,1.);
#6395 = DIRECTION('',(-0.,-1.));
#6396 = ( GEOMETRIC_REPRESENTATION_CONTEXT(2) 
PARAMETRIC_REPRESENTATION_CONTEXT() REPRESENTATION_CONTEXT('2D SPACE',''
  ) );
#6397 = PCURVE('',#5464,#6398);
#6398 = DEFINITIONAL_REPRESENTATION('',(#6399),#6403);
#6399 = LINE('',#6400,#6401);
#6400 = CARTESIAN_POINT('',(0.,0.5));
#6401 = VECTOR('',#6402,1.);
#6402 = DIRECTION('',(-0.,-1.));
#6403 = ( GEOMETRIC_REPRESENTATION_CONTEXT(2) 
PARAMETRIC_REPRESENTATION_CONTEXT() REPRESENTATION_CONTEXT('2D SPACE',''
  ) );
#6404 = ORIENTED_EDGE('',*,*,#6405,.F.);
#6405 = EDGE_CURVE('',#6383,#6383,#6406,.T.);
#6406 = SURFACE_CURVE('',#6407,(#6412,#6419),.PCURVE_S1.);
#6407 = CIRCLE('',#6408,3.2);
#6408 = AXIS2_PLACEMENT_3D('',#6409,#6410,#6411);
#6409 = CARTESIAN_POINT('',(13.68,-1.315,13.5));
#6410 = DIRECTION('',(0.,0.,1.));
#6411 = DIRECTION('',(1.,0.,0.));
#6412 = PCURVE('',#5464,#6413);
#6413 = DEFINITIONAL_REPRESENTATION('',(#6414),#6418);
#6414 = LINE('',#6415,#6416);
#6415 = CARTESIAN_POINT('',(0.,0.5));
#6416 = VECTOR('',#6417,1.);
#6417 = DIRECTION('',(1.,0.));
#6418 = ( GEOMETRIC_REPRESENTATION_CONTEXT(2) 
PARAMETRIC_REPRESENTATION_CONTEXT() REPRESENTATION_CONTEXT('2D SPACE',''
  ) );
#6419 = PCURVE('',#5858,#6420);
#6420 = DEFINITIONAL_REPRESENTATION('',(#6421),#6425);
#6421 = CIRCLE('',#6422,3.2);
#6422 = AXIS2_PLACEMENT_2D('',#6423,#6424);
#6423 = CARTESIAN_POINT('',(0.,0.));
#6424 = DIRECTION('',(1.,0.));
#6425 = ( GEOMETRIC_REPRESENTATION_CONTEXT(2) 
PARAMETRIC_REPRESENTATION_CONTEXT() REPRESENTATION_CONTEXT('2D SPACE',''
  ) );
#6426 = ORIENTED_EDGE('',*,*,#6382,.T.);
#6427 = ORIENTED_EDGE('',*,*,#5447,.T.);
#6428 = ADVANCED_FACE('',(#6429,#6432),#5639,.F.);
#6429 = FACE_BOUND('',#6430,.F.);
#6430 = EDGE_LOOP('',(#6431));
#6431 = ORIENTED_EDGE('',*,*,#6054,.T.);
#6432 = FACE_BOUND('',#6433,.F.);
#6433 = EDGE_LOOP('',(#6434));
#6434 = ORIENTED_EDGE('',*,*,#5622,.F.);
#6435 = ADVANCED_FACE('',(#6436,#6439),#5721,.F.);
#6436 = FACE_BOUND('',#6437,.F.);
#6437 = EDGE_LOOP('',(#6438));
#6438 = ORIENTED_EDGE('',*,*,#6154,.T.);
#6439 = FACE_BOUND('',#6440,.F.);
#6440 = EDGE_LOOP('',(#6441));
#6441 = ORIENTED_EDGE('',*,*,#5704,.F.);
#6442 = ADVANCED_FACE('',(#6443,#6446),#5776,.F.);
#6443 = FACE_BOUND('',#6444,.F.);
#6444 = EDGE_LOOP('',(#6445));
#6445 = ORIENTED_EDGE('',*,*,#6104,.T.);
#6446 = FACE_BOUND('',#6447,.F.);
#6447 = EDGE_LOOP('',(#6448));
#6448 = ORIENTED_EDGE('',*,*,#5759,.F.);
#6449 = ADVANCED_FACE('',(#6450,#6453),#5858,.F.);
#6450 = FACE_BOUND('',#6451,.F.);
#6451 = EDGE_LOOP('',(#6452));
#6452 = ORIENTED_EDGE('',*,*,#6405,.T.);
#6453 = FACE_BOUND('',#6454,.F.);
#6454 = EDGE_LOOP('',(#6455));
#6455 = ORIENTED_EDGE('',*,*,#5841,.F.);
#6456 = ADVANCED_FACE('',(#6457),#6199,.F.);
#6457 = FACE_BOUND('',#6458,.F.);
#6458 = EDGE_LOOP('',(#6459,#6460,#6461,#6462));
#6459 = ORIENTED_EDGE('',*,*,#6181,.T.);
#6460 = ORIENTED_EDGE('',*,*,#6257,.T.);
#6461 = ORIENTED_EDGE('',*,*,#6306,.T.);
#6462 = ORIENTED_EDGE('',*,*,#6355,.T.);
#6463 = ( GEOMETRIC_REPRESENTATION_CONTEXT(3) 
GLOBAL_UNCERTAINTY_ASSIGNED_CONTEXT((#6467)) 
GLOBAL_UNIT_ASSIGNED_CONTEXT((#6464,#6465,#6466)) REPRESENTATION_CONTEXT
('Context #1','3D Context with UNIT and UNCERTAINTY') );
#6464 = ( LENGTH_UNIT() NAMED_UNIT(*) SI_UNIT(.MILLI.,.METRE.) );
#6465 = ( NAMED_UNIT(*) PLANE_ANGLE_UNIT() SI_UNIT($,.RADIAN.) );
#6466 = ( NAMED_UNIT(*) SI_UNIT($,.STERADIAN.) SOLID_ANGLE_UNIT() );
#6467 = UNCERTAINTY_MEASURE_WITH_UNIT(LENGTH_MEASURE(5.E-06),#6464,
  'distance_accuracy_value','confusion accuracy');
#6468 = PRODUCT_RELATED_PRODUCT_CATEGORY('part',$,(#7));
ENDSEC;
END-ISO-10303-21;
